place_id,canonical_id,name,url,inventory_source,overlap_status,existing_contentids,match_sources
8159415,kakao:8159415,협재해수욕장,https://place.map.kakao.com/8159415,spec-020,existing_ready,127490,spec-021:matched_existing
12753448,kakao:12753448,올레길 14코스(저지-한림 올레),https://place.map.kakao.com/12753448,spec-020,existing_ready,1839801,spec-021:terra-same-place
13723603,kakao:13723603,금능해수욕장,https://place.map.kakao.com/13723603,spec-020,existing_ready,591866,spec-021:matched_existing
12016339,kakao:12016339,올레길 14-1코스(저지-서광 올레),https://place.map.kakao.com/12016339,spec-020,existing_ready,1841313,spec-021:terra-same-place
10941032,kakao:10941032,한림공원,https://place.map.kakao.com/10941032,spec-020,existing_ready,126455,spec-021:matched_existing
25189061,kakao:25189061,금오름,https://place.map.kakao.com/25189061,spec-020,existing_ready,129699,spec-021:matched_existing
1260224365,kakao:1260224365,올레길 15-B코스(한림-고내 올레),https://place.map.kakao.com/1260224365,spec-020,existing_ready,2710165,spec-021:final-same-place
26796675,kakao:26796675,제주월령리 선인장군락,https://place.map.kakao.com/26796675,spec-020,existing_ready,2742357,spec-021:terra-same-place
7920396,kakao:7920396,비양도,https://place.map.kakao.com/7920396,spec-020,existing_ready,127529,spec-021:matched_existing
627270178,kakao:627270178,액티브파크,https://place.map.kakao.com/627270178,spec-020,existing_ready,2858860,spec-021:matched_existing
11023307,kakao:11023307,금능석물원,https://place.map.kakao.com/11023307,spec-020,existing_ready,127860,spec-021:matched_existing
26865924,kakao:26865924,제주탐나라공화국,https://place.map.kakao.com/26865924,spec-020,existing_ready,2638441,spec-021:matched_existing
7875147,kakao:7875147,문도지오름,https://place.map.kakao.com/7875147,spec-020,existing_ready,2740130,spec-021:matched_existing
11200482,kakao:11200482,한림공원 협재굴,https://place.map.kakao.com/11200482,spec-020,existing_ready,129619,spec-021:terra-same-place
25359013,kakao:25359013,정물오름,https://place.map.kakao.com/25359013,spec-020,existing_ready,1926379,spec-021:matched_existing
23275861,kakao:23275861,비블리아성서식물원,https://place.map.kakao.com/23275861,spec-020,candidate_new,,
7862701,kakao:7862701,느지리오름,https://place.map.kakao.com/7862701,spec-020,existing_ready,2740127,spec-021:matched_existing
8147328,kakao:8147328,한림공원 아열대식물원,https://place.map.kakao.com/8147328,spec-020,candidate_new,,
1857402130,kakao:1857402130,액티브파크 카트,https://place.map.kakao.com/1857402130,spec-020,candidate_new,,
26142595,kakao:26142595,귀덕해안도로,https://place.map.kakao.com/26142595,spec-020,candidate_new,,
12736264,kakao:12736264,명월성지,https://place.map.kakao.com/12736264,spec-020,existing_ready,2704407,spec-021:matched_existing
312280609,kakao:312280609,진아영 할머니 삶터,https://place.map.kakao.com/312280609,spec-020,candidate_new,,
12802833,kakao:12802833,월령코지,https://place.map.kakao.com/12802833,spec-020,candidate_new,,
1571018593,kakao:1571018593,수원환해장성,https://place.map.kakao.com/1571018593,spec-020,candidate_new,,
17808197,kakao:17808197,한림공원 쌍용굴,https://place.map.kakao.com/17808197,spec-020,existing_ready,129620,spec-021:terra-same-place
261072463,kakao:261072463,제주올레15코스 공식안내소,https://place.map.kakao.com/261072463,spec-020,candidate_new,,
26136297,kakao:26136297,해안도로입구 금릉동쪽방면,https://place.map.kakao.com/26136297,spec-020,candidate_new,,
11017083,kakao:11017083,누운오름,https://place.map.kakao.com/11017083,spec-020,candidate_new,,
7875344,kakao:7875344,명월대,https://place.map.kakao.com/7875344,spec-020,existing_ready,127909,spec-021:matched_existing
7915415,kakao:7915415,비양봉,https://place.map.kakao.com/7915415,spec-020,existing_ready,1895633,spec-021:matched_existing
75727429,kakao:75727429,한림성당 종탑,https://place.map.kakao.com/75727429,spec-020,candidate_new,,
681525275,kakao:681525275,제주 이시돌목장 테시폰식 주택,https://place.map.kakao.com/681525275,spec-020,candidate_new,,
26164500,kakao:26164500,해안도로입구 금릉서쪽방면,https://place.map.kakao.com/26164500,spec-020,candidate_new,,
7949685,kakao:7949685,세미소,https://place.map.kakao.com/7949685,spec-020,candidate_new,,
10961283,kakao:10961283,한림공원 황금굴,https://place.map.kakao.com/10961283,spec-020,candidate_new,,
15150233,kakao:15150233,망오름,https://place.map.kakao.com/15150233,spec-020,candidate_new,,
1426660726,kakao:1426660726,제주 비양도 호니토,https://place.map.kakao.com/1426660726,spec-020,candidate_new,,
8099434,kakao:8099434,천아오름,https://place.map.kakao.com/8099434,spec-020,candidate_new,,
2139457773,kakao:2139457773,명월팽나무군락,https://place.map.kakao.com/2139457773,spec-020,candidate_new,,
26147156,kakao:26147156,해안도로입구 옹포귀덕,https://place.map.kakao.com/26147156,spec-020,candidate_new,,
25728624,kakao:25728624,옹포천,https://place.map.kakao.com/25728624,spec-020,candidate_new,,
1571059159,kakao:1571059159,귀덕환해장성,https://place.map.kakao.com/1571059159,spec-020,candidate_new,,
8061738,kakao:8061738,한림공원 재암민속마을,https://place.map.kakao.com/8061738,spec-020,candidate_new,,
19533696,kakao:19533696,한림공원 야자수길,https://place.map.kakao.com/19533696,spec-020,candidate_new,,
8466104,kakao:8466104,용암동굴지대,https://place.map.kakao.com/8466104,spec-020,candidate_new,,
237466193,kakao:237466193,세미소오름,https://place.map.kakao.com/237466193,spec-020,candidate_new,,
8062305,kakao:8062305,정물알오름,https://place.map.kakao.com/8062305,spec-020,existing_ready,1926369,spec-021:matched_existing
1071649168,kakao:1071649168,오소록이동네,https://place.map.kakao.com/1071649168,spec-020,candidate_new,,
1212658116,kakao:1212658116,만벵듸 공동장지,https://place.map.kakao.com/1212658116,spec-020,candidate_new,,
1210770427,kakao:1210770427,잃어버린 마을 웃동네,https://place.map.kakao.com/1210770427,spec-020,candidate_new,,
862303899,kakao:862303899,제주올레길 15코스갈림길,https://place.map.kakao.com/862303899,spec-020,candidate_new,,
196801,kakao:196801,옹포리 명월포전적지,https://place.map.kakao.com/196801,spec-020,candidate_new,,
25359280,kakao:25359280,정월오름,https://place.map.kakao.com/25359280,spec-020,candidate_new,,
8260448,kakao:8260448,도너리오름,https://place.map.kakao.com/8260448,spec-020,existing_ready,1928430,spec-021:terra-same-place
7932389,kakao:7932389,새미소,https://place.map.kakao.com/7932389,spec-020,candidate_new,,
13723597,kakao:13723597,해녀콩서식지,https://place.map.kakao.com/13723597,spec-020,candidate_new,,
10393740,kakao:10393740,방주오름,https://place.map.kakao.com/10393740,spec-020,candidate_new,,
11070664,kakao:11070664,밝은오름,https://place.map.kakao.com/11070664,spec-020,candidate_new,,
10339539,kakao:10339539,명월오름,https://place.map.kakao.com/10339539,spec-020,candidate_new,,
19533520,kakao:19533520,한림공원 왕벚꽃동산,https://place.map.kakao.com/19533520,spec-020,candidate_new,,
23182240,kakao:23182240,펄랑못,https://place.map.kakao.com/23182240,spec-020,candidate_new,,
12705876,kakao:12705876,배령연대,https://place.map.kakao.com/12705876,spec-020,candidate_new,,
25283148,kakao:25283148,선소오름,https://place.map.kakao.com/25283148,spec-020,candidate_new,,
1371646005,kakao:1371646005,명월팽나무마을길,https://place.map.kakao.com/1371646005,spec-020,candidate_new,,
8650849,kakao:8650849,갯거리오름,https://place.map.kakao.com/8650849,spec-020,candidate_new,,
12705877,kakao:12705877,귀덕연대,https://place.map.kakao.com/12705877,spec-020,candidate_new,,
8131558,kakao:8131558,한림저수지,https://place.map.kakao.com/8131558,spec-020,candidate_new,,
13725841,kakao:13725841,주가홀길,https://place.map.kakao.com/13725841,spec-020,candidate_new,,
13723507,kakao:13723507,무명천산책길,https://place.map.kakao.com/13723507,spec-020,candidate_new,,
1614183279,kakao:1614183279,큰소낭숲길,https://place.map.kakao.com/1614183279,spec-020,candidate_new,,
1213012109,kakao:1213012109,한림여관,https://place.map.kakao.com/1213012109,spec-020,candidate_new,,
8177499,kakao:8177499,고씨종산,https://place.map.kakao.com/8177499,spec-020,candidate_new,,
4918036,kakao:4918036,제주 이시돌목장 테시폰식 주택,https://place.map.kakao.com/4918036,spec-020,candidate_new,,
17939037,kakao:17939037,한림공원 연못정원,https://place.map.kakao.com/17939037,spec-020,candidate_new,,
8368519,kakao:8368519,생쟁이왓굴,https://place.map.kakao.com/8368519,spec-020,candidate_new,,
8498835,kakao:8498835,정구수굴,https://place.map.kakao.com/8498835,spec-020,candidate_new,,
19533512,kakao:19533512,한림공원 제주석분재원,https://place.map.kakao.com/19533512,spec-020,candidate_new,,
26919625,kakao:26919625,컨테이너야드협재타운,https://place.map.kakao.com/26919625,spec-020,candidate_new,,
17939060,kakao:17939060,한림공원 공원안내소,https://place.map.kakao.com/17939060,spec-020,candidate_new,,
10273934,kakao:10273934,능향원,https://place.map.kakao.com/10273934,spec-020,candidate_new,,
1216777617,kakao:1216777617,월대 옛터,https://place.map.kakao.com/1216777617,spec-020,candidate_new,,
1164801757,kakao:1164801757,탐나 라운지Tamna Lounge,https://place.map.kakao.com/1164801757,spec-020,candidate_new,,
7892246,kakao:7892246,병두못,https://place.map.kakao.com/7892246,spec-020,candidate_new,,
13723560,kakao:13723560,소낭숲길,https://place.map.kakao.com/13723560,spec-020,candidate_new,,
25243139,kakao:25243139,밝은오름,https://place.map.kakao.com/25243139,spec-020,candidate_new,,
7930674,kakao:7930674,생수동굴,https://place.map.kakao.com/7930674,spec-020,candidate_new,,
8095100,kakao:8095100,충혼묘지,https://place.map.kakao.com/8095100,spec-020,candidate_new,,
24202106,kakao:24202106,영생이물통,https://place.map.kakao.com/24202106,spec-020,candidate_new,,
10952168,kakao:10952168,한두리굴,https://place.map.kakao.com/10952168,spec-020,candidate_new,,
8029487,kakao:8029487,우지연대,https://place.map.kakao.com/8029487,spec-020,candidate_new,,
11153702,kakao:11153702,조롱굴,https://place.map.kakao.com/11153702,spec-020,candidate_new,,
11031788,kakao:11031788,군남빌레굴,https://place.map.kakao.com/11031788,spec-020,candidate_new,,
1265245054,kakao:1265245054,문수동 4·3성,https://place.map.kakao.com/1265245054,spec-020,candidate_new,,
22809089,kakao:22809089,한림천,https://place.map.kakao.com/22809089,spec-020,candidate_new,,
2140079911,kakao:2140079911,제주금악4.3길센터,https://place.map.kakao.com/2140079911,spec-020,candidate_new,,
7825395,kakao:7825395,대미왓굴,https://place.map.kakao.com/7825395,spec-020,candidate_new,,
1216679210,kakao:1216679210,태평정 옛터,https://place.map.kakao.com/1216679210,spec-020,candidate_new,,
13723537,kakao:13723537,무명천산책길3,https://place.map.kakao.com/13723537,spec-020,candidate_new,,
11048929,kakao:11048929,감남답굴,https://place.map.kakao.com/11048929,spec-020,candidate_new,,
27307061,kakao:27307061,문덕홍지사 생가,https://place.map.kakao.com/27307061,spec-020,candidate_new,,
8073776,kakao:8073776,종남괴굴,https://place.map.kakao.com/8073776,spec-020,candidate_new,,
11250681,kakao:11250681,종이빌래굴,https://place.map.kakao.com/11250681,spec-020,candidate_new,,
1892141539,kakao:1892141539,개명물,https://place.map.kakao.com/1892141539,spec-020,candidate_new,,
13723552,kakao:13723552,굴렁진숲길,https://place.map.kakao.com/13723552,spec-020,candidate_new,,
27286410,kakao:27286410,돌개기못,https://place.map.kakao.com/27286410,spec-020,candidate_new,,
13723528,kakao:13723528,도래낭길,https://place.map.kakao.com/13723528,spec-020,candidate_new,,
1210692515,kakao:1210692515,한림 어업창고 옛터,https://place.map.kakao.com/1210692515,spec-020,candidate_new,,
974813302,kakao:974813302,캔틈축일할망당,https://place.map.kakao.com/974813302,spec-020,candidate_new,,
25724363,kakao:25724363,귀덕천,https://place.map.kakao.com/25724363,spec-020,candidate_new,,
8010793,kakao:8010793,열녀비,https://place.map.kakao.com/8010793,spec-020,candidate_new,,
751274727,kakao:751274727,중천이물,https://place.map.kakao.com/751274727,spec-020,candidate_new,,
237501396,kakao:237501396,대덕산,https://place.map.kakao.com/237501396,spec-020,candidate_new,,
25730826,kakao:25730826,한림천,https://place.map.kakao.com/25730826,spec-020,candidate_new,,
25726121,kakao:25726121,문수천,https://place.map.kakao.com/25726121,spec-020,candidate_new,,
69250611,kakao:69250611,이시돌길,https://place.map.kakao.com/69250611,spec-020,candidate_new,,
509385038,kakao:509385038,새시물,https://place.map.kakao.com/509385038,spec-020,candidate_new,,
7896659,kakao:7896659,봉화대,https://place.map.kakao.com/7896659,spec-020,candidate_new,,
7814680,kakao:7814680,당동산,https://place.map.kakao.com/7814680,spec-020,candidate_new,,
1212789617,kakao:1212789617,고림동성,https://place.map.kakao.com/1212789617,spec-020,candidate_new,,
8050763,kakao:8050763,윤남동산,https://place.map.kakao.com/8050763,spec-020,candidate_new,,
1926127013,kakao:1926127013,신물,https://place.map.kakao.com/1926127013,spec-020,candidate_new,,
13723566,kakao:13723566,무명천산책길2,https://place.map.kakao.com/13723566,spec-020,candidate_new,,
8013486,kakao:8013486,열녀비,https://place.map.kakao.com/8013486,spec-020,candidate_new,,
10348879,kakao:10348879,명간선생오인왕조비,https://place.map.kakao.com/10348879,spec-020,candidate_new,,
25728990,kakao:25728990,웅포천,https://place.map.kakao.com/25728990,spec-020,candidate_new,,
10461038,kakao:10461038,봉화대,https://place.map.kakao.com/10461038,spec-020,candidate_new,,
25316350,kakao:25316350,어도오름,https://place.map.kakao.com/25316350,spec-020,candidate_new,,
8706670,kakao:8706670,금성천,https://place.map.kakao.com/8706670,spec-020,candidate_new,,
8221826,kakao:8221826,눈오름,https://place.map.kakao.com/8221826,spec-020,candidate_new,,
25724362,kakao:25724362,귀덕천,https://place.map.kakao.com/25724362,spec-020,candidate_new,,
11816186,kakao:11816186,올레길 15-A코스(한림-고내 올레),https://place.map.kakao.com/11816186,spec-020,existing_ready,1839833,spec-021:final-same-place
7982565,kakao:7982565,신명지,https://place.map.kakao.com/7982565,spec-020,candidate_new,,
10661486,kakao:10661486,열녀비,https://place.map.kakao.com/10661486,spec-020,candidate_new,,
24662866,kakao:24662866,어음천,https://place.map.kakao.com/24662866,spec-020,candidate_new,,
8001851,kakao:8001851,열녀문,https://place.map.kakao.com/8001851,spec-020,candidate_new,,
25022153,kakao:25022153,곽지해수욕장,https://place.map.kakao.com/25022153,spec-020,existing_ready,127870,spec-021:matched_existing
26324457,kakao:26324457,정자정천,https://place.map.kakao.com/26324457,spec-020,candidate_new,,
279266130,kakao:279266130,금성천 정자,https://place.map.kakao.com/279266130,spec-020,candidate_new,,
648454678,kakao:648454678,제주제일농원,https://place.map.kakao.com/648454678,spec-020,candidate_new,,
23705150,kakao:23705150,한담마을 장한철산책로,https://place.map.kakao.com/23705150,spec-020,existing_ready,2930935,spec-021:final-same-place
19293737,kakao:19293737,한담해변,https://place.map.kakao.com/19293737,spec-020,existing_ready,2723542,spec-021:matched_existing
900206222,kakao:900206222,남당수,https://place.map.kakao.com/900206222,spec-020,candidate_new,,
1134184953,kakao:1134184953,애월카페거리,https://place.map.kakao.com/1134184953,spec-020,candidate_new,,
899730245,kakao:899730245,남당암수,https://place.map.kakao.com/899730245,spec-020,candidate_new,,
13565277,kakao:13565277,과물노천탕,https://place.map.kakao.com/13565277,spec-020,candidate_new,,
12729043,kakao:12729043,곽지패총,https://place.map.kakao.com/12729043,spec-020,candidate_new,,
2038933507,kakao:2038933507,남당암수 정자,https://place.map.kakao.com/2038933507,spec-020,candidate_new,,
664283303,kakao:664283303,비체올린,https://place.map.kakao.com/664283303,spec-020,existing_ready,2674014,spec-021:matched_existing
8318161,kakao:8318161,방림원,https://place.map.kakao.com/8318161,spec-020,existing_ready,594065,spec-021:matched_existing
10711279,kakao:10711279,저지예술인마을,https://place.map.kakao.com/10711279,spec-020,existing_ready,2765268,spec-021:terra-same-place
24894904,kakao:24894904,납읍난대림지역,https://place.map.kakao.com/24894904,spec-020,candidate_new,,
2110648536,kakao:2110648536,해거름마을공원 인증센터,https://place.map.kakao.com/2110648536,spec-020,candidate_new,,
17810240,kakao:17810240,금산자연농원,https://place.map.kakao.com/17810240,spec-020,candidate_new,,
27337465,kakao:27337465,버들못,https://place.map.kakao.com/27337465,spec-020,candidate_new,,
85419607,kakao:85419607,저지오름,https://place.map.kakao.com/85419607,spec-020,existing_ready,1351196,spec-021:matched_existing
12736208,kakao:12736208,애월환해장성,https://place.map.kakao.com/12736208,spec-020,candidate_new,,
1223295170,kakao:1223295170,잃어버린 마을 자리왓,https://place.map.kakao.com/1223295170,spec-020,candidate_new,,
25180821,kakao:25180821,과오름,https://place.map.kakao.com/25180821,spec-020,candidate_new,,
1138552280,kakao:1138552280,장한철 생가,https://place.map.kakao.com/1138552280,spec-020,candidate_new,,
1868828759,kakao:1868828759,9.81파크 제주,https://place.map.kakao.com/1868828759,spec-020,existing_ready,2609373,spec-021:matched_existing
878819879,kakao:878819879,상가리야자숲,https://place.map.kakao.com/878819879,spec-020,existing_ready,2847726,spec-021:matched_existing
261257666,kakao:261257666,제주올레14코스 공식안내소,https://place.map.kakao.com/261257666,spec-020,candidate_new,,
12705878,kakao:12705878,애월연대,https://place.map.kakao.com/12705878,spec-020,candidate_new,,
13725802,kakao:13725802,납읍숲길,https://place.map.kakao.com/13725802,spec-020,candidate_new,,
7912596,kakao:7912596,사낭굴,https://place.map.kakao.com/7912596,spec-020,candidate_new,,
27253711,kakao:27253711,빌레못굴,https://place.map.kakao.com/27253711,spec-020,candidate_new,,
11108228,kakao:11108228,연화못,https://place.map.kakao.com/11108228,spec-020,existing_ready,126473,spec-021:matched_existing
17786069,kakao:17786069,말젯오름,https://place.map.kakao.com/17786069,spec-020,candidate_new,,
8229310,kakao:8229310,샛오름,https://place.map.kakao.com/8229310,spec-020,candidate_new,,
25274725,kakao:25274725,새별오름,https://place.map.kakao.com/25274725,spec-020,existing_ready,572973,spec-021:matched_existing
19763694,kakao:19763694,환상숲곶자왈공원,https://place.map.kakao.com/19763694,spec-020,existing_ready,2946628,spec-021:matched_existing
345010245,kakao:345010245,고내해변,https://place.map.kakao.com/345010245,spec-020,candidate_new,,
8112433,kakao:8112433,판포오름,https://place.map.kakao.com/8112433,spec-020,candidate_new,,
7995864,kakao:7995864,애월진성,https://place.map.kakao.com/7995864,spec-020,candidate_new,,
27539430,kakao:27539430,생각하는정원,https://place.map.kakao.com/27539430,spec-020,existing_ready,125445|2907434|4054291,spec-021:matched_existing
747735691,kakao:747735691,농업회사법인 화조원,https://place.map.kakao.com/747735691,spec-020,existing_ready,2606209,spec-021:terra-same-place
10446937,kakao:10446937,악락심천,https://place.map.kakao.com/10446937,spec-020,candidate_new,,
2125721083,kakao:2125721083,금등풍차해안,https://place.map.kakao.com/2125721083,spec-020,candidate_new,,
1176629049,kakao:1176629049,돔배물,https://place.map.kakao.com/1176629049,spec-020,candidate_new,,
7937552,kakao:7937552,서호못,https://place.map.kakao.com/7937552,spec-020,candidate_new,,
25728187,kakao:25728187,어음천,https://place.map.kakao.com/25728187,spec-020,candidate_new,,
1125794314,kakao:1125794314,빠빠유기농블루베리,https://place.map.kakao.com/1125794314,spec-020,candidate_new,,
10543541,kakao:10543541,솔동산,https://place.map.kakao.com/10543541,spec-020,candidate_new,,
1191333971,kakao:1191333971,소애못,https://place.map.kakao.com/1191333971,spec-020,candidate_new,,
13723645,kakao:13723645,도새기숲길,https://place.map.kakao.com/13723645,spec-020,candidate_new,,
1264933802,kakao:1264933802,납읍리 4·3성,https://place.map.kakao.com/1264933802,spec-020,candidate_new,,
10116894,kakao:10116894,가메오름,https://place.map.kakao.com/10116894,spec-020,candidate_new,,
8163059,kakao:8163059,항물동산,https://place.map.kakao.com/8163059,spec-020,candidate_new,,
8493366,kakao:8493366,열녀비,https://place.map.kakao.com/8493366,spec-020,candidate_new,,
8550435,kakao:8550435,충혼비,https://place.map.kakao.com/8550435,spec-020,candidate_new,,
8550434,kakao:8550434,충혼비,https://place.map.kakao.com/8550434,spec-020,candidate_new,,
10335895,kakao:10335895,뫼아지동산,https://place.map.kakao.com/10335895,spec-020,candidate_new,,
8464876,kakao:8464876,앞동산,https://place.map.kakao.com/8464876,spec-020,candidate_new,,
8649358,kakao:8649358,고내봉,https://place.map.kakao.com/8649358,spec-020,candidate_new,,
7834106,kakao:7834106,돔바위,https://place.map.kakao.com/7834106,spec-020,candidate_new,,
1199397808,kakao:1199397808,잃어버린 마을 하늬골,https://place.map.kakao.com/1199397808,spec-020,candidate_new,,
1628198649,kakao:1628198649,저지오름 전망대,https://place.map.kakao.com/1628198649,spec-020,candidate_new,,
1997539367,kakao:1997539367,다락쉼터 인증센터,https://place.map.kakao.com/1997539367,spec-020,candidate_new,,
608824576,kakao:608824576,저지리알못,https://place.map.kakao.com/608824576,spec-020,candidate_new,,
810317017,kakao:810317017,하늘타리농원,https://place.map.kakao.com/810317017,spec-020,candidate_new,,
15225508,kakao:15225508,해오름전망대,https://place.map.kakao.com/15225508,spec-020,candidate_new,,
14513668,kakao:14513668,무병장수테마파크,https://place.map.kakao.com/14513668,spec-020,candidate_new,,
10356367,kakao:10356367,마오름,https://place.map.kakao.com/10356367,spec-020,candidate_new,,
699849252,kakao:699849252,제주올레16코스 공식안내소,https://place.map.kakao.com/699849252,spec-020,candidate_new,,
7900266,kakao:7900266,봉화대,https://place.map.kakao.com/7900266,spec-020,candidate_new,,
1199258334,kakao:1199258334,조수국민학교 옛터,https://place.map.kakao.com/1199258334,spec-020,candidate_new,,
13723550,kakao:13723550,오시록헌농로,https://place.map.kakao.com/13723550,spec-020,candidate_new,,
7905464,kakao:7905464,빌레못,https://place.map.kakao.com/7905464,spec-020,candidate_new,,
7884881,kakao:7884881,뱀냇도,https://place.map.kakao.com/7884881,spec-020,candidate_new,,
635802124,kakao:635802124,고내포구 우주물,https://place.map.kakao.com/635802124,spec-020,candidate_new,,
1266592394,kakao:1266592394,카약&트라익파크,https://place.map.kakao.com/1266592394,spec-020,candidate_new,,
17580857,kakao:17580857,방림원 방림동산,https://place.map.kakao.com/17580857,spec-020,candidate_new,,
13723463,kakao:13723463,저지고망숲길,https://place.map.kakao.com/13723463,spec-020,candidate_new,,
7957264,kakao:7957264,송아오름,https://place.map.kakao.com/7957264,spec-020,existing_ready,1945592,spec-021:matched_existing
10337128,kakao:10337128,마중오름,https://place.map.kakao.com/10337128,spec-020,candidate_new,,
17576702,kakao:17576702,방림원 수생식물관,https://place.map.kakao.com/17576702,spec-020,candidate_new,,
18039453,kakao:18039453,방림원 백화동산,https://place.map.kakao.com/18039453,spec-020,candidate_new,,
7824873,kakao:7824873,대빌레못,https://place.map.kakao.com/7824873,spec-020,candidate_new,,
26980110,kakao:26980110,하가리연꽃마을,https://place.map.kakao.com/26980110,spec-020,candidate_new,,
13725898,kakao:13725898,뒷동산아리랑길,https://place.map.kakao.com/13725898,spec-020,candidate_new,,
1415302090,kakao:1415302090,이달봉 초대소,https://place.map.kakao.com/1415302090,spec-020,candidate_new,,
1627776686,kakao:1627776686,저지오름 분화구,https://place.map.kakao.com/1627776686,spec-020,candidate_new,,
1571108580,kakao:1571108580,고내환해장성,https://place.map.kakao.com/1571108580,spec-020,candidate_new,,
13725890,kakao:13725890,저지오름둘레길,https://place.map.kakao.com/13725890,spec-020,candidate_new,,
8039899,kakao:8039899,이달봉,https://place.map.kakao.com/8039899,spec-020,candidate_new,,
1213590025,kakao:1213590025,상가리 4.3희생자 위령단,https://place.map.kakao.com/1213590025,spec-020,candidate_new,,
1629897035,kakao:1629897035,배롱낙원,https://place.map.kakao.com/1629897035,spec-020,candidate_new,,
1627709922,kakao:1627709922,저지오름 칠성단,https://place.map.kakao.com/1627709922,spec-020,candidate_new,,
8490593,kakao:8490593,이달이촛대봉,https://place.map.kakao.com/8490593,spec-020,candidate_new,,
685570063,kakao:685570063,용선달리하르방당,https://place.map.kakao.com/685570063,spec-020,candidate_new,,
8203356,kakao:8203356,기념비,https://place.map.kakao.com/8203356,spec-020,candidate_new,,
291576834,kakao:291576834,저지리 오름허릿당,https://place.map.kakao.com/291576834,spec-020,candidate_new,,
8701056,kakao:8701056,강정동산,https://place.map.kakao.com/8701056,spec-020,candidate_new,,
1067889833,kakao:1067889833,한양동연못,https://place.map.kakao.com/1067889833,spec-020,candidate_new,,
1216276622,kakao:1216276622,수동(물골)성,https://place.map.kakao.com/1216276622,spec-020,candidate_new,,
55475637,kakao:55475637,먼물습지,https://place.map.kakao.com/55475637,spec-020,candidate_new,,
13723679,kakao:13723679,하르방당,https://place.map.kakao.com/13723679,spec-020,candidate_new,,
13725904,kakao:13725904,용선달리설촌,https://place.map.kakao.com/13725904,spec-020,candidate_new,,
11077891,kakao:11077891,뒷동산,https://place.map.kakao.com/11077891,spec-020,candidate_new,,
1448242489,kakao:1448242489,돌사랑,https://place.map.kakao.com/1448242489,spec-020,candidate_new,,
26395414,kakao:26395414,돗곳,https://place.map.kakao.com/26395414,spec-020,candidate_new,,
8095159,kakao:8095159,추모비,https://place.map.kakao.com/8095159,spec-020,candidate_new,,
24576572,kakao:24576572,밀양박공승조 망묘단비,https://place.map.kakao.com/24576572,spec-020,candidate_new,,
25342606,kakao:25342606,이계오름,https://place.map.kakao.com/25342606,spec-020,candidate_new,,
557218490,kakao:557218490,개구미동굴,https://place.map.kakao.com/557218490,spec-020,candidate_new,,
8109089,kakao:8109089,가메창,https://place.map.kakao.com/8109089,spec-020,candidate_new,,
8055702,kakao:8055702,일체동산,https://place.map.kakao.com/8055702,spec-020,candidate_new,,
13723644,kakao:13723644,폭낭쉼터,https://place.map.kakao.com/13723644,spec-020,candidate_new,,
11205845,kakao:11205845,현장이동산,https://place.map.kakao.com/11205845,spec-020,candidate_new,,
1109307691,kakao:1109307691,퐁낭,https://place.map.kakao.com/1109307691,spec-020,candidate_new,,
242379687,kakao:242379687,동지샘이못,https://place.map.kakao.com/242379687,spec-020,candidate_new,,
1491574189,kakao:1491574189,오당빌레쉼터,https://place.map.kakao.com/1491574189,spec-020,candidate_new,,
12765573,kakao:12765573,문형행가옥,https://place.map.kakao.com/12765573,spec-020,candidate_new,,
15151316,kakao:15151316,두모저수지,https://place.map.kakao.com/15151316,spec-020,candidate_new,,
26455799,kakao:26455799,두강봉,https://place.map.kakao.com/26455799,spec-020,candidate_new,,
12765621,kakao:12765621,오광준가옥,https://place.map.kakao.com/12765621,spec-020,candidate_new,,
1213819298,kakao:1213819298,육시우영,https://place.map.kakao.com/1213819298,spec-020,candidate_new,,
26396673,kakao:26396673,손천당,https://place.map.kakao.com/26396673,spec-020,candidate_new,,
25186327,kakao:25186327,군남동산,https://place.map.kakao.com/25186327,spec-020,candidate_new,,
8001854,kakao:8001854,열녀비,https://place.map.kakao.com/8001854,spec-020,candidate_new,,
8051764,kakao:8051764,장기동산,https://place.map.kakao.com/8051764,spec-020,candidate_new,,
8202821,kakao:8202821,금성천,https://place.map.kakao.com/8202821,spec-020,candidate_new,,
12728583,kakao:12728583,제주 잣동네 말방아,https://place.map.kakao.com/12728583,spec-020,candidate_new,,
10342864,kakao:10342864,멋못,https://place.map.kakao.com/10342864,spec-020,candidate_new,,
8138993,kakao:8138993,감낭굴,https://place.map.kakao.com/8138993,spec-020,candidate_new,,
1308407472,kakao:1308407472,문귀인가옥,https://place.map.kakao.com/1308407472,spec-020,candidate_new,,
12705872,kakao:12705872,두모연대,https://place.map.kakao.com/12705872,spec-020,candidate_new,,
1215287848,kakao:1215287848,두모지서 터,https://place.map.kakao.com/1215287848,spec-020,candidate_new,,
11832646,kakao:11832646,용흥농장,https://place.map.kakao.com/11832646,spec-020,candidate_new,,
8087937,kakao:8087937,지중굴,https://place.map.kakao.com/8087937,spec-020,candidate_new,,
1199362165,kakao:1199362165,잃어버린 마을 조수리 하동,https://place.map.kakao.com/1199362165,spec-020,candidate_new,,
1524250072,kakao:1524250072,낙천잣길,https://place.map.kakao.com/1524250072,spec-020,candidate_new,,
8175919,kakao:8175919,강홍식축항기념비,https://place.map.kakao.com/8175919,spec-020,candidate_new,,
14491314,kakao:14491314,고망숲길,https://place.map.kakao.com/14491314,spec-020,candidate_new,,
11943943,kakao:11943943,올레길 16코스(고내-광령 올레),https://place.map.kakao.com/11943943,spec-020,existing_ready,1839864,spec-021:terra-same-place
8641860,kakao:8641860,항파두리 항몽유적지,https://place.map.kakao.com/8641860,spec-020,existing_ready,128050,spec-021:matched_existing
22761633,kakao:22761633,구엄리 돌염전,https://place.map.kakao.com/22761633,spec-020,existing_ready,2779527,spec-021:terra-same-place
336100555,kakao:336100555,새별프렌즈,https://place.map.kakao.com/336100555,spec-020,existing_ready,2742344,spec-021:matched_existing
11889968,kakao:11889968,애월해안도로,https://place.map.kakao.com/11889968,spec-020,candidate_new,,
10271092,kakao:10271092,큰노꼬메오름,https://place.map.kakao.com/10271092,spec-020,existing_ready,2738712,spec-021:matched_existing
891104398,kakao:891104398,제주불빛정원,https://place.map.kakao.com/891104398,spec-020,existing_ready,2479639,spec-021:matched_existing
11950714,kakao:11950714,테디베어하우스 테지움 제주점,https://place.map.kakao.com/11950714,spec-020,candidate_new,,
8217224,kakao:8217224,궷물오름,https://place.map.kakao.com/8217224,spec-020,existing_ready,2765234,spec-021:matched_existing
7964847,kakao:7964847,수산봉,https://place.map.kakao.com/7964847,spec-020,existing_ready,2714826,spec-021:matched_existing
964193471,kakao:964193471,어음리억새군락지,https://place.map.kakao.com/964193471,spec-020,candidate_new,,
136914935,kakao:136914935,천아계곡,https://place.map.kakao.com/136914935,spec-020,candidate_new,,
27182155,kakao:27182155,한라산국립공원 어리목탐방로,https://place.map.kakao.com/27182155,spec-020,candidate_new,,
25575353,kakao:25575353,애월돌고래전망대,https://place.map.kakao.com/25575353,spec-020,candidate_new,,
7888119,kakao:7888119,큰바리메,https://place.map.kakao.com/7888119,spec-020,existing_ready,2765227,spec-021:final-same-place
7878638,kakao:7878638,무수천,https://place.map.kakao.com/7878638,spec-020,existing_ready,126467,spec-021:matched_existing
902606653,kakao:902606653,파호이호이 라바필드파크,https://place.map.kakao.com/902606653,spec-020,candidate_new,,
779604763,kakao:779604763,왕벚꽃거리,https://place.map.kakao.com/779604763,spec-020,candidate_new,,
1326687688,kakao:1326687688,그린스케이프,https://place.map.kakao.com/1326687688,spec-020,candidate_new,,
2008460705,kakao:2008460705,항파두리 항몽유적지 나홀로나무,https://place.map.kakao.com/2008460705,spec-020,candidate_new,,
8214370,kakao:8214370,족은노꼬메오름,https://place.map.kakao.com/8214370,spec-020,existing_ready,4078062,spec-021:matched_existing
7962202,kakao:7962202,수산저수지,https://place.map.kakao.com/7962202,spec-020,existing_ready,4063148,spec-021:matched_existing
689032169,kakao:689032169,고래전망대,https://place.map.kakao.com/689032169,spec-020,candidate_new,,
13725737,kakao:13725737,중엄새물,https://place.map.kakao.com/13725737,spec-020,candidate_new,,
8363683,kakao:8363683,새별오름관광타운,https://place.map.kakao.com/8363683,spec-020,candidate_new,,
13725673,kakao:13725673,수산봉둘레길,https://place.map.kakao.com/13725673,spec-020,candidate_new,,
12772339,kakao:12772339,수산리곰솔,https://place.map.kakao.com/12772339,spec-020,candidate_new,,
10769042,kakao:10769042,천아오름,https://place.map.kakao.com/10769042,spec-020,existing_ready,1895611,spec-021:matched_existing
10889367,kakao:10889367,파군봉,https://place.map.kakao.com/10889367,spec-020,candidate_new,,
17582871,kakao:17582871,렛츠런파크제주 아름다운승마장,https://place.map.kakao.com/17582871,spec-020,candidate_new,,
10798266,kakao:10798266,족은바리메,https://place.map.kakao.com/10798266,spec-020,candidate_new,,
305903187,kakao:305903187,영모원,https://place.map.kakao.com/305903187,spec-020,candidate_new,,
26396800,kakao:26396800,맛동산정우농장,https://place.map.kakao.com/26396800,spec-020,existing_ready,3037603,spec-021:terra-same-place
25197040,kakao:25197040,노로오름,https://place.map.kakao.com/25197040,spec-020,candidate_new,,
25575355,kakao:25575355,신엄리원담,https://place.map.kakao.com/25575355,spec-020,candidate_new,,
2132173808,kakao:2132173808,고스트타운 고스트하우스,https://place.map.kakao.com/2132173808,spec-020,candidate_new,,
25187989,kakao:25187989,극락오름,https://place.map.kakao.com/25187989,spec-020,candidate_new,,
8076005,kakao:8076005,한라산 웃세족은오름,https://place.map.kakao.com/8076005,spec-020,candidate_new,,
2034435221,kakao:2034435221,새별헤이요,https://place.map.kakao.com/2034435221,spec-020,candidate_new,,
7870117,kakao:7870117,만세동산,https://place.map.kakao.com/7870117,spec-020,candidate_new,,
8007088,kakao:8007088,어리목계곡,https://place.map.kakao.com/8007088,spec-020,candidate_new,,
751171691,kakao:751171691,달달미깡감귤밭,https://place.map.kakao.com/751171691,spec-020,existing_ready,3027466,spec-021:matched_existing
7914532,kakao:7914532,사제비동산,https://place.map.kakao.com/7914532,spec-020,candidate_new,,
356142959,kakao:356142959,최영장군사당,https://place.map.kakao.com/356142959,spec-020,candidate_new,,
10440260,kakao:10440260,산세미오름,https://place.map.kakao.com/10440260,spec-020,candidate_new,,
864474726,kakao:864474726,한라산둘레길 천아숲길,https://place.map.kakao.com/864474726,spec-020,existing_ready,2661848,spec-021:terra-same-place
17574886,kakao:17574886,제주공룡랜드 3D입체영화관,https://place.map.kakao.com/17574886,spec-020,candidate_new,,
18099489,kakao:18099489,항몽유적지 삼별초항거순의비,https://place.map.kakao.com/18099489,spec-020,candidate_new,,
25259581,kakao:25259581,붉은오름,https://place.map.kakao.com/25259581,spec-020,candidate_new,,
8065787,kakao:8065787,족은노로오름,https://place.map.kakao.com/8065787,spec-020,candidate_new,,
11039987,kakao:11039987,검은데기오름,https://place.map.kakao.com/11039987,spec-020,candidate_new,,
1229036426,kakao:1229036426,잃어버린 마을 원동,https://place.map.kakao.com/1229036426,spec-020,candidate_new,,
8220369,kakao:8220369,눈오름,https://place.map.kakao.com/8220369,spec-020,candidate_new,,
13725641,kakao:13725641,장수물,https://place.map.kakao.com/13725641,spec-020,candidate_new,,
7994249,kakao:7994249,양주굴,https://place.map.kakao.com/7994249,spec-020,candidate_new,,
24023777,kakao:24023777,민대가리동산,https://place.map.kakao.com/24023777,spec-020,candidate_new,,
10153502,kakao:10153502,광령저수지,https://place.map.kakao.com/10153502,spec-020,candidate_new,,
25310024,kakao:25310024,안오름,https://place.map.kakao.com/25310024,spec-020,candidate_new,,
7986111,kakao:7986111,알오름,https://place.map.kakao.com/7986111,spec-020,candidate_new,,
8121453,kakao:8121453,발이오름,https://place.map.kakao.com/8121453,spec-020,candidate_new,,
17985357,kakao:17985357,렛츠런파크제주 골프고객휴게소,https://place.map.kakao.com/17985357,spec-020,candidate_new,,
8224820,kakao:8224820,남두연대,https://place.map.kakao.com/8224820,spec-020,candidate_new,,
11019303,kakao:11019303,노루물/노리물,https://place.map.kakao.com/11019303,spec-020,candidate_new,,
7906497,kakao:7906497,북돌아진 오름,https://place.map.kakao.com/7906497,spec-020,candidate_new,,
1304746374,kakao:1304746374,제주포크테마파크,https://place.map.kakao.com/1304746374,spec-020,candidate_new,,
13725594,kakao:13725594,고성천길,https://place.map.kakao.com/13725594,spec-020,candidate_new,,
825220597,kakao:825220597,숭조당길,https://place.map.kakao.com/825220597,spec-020,candidate_new,,
8404203,kakao:8404203,북문,https://place.map.kakao.com/8404203,spec-020,candidate_new,,
25210557,kakao:25210557,도래오름,https://place.map.kakao.com/25210557,spec-020,candidate_new,,
295076442,kakao:295076442,소왕물,https://place.map.kakao.com/295076442,spec-020,candidate_new,,
25392324,kakao:25392324,한대오름,https://place.map.kakao.com/25392324,spec-020,existing_ready,1918643,spec-021:matched_existing
894074048,kakao:894074048,유수암리산새미오름방묘,https://place.map.kakao.com/894074048,spec-020,candidate_new,,
13725665,kakao:13725665,수산저수지둑방길,https://place.map.kakao.com/13725665,spec-020,candidate_new,,
1005641233,kakao:1005641233,폴리파크,https://place.map.kakao.com/1005641233,spec-020,candidate_new,,
228295093,kakao:228295093,눈오름,https://place.map.kakao.com/228295093,spec-020,candidate_new,,
7863048,kakao:7863048,쳇망오름,https://place.map.kakao.com/7863048,spec-020,candidate_new,,
1588806555,kakao:1588806555,유수암천,https://place.map.kakao.com/1588806555,spec-020,candidate_new,,
24244412,kakao:24244412,제주애견공원,https://place.map.kakao.com/24244412,spec-020,candidate_new,,
1213784256,kakao:1213784256,장전리 추모원,https://place.map.kakao.com/1213784256,spec-020,candidate_new,,
26444634,kakao:26444634,탐라양씨 건승원,https://place.map.kakao.com/26444634,spec-020,candidate_new,,
8580695,kakao:8580695,정타굴,https://place.map.kakao.com/8580695,spec-020,candidate_new,,
8103530,kakao:8103530,충혼비,https://place.map.kakao.com/8103530,spec-020,candidate_new,,
8057086,kakao:8057086,장구목오름,https://place.map.kakao.com/8057086,spec-020,candidate_new,,
1571581376,kakao:1571581376,신엄리석상,https://place.map.kakao.com/1571581376,spec-020,candidate_new,,
7923624,kakao:7923624,새마을 공덕비,https://place.map.kakao.com/7923624,spec-020,candidate_new,,
8650416,kakao:8650416,고성천,https://place.map.kakao.com/8650416,spec-020,candidate_new,,
8428549,kakao:8428549,안천이오름,https://place.map.kakao.com/8428549,spec-020,candidate_new,,
8118287,kakao:8118287,풍모굴,https://place.map.kakao.com/8118287,spec-020,candidate_new,,
12706380,kakao:12706380,광령지석묘 9호,https://place.map.kakao.com/12706380,spec-020,candidate_new,,
25724118,kakao:25724118,광령천,https://place.map.kakao.com/25724118,spec-020,candidate_new,,
17579197,kakao:17579197,렛츠런파크제주 매직포니,https://place.map.kakao.com/17579197,spec-020,candidate_new,,
17581924,kakao:17581924,제주공룡랜드 토이랜드,https://place.map.kakao.com/17581924,spec-020,candidate_new,,
10154919,kakao:10154919,괴오름,https://place.map.kakao.com/10154919,spec-020,existing_ready,1918950,spec-021:matched_existing
12728582,kakao:12728582,제주 당거리동네 말방아,https://place.map.kakao.com/12728582,spec-020,candidate_new,,
825706779,kakao:825706779,유수암 폭낭,https://place.map.kakao.com/825706779,spec-020,candidate_new,,
17580298,kakao:17580298,렛츠런파크제주 신관람대,https://place.map.kakao.com/17580298,spec-020,candidate_new,,
17089570,kakao:17089570,한라산 샘터,https://place.map.kakao.com/17089570,spec-020,candidate_new,,
10838735,kakao:10838735,한라산 민대가리동산(촛대봉),https://place.map.kakao.com/10838735,spec-020,candidate_new,,
346175174,kakao:346175174,의녀 홍윤애 지묘,https://place.map.kakao.com/346175174,spec-020,candidate_new,,
13725591,kakao:13725591,고성숲길,https://place.map.kakao.com/13725591,spec-020,candidate_new,,
8346948,kakao:8346948,사제비동산약수터,https://place.map.kakao.com/8346948,spec-020,candidate_new,,
1213636755,kakao:1213636755,광령1리 추모공원,https://place.map.kakao.com/1213636755,spec-020,candidate_new,,
26405621,kakao:26405621,한대오름숲길,https://place.map.kakao.com/26405621,spec-020,candidate_new,,
8149799,kakao:8149799,항파두성,https://place.map.kakao.com/8149799,spec-020,candidate_new,,
7920053,kakao:7920053,빈네오름,https://place.map.kakao.com/7920053,spec-020,candidate_new,,
8038106,kakao:8038106,윤남못,https://place.map.kakao.com/8038106,spec-020,candidate_new,,
25497316,kakao:25497316,녹고뫼안트레 안내센터,https://place.map.kakao.com/25497316,spec-020,candidate_new,,
360374444,kakao:360374444,논골물,https://place.map.kakao.com/360374444,spec-020,candidate_new,,
1687982750,kakao:1687982750,렛츠런파크제주 행복마루,https://place.map.kakao.com/1687982750,spec-020,candidate_new,,
1542616197,kakao:1542616197,상귀리 본향당,https://place.map.kakao.com/1542616197,spec-020,candidate_new,,
65456820,kakao:65456820,렛츠런파크제주 해피랜드,https://place.map.kakao.com/65456820,spec-020,candidate_new,,
25263528,kakao:25263528,사재비동산,https://place.map.kakao.com/25263528,spec-020,candidate_new,,
14922691,kakao:14922691,쇠죽은못,https://place.map.kakao.com/14922691,spec-020,candidate_new,,
17576449,kakao:17576449,렛츠런파크제주 자전거트랙,https://place.map.kakao.com/17576449,spec-020,candidate_new,,
39399880,kakao:39399880,금덕무환자나무및팽나무군락,https://place.map.kakao.com/39399880,spec-020,candidate_new,,
17579198,kakao:17579198,렛츠런파크제주 모험랜드,https://place.map.kakao.com/17579198,spec-020,candidate_new,,
25215519,kakao:25215519,동물오름,https://place.map.kakao.com/25215519,spec-020,candidate_new,,
8576933,kakao:8576933,폭낭오름,https://place.map.kakao.com/8576933,spec-020,existing_ready,1918421,spec-021:matched_existing
8679274,kakao:8679274,검은들먹오름,https://place.map.kakao.com/8679274,spec-020,candidate_new,,
17788460,kakao:17788460,다래오름북동쪽,https://place.map.kakao.com/17788460,spec-020,candidate_new,,
17581920,kakao:17581920,렛츠런파크제주 골프고객휴게소,https://place.map.kakao.com/17581920,spec-020,candidate_new,,
18522134,kakao:18522134,숨은물벵듸,https://place.map.kakao.com/18522134,spec-020,candidate_new,,
1650629303,kakao:1650629303,렛츠런파크제주 해피빌,https://place.map.kakao.com/1650629303,spec-020,candidate_new,,
25187565,kakao:25187565,궤미오름,https://place.map.kakao.com/25187565,spec-020,candidate_new,,
10200400,kakao:10200400,김행철선생공덕비,https://place.map.kakao.com/10200400,spec-020,candidate_new,,
17581480,kakao:17581480,렛츠런파크제주 KNets존,https://place.map.kakao.com/17581480,spec-020,candidate_new,,
17576446,kakao:17576446,렛츠런파크제주 담덕의꿈,https://place.map.kakao.com/17576446,spec-020,candidate_new,,
17581922,kakao:17581922,렛츠런파크제주 토끼우리,https://place.map.kakao.com/17581922,spec-020,candidate_new,,
8397355,kakao:8397355,수산천,https://place.map.kakao.com/8397355,spec-020,candidate_new,,
17577086,kakao:17577086,렛츠런파크제주 청동마상,https://place.map.kakao.com/17577086,spec-020,candidate_new,,
901276331,kakao:901276331,장전연못,https://place.map.kakao.com/901276331,spec-020,candidate_new,,
17579199,kakao:17579199,렛츠런파크제주 원형놀이마당,https://place.map.kakao.com/17579199,spec-020,candidate_new,,
17583160,kakao:17583160,렛츠런파크제주 꿈의무대,https://place.map.kakao.com/17583160,spec-020,candidate_new,,
8195061,kakao:8195061,고성천,https://place.map.kakao.com/8195061,spec-020,candidate_new,,
8168831,kakao:8168831,거리못,https://place.map.kakao.com/8168831,spec-020,candidate_new,,
25195576,kakao:25195576,냇새오름,https://place.map.kakao.com/25195576,spec-020,candidate_new,,
8136213,kakao:8136213,하귀지석묘1호,https://place.map.kakao.com/8136213,spec-020,candidate_new,,
12706381,kakao:12706381,광령지석묘 8호,https://place.map.kakao.com/12706381,spec-020,candidate_new,,
25267011,kakao:25267011,살핀오름,https://place.map.kakao.com/25267011,spec-020,candidate_new,,
12706379,kakao:12706379,광령지석묘 7호,https://place.map.kakao.com/12706379,spec-020,candidate_new,,
17576447,kakao:17576447,렛츠런파크제주 상설체험장,https://place.map.kakao.com/17576447,spec-020,candidate_new,,
8057914,kakao:8057914,자랑못,https://place.map.kakao.com/8057914,spec-020,candidate_new,,
12706241,kakao:12706241,광령지석묘 6호,https://place.map.kakao.com/12706241,spec-020,candidate_new,,
25727457,kakao:25727457,소왕천,https://place.map.kakao.com/25727457,spec-020,candidate_new,,
883066284,kakao:883066284,하귀지석묘 2호,https://place.map.kakao.com/883066284,spec-020,candidate_new,,
8195225,kakao:8195225,곡반제단,https://place.map.kakao.com/8195225,spec-020,candidate_new,,
11192672,kakao:11192672,영송누운소나무,https://place.map.kakao.com/11192672,spec-020,candidate_new,,
1457576300,kakao:1457576300,고부이씨 유수암지파묘역,https://place.map.kakao.com/1457576300,spec-020,candidate_new,,
1902186349,kakao:1902186349,광령지석묘 10호,https://place.map.kakao.com/1902186349,spec-020,candidate_new,,
10753236,kakao:10753236,이스렁오름,https://place.map.kakao.com/10753236,spec-020,candidate_new,,
26564427,kakao:26564427,엄장해암길,https://place.map.kakao.com/26564427,spec-020,candidate_new,,
12706229,kakao:12706229,광령지석묘 2호,https://place.map.kakao.com/12706229,spec-020,candidate_new,,
1570050001,kakao:1570050001,소길리석관묘,https://place.map.kakao.com/1570050001,spec-020,candidate_new,,
108974542,kakao:108974542,큰섬지,https://place.map.kakao.com/108974542,spec-020,candidate_new,,
11087693,kakao:11087693,동문,https://place.map.kakao.com/11087693,spec-020,candidate_new,,
15171269,kakao:15171269,한라산 오름샘터,https://place.map.kakao.com/15171269,spec-020,candidate_new,,
25239827,kakao:25239827,민대가리오름,https://place.map.kakao.com/25239827,spec-020,candidate_new,,
12706240,kakao:12706240,광령지석묘 4호,https://place.map.kakao.com/12706240,spec-020,candidate_new,,
25228842,kakao:25228842,망체오름,https://place.map.kakao.com/25228842,spec-020,candidate_new,,
10573955,kakao:10573955,한라산 어스렁오름,https://place.map.kakao.com/10573955,spec-020,candidate_new,,
8659491,kakao:8659491,광령지석묘 1호,https://place.map.kakao.com/8659491,spec-020,candidate_new,,
13725660,kakao:13725660,수산밭길,https://place.map.kakao.com/13725660,spec-020,candidate_new,,
8227174,kakao:8227174,광령지석묘 5호,https://place.map.kakao.com/8227174,spec-020,candidate_new,,
8227950,kakao:8227950,노카짓도,https://place.map.kakao.com/8227950,spec-020,candidate_new,,
7841809,kakao:7841809,동마루고개,https://place.map.kakao.com/7841809,spec-020,candidate_new,,
8248693,kakao:8248693,남문,https://place.map.kakao.com/8248693,spec-020,candidate_new,,
7999061,kakao:7999061,열녀비,https://place.map.kakao.com/7999061,spec-020,candidate_new,,
8116723,kakao:8116723,충헌비,https://place.map.kakao.com/8116723,spec-020,candidate_new,,
8098545,kakao:8098545,축성공덕비,https://place.map.kakao.com/8098545,spec-020,candidate_new,,
7938305,kakao:7938305,서문,https://place.map.kakao.com/7938305,spec-020,candidate_new,,
8702143,kakao:8702143,광령지석묘 3호,https://place.map.kakao.com/8702143,spec-020,candidate_new,,
11016811,kakao:11016811,기생고개,https://place.map.kakao.com/11016811,spec-020,candidate_new,,
8096359,kakao:8096359,충효렬비,https://place.map.kakao.com/8096359,spec-020,candidate_new,,
8116898,kakao:8116898,충혼비,https://place.map.kakao.com/8116898,spec-020,candidate_new,,
8245604,kakao:8245604,내성,https://place.map.kakao.com/8245604,spec-020,candidate_new,,
8709859,kakao:8709859,공덕비,https://place.map.kakao.com/8709859,spec-020,candidate_new,,
8148898,kakao:8148898,항거순의비,https://place.map.kakao.com/8148898,spec-020,candidate_new,,
8190340,kakao:8190340,구류굴,https://place.map.kakao.com/8190340,spec-020,candidate_new,,
346112176,kakao:346112176,마이못,https://place.map.kakao.com/346112176,spec-020,candidate_new,,
8513067,kakao:8513067,조부연대,https://place.map.kakao.com/8513067,spec-020,candidate_new,,
7899493,kakao:7899493,보호수,https://place.map.kakao.com/7899493,spec-020,candidate_new,,
862577451,kakao:862577451,가막샘,https://place.map.kakao.com/862577451,spec-020,candidate_new,,
8360173,kakao:8360173,망루대,https://place.map.kakao.com/8360173,spec-020,candidate_new,,
7954763,kakao:7954763,송덕비,https://place.map.kakao.com/7954763,spec-020,candidate_new,,
7975628,kakao:7975628,신동문선생송덕비,https://place.map.kakao.com/7975628,spec-020,candidate_new,,
8578079,kakao:8578079,추모비,https://place.map.kakao.com/8578079,spec-020,candidate_new,,
957305576,kakao:957305576,관광지순환버스,https://place.map.kakao.com/957305576,spec-020,candidate_new,,
7912085,kakao:7912085,비자림,https://place.map.kakao.com/7912085,spec-020,existing_ready,126472,spec-021:terra-same-place
7863269,kakao:7863269,만장굴,https://place.map.kakao.com/7863269,spec-020,existing_ready,126452,spec-021:matched_existing
25023085,kakao:25023085,김녕해수욕장,https://place.map.kakao.com/25023085,spec-020,existing_ready,129400,spec-021:terra-same-place
259569525,kakao:259569525,제주동화마을,https://place.map.kakao.com/259569525,spec-020,existing_ready,3371999|4026831,spec-021:matched_existing
18502107,kakao:18502107,올레길 21코스,https://place.map.kakao.com/18502107,spec-020,candidate_new,,
17600274,kakao:17600274,월정리해수욕장,https://place.map.kakao.com/17600274,spec-020,existing_ready,1918639,spec-021:matched_existing
7964223,kakao:7964223,세화해변,https://place.map.kakao.com/7964223,spec-020,existing_ready,1621077,spec-021:matched_existing
852041742,kakao:852041742,스누피가든,https://place.map.kakao.com/852041742,spec-020,existing_ready,2714222,spec-021:matched_existing
17605888,kakao:17605888,올레길 20코스(김녕-하도 올레),https://place.map.kakao.com/17605888,spec-020,existing_ready,1840882,spec-021:terra-same-place
994758455,kakao:994758455,행원해변,https://place.map.kakao.com/994758455,spec-020,existing_ready,2837222,spec-021:final-same-place
10626439,kakao:10626439,용눈이오름,https://place.map.kakao.com/10626439,spec-020,existing_ready,572960,spec-021:matched_existing
21777957,kakao:21777957,제주레일바이크,https://place.map.kakao.com/21777957,spec-020,existing_ready,2705373,spec-021:matched_existing
17110921,kakao:17110921,김녕미로공원,https://place.map.kakao.com/17110921,spec-020,existing_ready,127046,spec-021:matched_existing
25200772,kakao:25200772,다랑쉬오름,https://place.map.kakao.com/25200772,spec-020,existing_ready,577461,spec-021:matched_existing
82389937,kakao:82389937,비밀의숲,https://place.map.kakao.com/82389937,spec-020,existing_ready,2779449,spec-021:matched_existing
13095815,kakao:13095815,메이즈랜드,https://place.map.kakao.com/13095815,spec-020,existing_ready,1329201,spec-021:matched_existing
10599658,kakao:10599658,아부오름,https://place.map.kakao.com/10599658,spec-020,existing_ready,1351320,spec-021:matched_existing
1950858245,kakao:1950858245,세기알해변,https://place.map.kakao.com/1950858245,spec-020,existing_ready,3097814,spec-021:matched_existing
1128906047,kakao:1128906047,김녕바닷길,https://place.map.kakao.com/1128906047,spec-020,candidate_new,,
17754603,kakao:17754603,청굴물,https://place.map.kakao.com/17754603,spec-020,existing_ready,2863615,spec-021:terra-same-place
11340501,kakao:11340501,하도해변,https://place.map.kakao.com/11340501,spec-020,existing_ready,2704435,spec-021:matched_existing
8428406,kakao:8428406,안돌오름,https://place.map.kakao.com/8428406,spec-020,existing_ready,2724387,spec-021:matched_existing
10375099,kakao:10375099,별방진,https://place.map.kakao.com/10375099,spec-020,existing_ready,128796,spec-021:matched_existing
27192641,kakao:27192641,만장굴입구매표소,https://place.map.kakao.com/27192641,spec-020,candidate_new,,
17600314,kakao:17600314,평대리해수욕장,https://place.map.kakao.com/17600314,spec-020,existing_ready,2723555,spec-021:terra-same-place
10773441,kakao:10773441,지미봉,https://place.map.kakao.com/10773441,spec-020,existing_ready,1918413,spec-021:matched_existing
25303334,kakao:25303334,아끈다랑쉬오름,https://place.map.kakao.com/25303334,spec-020,existing_ready,2740133,spec-021:matched_existing
18502101,kakao:18502101,종달리해변,https://place.map.kakao.com/18502101,spec-020,existing_ready,2779457,spec-021:matched_existing
12706219,kakao:12706219,종달리해안도로,https://place.map.kakao.com/12706219,spec-020,existing_ready,2602741,spec-021:matched_existing
1365381,kakao:1365381,오저여,https://place.map.kakao.com/1365381,spec-020,existing_ready,3071816,spec-021:matched_existing
1060814722,kakao:1060814722,종달리수국길,https://place.map.kakao.com/1060814722,spec-020,existing_ready,2779454,spec-021:matched_existing
8494697,kakao:8494697,안친오름,https://place.map.kakao.com/8494697,spec-020,existing_ready,4063885,spec-021:matched_existing
27583373,kakao:27583373,월정리카페거리,https://place.map.kakao.com/27583373,spec-020,candidate_new,,
579272394,kakao:579272394,송당무끈모루,https://place.map.kakao.com/579272394,spec-020,existing_ready,2836910,spec-021:matched_existing
24325332,kakao:24325332,김녕성세기해변 인증센터,https://place.map.kakao.com/24325332,spec-020,candidate_new,,
260054074,kakao:260054074,제주올레21코스 공식안내소,https://place.map.kakao.com/260054074,spec-020,candidate_new,,
25730211,kakao:25730211,천미천,https://place.map.kakao.com/25730211,spec-020,candidate_new,,
8174706,kakao:8174706,거슨세미오름,https://place.map.kakao.com/8174706,spec-020,existing_ready,1918646,spec-021:terra-same-place
12658130,kakao:12658130,용천동굴,https://place.map.kakao.com/12658130,spec-020,candidate_new,,
7814539,kakao:7814539,당오름,https://place.map.kakao.com/7814539,spec-020,candidate_new,,
25069292,kakao:25069292,제주 종달리전망대,https://place.map.kakao.com/25069292,spec-020,candidate_new,,
852336814,kakao:852336814,다랑쉬굴,https://place.map.kakao.com/852336814,spec-020,candidate_new,,
26917460,kakao:26917460,김녕금속공예벽화마을,https://place.map.kakao.com/26917460,spec-020,candidate_new,,
25199090,kakao:25199090,높은오름,https://place.map.kakao.com/25199090,spec-020,existing_ready,1965800,spec-021:matched_existing
11700415,kakao:11700415,하도리철새도래지,https://place.map.kakao.com/11700415,spec-020,existing_ready,660972,spec-021:terra-same-place
12747492,kakao:12747492,송당본향당,https://place.map.kakao.com/12747492,spec-020,candidate_new,,
832267635,kakao:832267635,월정리해안도로,https://place.map.kakao.com/832267635,spec-020,existing_ready,2738701,spec-021:matched_existing
17788818,kakao:17788818,돝오름,https://place.map.kakao.com/17788818,spec-020,candidate_new,,
11016572,kakao:11016572,김녕오조해안도로,https://place.map.kakao.com/11016572,spec-020,candidate_new,,
8107618,kakao:8107618,토끼섬,https://place.map.kakao.com/8107618,spec-020,candidate_new,,
25214418,kakao:25214418,동검은이오름,https://place.map.kakao.com/25214418,spec-020,existing_ready,1890177,spec-021:matched_existing
1450954629,kakao:1450954629,오름정원,https://place.map.kakao.com/1450954629,spec-020,candidate_new,,
904237401,kakao:904237401,비자림로삼나무숲,https://place.map.kakao.com/904237401,spec-020,candidate_new,,
21204137,kakao:21204137,제주 이승만별장 귀빈사,https://place.map.kakao.com/21204137,spec-020,candidate_new,,
17754594,kakao:17754594,김녕리도대불,https://place.map.kakao.com/17754594,spec-020,candidate_new,,
1046761895,kakao:1046761895,해녀불턱,https://place.map.kakao.com/1046761895,spec-020,candidate_new,,
1327492050,kakao:1327492050,4.3사건희생자 위령탑,https://place.map.kakao.com/1327492050,spec-020,candidate_new,,
10898342,kakao:10898342,토끼섬 문주란자생지,https://place.map.kakao.com/10898342,spec-020,existing_ready,126445,spec-021:matched_existing
12736195,kakao:12736195,동복 환해장성,https://place.map.kakao.com/12736195,spec-020,candidate_new,,
8194588,kakao:8194588,김녕굴,https://place.map.kakao.com/8194588,spec-020,candidate_new,,
12736207,kakao:12736207,한동환해장성,https://place.map.kakao.com/12736207,spec-020,candidate_new,,
10328462,kakao:10328462,묘산봉,https://place.map.kakao.com/10328462,spec-020,candidate_new,,
861687870,kakao:861687870,송당곶자왈,https://place.map.kakao.com/861687870,spec-020,candidate_new,,
832134784,kakao:832134784,탕탕물,https://place.map.kakao.com/832134784,spec-020,candidate_new,,
17754599,kakao:17754599,덩개해안,https://place.map.kakao.com/17754599,spec-020,candidate_new,,
964186769,kakao:964186769,고망난돌,https://place.map.kakao.com/964186769,spec-020,candidate_new,,
7896521,kakao:7896521,밧돌오름,https://place.map.kakao.com/7896521,spec-020,candidate_new,,
7860733,kakao:7860733,둔지봉,https://place.map.kakao.com/7860733,spec-020,existing_ready,1933208,spec-021:matched_existing
2068346136,kakao:2068346136,동복방파제,https://place.map.kakao.com/2068346136,spec-020,candidate_new,,
7959260,kakao:7959260,손자봉,https://place.map.kakao.com/7959260,spec-020,candidate_new,,
17600241,kakao:17600241,김녕해안길,https://place.map.kakao.com/17600241,spec-020,candidate_new,,
8108149,kakao:8108149,철새 천연기념물 희귀새도래및철새서식지,https://place.map.kakao.com/8108149,spec-020,candidate_new,,
8316763,kakao:8316763,민오름,https://place.map.kakao.com/8316763,spec-020,candidate_new,,
7951103,kakao:7951103,성불오름,https://place.map.kakao.com/7951103,spec-020,existing_ready,2704232,spec-021:final-same-place
8233946,kakao:8233946,동복관광체험어장,https://place.map.kakao.com/8233946,spec-020,candidate_new,,
1248004584,kakao:1248004584,잃어버린 마을 다랑쉬마을,https://place.map.kakao.com/1248004584,spec-020,candidate_new,,
246072041,kakao:246072041,손지오름,https://place.map.kakao.com/246072041,spec-020,existing_ready,1945394,spec-021:matched_existing
12706179,kakao:12706179,표선~세화해안도로,https://place.map.kakao.com/12706179,spec-020,existing_ready,2704452|2791450,spec-021:final-same-place|spec-021:terra-same-place
12736231,kakao:12736231,행원환해장성,https://place.map.kakao.com/12736231,spec-020,candidate_new,,
26802543,kakao:26802543,솔트리감성수목원,https://place.map.kakao.com/26802543,spec-020,candidate_new,,
25343635,kakao:25343635,입산봉,https://place.map.kakao.com/25343635,spec-020,candidate_new,,
1622318577,kakao:1622318577,김녕리 서문 하르방당,https://place.map.kakao.com/1622318577,spec-020,candidate_new,,
7912662,kakao:7912662,북오름,https://place.map.kakao.com/7912662,spec-020,candidate_new,,
1919331701,kakao:1919331701,월정환해장성,https://place.map.kakao.com/1919331701,spec-020,candidate_new,,
25237382,kakao:25237382,문석이오름,https://place.map.kakao.com/25237382,spec-020,candidate_new,,
18161834,kakao:18161834,만장굴 안내소,https://place.map.kakao.com/18161834,spec-020,candidate_new,,
763945645,kakao:763945645,무끈모루숲,https://place.map.kakao.com/763945645,spec-020,candidate_new,,
7878622,kakao:7878622,목지섬,https://place.map.kakao.com/7878622,spec-020,candidate_new,,
406989661,kakao:406989661,종달리생개납돈짓당,https://place.map.kakao.com/406989661,spec-020,candidate_new,,
19386786,kakao:19386786,제주해녀 항일운동기념공원 제주해녀항일운동기념탑,https://place.map.kakao.com/19386786,spec-020,existing_ready,1621118,spec-021:terra-same-place
8379747,kakao:8379747,비치미오름,https://place.map.kakao.com/8379747,spec-020,candidate_new,,
7815059,kakao:7815059,당처물동굴,https://place.map.kakao.com/7815059,spec-020,candidate_new,,
18467792,kakao:18467792,각시당,https://place.map.kakao.com/18467792,spec-020,candidate_new,,
928082168,kakao:928082168,스누피가든 찰리브라운의 야구잔디광장,https://place.map.kakao.com/928082168,spec-020,candidate_new,,
8071141,kakao:8071141,중동굴,https://place.map.kakao.com/8071141,spec-020,candidate_new,,
13725576,kakao:13725576,종달리옛소금밭,https://place.map.kakao.com/13725576,spec-020,candidate_new,,
912688071,kakao:912688071,녹산폭포,https://place.map.kakao.com/912688071,spec-020,candidate_new,,
1888661141,kakao:1888661141,모산이연못,https://place.map.kakao.com/1888661141,spec-020,candidate_new,,
1258027990,kakao:1258027990,도깨동산,https://place.map.kakao.com/1258027990,spec-020,candidate_new,,
1770131464,kakao:1770131464,송당저수지,https://place.map.kakao.com/1770131464,spec-020,candidate_new,,
17638607,kakao:17638607,월정모살길,https://place.map.kakao.com/17638607,spec-020,candidate_new,,
1508703830,kakao:1508703830,헤이파크,https://place.map.kakao.com/1508703830,spec-020,candidate_new,,
10327022,kakao:10327022,묘산봉관광단지,https://place.map.kakao.com/10327022,spec-020,candidate_new,,
18502098,kakao:18502098,종달리해변쉼터,https://place.map.kakao.com/18502098,spec-020,candidate_new,,
8422867,kakao:8422867,어대오름,https://place.map.kakao.com/8422867,spec-020,candidate_new,,
503324529,kakao:503324529,도예시선,https://place.map.kakao.com/503324529,spec-020,candidate_new,,
25173826,kakao:25173826,거친오름,https://place.map.kakao.com/25173826,spec-020,candidate_new,,
45043379,kakao:45043379,갯것할망당,https://place.map.kakao.com/45043379,spec-020,candidate_new,,
182065323,kakao:182065323,대한민국 관광도로 제주구좌숨비해안로,https://place.map.kakao.com/182065323,spec-020,candidate_new,,
629812388,kakao:629812388,숨비소리길,https://place.map.kakao.com/629812388,spec-020,candidate_new,,
17475343,kakao:17475343,월랑봉,https://place.map.kakao.com/17475343,spec-020,candidate_new,,
11700417,kakao:11700417,하도철새탐조대,https://place.map.kakao.com/11700417,spec-020,candidate_new,,
17592659,kakao:17592659,궤네기동굴,https://place.map.kakao.com/17592659,spec-020,candidate_new,,
8037603,kakao:8037603,은다리오름,https://place.map.kakao.com/8037603,spec-020,candidate_new,,
1570552545,kakao:1570552545,평대환해장성,https://place.map.kakao.com/1570552545,spec-020,candidate_new,,
8109737,kakao:8109737,가메옥,https://place.map.kakao.com/8109737,spec-020,candidate_new,,
1246199,kakao:1246199,광해군 기착비,https://place.map.kakao.com/1246199,spec-020,candidate_new,,
8516270,kakao:8516270,종달구좌해안도로,https://place.map.kakao.com/8516270,spec-020,candidate_new,,
23120023,kakao:23120023,동복리 4.3사건희생자 위령탑,https://place.map.kakao.com/23120023,spec-020,candidate_new,,
1570343912,kakao:1570343912,하도환해장성,https://place.map.kakao.com/1570343912,spec-020,candidate_new,,
760494494,kakao:760494494,팔자좋아길,https://place.map.kakao.com/760494494,spec-020,candidate_new,,
850727521,kakao:850727521,공간정원,https://place.map.kakao.com/850727521,spec-020,candidate_new,,
18467806,kakao:18467806,별방밭길,https://place.map.kakao.com/18467806,spec-020,candidate_new,,
8520293,kakao:8520293,종제기오름,https://place.map.kakao.com/8520293,spec-020,candidate_new,,
1663830737,kakao:1663830737,엉불턱 우도전망대,https://place.map.kakao.com/1663830737,spec-020,candidate_new,,
7860041,kakao:7860041,뒤굽은이오름,https://place.map.kakao.com/7860041,spec-020,existing_ready,1890872,spec-021:matched_existing
17592655,kakao:17592655,개웃샘물,https://place.map.kakao.com/17592655,spec-020,candidate_new,,
8094829,kakao:8094829,체오름,https://place.map.kakao.com/8094829,spec-020,candidate_new,,
26975258,kakao:26975258,행원연대봉,https://place.map.kakao.com/26975258,spec-020,candidate_new,,
7898811,kakao:7898811,부공시흥망념비,https://place.map.kakao.com/7898811,spec-020,candidate_new,,
7917833,kakao:7917833,비자림로,https://place.map.kakao.com/7917833,spec-020,candidate_new,,
1464644130,kakao:1464644130,마이시크릿포레스트,https://place.map.kakao.com/1464644130,spec-020,candidate_new,,
8109975,kakao:8109975,파크써던랜드 (폐장),https://place.map.kakao.com/8109975,spec-020,candidate_new,,
1223458686,kakao:1223458686,잃어버린 마을 장기동,https://place.map.kakao.com/1223458686,spec-020,candidate_new,,
1016140464,kakao:1016140464,김녕불턱,https://place.map.kakao.com/1016140464,spec-020,candidate_new,,
8194279,kakao:8194279,괭이모루,https://place.map.kakao.com/8194279,spec-020,candidate_new,,
10793634,kakao:10793634,좌가연대,https://place.map.kakao.com/10793634,spec-020,candidate_new,,
229404879,kakao:229404879,궤살메,https://place.map.kakao.com/229404879,spec-020,candidate_new,,
10795108,kakao:10795108,종달연대,https://place.map.kakao.com/10795108,spec-020,candidate_new,,
1572219787,kakao:1572219787,금용사 우물,https://place.map.kakao.com/1572219787,spec-020,candidate_new,,
23182021,kakao:23182021,용목개와당,https://place.map.kakao.com/23182021,spec-020,candidate_new,,
1441127403,kakao:1441127403,종달리 돈지할망당,https://place.map.kakao.com/1441127403,spec-020,candidate_new,,
246058408,kakao:246058408,선족이오름,https://place.map.kakao.com/246058408,spec-020,candidate_new,,
11153172,kakao:11153172,주체오름,https://place.map.kakao.com/11153172,spec-020,candidate_new,,
7890357,kakao:7890357,배생굴,https://place.map.kakao.com/7890357,spec-020,candidate_new,,
18467834,kakao:18467834,지미봉밭길,https://place.map.kakao.com/18467834,spec-020,candidate_new,,
11064668,kakao:11064668,벌러진동산,https://place.map.kakao.com/11064668,spec-020,candidate_new,,
1452240825,kakao:1452240825,월정리 어촌해양관광센터,https://place.map.kakao.com/1452240825,spec-020,candidate_new,,
17600283,kakao:17600283,쑥동산,https://place.map.kakao.com/17600283,spec-020,candidate_new,,
11280954,kakao:11280954,거먹남굴,https://place.map.kakao.com/11280954,spec-020,candidate_new,,
12711102,kakao:12711102,김녕리묘산봉 광산김씨방묘,https://place.map.kakao.com/12711102,spec-020,candidate_new,,
1520298515,kakao:1520298515,평대옛길,https://place.map.kakao.com/1520298515,spec-020,candidate_new,,
524931223,kakao:524931223,벳바른불턱,https://place.map.kakao.com/524931223,spec-020,candidate_new,,
8060120,kakao:8060120,족은돌이미,https://place.map.kakao.com/8060120,spec-020,candidate_new,,
10648881,kakao:10648881,영동물고개,https://place.map.kakao.com/10648881,spec-020,candidate_new,,
17638576,kakao:17638576,성세기태역길,https://place.map.kakao.com/17638576,spec-020,candidate_new,,
18467800,kakao:18467800,낯물밭길,https://place.map.kakao.com/18467800,spec-020,candidate_new,,
7823928,kakao:7823928,대물동산,https://place.map.kakao.com/7823928,spec-020,candidate_new,,
241150751,kakao:241150751,사근이오름,https://place.map.kakao.com/241150751,spec-020,candidate_new,,
1115609750,kakao:1115609750,에이스수목원,https://place.map.kakao.com/1115609750,spec-020,candidate_new,,
8035621,kakao:8035621,육군중사 문재걸위령비,https://place.map.kakao.com/8035621,spec-020,candidate_new,,
18467819,kakao:18467819,연대동산,https://place.map.kakao.com/18467819,spec-020,candidate_new,,
25213746,kakao:25213746,돌리미오름,https://place.map.kakao.com/25213746,spec-020,candidate_new,,
1258026507,kakao:1258026507,평대리불턱,https://place.map.kakao.com/1258026507,spec-020,candidate_new,,
470568805,kakao:470568805,자연예찬농원,https://place.map.kakao.com/470568805,spec-020,candidate_new,,
46397141,kakao:46397141,대숲,https://place.map.kakao.com/46397141,spec-020,candidate_new,,
1224175601,kakao:1224175601,연두망,https://place.map.kakao.com/1224175601,spec-020,candidate_new,,
8057938,kakao:8057938,작치도,https://place.map.kakao.com/8057938,spec-020,candidate_new,,
18467816,kakao:18467816,알찡물,https://place.map.kakao.com/18467816,spec-020,candidate_new,,
8586993,kakao:8586993,칡오름,https://place.map.kakao.com/8586993,spec-020,candidate_new,,
10922194,kakao:10922194,한여도,https://place.map.kakao.com/10922194,spec-020,candidate_new,,
8676274,kakao:8676274,감은이오름,https://place.map.kakao.com/8676274,spec-020,candidate_new,,
1489761395,kakao:1489761395,동복리4.3사건희생자쉼터,https://place.map.kakao.com/1489761395,spec-020,candidate_new,,
25340091,kakao:25340091,은월봉,https://place.map.kakao.com/25340091,spec-020,candidate_new,,
24351055,kakao:24351055,람지쉼터,https://place.map.kakao.com/24351055,spec-020,candidate_new,,
2076178877,kakao:2076178877,당처물동굴 뒷길,https://place.map.kakao.com/2076178877,spec-020,candidate_new,,
8162116,kakao:8162116,효자비,https://place.map.kakao.com/8162116,spec-020,candidate_new,,
11042684,kakao:11042684,갑오탑,https://place.map.kakao.com/11042684,spec-020,candidate_new,,
8235704,kakao:8235704,공적비,https://place.map.kakao.com/8235704,spec-020,candidate_new,,
246117334,kakao:246117334,멀세운동산,https://place.map.kakao.com/246117334,spec-020,candidate_new,,
7997531,kakao:7997531,양외못,https://place.map.kakao.com/7997531,spec-020,candidate_new,,
10814650,kakao:10814650,큰돌이미,https://place.map.kakao.com/10814650,spec-020,existing_ready,1899959,spec-021:final-same-place
420675006,kakao:420675006,솔숲,https://place.map.kakao.com/420675006,spec-020,candidate_new,,
7937664,kakao:7937664,서수모루,https://place.map.kakao.com/7937664,spec-020,candidate_new,,
17638638,kakao:17638638,월정마을안길,https://place.map.kakao.com/17638638,spec-020,candidate_new,,
7912287,kakao:7912287,식은이오름,https://place.map.kakao.com/7912287,spec-020,candidate_new,,
246141812,kakao:246141812,메인동산,https://place.map.kakao.com/246141812,spec-020,candidate_new,,
246120105,kakao:246120105,한두술동산,https://place.map.kakao.com/246120105,spec-020,candidate_new,,
8026958,kakao:8026958,웃선족이오름,https://place.map.kakao.com/8026958,spec-020,candidate_new,,
11289159,kakao:11289159,흘림물고개,https://place.map.kakao.com/11289159,spec-020,candidate_new,,
7957751,kakao:7957751,소여도,https://place.map.kakao.com/7957751,spec-020,candidate_new,,
7997933,kakao:7997933,알선족이오름,https://place.map.kakao.com/7997933,spec-020,candidate_new,,
8052848,kakao:8052848,장삿밭동산,https://place.map.kakao.com/8052848,spec-020,candidate_new,,
8498243,kakao:8498243,연두봉봉화대,https://place.map.kakao.com/8498243,spec-020,candidate_new,,
167086702,kakao:167086702,행원동문숲길,https://place.map.kakao.com/167086702,spec-020,candidate_new,,
8001853,kakao:8001853,열녀비,https://place.map.kakao.com/8001853,spec-020,candidate_new,,
7977242,kakao:7977242,신주동반회기념비,https://place.map.kakao.com/7977242,spec-020,candidate_new,,
10157838,kakao:10157838,공덕비,https://place.map.kakao.com/10157838,spec-020,candidate_new,,
8186276,kakao:8186276,공덕비,https://place.map.kakao.com/8186276,spec-020,candidate_new,,
8184159,kakao:8184159,효자비,https://place.map.kakao.com/8184159,spec-020,candidate_new,,
10626234,kakao:10626234,올레길 1코스(시흥-광치기 올레),https://place.map.kakao.com/10626234,spec-020,existing_ready,1839451,spec-021:terra-same-place
10289213,kakao:10289213,두산봉,https://place.map.kakao.com/10289213,spec-020,existing_ready,3057219,spec-021:matched_existing
13723429,kakao:13723429,제주올레1코스 공식안내소,https://place.map.kakao.com/13723429,spec-020,candidate_new,,
246107756,kakao:246107756,말산메,https://place.map.kakao.com/246107756,spec-020,candidate_new,,
814511654,kakao:814511654,시흥초등학교 제주올레1코스 표지석,https://place.map.kakao.com/814511654,spec-020,candidate_new,,
7912384,kakao:7912384,우도산호해변,https://place.map.kakao.com/7912384,spec-020,candidate_new,,
12753467,kakao:12753467,올레길 2코스(광치기-온평 올레),https://place.map.kakao.com/12753467,spec-020,existing_ready,1839477,spec-021:terra-same-place
1211858128,kakao:1211858128,짱구네유채꽃밭,https://place.map.kakao.com/1211858128,spec-020,existing_ready,2851320,spec-021:matched_existing
25206398,kakao:25206398,대왕산,https://place.map.kakao.com/25206398,spec-020,candidate_new,,
7959730,kakao:7959730,소왕산,https://place.map.kakao.com/7959730,spec-020,candidate_new,,
8025182,kakao:8025182,우도,https://place.map.kakao.com/8025182,spec-020,existing_ready,127336,spec-021:terra-same-place
13725575,kakao:13725575,쇠물통,https://place.map.kakao.com/13725575,spec-020,candidate_new,,
25297842,kakao:25297842,식산봉,https://place.map.kakao.com/25297842,spec-020,candidate_new,,
2004162974,kakao:2004162974,현애원,https://place.map.kakao.com/2004162974,spec-020,existing_ready,3317905,spec-021:matched_existing
24325323,kakao:24325323,성산일출봉 인증센터,https://place.map.kakao.com/24325323,spec-020,candidate_new,,
8000996,kakao:8000996,영등하루방,https://place.map.kakao.com/8000996,spec-020,candidate_new,,
12705898,kakao:12705898,오소포연대,https://place.map.kakao.com/12705898,spec-020,candidate_new,,
480417904,kakao:480417904,우도정원,https://place.map.kakao.com/480417904,spec-020,candidate_new,,
8132634,kakao:8132634,하고수동해변,https://place.map.kakao.com/8132634,spec-020,existing_ready,591798,spec-021:matched_existing
13723527,kakao:13723527,홍조단괴해빈,https://place.map.kakao.com/13723527,spec-020,candidate_new,,
1583020690,kakao:1583020690,부종인묘비,https://place.map.kakao.com/1583020690,spec-020,candidate_new,,
12736226,kakao:12736226,수산진성,https://place.map.kakao.com/12736226,spec-020,candidate_new,,
12629873,kakao:12629873,남제주억새오름길,https://place.map.kakao.com/12629873,spec-020,candidate_new,,
12765590,kakao:12765590,수산본향당,https://place.map.kakao.com/12765590,spec-020,candidate_new,,
1183980997,kakao:1183980997,병문동산 4.3성,https://place.map.kakao.com/1183980997,spec-020,candidate_new,,
10251955,kakao:10251955,답다니탑망대,https://place.map.kakao.com/10251955,spec-020,existing_ready,2767790,spec-021:matched_existing
8244638,kakao:8244638,누루못굴,https://place.map.kakao.com/8244638,spec-020,candidate_new,,
13723600,kakao:13723600,오조리성터,https://place.map.kakao.com/13723600,spec-020,candidate_new,,
8184158,kakao:8184158,효자비,https://place.map.kakao.com/8184158,spec-020,candidate_new,,
140566378,kakao:140566378,일출봉유채밭,https://place.map.kakao.com/140566378,spec-020,existing_ready,3081317,spec-021:matched_existing
1223398874,kakao:1223398874,4.3희생자 차두옥 위령비,https://place.map.kakao.com/1223398874,spec-020,candidate_new,,
1183928164,kakao:1183928164,서북청년회 주둔지·성산동국민학교 옛터,https://place.map.kakao.com/1183928164,spec-020,candidate_new,,
54147727,kakao:54147727,이생진시비거리,https://place.map.kakao.com/54147727,spec-020,existing_ready,4054639,spec-021:matched_existing
492202244,kakao:492202244,우도해양관광,https://place.map.kakao.com/492202244,spec-020,candidate_new,,
8215747,kakao:8215747,구렁이굴,https://place.map.kakao.com/8215747,spec-020,candidate_new,,
13723536,kakao:13723536,산물통,https://place.map.kakao.com/13723536,spec-020,candidate_new,,
25214070,kakao:25214070,돌산,https://place.map.kakao.com/25214070,spec-020,candidate_new,,
1318627003,kakao:1318627003,성산포항 제주관광안내센터,https://place.map.kakao.com/1318627003,spec-020,candidate_new,,
8226104,kakao:8226104,구현비,https://place.map.kakao.com/8226104,spec-020,candidate_new,,
1615407701,kakao:1615407701,옛 정의현성,https://place.map.kakao.com/1615407701,spec-020,candidate_new,,
13723595,kakao:13723595,내수면둑방길,https://place.map.kakao.com/13723595,spec-020,candidate_new,,
25034428,kakao:25034428,돌미오름,https://place.map.kakao.com/25034428,spec-020,candidate_new,,
8020109,kakao:8020109,우도해녀항일기념비,https://place.map.kakao.com/8020109,spec-020,candidate_new,,
8231786,kakao:8231786,낭끼오름,https://place.map.kakao.com/8231786,spec-020,candidate_new,,
13723517,kakao:13723517,쇠물통언덕,https://place.map.kakao.com/13723517,spec-020,candidate_new,,
279324125,kakao:279324125,하고수동 방사탑,https://place.map.kakao.com/279324125,spec-020,candidate_new,,
17531439,kakao:17531439,7181감귤농원,https://place.map.kakao.com/17531439,spec-020,candidate_new,,
13725586,kakao:13725586,고성윗마을 갈림길,https://place.map.kakao.com/13725586,spec-020,candidate_new,,
13723483,kakao:13723483,성산마을제단,https://place.map.kakao.com/13723483,spec-020,candidate_new,,
1231567746,kakao:1231567746,동남상가거리,https://place.map.kakao.com/1231567746,spec-020,candidate_new,,
10834738,kakao:10834738,충혼묘비,https://place.map.kakao.com/10834738,spec-020,candidate_new,,
1844628823,kakao:1844628823,루프탑라운지 스카이라군,https://place.map.kakao.com/1844628823,spec-020,candidate_new,,
8206578,kakao:8206578,김인선선생오봉애여사공덕비,https://place.map.kakao.com/8206578,spec-020,candidate_new,,
25192869,kakao:25192869,남거니오름,https://place.map.kakao.com/25192869,spec-020,candidate_new,,
8210291,kakao:8210291,남거산,https://place.map.kakao.com/8210291,spec-020,candidate_new,,
8148451,kakao:8148451,함덕해수욕장,https://place.map.kakao.com/8148451,spec-020,existing_ready,126451,spec-021:matched_existing
14617417,kakao:14617417,올레길 19코스(조천-김녕 올레),https://place.map.kakao.com/14617417,spec-020,existing_ready,1840837,spec-021:terra-same-place
26319779,kakao:26319779,사려니숲길,https://place.map.kakao.com/26319779,spec-020,existing_ready,2414827,spec-021:final-same-place
13322621,kakao:13322621,제주돌문화공원,https://place.map.kakao.com/13322621,spec-020,existing_ready,1544730,spec-021:matched_existing
17184223,kakao:17184223,에코랜드 테마파크,https://place.map.kakao.com/17184223,spec-020,existing_ready,1146121,spec-021:terra-same-place
21348535,kakao:21348535,산굼부리,https://place.map.kakao.com/21348535,spec-020,existing_ready,126474,spec-021:matched_existing
21627106,kakao:21627106,한라산국립공원 성판악탐방로,https://place.map.kakao.com/21627106,spec-020,candidate_new,,
25280784,kakao:25280784,서우봉,https://place.map.kakao.com/25280784,spec-020,candidate_new,,
12501734,kakao:12501734,선녀와나무꾼 테마공원,https://place.map.kakao.com/12501734,spec-020,existing_ready,598187,spec-021:terra-same-place
11714326,kakao:11714326,제주도 카트 제주레포츠랜드,https://place.map.kakao.com/11714326,spec-020,existing_ready,2522221,spec-021:matched_existing
18489468,kakao:18489468,거문오름,https://place.map.kakao.com/18489468,spec-020,existing_ready,636266,spec-021:matched_existing
26625268,kakao:26625268,교래자연휴양림,https://place.map.kakao.com/26625268,spec-020,existing_ready,2763739,spec-021:matched_existing
11739827,kakao:11739827,닭머르,https://place.map.kakao.com/11739827,spec-020,candidate_new,,
21025450,kakao:21025450,한라산 성판악탐방안내소,https://place.map.kakao.com/21025450,spec-020,candidate_new,,
921324600,kakao:921324600,서프라이즈테마파크,https://place.map.kakao.com/921324600,spec-020,existing_ready,2633955,spec-021:matched_existing
8335690,kakao:8335690,동백동산,https://place.map.kakao.com/8335690,spec-020,candidate_new,,
26564431,kakao:26564431,닭머르해안길 1코스,https://place.map.kakao.com/26564431,spec-020,existing_ready,2652545,spec-021:matched_existing
14760896,kakao:14760896,삼다수숲길,https://place.map.kakao.com/14760896,spec-020,existing_ready,2746268,spec-021:matched_existing
8064706,kakao:8064706,조천만세동산,https://place.map.kakao.com/8064706,spec-020,existing_ready,3057244,spec-021:matched_existing
1315762161,kakao:1315762161,새미동산,https://place.map.kakao.com/1315762161,spec-020,candidate_new,,
8577982,kakao:8577982,제주센트럴파크,https://place.map.kakao.com/8577982,spec-020,existing_ready,128049,spec-021:matched_existing
14617439,kakao:14617439,신흥해수욕장,https://place.map.kakao.com/14617439,spec-020,existing_ready,2789378,spec-021:matched_existing
426667759,kakao:426667759,올티스,https://place.map.kakao.com/426667759,spec-020,existing_ready,2805483,spec-022:fd05-matched-existing
26563988,kakao:26563988,한라산둘레길 사려니숲길,https://place.map.kakao.com/26563988,spec-020,candidate_new,,
1922453785,kakao:1922453785,창꼼,https://place.map.kakao.com/1922453785,spec-020,existing_ready,2858656,spec-021:matched_existing
18084841,kakao:18084841,거문오름 탐방안내소,https://place.map.kakao.com/18084841,spec-020,candidate_new,,
27445592,kakao:27445592,샤이니숲길,https://place.map.kakao.com/27445592,spec-020,existing_ready,2847703,spec-021:matched_existing
26874134,kakao:26874134,동백동산,https://place.map.kakao.com/26874134,spec-020,existing_ready,1906195,spec-021:matched_existing
1788215084,kakao:1788215084,후박나무길,https://place.map.kakao.com/1788215084,spec-020,candidate_new,,
1144766060,kakao:1144766060,포레스트사파리,https://place.map.kakao.com/1144766060,spec-020,existing_ready,2751986,spec-021:terra-same-place
95057088,kakao:95057088,아일로사,https://place.map.kakao.com/95057088,spec-020,candidate_new,,
8004690,kakao:8004690,연북정,https://place.map.kakao.com/8004690,spec-020,existing_ready,126463,spec-021:matched_existing
14617442,kakao:14617442,관곶,https://place.map.kakao.com/14617442,spec-020,existing_ready,3056205,spec-021:matched_existing
8033485,kakao:8033485,원당봉,https://place.map.kakao.com/8033485,spec-020,candidate_new,,
164550863,kakao:164550863,함덕서우봉해변 인증센터,https://place.map.kakao.com/164550863,spec-020,candidate_new,,
1492017451,kakao:1492017451,붉은오름자연휴양림 무장애나눔길,https://place.map.kakao.com/1492017451,spec-020,candidate_new,,
962115439,kakao:962115439,복자 김기량 순교현양비,https://place.map.kakao.com/962115439,spec-020,candidate_new,,
10566814,kakao:10566814,세미오름,https://place.map.kakao.com/10566814,spec-020,candidate_new,,
674085731,kakao:674085731,제주올레19코스 공식안내소,https://place.map.kakao.com/674085731,spec-020,candidate_new,,
12747497,kakao:12747497,와흘본향당,https://place.map.kakao.com/12747497,spec-020,candidate_new,,
25240627,kakao:25240627,바농오름,https://place.map.kakao.com/25240627,spec-020,existing_ready,1933217,spec-021:terra-same-place
21605747,kakao:21605747,한라산 성판악입구약수터,https://place.map.kakao.com/21605747,spec-020,candidate_new,,
8188069,kakao:8188069,골체오름,https://place.map.kakao.com/8188069,spec-020,candidate_new,,
235344963,kakao:235344963,감사공묘역,https://place.map.kakao.com/235344963,spec-020,existing_ready,3082301,spec-021:matched_existing
8460981,kakao:8460981,우진제비오름,https://place.map.kakao.com/8460981,spec-020,candidate_new,,
838885813,kakao:838885813,서우봉 산책로,https://place.map.kakao.com/838885813,spec-020,candidate_new,,
1021330156,kakao:1021330156,귤의 정원 바령,https://place.map.kakao.com/1021330156,spec-020,existing_ready,3056519,spec-021:matched_existing
10417720,kakao:10417720,물찻오름,https://place.map.kakao.com/10417720,spec-020,candidate_new,,
26916283,kakao:26916283,제주서우봉 일제동굴진지,https://place.map.kakao.com/26916283,spec-020,candidate_new,,
703661215,kakao:703661215,대흘리메밀꽃밭,https://place.map.kakao.com/703661215,spec-020,candidate_new,,
8082298,kakao:8082298,조천해안도로,https://place.map.kakao.com/8082298,spec-020,candidate_new,,
967199520,kakao:967199520,용천수탐방길,https://place.map.kakao.com/967199520,spec-020,candidate_new,,
8490981,kakao:8490981,알밤오름,https://place.map.kakao.com/8490981,spec-020,candidate_new,,
25382966,kakao:25382966,큰지그리오름,https://place.map.kakao.com/25382966,spec-020,candidate_new,,
10186196,kakao:10186196,남생이못,https://place.map.kakao.com/10186196,spec-020,candidate_new,,
14632904,kakao:14632904,북촌리등명대,https://place.map.kakao.com/14632904,spec-020,candidate_new,,
26428378,kakao:26428378,개똥이네농장,https://place.map.kakao.com/26428378,spec-020,existing_ready,3057021,spec-021:matched_existing
237571,kakao:237571,대섬,https://place.map.kakao.com/237571,spec-020,candidate_new,,
13725573,kakao:13725573,시비코지,https://place.map.kakao.com/13725573,spec-020,candidate_new,,
647065008,kakao:647065008,제원하늘농원,https://place.map.kakao.com/647065008,spec-020,existing_ready,3022258,spec-021:matched_existing
17576609,kakao:17576609,에코랜드테마파크 풍차,https://place.map.kakao.com/17576609,spec-020,candidate_new,,
8071163,kakao:8071163,죽도,https://place.map.kakao.com/8071163,spec-020,candidate_new,,
11289720,kakao:11289720,물오름,https://place.map.kakao.com/11289720,spec-020,candidate_new,,
1801139261,kakao:1801139261,도리관광농원,https://place.map.kakao.com/1801139261,spec-020,existing_ready,2863811,spec-022:fd05-matched-existing
25190845,kakao:25190845,까끄래기오름,https://place.map.kakao.com/25190845,spec-020,candidate_new,,
317991665,kakao:317991665,선흘의자동굴,https://place.map.kakao.com/317991665,spec-020,candidate_new,,
375006385,kakao:375006385,제주생태관광지원센터,https://place.map.kakao.com/375006385,spec-020,candidate_new,,
27147963,kakao:27147963,신흥리방사탑1호,https://place.map.kakao.com/27147963,spec-020,candidate_new,,
7877823,kakao:7877823,목시물굴,https://place.map.kakao.com/7877823,spec-020,candidate_new,,
17557684,kakao:17557684,제주돌문화공원 설문대할망제단,https://place.map.kakao.com/17557684,spec-020,candidate_new,,
441233161,kakao:441233161,창고망난돌,https://place.map.kakao.com/441233161,spec-020,candidate_new,,
815714167,kakao:815714167,낙선동 4·3성,https://place.map.kakao.com/815714167,spec-020,candidate_new,,
12663544,kakao:12663544,벵뒤굴,https://place.map.kakao.com/12663544,spec-020,candidate_new,,
1228644787,kakao:1228644787,제주돌문화공원 제주전통초가마을,https://place.map.kakao.com/1228644787,spec-020,candidate_new,,
8066752,kakao:8066752,조천비석거리,https://place.map.kakao.com/8066752,spec-020,candidate_new,,
7881286,kakao:7881286,민오름,https://place.map.kakao.com/7881286,spec-020,candidate_new,,
1248915819,kakao:1248915819,신촌4.3성터,https://place.map.kakao.com/1248915819,spec-020,existing_ready,2872927,spec-021:matched_existing
8241683,kakao:8241683,꾀꼬리오름,https://place.map.kakao.com/8241683,spec-020,candidate_new,,
529201089,kakao:529201089,용물,https://place.map.kakao.com/529201089,spec-020,candidate_new,,
12736219,kakao:12736219,북촌환해장성,https://place.map.kakao.com/12736219,spec-020,candidate_new,,
1570687703,kakao:1570687703,함덕환해장성,https://place.map.kakao.com/1570687703,spec-020,candidate_new,,
8363069,kakao:8363069,부소오름,https://place.map.kakao.com/8363069,spec-020,candidate_new,,
696427344,kakao:696427344,새물깍,https://place.map.kakao.com/696427344,spec-020,candidate_new,,
8035989,kakao:8035989,웃밤,https://place.map.kakao.com/8035989,spec-020,candidate_new,,
17577216,kakao:17577216,에코랜드테마파크 라벤더팜역,https://place.map.kakao.com/17577216,spec-020,candidate_new,,
8065515,kakao:8065515,조천진성,https://place.map.kakao.com/8065515,spec-020,candidate_new,,
26564432,kakao:26564432,함덕북촌마을길,https://place.map.kakao.com/26564432,spec-020,candidate_new,,
1249437757,kakao:1249437757,잃어버린 마을 종남마을,https://place.map.kakao.com/1249437757,spec-020,candidate_new,,
7834108,kakao:7834108,돔배오름,https://place.map.kakao.com/7834108,spec-020,candidate_new,,
7833736,kakao:7833736,도툴굴,https://place.map.kakao.com/7833736,spec-020,candidate_new,,
845230825,kakao:845230825,신흥리방사탑2호,https://place.map.kakao.com/845230825,spec-020,candidate_new,,
17556345,kakao:17556345,선녀와나무꾼 테마공원 추억의영화마을,https://place.map.kakao.com/17556345,spec-020,candidate_new,,
1264244169,kakao:1264244169,너븐숭이 일대,https://place.map.kakao.com/1264244169,spec-020,candidate_new,,
7814464,kakao:7814464,당오름,https://place.map.kakao.com/7814464,spec-020,candidate_new,,
1442653927,kakao:1442653927,조천환해장성,https://place.map.kakao.com/1442653927,spec-020,candidate_new,,
1664175878,kakao:1664175878,스위스스토어,https://place.map.kakao.com/1664175878,spec-020,candidate_new,,
1222946236,kakao:1222946236,서모봉일제동굴진지,https://place.map.kakao.com/1222946236,spec-020,candidate_new,,
10612164,kakao:10612164,신촌향사,https://place.map.kakao.com/10612164,spec-020,existing_ready,1621045,spec-021:matched_existing
1253721952,kakao:1253721952,조천-함덕 곶자왈 지대,https://place.map.kakao.com/1253721952,spec-020,candidate_new,,
1570870423,kakao:1570870423,신촌환해장성,https://place.map.kakao.com/1570870423,spec-020,candidate_new,,
1085855342,kakao:1085855342,신흥환해장성,https://place.map.kakao.com/1085855342,spec-020,candidate_new,,
17951916,kakao:17951916,선녀와나무꾼 테마공원 연꽃농원,https://place.map.kakao.com/17951916,spec-020,candidate_new,,
12705852,kakao:12705852,조천연대,https://place.map.kakao.com/12705852,spec-020,candidate_new,,
1248875418,kakao:1248875418,조천읍 충혼묘지,https://place.map.kakao.com/1248875418,spec-020,candidate_new,,
608720457,kakao:608720457,함덕해수욕장 잔디광장,https://place.map.kakao.com/608720457,spec-020,candidate_new,,
1101453897,kakao:1101453897,큰도물,https://place.map.kakao.com/1101453897,spec-020,candidate_new,,
10624324,kakao:10624324,왜포연대,https://place.map.kakao.com/10624324,spec-020,candidate_new,,
582048244,kakao:582048244,거문오름 동굴,https://place.map.kakao.com/582048244,spec-020,candidate_new,,
662876845,kakao:662876845,먼물깍,https://place.map.kakao.com/662876845,spec-020,candidate_new,,
613253194,kakao:613253194,초록숲 지그리,https://place.map.kakao.com/613253194,spec-020,candidate_new,,
7936209,kakao:7936209,3.1독립운동기념탑,https://place.map.kakao.com/7936209,spec-020,candidate_new,,
1731144250,kakao:1731144250,제주햇살농원,https://place.map.kakao.com/1731144250,spec-020,candidate_new,,
520426778,kakao:520426778,와흘굴,https://place.map.kakao.com/520426778,spec-020,candidate_new,,
1472229994,kakao:1472229994,제주드론파크,https://place.map.kakao.com/1472229994,spec-020,candidate_new,,
18119049,kakao:18119049,제주돌문화공원 매표휴게소,https://place.map.kakao.com/18119049,spec-020,candidate_new,,
19164039,kakao:19164039,이승훈유배지,https://place.map.kakao.com/19164039,spec-020,candidate_new,,
8191401,kakao:8191401,구그네오름,https://place.map.kakao.com/8191401,spec-020,candidate_new,,
1586310652,kakao:1586310652,서우봉 동굴,https://place.map.kakao.com/1586310652,spec-020,candidate_new,,
1748114795,kakao:1748114795,두말치물,https://place.map.kakao.com/1748114795,spec-020,candidate_new,,
17558042,kakao:17558042,제주돌문화공원 돌하르방,https://place.map.kakao.com/17558042,spec-020,candidate_new,,
1208765829,kakao:1208765829,삼다원 녹차관광농원,https://place.map.kakao.com/1208765829,spec-020,candidate_new,,
12765619,kakao:12765619,조군현가옥,https://place.map.kakao.com/12765619,spec-020,candidate_new,,
8303282,kakao:8303282,다려도,https://place.map.kakao.com/8303282,spec-020,existing_ready,1928421,spec-021:matched_existing
17810435,kakao:17810435,와산도예,https://place.map.kakao.com/17810435,spec-020,candidate_new,,
17562721,kakao:17562721,제주돌문화공원 역사속의돌문화,https://place.map.kakao.com/17562721,spec-020,candidate_new,,
1173444143,kakao:1173444143,북받친밭(이덕구산전),https://place.map.kakao.com/1173444143,spec-020,candidate_new,,
25206936,kakao:25206936,대천이오름,https://place.map.kakao.com/25206936,spec-020,candidate_new,,
12765628,kakao:12765628,북촌리 선사주거지유적,https://place.map.kakao.com/12765628,spec-020,candidate_new,,
10810149,kakao:10810149,방애오름,https://place.map.kakao.com/10810149,spec-020,candidate_new,,
1232263885,kakao:1232263885,함덕4구 평사동 4.3성,https://place.map.kakao.com/1232263885,spec-020,candidate_new,,
25725972,kakao:25725972,멍중내,https://place.map.kakao.com/25725972,spec-020,candidate_new,,
1270319885,kakao:1270319885,쇠물깍,https://place.map.kakao.com/1270319885,spec-020,candidate_new,,
18119058,kakao:18119058,제주 돌문화공원 고인돌,https://place.map.kakao.com/18119058,spec-020,candidate_new,,
11158564,kakao:11158564,전주이씨계성군장손가묘지,https://place.map.kakao.com/11158564,spec-020,candidate_new,,
7822670,kakao:7822670,대성이동굴,https://place.map.kakao.com/7822670,spec-020,candidate_new,,
18119064,kakao:18119064,제주돌문화공원 성곽형전망대,https://place.map.kakao.com/18119064,spec-020,candidate_new,,
8253384,kakao:8253384,넓은못,https://place.map.kakao.com/8253384,spec-020,candidate_new,,
12765571,kakao:12765571,조천리 황씨종손가옥,https://place.map.kakao.com/12765571,spec-020,candidate_new,,
1507601381,kakao:1507601381,함도그비치,https://place.map.kakao.com/1507601381,spec-020,candidate_new,,
1572667234,kakao:1572667234,조천리금대,https://place.map.kakao.com/1572667234,spec-020,candidate_new,,
7888728,kakao:7888728,반못,https://place.map.kakao.com/7888728,spec-020,candidate_new,,
18224992,kakao:18224992,제주돌문화공원 제주전통초가,https://place.map.kakao.com/18224992,spec-020,candidate_new,,
18854976,kakao:18854976,곶자왈공유화운동기념비,https://place.map.kakao.com/18854976,spec-020,candidate_new,,
8065788,kakao:8065788,족은방애오름,https://place.map.kakao.com/8065788,spec-020,candidate_new,,
1003367240,kakao:1003367240,경찰숲터,https://place.map.kakao.com/1003367240,spec-020,candidate_new,,
10471809,kakao:10471809,부대악,https://place.map.kakao.com/10471809,spec-020,candidate_new,,
1249812621,kakao:1249812621,와흘리 4.3사건 희생자 위령탑,https://place.map.kakao.com/1249812621,spec-020,candidate_new,,
1232127642,kakao:1232127642,의사 한백흥 송정옥기념비,https://place.map.kakao.com/1232127642,spec-020,candidate_new,,
867317876,kakao:867317876,비자림2,https://place.map.kakao.com/867317876,spec-020,candidate_new,,
11280084,kakao:11280084,대섭이굴,https://place.map.kakao.com/11280084,spec-020,candidate_new,,
10587029,kakao:10587029,애향탑,https://place.map.kakao.com/10587029,spec-020,candidate_new,,
830488122,kakao:830488122,불카분낭,https://place.map.kakao.com/830488122,spec-020,candidate_new,,
7860797,kakao:7860797,말찻오름,https://place.map.kakao.com/7860797,spec-020,candidate_new,,
17581610,kakao:17581610,제주미니미니랜드 유럽,https://place.map.kakao.com/17581610,spec-020,candidate_new,,
14632906,kakao:14632906,북촌동굴,https://place.map.kakao.com/14632906,spec-020,candidate_new,,
1999143006,kakao:1999143006,함덕4구상점가,https://place.map.kakao.com/1999143006,spec-020,candidate_new,,
10186346,kakao:10186346,넙거리오름,https://place.map.kakao.com/10186346,spec-020,candidate_new,,
254649815,kakao:254649815,거문오름_탐방,https://place.map.kakao.com/254649815,spec-020,candidate_new,,
1231357543,kakao:1231357543,옴팡밭,https://place.map.kakao.com/1231357543,spec-020,candidate_new,,
12705881,kakao:12705881,함덕연대,https://place.map.kakao.com/12705881,spec-020,candidate_new,,
1258149028,kakao:1258149028,조천지서 앞밭,https://place.map.kakao.com/1258149028,spec-020,candidate_new,,
14632913,kakao:14632913,난시빌레,https://place.map.kakao.com/14632913,spec-020,candidate_new,,
18119069,kakao:18119069,제주 돌문화공원 원당사지오층석탑,https://place.map.kakao.com/18119069,spec-020,candidate_new,,
8083938,kakao:8083938,천미천,https://place.map.kakao.com/8083938,spec-020,candidate_new,,
592437676,kakao:592437676,레드스톤에스테이트 탐라목장,https://place.map.kakao.com/592437676,spec-020,candidate_new,,
11267601,kakao:11267601,궤펜이오름,https://place.map.kakao.com/11267601,spec-020,candidate_new,,
8663817,kakao:8663817,구사산,https://place.map.kakao.com/8663817,spec-020,candidate_new,,
8216051,kakao:8216051,늪서리오름,https://place.map.kakao.com/8216051,spec-020,candidate_new,,
1231619353,kakao:1231619353,당팟,https://place.map.kakao.com/1231619353,spec-020,candidate_new,,
25725752,kakao:25725752,동회천,https://place.map.kakao.com/25725752,spec-020,candidate_new,,
452986792,kakao:452986792,레드스톤에스테이트 부설연구농장,https://place.map.kakao.com/452986792,spec-020,candidate_new,,
17558799,kakao:17558799,선녀와나무꾼 테마공원 옛사골먹거리장터,https://place.map.kakao.com/17558799,spec-020,candidate_new,,
17583314,kakao:17583314,제주미니미니랜드 오세아니아,https://place.map.kakao.com/17583314,spec-020,candidate_new,,
18118957,kakao:18118957,제주돌 문화공원 미아보호소,https://place.map.kakao.com/18118957,spec-020,candidate_new,,
17582079,kakao:17582079,제주미니미니랜드 아메리카,https://place.map.kakao.com/17582079,spec-020,candidate_new,,
18119068,kakao:18119068,제주돌문화공원 돌문화영상,https://place.map.kakao.com/18119068,spec-020,candidate_new,,
1138206453,kakao:1138206453,제주돌문화공원 오백장군위령탑,https://place.map.kakao.com/1138206453,spec-020,candidate_new,,
2002042401,kakao:2002042401,한라산국립공원 _성판악1,https://place.map.kakao.com/2002042401,spec-020,candidate_new,,
7832259,kakao:7832259,독지최지석기념비,https://place.map.kakao.com/7832259,spec-020,candidate_new,,
1699149087,kakao:1699149087,용암길탐방로,https://place.map.kakao.com/1699149087,spec-020,candidate_new,,
10134664,kakao:10134664,괴못,https://place.map.kakao.com/10134664,spec-020,candidate_new,,
2020069855,kakao:2020069855,당신의캠프닉,https://place.map.kakao.com/2020069855,spec-020,candidate_new,,
27470626,kakao:27470626,선린지리조트 전린지리조트전망대,https://place.map.kakao.com/27470626,spec-020,candidate_new,,
17558040,kakao:17558040,제주돌문화공원 연못,https://place.map.kakao.com/17558040,spec-020,candidate_new,,
1590302862,kakao:1590302862,신화연리지영농조합법인,https://place.map.kakao.com/1590302862,spec-020,candidate_new,,
1636958749,kakao:1636958749,고요세라믹,https://place.map.kakao.com/1636958749,spec-020,candidate_new,,
17583315,kakao:17583315,제주미니미니랜드 환상의나라,https://place.map.kakao.com/17583315,spec-020,candidate_new,,
2132169693,kakao:2132169693,벵뒤못,https://place.map.kakao.com/2132169693,spec-020,candidate_new,,
8060802,kakao:8060802,족은지그리오름,https://place.map.kakao.com/8060802,spec-020,candidate_new,,
1249414452,kakao:1249414452,총 맞은 비석,https://place.map.kakao.com/1249414452,spec-020,candidate_new,,
17556442,kakao:17556442,제주돌문화공원 훈장묘,https://place.map.kakao.com/17556442,spec-020,candidate_new,,
613867384,kakao:613867384,한라산국립공원 _성판악3,https://place.map.kakao.com/613867384,spec-020,candidate_new,,
18119051,kakao:18119051,제주돌문화공원 의식생활,https://place.map.kakao.com/18119051,spec-020,candidate_new,,
7992566,kakao:7992566,어후오름,https://place.map.kakao.com/7992566,spec-020,candidate_new,,
17576607,kakao:17576607,제주미니미니랜드 아시아,https://place.map.kakao.com/17576607,spec-020,candidate_new,,
18119062,kakao:18119062,제주돌문화공원 원두막휴게소,https://place.map.kakao.com/18119062,spec-020,candidate_new,,
17560164,kakao:17560164,제주돌문화공원 존자암지부도,https://place.map.kakao.com/17560164,spec-020,candidate_new,,
10380414,kakao:10380414,본술산,https://place.map.kakao.com/10380414,spec-020,candidate_new,,
7923975,kakao:7923975,상잣성,https://place.map.kakao.com/7923975,spec-020,candidate_new,,
18119052,kakao:18119052,제주돌문화공원 생활속의돌문화,https://place.map.kakao.com/18119052,spec-020,candidate_new,,
7878620,kakao:7878620,목지동산,https://place.map.kakao.com/7878620,spec-020,candidate_new,,
18119066,kakao:18119066,제주돌문화공원 별관휴게소,https://place.map.kakao.com/18119066,spec-020,candidate_new,,
25726116,kakao:25726116,문서천,https://place.map.kakao.com/25726116,spec-020,candidate_new,,
15174304,kakao:15174304,한라산 사라악샘터,https://place.map.kakao.com/15174304,spec-020,candidate_new,,
530095284,kakao:530095284,한라산국립공원 _성판악4,https://place.map.kakao.com/530095284,spec-020,candidate_new,,
1052723320,kakao:1052723320,한라산국립공원 _성판악2,https://place.map.kakao.com/1052723320,spec-020,candidate_new,,
1249514567,kakao:1249514567,김용철 묘,https://place.map.kakao.com/1249514567,spec-020,candidate_new,,
18119067,kakao:18119067,제주돌문화공원 주생활,https://place.map.kakao.com/18119067,spec-020,candidate_new,,
17562723,kakao:17562723,제주돌문화공원 선사인의돌문화,https://place.map.kakao.com/17562723,spec-020,candidate_new,,
17580559,kakao:17580559,제주미니미니랜드 아프리카,https://place.map.kakao.com/17580559,spec-020,candidate_new,,
10454597,kakao:10454597,사랑터울,https://place.map.kakao.com/10454597,spec-020,candidate_new,,
12765597,kakao:12765597,조규창가옥,https://place.map.kakao.com/12765597,spec-020,candidate_new,,
13582142,kakao:13582142,솔동산농원,https://place.map.kakao.com/13582142,spec-020,candidate_new,,
18119060,kakao:18119060,제주돌문화공원 미아보호휴게소,https://place.map.kakao.com/18119060,spec-020,candidate_new,,
18119061,kakao:18119061,제주돌문화공원 생산생업,https://place.map.kakao.com/18119061,spec-020,candidate_new,,
8183660,kakao:8183660,공적비및기념비,https://place.map.kakao.com/8183660,spec-020,candidate_new,,
8426762,kakao:8426762,샛궤펜이,https://place.map.kakao.com/8426762,spec-020,candidate_new,,
10843829,kakao:10843829,충혼묘비,https://place.map.kakao.com/10843829,spec-020,candidate_new,,
25725751,kakao:25725751,동회천,https://place.map.kakao.com/25725751,spec-020,candidate_new,,
1467255766,kakao:1467255766,백응선선생묘소,https://place.map.kakao.com/1467255766,spec-020,candidate_new,,
13597626,kakao:13597626,올레길 18코스(제주원도심-조천 올레),https://place.map.kakao.com/13597626,spec-020,existing_ready,1840777,spec-021:terra-same-place
7934984,kakao:7934984,삼양해수욕장,https://place.map.kakao.com/7934984,spec-020,existing_ready,129401,spec-021:matched_existing
321362474,kakao:321362474,샛도리물,https://place.map.kakao.com/321362474,spec-020,existing_ready,3530351,spec-021:matched_existing
689672300,kakao:689672300,불탑사오층석탑,https://place.map.kakao.com/689672300,spec-020,candidate_new,,
7924192,kakao:7924192,제주삼양동유적,https://place.map.kakao.com/7924192,spec-020,existing_ready,129455,spec-021:matched_existing
1303199487,kakao:1303199487,이덕구 가족묘,https://place.map.kakao.com/1303199487,spec-020,candidate_new,,
13725568,kakao:13725568,신촌가는옛길,https://place.map.kakao.com/13725568,spec-020,candidate_new,,
12747503,kakao:12747503,새미하로산당,https://place.map.kakao.com/12747503,spec-020,candidate_new,,
8191971,kakao:8191971,논오름,https://place.map.kakao.com/8191971,spec-020,candidate_new,,
1306241973,kakao:1306241973,동회천 4.3희생자 위령비,https://place.map.kakao.com/1306241973,spec-020,candidate_new,,
74760424,kakao:74760424,새미숲,https://place.map.kakao.com/74760424,spec-020,candidate_new,,
12502134,kakao:12502134,삼양역사올레길,https://place.map.kakao.com/12502134,spec-020,candidate_new,,
8040155,kakao:8040155,이붕탑,https://place.map.kakao.com/8040155,spec-020,candidate_new,,
1712659586,kakao:1712659586,삼양해수욕장종합상황실,https://place.map.kakao.com/1712659586,spec-020,candidate_new,,
8050463,kakao:8050463,음나물내,https://place.map.kakao.com/8050463,spec-020,candidate_new,,
26616781,kakao:26616781,이덕구선조묘비,https://place.map.kakao.com/26616781,spec-020,candidate_new,,
8685159,kakao:8685159,효열비,https://place.map.kakao.com/8685159,spec-020,candidate_new,,
895998525,kakao:895998525,도련지석묘 1호,https://place.map.kakao.com/895998525,spec-020,candidate_new,,
12706122,kakao:12706122,도련지석묘2호,https://place.map.kakao.com/12706122,spec-020,candidate_new,,
12772351,kakao:12772351,고분양태,https://place.map.kakao.com/12772351,spec-020,candidate_new,,
12706181,kakao:12706181,삼양지석묘 1호,https://place.map.kakao.com/12706181,spec-020,candidate_new,,
12765549,kakao:12765549,삼양동초가,https://place.map.kakao.com/12765549,spec-020,candidate_new,,
1313559691,kakao:1313559691,도련 재일교포 공덕 기념비,https://place.map.kakao.com/1313559691,spec-020,candidate_new,,
25726897,kakao:25726897,삼수천,https://place.map.kakao.com/25726897,spec-020,candidate_new,,
26842880,kakao:26842880,김경숙해바라기농장,https://place.map.kakao.com/26842880,spec-020,existing_ready,3080144,spec-021:matched_existing
12736232,kakao:12736232,삼양환해장성,https://place.map.kakao.com/12736232,spec-020,candidate_new,,
25401008,kakao:25401008,도련귤나무,https://place.map.kakao.com/25401008,spec-020,candidate_new,,
1306423391,kakao:1306423391,도련1동 4.3희생자 위령비,https://place.map.kakao.com/1306423391,spec-020,candidate_new,,
7916369,kakao:7916369,사라봉,https://place.map.kakao.com/7916369,spec-020,existing_ready,1069144,spec-021:matched_existing
1412236336,kakao:1412236336,화북동 용천수,https://place.map.kakao.com/1412236336,spec-020,candidate_new,,
1463252680,kakao:1463252680,도련1동 4.3 희생자 위령제단,https://place.map.kakao.com/1463252680,spec-020,candidate_new,,
13725563,kakao:13725563,잃어버린마을곤을동,https://place.map.kakao.com/13725563,spec-020,candidate_new,,
356693676,kakao:356693676,나뚜라리농원,https://place.map.kakao.com/356693676,spec-020,candidate_new,,
7899031,kakao:7899031,별도봉,https://place.map.kakao.com/7899031,spec-020,existing_ready,1069292,spec-021:matched_existing
12729389,kakao:12729389,해신사,https://place.map.kakao.com/12729389,spec-020,candidate_new,,
26199573,kakao:26199573,별도봉산책로,https://place.map.kakao.com/26199573,spec-020,candidate_new,,
12736220,kakao:12736220,곤을동환해장성,https://place.map.kakao.com/12736220,spec-020,candidate_new,,
11054575,kakao:11054575,봉아오름,https://place.map.kakao.com/11054575,spec-020,candidate_new,,
8067272,kakao:8067272,제주4.3평화공원,https://place.map.kakao.com/8067272,spec-020,existing_ready,1907801,spec-021:matched_existing
12729463,kakao:12729463,삼사석지,https://place.map.kakao.com/12729463,spec-020,candidate_new,,
7899034,kakao:7899034,별도환해장성,https://place.map.kakao.com/7899034,spec-020,candidate_new,,
10977931,kakao:10977931,화북비석거리,https://place.map.kakao.com/10977931,spec-020,candidate_new,,
7894206,kakao:7894206,별도연대,https://place.map.kakao.com/7894206,spec-020,candidate_new,,
25319845,kakao:25319845,열안지오름,https://place.map.kakao.com/25319845,spec-020,existing_ready,1925369,spec-021:matched_existing
27302956,kakao:27302956,안세미오름,https://place.map.kakao.com/27302956,spec-020,candidate_new,,
12736227,kakao:12736227,화북진지,https://place.map.kakao.com/12736227,spec-020,candidate_new,,
8111773,kakao:8111773,칡오름,https://place.map.kakao.com/8111773,spec-020,candidate_new,,
96404021,kakao:96404021,큰짓물,https://place.map.kakao.com/96404021,spec-020,candidate_new,,
14666420,kakao:14666420,제주녹색농원,https://place.map.kakao.com/14666420,spec-020,candidate_new,,
241172259,kakao:241172259,봉개오름,https://place.map.kakao.com/241172259,spec-020,candidate_new,,
8402972,kakao:8402972,알오름,https://place.map.kakao.com/8402972,spec-020,candidate_new,,
1131137226,kakao:1131137226,삼사석,https://place.map.kakao.com/1131137226,spec-020,candidate_new,,
8654782,kakao:8654782,고냉이술,https://place.map.kakao.com/8654782,spec-020,candidate_new,,
13723962,kakao:13723962,애기업은돌,https://place.map.kakao.com/13723962,spec-020,candidate_new,,
25726898,kakao:25726898,삼수천,https://place.map.kakao.com/25726898,spec-020,candidate_new,,
7818011,kakao:7818011,대락동산,https://place.map.kakao.com/7818011,spec-020,candidate_new,,
17807422,kakao:17807422,모충사,https://place.map.kakao.com/17807422,spec-020,existing_ready,126459,spec-021:matched_existing
25176062,kakao:25176062,고냉이굴오름,https://place.map.kakao.com/25176062,spec-020,candidate_new,,
1256254736,kakao:1256254736,별도봉 일본군 진지동굴(4·3희생자 유해 발굴지),https://place.map.kakao.com/1256254736,spec-020,candidate_new,,
1256206133,kakao:1256206133,고냉이술궤,https://place.map.kakao.com/1256206133,spec-020,candidate_new,,
12765547,kakao:12765547,김석윤가옥,https://place.map.kakao.com/12765547,spec-020,candidate_new,,
7894204,kakao:7894204,별도,https://place.map.kakao.com/7894204,spec-020,candidate_new,,
10661723,kakao:10661723,열녀비,https://place.map.kakao.com/10661723,spec-020,candidate_new,,
25726895,kakao:25726895,삼수천,https://place.map.kakao.com/25726895,spec-020,candidate_new,,
10977875,kakao:10977875,화북천,https://place.map.kakao.com/10977875,spec-020,candidate_new,,
8172884,kakao:8172884,화북천,https://place.map.kakao.com/8172884,spec-020,candidate_new,,
8064174,kakao:8064174,족은칡오름,https://place.map.kakao.com/8064174,spec-020,candidate_new,,
26549973,kakao:26549973,삼수천,https://place.map.kakao.com/26549973,spec-020,candidate_new,,
25726896,kakao:25726896,삼수천,https://place.map.kakao.com/25726896,spec-020,candidate_new,,
12711070,kakao:12711070,거로능동산방묘,https://place.map.kakao.com/12711070,spec-020,candidate_new,,
10196675,kakao:10196675,김만덕묘비,https://place.map.kakao.com/10196675,spec-020,candidate_new,,
10729289,kakao:10729289,전못,https://place.map.kakao.com/10729289,spec-020,candidate_new,,
8147082,kakao:8147082,감투동산,https://place.map.kakao.com/8147082,spec-020,candidate_new,,
8504220,kakao:8504220,절동산,https://place.map.kakao.com/8504220,spec-020,candidate_new,,
10462526,kakao:10462526,부록천,https://place.map.kakao.com/10462526,spec-020,candidate_new,,
10271750,kakao:10271750,능동산,https://place.map.kakao.com/10271750,spec-020,candidate_new,,
10443263,kakao:10443263,산신동산,https://place.map.kakao.com/10443263,spec-020,candidate_new,,
26916277,kakao:26916277,제주사라봉 일제동굴진지,https://place.map.kakao.com/26916277,spec-020,candidate_new,,
25726584,kakao:25726584,부록천,https://place.map.kakao.com/25726584,spec-020,candidate_new,,
214377173,kakao:214377173,사라노을숲,https://place.map.kakao.com/214377173,spec-020,candidate_new,,
25244025,kakao:25244025,밧세미오름,https://place.map.kakao.com/25244025,spec-020,candidate_new,,
130526986,kakao:130526986,봉개동명도암선생유허비,https://place.map.kakao.com/130526986,spec-020,candidate_new,,
1628700228,kakao:1628700228,사라봉수,https://place.map.kakao.com/1628700228,spec-020,candidate_new,,
1389831138,kakao:1389831138,성안올레 1코스,https://place.map.kakao.com/1389831138,spec-020,candidate_new,,
8190244,kakao:8190244,공덕비,https://place.map.kakao.com/8190244,spec-020,candidate_new,,
12721319,kakao:12721319,노루생태관찰원,https://place.map.kakao.com/12721319,spec-020,existing_ready,1672315,spec-021:matched_existing
2030127403,kakao:2030127403,안세미오름 습지,https://place.map.kakao.com/2030127403,spec-020,candidate_new,,
25725275,kakao:25725275,대룡소천,https://place.map.kakao.com/25725275,spec-020,candidate_new,,
25379468,kakao:25379468,큰노루손이오름,https://place.map.kakao.com/25379468,spec-020,candidate_new,,
11226996,kakao:11226996,팔각정,https://place.map.kakao.com/11226996,spec-020,candidate_new,,
18039333,kakao:18039333,사라봉공원 김만덕묘탑,https://place.map.kakao.com/18039333,spec-020,candidate_new,,
1935695346,kakao:1935695346,월남참전기념탑,https://place.map.kakao.com/1935695346,spec-020,candidate_new,,
260892170,kakao:260892170,제주올레18코스 공식안내소,https://place.map.kakao.com/260892170,spec-020,candidate_new,,
10801926,kakao:10801926,족은노루손이,https://place.map.kakao.com/10801926,spec-020,candidate_new,,
470176183,kakao:470176183,포제당,https://place.map.kakao.com/470176183,spec-020,candidate_new,,
1236775664,kakao:1236775664,사라봉산책로,https://place.map.kakao.com/1236775664,spec-020,candidate_new,,
18039336,kakao:18039336,사라봉공원 의병항쟁기념탑,https://place.map.kakao.com/18039336,spec-020,existing_ready,127055,spec-021:terra-same-place
25726274,kakao:25726274,방천,https://place.map.kakao.com/25726274,spec-020,candidate_new,,
12747485,kakao:12747485,월평다라쿳당,https://place.map.kakao.com/12747485,spec-020,candidate_new,,
8473325,kakao:8473325,순국지사조봉호기념비,https://place.map.kakao.com/8473325,spec-020,candidate_new,,
326102329,kakao:326102329,사라봉숲길,https://place.map.kakao.com/326102329,spec-020,candidate_new,,
14521417,kakao:14521417,두맹이골목,https://place.map.kakao.com/14521417,spec-020,existing_ready,1906211,spec-021:matched_existing
1255908977,kakao:1255908977,가시나물 4.3성,https://place.map.kakao.com/1255908977,spec-020,candidate_new,,
8047929,kakao:8047929,모충사 의병항쟁기념탑,https://place.map.kakao.com/8047929,spec-020,candidate_new,,
8471090,kakao:8471090,의녀반수,https://place.map.kakao.com/8471090,spec-020,candidate_new,,
18039337,kakao:18039337,사라봉공원 순국지사조봉호기념탑,https://place.map.kakao.com/18039337,spec-020,candidate_new,,
1264951717,kakao:1264951717,월평리 4·3성,https://place.map.kakao.com/1264951717,spec-020,candidate_new,,
7963166,kakao:7963166,순국지사,https://place.map.kakao.com/7963166,spec-020,candidate_new,,
1302950802,kakao:1302950802,군인 전사자 추모비,https://place.map.kakao.com/1302950802,spec-020,candidate_new,,
27588357,kakao:27588357,제주4.3평화공원 위령탑,https://place.map.kakao.com/27588357,spec-020,candidate_new,,
25039168,kakao:25039168,복신미륵동자복,https://place.map.kakao.com/25039168,spec-020,candidate_new,,
1406565611,kakao:1406565611,산지천 전망대,https://place.map.kakao.com/1406565611,spec-020,candidate_new,,
25726277,kakao:25726277,방천,https://place.map.kakao.com/25726277,spec-020,candidate_new,,
27588360,kakao:27588360,제주4.3평화공원 위령제단,https://place.map.kakao.com/27588360,spec-020,candidate_new,,
10213673,kakao:10213673,기념비,https://place.map.kakao.com/10213673,spec-020,candidate_new,,
26641142,kakao:26641142,제주항관광안내소,https://place.map.kakao.com/26641142,spec-020,candidate_new,,
27588361,kakao:27588361,제주4.3평화공원 추념광장,https://place.map.kakao.com/27588361,spec-020,candidate_new,,
506755464,kakao:506755464,전망대 제주항연안여객터미널,https://place.map.kakao.com/506755464,spec-020,candidate_new,,
25726275,kakao:25726275,방천,https://place.map.kakao.com/25726275,spec-020,candidate_new,,
12706184,kakao:12706184,중인문로,https://place.map.kakao.com/12706184,spec-020,candidate_new,,
10284750,kakao:10284750,뒷동산,https://place.map.kakao.com/10284750,spec-020,candidate_new,,
1999056292,kakao:1999056292,졸락코지 골목형상점가,https://place.map.kakao.com/1999056292,spec-020,candidate_new,,
1878404656,kakao:1878404656,4·3해원방사탑,https://place.map.kakao.com/1878404656,spec-020,candidate_new,,
12273344,kakao:12273344,우녀천,https://place.map.kakao.com/12273344,spec-020,candidate_new,,
25222743,kakao:25222743,들레오름,https://place.map.kakao.com/25222743,spec-020,candidate_new,,
1810447953,kakao:1810447953,아라4.3길안내센터,https://place.map.kakao.com/1810447953,spec-020,candidate_new,,
25726829,kakao:25726829,산지천,https://place.map.kakao.com/25726829,spec-020,candidate_new,,
1595454561,kakao:1595454561,고서흥공덕비,https://place.map.kakao.com/1595454561,spec-020,candidate_new,,
11031763,kakao:11031763,금산유허비,https://place.map.kakao.com/11031763,spec-020,candidate_new,,
8013599,kakao:8013599,올림픽기념비,https://place.map.kakao.com/8013599,spec-020,candidate_new,,
1836353575,kakao:1836353575,깨어진 공적비,https://place.map.kakao.com/1836353575,spec-020,candidate_new,,
102453956,kakao:102453956,관광지순환버스,https://place.map.kakao.com/102453956,spec-020,candidate_new,,
12753454,kakao:12753454,올레길 13코스(용수-저지 올레),https://place.map.kakao.com/12753454,spec-020,existing_ready,1839784,spec-021:terra-same-place
26239274,kakao:26239274,신창풍차해안도로,https://place.map.kakao.com/26239274,spec-020,existing_ready,2663250,spec-021:matched_existing
25294439,kakao:25294439,수월봉,https://place.map.kakao.com/25294439,spec-020,existing_ready,126434,spec-021:matched_existing
1901034660,kakao:1901034660,산양큰엉곶,https://place.map.kakao.com/1901034660,spec-020,existing_ready,2948051,spec-021:matched_existing
25049180,kakao:25049180,신창풍차해안,https://place.map.kakao.com/25049180,spec-020,candidate_new,,
27105147,kakao:27105147,수월봉전망대,https://place.map.kakao.com/27105147,spec-020,candidate_new,,
20056455,kakao:20056455,엉알해안,https://place.map.kakao.com/20056455,spec-020,existing_ready,1898906,spec-021:matched_existing
416160023,kakao:416160023,수월봉지질트레일,https://place.map.kakao.com/416160023,spec-020,candidate_new,,
8085765,kakao:8085765,차귀도,https://place.map.kakao.com/8085765,spec-020,existing_ready,126444,spec-021:matched_existing
26055280,kakao:26055280,천주교제주교구 용수성지,https://place.map.kakao.com/26055280,spec-020,existing_ready,2765233,spec-021:matched_existing
8064310,kakao:8064310,제주 유리의성,https://place.map.kakao.com/8064310,spec-020,candidate_new,,
7814429,kakao:7814429,당산봉,https://place.map.kakao.com/7814429,spec-020,existing_ready,2704703,spec-021:matched_existing
1661007896,kakao:1661007896,산양곶자왈,https://place.map.kakao.com/1661007896,spec-020,candidate_new,,
13725888,kakao:13725888,생이기정,https://place.map.kakao.com/13725888,spec-020,candidate_new,,
21736745,kakao:21736745,청수곶자왈,https://place.map.kakao.com/21736745,spec-020,existing_ready,2742373,spec-021:matched_existing
1917059406,kakao:1917059406,제주고산리유적,https://place.map.kakao.com/1917059406,spec-020,candidate_new,,
243953803,kakao:243953803,저지곶자왈,https://place.map.kakao.com/243953803,spec-020,candidate_new,,
1843884553,kakao:1843884553,제주고산리유적안내센터,https://place.map.kakao.com/1843884553,spec-020,existing_ready,2986689,spec-021:matched_existing
8060962,kakao:8060962,절부암,https://place.map.kakao.com/8060962,spec-020,existing_ready,228864,spec-021:matched_existing
128783471,kakao:128783471,용찬이굴,https://place.map.kakao.com/128783471,spec-020,candidate_new,,
1314142379,kakao:1314142379,고산리등명대,https://place.map.kakao.com/1314142379,spec-020,candidate_new,,
13725859,kakao:13725859,용수저수지,https://place.map.kakao.com/13725859,spec-020,candidate_new,,
9440927,kakao:9440927,가마오름,https://place.map.kakao.com/9440927,spec-020,existing_ready,1884191,spec-021:matched_existing
26916266,kakao:26916266,제주가마오름 일제동굴진지,https://place.map.kakao.com/26916266,spec-020,candidate_new,,
10256313,kakao:10256313,당산봉알봉,https://place.map.kakao.com/10256313,spec-020,candidate_new,,
12747500,kakao:12747500,용수마을방사탑 2호,https://place.map.kakao.com/12747500,spec-020,candidate_new,,
1722657096,kakao:1722657096,청수곶자왈 입구,https://place.map.kakao.com/1722657096,spec-020,candidate_new,,
8293848,kakao:8293848,명이동못,https://place.map.kakao.com/8293848,spec-020,candidate_new,,
13725881,kakao:13725881,고사리숲길,https://place.map.kakao.com/13725881,spec-020,candidate_new,,
11117069,kakao:11117069,새신오름,https://place.map.kakao.com/11117069,spec-020,existing_ready,1945414,spec-021:matched_existing
8663815,kakao:8663815,굽은오름,https://place.map.kakao.com/8663815,spec-020,candidate_new,,
10647989,kakao:10647989,연화못,https://place.map.kakao.com/10647989,spec-020,candidate_new,,
11192095,kakao:11192095,용당못,https://place.map.kakao.com/11192095,spec-020,candidate_new,,
14826665,kakao:14826665,청수마을,https://place.map.kakao.com/14826665,spec-020,existing_ready,1936339,spec-021:matched_existing
1764303194,kakao:1764303194,선세비,https://place.map.kakao.com/1764303194,spec-020,candidate_new,,
1216350324,kakao:1216350324,고산국민학교,https://place.map.kakao.com/1216350324,spec-020,candidate_new,,
8195579,kakao:8195579,고창언영사비,https://place.map.kakao.com/8195579,spec-020,candidate_new,,
994203384,kakao:994203384,차귀도천연보호구역,https://place.map.kakao.com/994203384,spec-020,candidate_new,,
481815589,kakao:481815589,엉알길,https://place.map.kakao.com/481815589,spec-020,candidate_new,,
1295489378,kakao:1295489378,성김대건신부기념상,https://place.map.kakao.com/1295489378,spec-020,candidate_new,,
65122154,kakao:65122154,빌레뱅디,https://place.map.kakao.com/65122154,spec-020,candidate_new,,
10625655,kakao:10625655,와도,https://place.map.kakao.com/10625655,spec-020,candidate_new,,
465729084,kakao:465729084,녹고대,https://place.map.kakao.com/465729084,spec-020,candidate_new,,
13725853,kakao:13725853,복원된밭길,https://place.map.kakao.com/13725853,spec-020,candidate_new,,
1215246321,kakao:1215246321,고산지서 터,https://place.map.kakao.com/1215246321,spec-020,candidate_new,,
12747506,kakao:12747506,용수마을방사탑 1호,https://place.map.kakao.com/12747506,spec-020,candidate_new,,
13725874,kakao:13725874,고목나무숲길,https://place.map.kakao.com/13725874,spec-020,candidate_new,,
13725867,kakao:13725867,특전사숲길,https://place.map.kakao.com/13725867,spec-020,candidate_new,,
1426992999,kakao:1426992999,오빼미물,https://place.map.kakao.com/1426992999,spec-020,candidate_new,,
8096189,kakao:8096189,충혼탑,https://place.map.kakao.com/8096189,spec-020,candidate_new,,
8062159,kakao:8062159,전몰충혼비,https://place.map.kakao.com/8062159,spec-020,candidate_new,,
27215149,kakao:27215149,덕암헌,https://place.map.kakao.com/27215149,spec-020,candidate_new,,
13725893,kakao:13725893,너른밭길,https://place.map.kakao.com/13725893,spec-020,candidate_new,,
13725910,kakao:13725910,하동숲길,https://place.map.kakao.com/13725910,spec-020,candidate_new,,
201572108,kakao:201572108,모진흘물,https://place.map.kakao.com/201572108,spec-020,candidate_new,,
13725814,kakao:13725814,노루쉼터,https://place.map.kakao.com/13725814,spec-020,candidate_new,,
13725831,kakao:13725831,효자정려,https://place.map.kakao.com/13725831,spec-020,candidate_new,,
13725872,kakao:13725872,쪼른숲길,https://place.map.kakao.com/13725872,spec-020,candidate_new,,
10135822,kakao:10135822,구재기동산,https://place.map.kakao.com/10135822,spec-020,candidate_new,,
8162117,kakao:8162117,효자비,https://place.map.kakao.com/8162117,spec-020,candidate_new,,
8167542,kakao:8167542,효자비,https://place.map.kakao.com/8167542,spec-020,candidate_new,,
13725862,kakao:13725862,먼고돌담,https://place.map.kakao.com/13725862,spec-020,candidate_new,,
7862039,kakao:7862039,머들동산,https://place.map.kakao.com/7862039,spec-020,candidate_new,,
7875187,kakao:7875187,모란동산,https://place.map.kakao.com/7875187,spec-020,candidate_new,,
8264258,kakao:8264258,도용나무동산,https://place.map.kakao.com/8264258,spec-020,candidate_new,,
11816046,kakao:11816046,밧소랭이,https://place.map.kakao.com/11816046,spec-020,candidate_new,,
11074681,kakao:11074681,매주낭굴,https://place.map.kakao.com/11074681,spec-020,candidate_new,,
8186279,kakao:8186279,공덕비,https://place.map.kakao.com/8186279,spec-020,candidate_new,,
12753460,kakao:12753460,올레길 12코스(무릉-용수 올레),https://place.map.kakao.com/12753460,spec-020,existing_ready,1839772,spec-021:terra-same-place
12728719,kakao:12728719,신도리도요지,https://place.map.kakao.com/12728719,spec-020,candidate_new,,
874900604,kakao:874900604,도구리알,https://place.map.kakao.com/874900604,spec-020,candidate_new,,
25198772,kakao:25198772,녹남봉,https://place.map.kakao.com/25198772,spec-020,candidate_new,,
843799102,kakao:843799102,멜케천,https://place.map.kakao.com/843799102,spec-020,candidate_new,,
2105646316,kakao:2105646316,고산일과해안도로,https://place.map.kakao.com/2105646316,spec-020,existing_ready,2779522,spec-021:final-same-place
178756588,kakao:178756588,삼각골천,https://place.map.kakao.com/178756588,spec-020,candidate_new,,
7982717,kakao:7982717,신도저수지,https://place.map.kakao.com/7982717,spec-020,candidate_new,,
1141236688,kakao:1141236688,잃어버린 마을 새나무곶,https://place.map.kakao.com/1141236688,spec-020,candidate_new,,
26303275,kakao:26303275,무릉도원올레권역,https://place.map.kakao.com/26303275,spec-020,candidate_new,,
13725852,kakao:13725852,신도생태연못,https://place.map.kakao.com/13725852,spec-020,candidate_new,,
7967153,kakao:7967153,순국전우추모기념비,https://place.map.kakao.com/7967153,spec-020,candidate_new,,
2142795492,kakao:2142795492,신도리고인돌,https://place.map.kakao.com/2142795492,spec-020,candidate_new,,
2142503584,kakao:2142503584,제남김선생일영기념비,https://place.map.kakao.com/2142503584,spec-020,candidate_new,,
13725865,kakao:13725865,신도바당올레,https://place.map.kakao.com/13725865,spec-020,candidate_new,,
1710960156,kakao:1710960156,하멜일행난파희생자위령비,https://place.map.kakao.com/1710960156,spec-020,candidate_new,,
11299651,kakao:11299651,보롬이,https://place.map.kakao.com/11299651,spec-020,candidate_new,,
7877804,kakao:7877804,무릉리 방사탑1호,https://place.map.kakao.com/7877804,spec-020,candidate_new,,
10417470,kakao:10417470,무릉리방사탑4호,https://place.map.kakao.com/10417470,spec-020,candidate_new,,
644445557,kakao:644445557,무릉1리 향사,https://place.map.kakao.com/644445557,spec-020,candidate_new,,
13723673,kakao:13723673,무릉곶자왈,https://place.map.kakao.com/13723673,spec-020,candidate_new,,
10548078,kakao:10548078,손당못,https://place.map.kakao.com/10548078,spec-020,candidate_new,,
11067975,kakao:11067975,무릉리방사탑2호,https://place.map.kakao.com/11067975,spec-020,candidate_new,,
13725819,kakao:13725819,무릉곶 자왈아름다운숲길,https://place.map.kakao.com/13725819,spec-020,candidate_new,,
7884082,kakao:7884082,무릉리방사탑3호,https://place.map.kakao.com/7884082,spec-020,candidate_new,,
1118580530,kakao:1118580530,무릉저수지,https://place.map.kakao.com/1118580530,spec-020,candidate_new,,
1787902595,kakao:1787902595,고랫머들,https://place.map.kakao.com/1787902595,spec-020,candidate_new,,
2140967429,kakao:2140967429,4.3위령비,https://place.map.kakao.com/2140967429,spec-020,candidate_new,,
13725815,kakao:13725815,정개왓광장,https://place.map.kakao.com/13725815,spec-020,candidate_new,,
1250339855,kakao:1250339855,성제숯굿,https://place.map.kakao.com/1250339855,spec-020,candidate_new,,
13725821,kakao:13725821,영동케,https://place.map.kakao.com/13725821,spec-020,candidate_new,,
1265815590,kakao:1265815590,한수기곶,https://place.map.kakao.com/1265815590,spec-020,candidate_new,,
13725818,kakao:13725818,항물,https://place.map.kakao.com/13725818,spec-020,candidate_new,,
13725935,kakao:13725935,구남물,https://place.map.kakao.com/13725935,spec-020,candidate_new,,
13009955,kakao:13009955,올레길 18-1코스(추자도-올레),https://place.map.kakao.com/13009955,spec-020,existing_ready,1844163,spec-021:terra-same-place
10839940,kakao:10839940,추자도,https://place.map.kakao.com/10839940,spec-020,existing_ready,127863,spec-021:terra-same-place
1192113739,kakao:1192113739,올레길 18-2코스(하추자-올레),https://place.map.kakao.com/1192113739,spec-020,existing_ready,3545698,spec-021:terra-same-place
13723461,kakao:13723461,황경한의 묘,https://place.map.kakao.com/13723461,spec-020,candidate_new,,
18376814,kakao:18376814,상추자도,https://place.map.kakao.com/18376814,spec-020,candidate_new,,
1084947873,kakao:1084947873,나바론하늘길,https://place.map.kakao.com/1084947873,spec-020,existing_ready,2863882,spec-021:matched_existing
13723442,kakao:13723442,돈대산,https://place.map.kakao.com/13723442,spec-020,candidate_new,,
13723868,kakao:13723868,나바론절벽,https://place.map.kakao.com/13723868,spec-020,candidate_new,,
1011773473,kakao:1011773473,후포해변,https://place.map.kakao.com/1011773473,spec-020,candidate_new,,
13723641,kakao:13723641,모진이몽돌해변,https://place.map.kakao.com/13723641,spec-020,existing_ready,3559794,spec-021:matched_existing
260803970,kakao:260803970,제주올레 18-1코스 공식안내소,https://place.map.kakao.com/260803970,spec-020,candidate_new,,
18376919,kakao:18376919,하추자도,https://place.map.kakao.com/18376919,spec-020,candidate_new,,
25206399,kakao:25206399,대왕산,https://place.map.kakao.com/25206399,spec-020,candidate_new,,
4527491,kakao:4527491,용둠벙전망대,https://place.map.kakao.com/4527491,spec-020,candidate_new,,
920921676,kakao:920921676,눈물의십자가,https://place.map.kakao.com/920921676,spec-020,candidate_new,,
12678076,kakao:12678076,제주 최영 장군 사당,https://place.map.kakao.com/12678076,spec-020,candidate_new,,
1811724332,kakao:1811724332,하추자무지개해안도로,https://place.map.kakao.com/1811724332,spec-020,candidate_new,,
1496679411,kakao:1496679411,추자도바다정원,https://place.map.kakao.com/1496679411,spec-020,candidate_new,,
2064500206,kakao:2064500206,추자도무지개해안도로,https://place.map.kakao.com/2064500206,spec-020,candidate_new,,
2076852700,kakao:2076852700,용둠벙 숲길,https://place.map.kakao.com/2076852700,spec-020,candidate_new,,
13723476,kakao:13723476,신대산전망대,https://place.map.kakao.com/13723476,spec-020,candidate_new,,
13725892,kakao:13725892,봉골레산,https://place.map.kakao.com/13725892,spec-020,candidate_new,,
1838898304,kakao:1838898304,대왕산 황금길,https://place.map.kakao.com/1838898304,spec-020,candidate_new,,
259535590,kakao:259535590,묵리고개전망대,https://place.map.kakao.com/259535590,spec-020,candidate_new,,
1908687980,kakao:1908687980,황경한의 묘 십자가,https://place.map.kakao.com/1908687980,spec-020,candidate_new,,
2006054567,kakao:2006054567,용둠벙정,https://place.map.kakao.com/2006054567,spec-020,candidate_new,,
2079018505,kakao:2079018505,다무래미,https://place.map.kakao.com/2079018505,spec-020,candidate_new,,
17439264,kakao:17439264,사수도,https://place.map.kakao.com/17439264,spec-020,candidate_new,,
341687364,kakao:341687364,은달산 전망터,https://place.map.kakao.com/341687364,spec-020,candidate_new,,
77587494,kakao:77587494,영흥리 벽화골목,https://place.map.kakao.com/77587494,spec-020,candidate_new,,
7946995,kakao:7946995,석두청산,https://place.map.kakao.com/7946995,spec-020,candidate_new,,
1961640246,kakao:1961640246,졸복산 전망대,https://place.map.kakao.com/1961640246,spec-020,candidate_new,,
1833046449,kakao:1833046449,추자도 올레길 해안데크 산책로,https://place.map.kakao.com/1833046449,spec-020,candidate_new,,
261255300,kakao:261255300,추자교쉼터,https://place.map.kakao.com/261255300,spec-020,candidate_new,,
25236822,kakao:25236822,묵리고개,https://place.map.kakao.com/25236822,spec-020,candidate_new,,
255939780,kakao:255939780,추자도어민대일항쟁기념비,https://place.map.kakao.com/255939780,spec-020,candidate_new,,
2063876125,kakao:2063876125,석두청산쉼터,https://place.map.kakao.com/2063876125,spec-020,candidate_new,,
87815523,kakao:87815523,코끼리바위,https://place.map.kakao.com/87815523,spec-020,candidate_new,,
290926150,kakao:290926150,봉글래쉼터,https://place.map.kakao.com/290926150,spec-020,candidate_new,,
261508186,kakao:261508186,추석산 일제진지동굴,https://place.map.kakao.com/261508186,spec-020,candidate_new,,
262832080,kakao:262832080,쉼터,https://place.map.kakao.com/262832080,spec-020,candidate_new,,
341922278,kakao:341922278,추자전망대,https://place.map.kakao.com/341922278,spec-020,candidate_new,,
1962995546,kakao:1962995546,묵리 숟가락나무,https://place.map.kakao.com/1962995546,spec-020,candidate_new,,
14880319,kakao:14880319,대관탈도,https://place.map.kakao.com/14880319,spec-020,candidate_new,,
1917807894,kakao:1917807894,낙조 전망대,https://place.map.kakao.com/1917807894,spec-020,candidate_new,,
12777585,kakao:12777585,추자처사각,https://place.map.kakao.com/12777585,spec-020,candidate_new,,
1483478299,kakao:1483478299,황경한의눈물,https://place.map.kakao.com/1483478299,spec-020,candidate_new,,
26564426,kakao:26564426,추자도해안일주길,https://place.map.kakao.com/26564426,spec-020,candidate_new,,
13723879,kakao:13723879,순효각,https://place.map.kakao.com/13723879,spec-020,candidate_new,,
1918221716,kakao:1918221716,치유의 기념비,https://place.map.kakao.com/1918221716,spec-020,candidate_new,,
1827326119,kakao:1827326119,돈대정,https://place.map.kakao.com/1827326119,spec-020,candidate_new,,
25361177,kakao:25361177,졸복산,https://place.map.kakao.com/25361177,spec-020,candidate_new,,
341505958,kakao:341505958,신대해수욕장 쉼터,https://place.map.kakao.com/341505958,spec-020,candidate_new,,
259684113,kakao:259684113,묵리 용의 화석 바위 전망대,https://place.map.kakao.com/259684113,spec-020,candidate_new,,
2065149589,kakao:2065149589,추자도숭어체험장,https://place.map.kakao.com/2065149589,spec-020,candidate_new,,
1809528238,kakao:1809528238,모진이 무지개해안도로,https://place.map.kakao.com/1809528238,spec-020,candidate_new,,
341469679,kakao:341469679,바람케길쉼터,https://place.map.kakao.com/341469679,spec-020,candidate_new,,
291146835,kakao:291146835,신대해수욕장,https://place.map.kakao.com/291146835,spec-020,candidate_new,,
13723488,kakao:13723488,예초리기정길끝,https://place.map.kakao.com/13723488,spec-020,candidate_new,,
114274632,kakao:114274632,말머리 바위,https://place.map.kakao.com/114274632,spec-020,candidate_new,,
300427819,kakao:300427819,엄바위장승,https://place.map.kakao.com/300427819,spec-020,candidate_new,,
291377565,kakao:291377565,쉼터,https://place.map.kakao.com/291377565,spec-020,candidate_new,,
1317879688,kakao:1317879688,추자도여행자센터,https://place.map.kakao.com/1317879688,spec-020,candidate_new,,
25223271,kakao:25223271,등대산,https://place.map.kakao.com/25223271,spec-020,candidate_new,,
25381568,kakao:25381568,큰산,https://place.map.kakao.com/25381568,spec-020,candidate_new,,
1462815323,kakao:1462815323,참굴비상,https://place.map.kakao.com/1462815323,spec-020,candidate_new,,
20152335,kakao:20152335,직구도,https://place.map.kakao.com/20152335,spec-020,candidate_new,,
27108986,kakao:27108986,화도,https://place.map.kakao.com/27108986,spec-020,candidate_new,,
1812780933,kakao:1812780933,추자도 전망대,https://place.map.kakao.com/1812780933,spec-020,candidate_new,,
1906587038,kakao:1906587038,다함께춤추자,https://place.map.kakao.com/1906587038,spec-020,candidate_new,,
834297500,kakao:834297500,모정의 쉼터,https://place.map.kakao.com/834297500,spec-020,candidate_new,,
77396369,kakao:77396369,대서리 벽화 골목길,https://place.map.kakao.com/77396369,spec-020,candidate_new,,
1896961229,kakao:1896961229,학교가는샛길,https://place.map.kakao.com/1896961229,spec-020,candidate_new,,
8166850,kakao:8166850,횡간도,https://place.map.kakao.com/8166850,spec-020,candidate_new,,
25375826,kakao:25375826,추석산,https://place.map.kakao.com/25375826,spec-020,candidate_new,,
14864647,kakao:14864647,수덕도,https://place.map.kakao.com/14864647,spec-020,candidate_new,,
694146849,kakao:694146849,소관탈도,https://place.map.kakao.com/694146849,spec-020,candidate_new,,
2064526637,kakao:2064526637,정난주 마리아 동상,https://place.map.kakao.com/2064526637,spec-020,candidate_new,,
345668963,kakao:345668963,제4수원지,https://place.map.kakao.com/345668963,spec-020,candidate_new,,
1810534573,kakao:1810534573,추자호,https://place.map.kakao.com/1810534573,spec-020,candidate_new,,
338741110,kakao:338741110,올레길쉼터,https://place.map.kakao.com/338741110,spec-020,candidate_new,,
291417258,kakao:291417258,묵리해안쉼터,https://place.map.kakao.com/291417258,spec-020,candidate_new,,
275809855,kakao:275809855,일본샘,https://place.map.kakao.com/275809855,spec-020,candidate_new,,
14883160,kakao:14883160,추포도,https://place.map.kakao.com/14883160,spec-020,candidate_new,,
25206889,kakao:25206889,대창재,https://place.map.kakao.com/25206889,spec-020,candidate_new,,
1697155021,kakao:1697155021,추자도 참조기 조형물,https://place.map.kakao.com/1697155021,spec-020,candidate_new,,
25347248,kakao:25347248,작은산,https://place.map.kakao.com/25347248,spec-020,candidate_new,,
2065214881,kakao:2065214881,묵리낱말고개,https://place.map.kakao.com/2065214881,spec-020,candidate_new,,
24710649,kakao:24710649,절명서,https://place.map.kakao.com/24710649,spec-020,candidate_new,,
261224457,kakao:261224457,오지박전망대,https://place.map.kakao.com/261224457,spec-020,candidate_new,,
1830931917,kakao:1830931917,등대산 나침반,https://place.map.kakao.com/1830931917,spec-020,candidate_new,,
345670411,kakao:345670411,제3수원지,https://place.map.kakao.com/345670411,spec-020,candidate_new,,
356629440,kakao:356629440,제1수원지,https://place.map.kakao.com/356629440,spec-020,candidate_new,,
17439267,kakao:17439267,청도,https://place.map.kakao.com/17439267,spec-020,candidate_new,,
1903490241,kakao:1903490241,메주박샘,https://place.map.kakao.com/1903490241,spec-020,candidate_new,,
2138352565,kakao:2138352565,장작정,https://place.map.kakao.com/2138352565,spec-020,candidate_new,,
25220913,kakao:25220913,뒷골,https://place.map.kakao.com/25220913,spec-020,candidate_new,,
415688894,kakao:415688894,장작평사,https://place.map.kakao.com/415688894,spec-020,candidate_new,,
1819774928,kakao:1819774928,제2수원지,https://place.map.kakao.com/1819774928,spec-020,candidate_new,,
1908954493,kakao:1908954493,석두청산 전망대,https://place.map.kakao.com/1908954493,spec-020,candidate_new,,
25312874,kakao:25312874,앞산,https://place.map.kakao.com/25312874,spec-020,candidate_new,,
8116731,kakao:8116731,충혼묘지,https://place.map.kakao.com/8116731,spec-020,candidate_new,,
2133273064,kakao:2133273064,영흥리 우물,https://place.map.kakao.com/2133273064,spec-020,candidate_new,,
1916893260,kakao:1916893260,묵리우물,https://place.map.kakao.com/1916893260,spec-020,candidate_new,,
20152331,kakao:20152331,수령섬,https://place.map.kakao.com/20152331,spec-020,candidate_new,,
1812732157,kakao:1812732157,돈대산 해맞이길,https://place.map.kakao.com/1812732157,spec-020,candidate_new,,
1790277692,kakao:1790277692,기꺼산 제단,https://place.map.kakao.com/1790277692,spec-020,candidate_new,,
1982085403,kakao:1982085403,신양정,https://place.map.kakao.com/1982085403,spec-020,candidate_new,,
1899840171,kakao:1899840171,추자12가지이야기,https://place.map.kakao.com/1899840171,spec-020,candidate_new,,
1917000545,kakao:1917000545,큰샘,https://place.map.kakao.com/1917000545,spec-020,candidate_new,,
2142227785,kakao:2142227785,반공탑,https://place.map.kakao.com/2142227785,spec-020,candidate_new,,
27055539,kakao:27055539,섬생이,https://place.map.kakao.com/27055539,spec-020,candidate_new,,
767166221,kakao:767166221,묵리처녀당,https://place.map.kakao.com/767166221,spec-020,candidate_new,,
1823094343,kakao:1823094343,치유의 언덕,https://place.map.kakao.com/1823094343,spec-020,candidate_new,,
2141655350,kakao:2141655350,작은작젯길,https://place.map.kakao.com/2141655350,spec-020,candidate_new,,
1161586513,kakao:1161586513,쇠머리,https://place.map.kakao.com/1161586513,spec-020,candidate_new,,
25189280,kakao:25189280,금파골,https://place.map.kakao.com/25189280,spec-020,candidate_new,,
416146704,kakao:416146704,득규네샘,https://place.map.kakao.com/416146704,spec-020,candidate_new,,
1917784651,kakao:1917784651,마법의 길,https://place.map.kakao.com/1917784651,spec-020,candidate_new,,
1901745508,kakao:1901745508,선재동자탑,https://place.map.kakao.com/1901745508,spec-020,candidate_new,,
25202353,kakao:25202353,닭목재,https://place.map.kakao.com/25202353,spec-020,candidate_new,,
1536472821,kakao:1536472821,예초리기정길,https://place.map.kakao.com/1536472821,spec-020,candidate_new,,
12665436,kakao:12665436,추자면연대,https://place.map.kakao.com/12665436,spec-020,candidate_new,,
13723472,kakao:13723472,영흥쉼터,https://place.map.kakao.com/13723472,spec-020,candidate_new,,
27347133,kakao:27347133,두령여,https://place.map.kakao.com/27347133,spec-020,candidate_new,,
98397065,kakao:98397065,쉼터,https://place.map.kakao.com/98397065,spec-020,candidate_new,,
20152328,kakao:20152328,염섬,https://place.map.kakao.com/20152328,spec-020,candidate_new,,
20152346,kakao:20152346,미역섬,https://place.map.kakao.com/20152346,spec-020,candidate_new,,
2133192230,kakao:2133192230,가운데샘,https://place.map.kakao.com/2133192230,spec-020,candidate_new,,
1098458687,kakao:1098458687,담수장옆길,https://place.map.kakao.com/1098458687,spec-020,candidate_new,,
20082075,kakao:20082075,밖미역섬,https://place.map.kakao.com/20082075,spec-020,candidate_new,,
20152339,kakao:20152339,덜섬,https://place.map.kakao.com/20152339,spec-020,candidate_new,,
2143455271,kakao:2143455271,대왕산정,https://place.map.kakao.com/2143455271,spec-020,candidate_new,,
1831044735,kakao:1831044735,엄바위장승 쉼터,https://place.map.kakao.com/1831044735,spec-020,candidate_new,,
20152343,kakao:20152343,보론섬,https://place.map.kakao.com/20152343,spec-020,candidate_new,,
20152330,kakao:20152330,흑검도,https://place.map.kakao.com/20152330,spec-020,candidate_new,,
27347147,kakao:27347147,노린여,https://place.map.kakao.com/27347147,spec-020,candidate_new,,
25382983,kakao:25382983,큰지산,https://place.map.kakao.com/25382983,spec-020,candidate_new,,
25222238,kakao:25222238,뒷산,https://place.map.kakao.com/25222238,spec-020,candidate_new,,
27347125,kakao:27347125,납덕이,https://place.map.kakao.com/27347125,spec-020,candidate_new,,
25208929,kakao:25208929,덕인산,https://place.map.kakao.com/25208929,spec-020,candidate_new,,
1684997032,kakao:1684997032,악생이,https://place.map.kakao.com/1684997032,spec-020,candidate_new,,
25226628,kakao:25226628,막가채산,https://place.map.kakao.com/25226628,spec-020,candidate_new,,
20152340,kakao:20152340,상섬,https://place.map.kakao.com/20152340,spec-020,candidate_new,,
14864868,kakao:14864868,예도,https://place.map.kakao.com/14864868,spec-020,candidate_new,,
13723886,kakao:13723886,묵리 고갯마루,https://place.map.kakao.com/13723886,spec-020,candidate_new,,
12753592,kakao:12753592,올레길 1-1코스(우도-올레),https://place.map.kakao.com/12753592,spec-020,existing_ready,1841003,spec-021:terra-same-place
11041974,kakao:11041974,검멀레해변,https://place.map.kakao.com/11041974,spec-020,existing_ready,598635,spec-021:matched_existing
13723562,kakao:13723562,비양도망대,https://place.map.kakao.com/13723562,spec-020,candidate_new,,
1347437237,kakao:1347437237,훈데르트바서파크,https://place.map.kakao.com/1347437237,spec-020,existing_ready,2811110,spec-021:matched_existing
1356550785,kakao:1356550785,비양도,https://place.map.kakao.com/1356550785,spec-020,candidate_new,,
246104758,kakao:246104758,소머리오름,https://place.map.kakao.com/246104758,spec-020,existing_ready,598696,spec-021:matched_existing
20056498,kakao:20056498,톨칸이해변,https://place.map.kakao.com/20056498,spec-020,candidate_new,,
26973777,kakao:26973777,동안경굴,https://place.map.kakao.com/26973777,spec-020,candidate_new,,
2140673028,kakao:2140673028,비와사폭포,https://place.map.kakao.com/2140673028,spec-020,candidate_new,,
26092498,kakao:26092498,후해석벽,https://place.map.kakao.com/26092498,spec-020,candidate_new,,
8277234,kakao:8277234,검멀레동굴,https://place.map.kakao.com/8277234,spec-020,candidate_new,,
26162074,kakao:26162074,우도해양도립공원,https://place.map.kakao.com/26162074,spec-020,candidate_new,,
26207894,kakao:26207894,우도지석묘,https://place.map.kakao.com/26207894,spec-020,candidate_new,,
1302445901,kakao:1302445901,영일동 방사탑 등대,https://place.map.kakao.com/1302445901,spec-020,candidate_new,,
193801101,kakao:193801101,지두청사,https://place.map.kakao.com/193801101,spec-020,candidate_new,,
286446828,kakao:286446828,어룡굴,https://place.map.kakao.com/286446828,spec-020,candidate_new,,
13723591,kakao:13723591,한반도여,https://place.map.kakao.com/13723591,spec-020,candidate_new,,
7870134,kakao:7870134,망동산,https://place.map.kakao.com/7870134,spec-020,candidate_new,,
11192360,kakao:11192360,우도저수지,https://place.map.kakao.com/11192360,spec-020,candidate_new,,
1980627813,kakao:1980627813,러일전쟁 당시 일본군 초소 유허지,https://place.map.kakao.com/1980627813,spec-020,candidate_new,,
12502131,kakao:12502131,우도해안도로,https://place.map.kakao.com/12502131,spec-020,candidate_new,,
7949391,kakao:7949391,성산해안도로,https://place.map.kakao.com/7949391,spec-020,candidate_new,,
1718571277,kakao:1718571277,우뭇개해안,https://place.map.kakao.com/1718571277,spec-020,existing_ready,4058180,spec-021:matched_existing
25285071,kakao:25285071,성산일출봉,https://place.map.kakao.com/25285071,spec-020,existing_ready,126435,spec-021:matched_existing
17809611,kakao:17809611,성산일출해양도립공원,https://place.map.kakao.com/17809611,spec-020,candidate_new,,
1762278118,kakao:1762278118,성산일출봉 정상전망대,https://place.map.kakao.com/1762278118,spec-020,candidate_new,,
1187261610,kakao:1187261610,성산포경찰서 옛터,https://place.map.kakao.com/1187261610,spec-020,candidate_new,,
586946804,kakao:586946804,세계7대자연경관선정기념 인증조형물,https://place.map.kakao.com/586946804,spec-020,candidate_new,,
13723499,kakao:13723499,광치기해변,https://place.map.kakao.com/13723499,spec-020,existing_ready,2564158,spec-021:matched_existing
13718563,kakao:13718563,수마포해안,https://place.map.kakao.com/13718563,spec-020,candidate_new,,
1187396822,kakao:1187396822,우뭇개동산,https://place.map.kakao.com/1187396822,spec-020,candidate_new,,
1421516343,kakao:1421516343,성산일출봉 응회구,https://place.map.kakao.com/1421516343,spec-020,candidate_new,,
8040871,kakao:8040871,유채꽃밭,https://place.map.kakao.com/8040871,spec-020,existing_ready,3069080,spec-021:terra-same-place
13723496,kakao:13723496,광치기중간,https://place.map.kakao.com/13723496,spec-020,candidate_new,,
10607235,kakao:10607235,신양섭지해수욕장,https://place.map.kakao.com/10607235,spec-020,existing_ready,126447,spec-021:matched_existing
1138433236,kakao:1138433236,제주4.3 성산읍 희생자 추모공원,https://place.map.kakao.com/1138433236,spec-020,candidate_new,,
26975305,kakao:26975305,제주일출봉해안 일제동굴진지,https://place.map.kakao.com/26975305,spec-020,candidate_new,,
1264283480,kakao:1264283480,터진목,https://place.map.kakao.com/1264283480,spec-020,candidate_new,,
8413659,kakao:8413659,섭지코지,https://place.map.kakao.com/8413659,spec-020,existing_ready,127813,spec-021:terra-same-place
17581830,kakao:17581830,휘닉스아일랜드 글라스하우스,https://place.map.kakao.com/17581830,spec-020,existing_ready,2778809,spec-021:matched_existing
25206111,kakao:25206111,대수산봉,https://place.map.kakao.com/25206111,spec-020,existing_ready,3559716,spec-021:matched_existing
10455716,kakao:10455716,붉은오름,https://place.map.kakao.com/10455716,spec-020,candidate_new,,
26295374,kakao:26295374,섭지코지전망대,https://place.map.kakao.com/26295374,spec-020,candidate_new,,
8503881,kakao:8503881,100주년기념탑,https://place.map.kakao.com/8503881,spec-020,candidate_new,,
23150911,kakao:23150911,휘닉스제주섭지코지 해안산책로,https://place.map.kakao.com/23150911,spec-020,candidate_new,,
23121314,kakao:23121314,아쿠아플라넷제주 오션데크,https://place.map.kakao.com/23121314,spec-020,candidate_new,,
7970247,kakao:7970247,신양신산해안도로,https://place.map.kakao.com/7970247,spec-020,candidate_new,,
25288503,kakao:25288503,소수산봉,https://place.map.kakao.com/25288503,spec-020,candidate_new,,
23121312,kakao:23121312,아쿠아플라넷제주 오름언덕,https://place.map.kakao.com/23121312,spec-020,candidate_new,,
7953466,kakao:7953466,선녀바위,https://place.map.kakao.com/7953466,spec-020,candidate_new,,
23150913,kakao:23150913,휘닉스제주섭지코지 바람의언덕,https://place.map.kakao.com/23150913,spec-020,candidate_new,,
23150907,kakao:23150907,휘닉스제주 불턱BBQ,https://place.map.kakao.com/23150907,spec-020,candidate_new,,
8331930,kakao:8331930,봉화대,https://place.map.kakao.com/8331930,spec-020,candidate_new,,
23121313,kakao:23121313,아쿠아플라넷제주 상고지언덕,https://place.map.kakao.com/23121313,spec-020,candidate_new,,
266096178,kakao:266096178,휘닉스아일랜드 섭지 광장,https://place.map.kakao.com/266096178,spec-020,candidate_new,,
1565295947,kakao:1565295947,섭지오름,https://place.map.kakao.com/1565295947,spec-020,candidate_new,,
23150902,kakao:23150902,아쿠아플라넷제주 사람쉼팡,https://place.map.kakao.com/23150902,spec-020,candidate_new,,
17993958,kakao:17993958,휘닉스제주섭지코지 송이길산책로,https://place.map.kakao.com/17993958,spec-020,candidate_new,,
8615054,kakao:8615054,협자연대,https://place.map.kakao.com/8615054,spec-020,candidate_new,,
10658318,kakao:10658318,연태탑,https://place.map.kakao.com/10658318,spec-020,candidate_new,,
10381536,kakao:10381536,봉수성,https://place.map.kakao.com/10381536,spec-020,candidate_new,,
7901660,kakao:7901660,봉수대,https://place.map.kakao.com/7901660,spec-020,candidate_new,,
23150829,kakao:23150829,삼석총,https://place.map.kakao.com/23150829,spec-020,candidate_new,,
26560624,kakao:26560624,칠성로쇼핑거리,https://place.map.kakao.com/26560624,spec-020,candidate_new,,
7910887,kakao:7910887,산지천,https://place.map.kakao.com/7910887,spec-020,existing_ready,1069322,spec-021:matched_existing
2000552601,kakao:2000552601,제주여행자센터,https://place.map.kakao.com/2000552601,spec-020,candidate_new,,
1380862515,kakao:1380862515,탐라문화광장,https://place.map.kakao.com/1380862515,spec-020,candidate_new,,
227205923,kakao:227205923,북수구광장,https://place.map.kakao.com/227205923,spec-020,candidate_new,,
688041619,kakao:688041619,해병혼 해병대 기념탑,https://place.map.kakao.com/688041619,spec-020,candidate_new,,
43687775,kakao:43687775,남수각하늘길벽화거리,https://place.map.kakao.com/43687775,spec-020,candidate_new,,
19164064,kakao:19164064,김진구.김춘택유배지,https://place.map.kakao.com/19164064,spec-020,candidate_new,,
130164057,kakao:130164057,운주당지구,https://place.map.kakao.com/130164057,spec-020,candidate_new,,
19164065,kakao:19164065,송시열유배지,https://place.map.kakao.com/19164065,spec-020,candidate_new,,
19164057,kakao:19164057,김정 유배지,https://place.map.kakao.com/19164057,spec-020,candidate_new,,
708965034,kakao:708965034,다온,https://place.map.kakao.com/708965034,spec-020,candidate_new,,
19165475,kakao:19165475,김윤식.이승오유배지,https://place.map.kakao.com/19165475,spec-020,candidate_new,,
8671789,kakao:8671789,관덕정,https://place.map.kakao.com/8671789,spec-020,existing_ready,126460,spec-021:matched_existing
10805294,kakao:10805294,제주목 관아,https://place.map.kakao.com/10805294,spec-020,existing_ready,128641,spec-021:matched_existing
26523226,kakao:26523226,흑돼지거리,https://place.map.kakao.com/26523226,spec-020,existing_ready,3061575,spec-021:matched_existing
10795473,kakao:10795473,제주성지,https://place.map.kakao.com/10795473,spec-020,existing_ready,129384,spec-021:matched_existing
7923901,kakao:7923901,삼성혈,https://place.map.kakao.com/7923901,spec-020,existing_ready,127744,spec-021:matched_existing
11540370,kakao:11540370,용두암,https://place.map.kakao.com/11540370,spec-020,existing_ready,228853,spec-021:matched_existing
8019804,kakao:8019804,오현단,https://place.map.kakao.com/8019804,spec-020,existing_ready,126462,spec-021:matched_existing
12765233,kakao:12765233,향사당,https://place.map.kakao.com/12765233,spec-020,existing_ready,4073368,spec-021:matched_existing
1698424203,kakao:1698424203,용연계곡,https://place.map.kakao.com/1698424203,spec-020,existing_ready,127745,spec-021:final-same-place
8458599,kakao:8458599,제주오리엔탈호텔 카지노,https://place.map.kakao.com/8458599,spec-020,candidate_new,,
19164053,kakao:19164053,광해군유배지,https://place.map.kakao.com/19164053,spec-020,candidate_new,,
9937633,kakao:9937633,제주향교,https://place.map.kakao.com/9937633,spec-020,existing_ready,127743,spec-021:matched_existing
621778341,kakao:621778341,제주국가유산방문자센터 쉼팡,https://place.map.kakao.com/621778341,spec-020,candidate_new,,
26175298,kakao:26175298,서부두명품횟집거리,https://place.map.kakao.com/26175298,spec-020,candidate_new,,
26490438,kakao:26490438,귤림서원,https://place.map.kakao.com/26490438,spec-020,existing_ready,1960087,spec-021:terra-same-place
24325298,kakao:24325298,용두암 인증센터,https://place.map.kakao.com/24325298,spec-020,candidate_new,,
22529455,kakao:22529455,국수문화거리,https://place.map.kakao.com/22529455,spec-020,candidate_new,,
1266428089,kakao:1266428089,관덕정 앞 광장,https://place.map.kakao.com/1266428089,spec-020,candidate_new,,
1405219615,kakao:1405219615,제이각,https://place.map.kakao.com/1405219615,spec-020,candidate_new,,
18100345,kakao:18100345,제주목관아 외대문,https://place.map.kakao.com/18100345,spec-020,candidate_new,,
18973444,kakao:18973444,제주유배길 제주성안유배길,https://place.map.kakao.com/18973444,spec-020,candidate_new,,
17355561,kakao:17355561,탑동관광정보안내소,https://place.map.kakao.com/17355561,spec-020,candidate_new,,
1412161264,kakao:1412161264,성안올레 2코스,https://place.map.kakao.com/1412161264,spec-020,candidate_new,,
295036758,kakao:295036758,전농로왕벚꽃거리,https://place.map.kakao.com/295036758,spec-020,existing_ready,2778044,spec-021:terra-same-place
17570201,kakao:17570201,제주목관아 영주협당,https://place.map.kakao.com/17570201,spec-020,candidate_new,,
8013248,kakao:8013248,용담해안도로,https://place.map.kakao.com/8013248,spec-020,existing_ready,2738705|3061701,spec-021:final-same-place|spec-021:matched_existing
12683560,kakao:12683560,복신미륵서자복,https://place.map.kakao.com/12683560,spec-020,existing_ready,129403,spec-021:matched_existing
1762093770,kakao:1762093770,을묘왜변 제주대첩 전적지,https://place.map.kakao.com/1762093770,spec-020,candidate_new,,
25726831,kakao:25726831,산지천,https://place.map.kakao.com/25726831,spec-020,candidate_new,,
19164061,kakao:19164061,이세직유배지,https://place.map.kakao.com/19164061,spec-020,candidate_new,,
26490439,kakao:26490439,장수당,https://place.map.kakao.com/26490439,spec-020,candidate_new,,
17575028,kakao:17575028,제주목관아 우연당,https://place.map.kakao.com/17575028,spec-020,candidate_new,,
1584116947,kakao:1584116947,돌하르방,https://place.map.kakao.com/1584116947,spec-020,candidate_new,,
18100348,kakao:18100348,제주목관아 중대문,https://place.map.kakao.com/18100348,spec-020,candidate_new,,
1595761726,kakao:1595761726,돌하르방,https://place.map.kakao.com/1595761726,spec-020,candidate_new,,
204490439,kakao:204490439,삼도동 녹나무,https://place.map.kakao.com/204490439,spec-020,candidate_new,,
1595736714,kakao:1595736714,돌하르방,https://place.map.kakao.com/1595736714,spec-020,candidate_new,,
19164037,kakao:19164037,이익 유배지,https://place.map.kakao.com/19164037,spec-020,candidate_new,,
1897491128,kakao:1897491128,건하 로얄팔레스카지노,https://place.map.kakao.com/1897491128,spec-020,candidate_new,,
1584134283,kakao:1584134283,돌하르방,https://place.map.kakao.com/1584134283,spec-020,candidate_new,,
1452900307,kakao:1452900307,건하,https://place.map.kakao.com/1452900307,spec-020,candidate_new,,
2088754576,kakao:2088754576,길상창휘,https://place.map.kakao.com/2088754576,spec-020,candidate_new,,
19164055,kakao:19164055,정병조유배지,https://place.map.kakao.com/19164055,spec-020,candidate_new,,
8111510,kakao:8111510,골든비치,https://place.map.kakao.com/8111510,spec-020,candidate_new,,
1585957152,kakao:1585957152,돌하르방,https://place.map.kakao.com/1585957152,spec-020,candidate_new,,
26245293,kakao:26245293,제주서문가구거리,https://place.map.kakao.com/26245293,spec-020,candidate_new,,
16612157,kakao:16612157,고양부삼성사재단,https://place.map.kakao.com/16612157,spec-020,candidate_new,,
976105637,kakao:976105637,제주향교 대성전,https://place.map.kakao.com/976105637,spec-020,candidate_new,,
27209647,kakao:27209647,제주시관광안내센터,https://place.map.kakao.com/27209647,spec-020,candidate_new,,
8030782,kakao:8030782,용두암해수랜드,https://place.map.kakao.com/8030782,spec-020,existing_ready,250412,spec-021:matched_existing
1306238312,kakao:1306238312,돌하르방,https://place.map.kakao.com/1306238312,spec-020,candidate_new,,
1093005006,kakao:1093005006,성안올레 3코스,https://place.map.kakao.com/1093005006,spec-020,candidate_new,,
917859806,kakao:917859806,제주향교 고비,https://place.map.kakao.com/917859806,spec-020,candidate_new,,
1584488681,kakao:1584488681,돌하르방,https://place.map.kakao.com/1584488681,spec-020,candidate_new,,
1584086676,kakao:1584086676,돌하르방,https://place.map.kakao.com/1584086676,spec-020,candidate_new,,
2047898941,kakao:2047898941,올레길 공항코스,https://place.map.kakao.com/2047898941,spec-020,candidate_new,,
1499975126,kakao:1499975126,어울림마당,https://place.map.kakao.com/1499975126,spec-020,candidate_new,,
12753473,kakao:12753473,올레길 17코스(광령-제주원도심 올레),https://place.map.kakao.com/12753473,spec-020,existing_ready,1839866,spec-021:terra-same-place
12684819,kakao:12684819,용담지석묘 1호,https://place.map.kakao.com/12684819,spec-020,candidate_new,,
7891275,kakao:7891275,병문천,https://place.map.kakao.com/7891275,spec-020,candidate_new,,
25730865,kakao:25730865,한천,https://place.map.kakao.com/25730865,spec-020,candidate_new,,
460779501,kakao:460779501,제주용담동유적,https://place.map.kakao.com/460779501,spec-020,candidate_new,,
1999093546,kakao:1999093546,용문골목형상점가,https://place.map.kakao.com/1999093546,spec-020,candidate_new,,
12706157,kakao:12706157,용담지석묘5호,https://place.map.kakao.com/12706157,spec-020,candidate_new,,
12706176,kakao:12706176,용담지석묘 2호,https://place.map.kakao.com/12706176,spec-020,candidate_new,,
12706155,kakao:12706155,용담지석묘6호,https://place.map.kakao.com/12706155,spec-020,candidate_new,,
25726376,kakao:25726376,병문천,https://place.map.kakao.com/25726376,spec-020,candidate_new,,
17353096,kakao:17353096,터미널관광정보센터,https://place.map.kakao.com/17353096,spec-020,candidate_new,,
1595934787,kakao:1595934787,농은거사전영준기념비,https://place.map.kakao.com/1595934787,spec-020,candidate_new,,
965883722,kakao:965883722,바운스슈퍼파크 제주센터,https://place.map.kakao.com/965883722,spec-020,candidate_new,,
8067332,kakao:8067332,제13회 전국체전기념탑,https://place.map.kakao.com/8067332,spec-020,candidate_new,,
10702072,kakao:10702072,우정의다짐탑,https://place.map.kakao.com/10702072,spec-020,candidate_new,,
1562735676,kakao:1562735676,사상양공헌수선정비,https://place.map.kakao.com/1562735676,spec-020,candidate_new,,
8067491,kakao:8067491,제주카페거리,https://place.map.kakao.com/8067491,spec-020,candidate_new,,
904536728,kakao:904536728,제주웰컴센터,https://place.map.kakao.com/904536728,spec-020,existing_ready,3066924,spec-021:matched_existing
12710902,kakao:12710902,용담동선사무덤유적,https://place.map.kakao.com/12710902,spec-020,candidate_new,,
1308773403,kakao:1308773403,"김기옥, 홍윤복, 홍순오 추모비",https://place.map.kakao.com/1308773403,spec-020,candidate_new,,
539339998,kakao:539339998,하리보 해피월드,https://place.map.kakao.com/539339998,spec-020,existing_ready,4060957,spec-021:matched_existing
861100968,kakao:861100968,수근연대,https://place.map.kakao.com/861100968,spec-020,candidate_new,,
1309949647,kakao:1309949647,제주북부예비검속희생자 위령비,https://place.map.kakao.com/1309949647,spec-020,candidate_new,,
1681787975,kakao:1681787975,탐라원,https://place.map.kakao.com/1681787975,spec-020,candidate_new,,
995984305,kakao:995984305,제주국제공항 공항전망대,https://place.map.kakao.com/995984305,spec-020,candidate_new,,
1309532343,kakao:1309532343,도남동 4.3희생자 위령비,https://place.map.kakao.com/1309532343,spec-020,candidate_new,,
21811778,kakao:21811778,누웨마루거리,https://place.map.kakao.com/21811778,spec-020,existing_ready,3056279,spec-021:matched_existing
8513748,kakao:8513748,제주도관광협회 종합안내센터 제주국제공항 국내선,https://place.map.kakao.com/8513748,spec-020,candidate_new,,
885265884,kakao:885265884,"용담지석묘 3호,4호",https://place.map.kakao.com/885265884,spec-020,candidate_new,,
11154850,kakao:11154850,오라지석묘 1호,https://place.map.kakao.com/11154850,spec-020,candidate_new,,
17807680,kakao:17807680,삼무공원 배두리오름,https://place.map.kakao.com/17807680,spec-020,candidate_new,,
22416165,kakao:22416165,제주국제공항 종합안내센터,https://place.map.kakao.com/22416165,spec-020,candidate_new,,
10659776,kakao:10659776,연대,https://place.map.kakao.com/10659776,spec-020,candidate_new,,
1256565713,kakao:1256565713,KBS제주 9.15순직방송인 추모비,https://place.map.kakao.com/1256565713,spec-020,candidate_new,,
1209720636,kakao:1209720636,몰래물,https://place.map.kakao.com/1209720636,spec-020,candidate_new,,
25730861,kakao:25730861,한천,https://place.map.kakao.com/25730861,spec-020,candidate_new,,
11043050,kakao:11043050,가삿기오름,https://place.map.kakao.com/11043050,spec-020,existing_ready,1884521,spec-021:terra-same-place
2045475997,kakao:2045475997,파라다이스카지노 안내데스크 제주국제공항,https://place.map.kakao.com/2045475997,spec-020,candidate_new,,
1266227132,kakao:1266227132,오라리 방화사건 현장,https://place.map.kakao.com/1266227132,spec-020,candidate_new,,
10306072,kakao:10306072,도저굴,https://place.map.kakao.com/10306072,spec-020,candidate_new,,
20280950,kakao:20280950,제주올레 제주국제공항안내소,https://place.map.kakao.com/20280950,spec-020,candidate_new,,
1310137372,kakao:1310137372,도령마루,https://place.map.kakao.com/1310137372,spec-020,candidate_new,,
1129391821,kakao:1129391821,제주관광협회 종합안내센터 제주국제공항,https://place.map.kakao.com/1129391821,spec-020,candidate_new,,
488384917,kakao:488384917,드림타워카지노 안내데스크 제주국제공항,https://place.map.kakao.com/488384917,spec-020,candidate_new,,
1613697387,kakao:1613697387,제주국제공항 프리미엄컨시어지서비스센터,https://place.map.kakao.com/1613697387,spec-020,candidate_new,,
198238243,kakao:198238243,제주국제공항 제주특별자치도관광협회,https://place.map.kakao.com/198238243,spec-020,candidate_new,,
1662135706,kakao:1662135706,오라동4.3길센터,https://place.map.kakao.com/1662135706,spec-020,candidate_new,,
377709627,kakao:377709627,제주국제공항 랜딩카지노,https://place.map.kakao.com/377709627,spec-020,candidate_new,,
25725611,kakao:25725611,독사천,https://place.map.kakao.com/25725611,spec-020,candidate_new,,
1084989638,kakao:1084989638,제주관광 안내데스크 제주국제공항,https://place.map.kakao.com/1084989638,spec-020,candidate_new,,
19167379,kakao:19167379,문연사 조설대,https://place.map.kakao.com/19167379,spec-020,candidate_new,,
8316764,kakao:8316764,민오름,https://place.map.kakao.com/8316764,spec-020,candidate_new,,
236301694,kakao:236301694,방사탑,https://place.map.kakao.com/236301694,spec-020,candidate_new,,
2076201437,kakao:2076201437,지크이엑스,https://place.map.kakao.com/2076201437,spec-020,candidate_new,,
11276760,kakao:11276760,병문천,https://place.map.kakao.com/11276760,spec-020,candidate_new,,
17557698,kakao:17557698,미카형증기기관차304호,https://place.map.kakao.com/17557698,spec-020,candidate_new,,
15919502,kakao:15919502,오등감귤체험관광농원,https://place.map.kakao.com/15919502,spec-020,candidate_new,,
26502713,kakao:26502713,제주관광정보센터,https://place.map.kakao.com/26502713,spec-020,candidate_new,,
1693764425,kakao:1693764425,제주 종합관광안내센터,https://place.map.kakao.com/1693764425,spec-020,candidate_new,,
147237080,kakao:147237080,오라동망배단,https://place.map.kakao.com/147237080,spec-020,candidate_new,,
1946633544,kakao:1946633544,선달뱅듸,https://place.map.kakao.com/1946633544,spec-020,candidate_new,,
12710908,kakao:12710908,문경공고조기묘,https://place.map.kakao.com/12710908,spec-020,candidate_new,,
11350729,kakao:11350729,티엘씨레저,https://place.map.kakao.com/11350729,spec-020,candidate_new,,
25726827,kakao:25726827,산지천,https://place.map.kakao.com/25726827,spec-020,candidate_new,,
24022939,kakao:24022939,구산,https://place.map.kakao.com/24022939,spec-020,candidate_new,,
1365345636,kakao:1365345636,몰래물마을 방사탑 1호,https://place.map.kakao.com/1365345636,spec-020,candidate_new,,
802043610,kakao:802043610,헤븐,https://place.map.kakao.com/802043610,spec-020,candidate_new,,
12747490,kakao:12747490,몰래물마을 방사탑 2호,https://place.map.kakao.com/12747490,spec-020,candidate_new,,
544722148,kakao:544722148,연동관광안내소,https://place.map.kakao.com/544722148,spec-020,candidate_new,,
13723904,kakao:13723904,사수동약수물,https://place.map.kakao.com/13723904,spec-020,candidate_new,,
21059447,kakao:21059447,신화의거리,https://place.map.kakao.com/21059447,spec-020,candidate_new,,
1566739723,kakao:1566739723,히어로플레이파크 제주점,https://place.map.kakao.com/1566739723,spec-020,candidate_new,,
17880032,kakao:17880032,파라다이스카지노 메종글래드제주점,https://place.map.kakao.com/17880032,spec-020,candidate_new,,
25731303,kakao:25731303,흘천,https://place.map.kakao.com/25731303,spec-020,candidate_new,,
581695647,kakao:581695647,도두동무지개해안도로,https://place.map.kakao.com/581695647,spec-020,existing_ready,2714306,spec-021:matched_existing
25731302,kakao:25731302,흘천,https://place.map.kakao.com/25731302,spec-020,candidate_new,,
7834621,kakao:7834621,도두봉,https://place.map.kakao.com/7834621,spec-020,existing_ready,2738665,spec-021:matched_existing
8453959,kakao:8453959,오드싱오름,https://place.map.kakao.com/8453959,spec-020,candidate_new,,
25731304,kakao:25731304,흘천,https://place.map.kakao.com/25731304,spec-020,candidate_new,,
25725613,kakao:25725613,독사천,https://place.map.kakao.com/25725613,spec-020,candidate_new,,
8011701,kakao:8011701,오구시오름,https://place.map.kakao.com/8011701,spec-020,candidate_new,,
25321577,kakao:25321577,오등봉,https://place.map.kakao.com/25321577,spec-020,candidate_new,,
8641180,kakao:8641180,한라수목원,https://place.map.kakao.com/8641180,spec-020,existing_ready,127514,spec-021:matched_existing
8552559,kakao:8552559,이호테우해수욕장,https://place.map.kakao.com/8552559,spec-020,existing_ready,126448,spec-021:matched_existing
8215394,kakao:8215394,부림온천,https://place.map.kakao.com/8215394,spec-020,candidate_new,,
18973443,kakao:18973443,제주유배길 면암유배길,https://place.map.kakao.com/18973443,spec-020,candidate_new,,
71632925,kakao:71632925,도두봉 키세스존,https://place.map.kakao.com/71632925,spec-020,candidate_new,,
597476263,kakao:597476263,엘티엔터테인먼트 LT카지노,https://place.map.kakao.com/597476263,spec-020,candidate_new,,
1682177963,kakao:1682177963,테마파크툰,https://place.map.kakao.com/1682177963,spec-020,candidate_new,,
1141154122,kakao:1141154122,오래물광장,https://place.map.kakao.com/1141154122,spec-020,candidate_new,,
7973783,kakao:7973783,신비의도로,https://place.map.kakao.com/7973783,spec-020,existing_ready,2704353,spec-021:matched_existing
836599965,kakao:836599965,수목원테마파크 수목원길,https://place.map.kakao.com/836599965,spec-020,candidate_new,,
1970325607,kakao:1970325607,제주대벚꽃길,https://place.map.kakao.com/1970325607,spec-020,existing_ready,2606696,spec-021:matched_existing
17577094,kakao:17577094,한라수목원 화목원,https://place.map.kakao.com/17577094,spec-020,candidate_new,,
1649727732,kakao:1649727732,오래물,https://place.map.kakao.com/1649727732,spec-020,candidate_new,,
25193943,kakao:25193943,남짓은오름 (폐쇄),https://place.map.kakao.com/25193943,spec-020,candidate_new,,
25181898,kakao:25181898,광이오름,https://place.map.kakao.com/25181898,spec-020,candidate_new,,
1984831338,kakao:1984831338,돈키쥬쥬,https://place.map.kakao.com/1984831338,spec-020,candidate_new,,
7892251,kakao:7892251,병문천,https://place.map.kakao.com/7892251,spec-020,candidate_new,,
13723882,kakao:13723882,도두추억애거리,https://place.map.kakao.com/13723882,spec-020,candidate_new,,
8013484,kakao:8013484,광산김씨열녀문,https://place.map.kakao.com/8013484,spec-020,candidate_new,,
13323388,kakao:13323388,알작지해변,https://place.map.kakao.com/13323388,spec-020,existing_ready,2740135,spec-021:terra-same-place
2118917029,kakao:2118917029,핑크해안도로,https://place.map.kakao.com/2118917029,spec-020,candidate_new,,
1790267297,kakao:1790267297,정실본향당,https://place.map.kakao.com/1790267297,spec-020,candidate_new,,
14572409,kakao:14572409,방선문 계곡,https://place.map.kakao.com/14572409,spec-020,candidate_new,,
11053768,kakao:11053768,산천단,https://place.map.kakao.com/11053768,spec-020,candidate_new,,
17581487,kakao:17581487,한라수목원 수생식물원,https://place.map.kakao.com/17581487,spec-020,candidate_new,,
1301274074,kakao:1301274074,공공디자인아트,https://place.map.kakao.com/1301274074,spec-020,candidate_new,,
1723793918,kakao:1723793918,치유의 숲,https://place.map.kakao.com/1723793918,spec-020,existing_ready,4061120,spec-021:matched_existing
12601986,kakao:12601986,방선문,https://place.map.kakao.com/12601986,spec-020,existing_ready,126468,spec-021:matched_existing
17573657,kakao:17573657,한라수목원 만목원,https://place.map.kakao.com/17573657,spec-020,candidate_new,,
1851061731,kakao:1851061731,몽돌해변,https://place.map.kakao.com/1851061731,spec-020,candidate_new,,
8170465,kakao:8170465,검은오름,https://place.map.kakao.com/8170465,spec-020,candidate_new,,
17581719,kakao:17581719,한라수목원 잔디광장,https://place.map.kakao.com/17581719,spec-020,candidate_new,,
1307676391,kakao:1307676391,잃어버린 마을 죽성 큰가름,https://place.map.kakao.com/1307676391,spec-020,candidate_new,,
996030876,kakao:996030876,평화의소녀상,https://place.map.kakao.com/996030876,spec-020,candidate_new,,
13147665,kakao:13147665,월대천,https://place.map.kakao.com/13147665,spec-020,candidate_new,,
8676017,kakao:8676017,권제오름,https://place.map.kakao.com/8676017,spec-020,candidate_new,,
1306740757,kakao:1306740757,잃어버린 마을 웃인다라,https://place.map.kakao.com/1306740757,spec-020,candidate_new,,
10165834,kakao:10165834,제주 산천단 곰솔 군,https://place.map.kakao.com/10165834,spec-020,existing_ready,126461,spec-021:matched_existing
7925330,kakao:7925330,상여오름,https://place.map.kakao.com/7925330,spec-020,candidate_new,,
25730521,kakao:25730521,토천,https://place.map.kakao.com/25730521,spec-020,candidate_new,,
1307528178,kakao:1307528178,잃어버린 마을 죽성 새가름,https://place.map.kakao.com/1307528178,spec-020,candidate_new,,
25731305,kakao:25731305,흘천,https://place.map.kakao.com/25731305,spec-020,candidate_new,,
7891006,kakao:7891006,방일봉,https://place.map.kakao.com/7891006,spec-020,candidate_new,,
8656427,kakao:8656427,홍샘이동산,https://place.map.kakao.com/8656427,spec-020,candidate_new,,
1258658929,kakao:1258658929,문원공원,https://place.map.kakao.com/1258658929,spec-020,candidate_new,,
807396775,kakao:807396775,편백나무숲,https://place.map.kakao.com/807396775,spec-020,candidate_new,,
1307413349,kakao:1307413349,잃어버린 마을 죽성 새장밧,https://place.map.kakao.com/1307413349,spec-020,candidate_new,,
17580301,kakao:17580301,한라 수목원 관목원,https://place.map.kakao.com/17580301,spec-020,candidate_new,,
531281780,kakao:531281780,제주고등학교 중농탑,https://place.map.kakao.com/531281780,spec-020,candidate_new,,
11293209,kakao:11293209,공덕비,https://place.map.kakao.com/11293209,spec-020,candidate_new,,
25729361,kakao:25729361,이호천,https://place.map.kakao.com/25729361,spec-020,candidate_new,,
12747507,kakao:12747507,골왓마을방사탑 2호,https://place.map.kakao.com/12747507,spec-020,candidate_new,,
25051440,kakao:25051440,제주양씨열녀비,https://place.map.kakao.com/25051440,spec-020,candidate_new,,
8297242,kakao:8297242,눈오름,https://place.map.kakao.com/8297242,spec-020,candidate_new,,
17578680,kakao:17578680,카카오오름,https://place.map.kakao.com/17578680,spec-020,candidate_new,,
8049731,kakao:8049731,이호천,https://place.map.kakao.com/8049731,spec-020,candidate_new,,
24022940,kakao:24022940,소산봉,https://place.map.kakao.com/24022940,spec-020,candidate_new,,
27087359,kakao:27087359,아라동역사문화탐방로 2코스,https://place.map.kakao.com/27087359,spec-020,candidate_new,,
12747489,kakao:12747489,골왓마을방사탑 4호,https://place.map.kakao.com/12747489,spec-020,candidate_new,,
25729759,kakao:25729759,조천,https://place.map.kakao.com/25729759,spec-020,candidate_new,,
10167891,kakao:10167891,곤베물도,https://place.map.kakao.com/10167891,spec-020,candidate_new,,
849689401,kakao:849689401,골왓마을방사탑 5호,https://place.map.kakao.com/849689401,spec-020,candidate_new,,
8457621,kakao:8457621,송덕비,https://place.map.kakao.com/8457621,spec-020,candidate_new,,
1572490170,kakao:1572490170,돌하르방,https://place.map.kakao.com/1572490170,spec-020,candidate_new,,
17576368,kakao:17576368,제주러브랜드 옥문관,https://place.map.kakao.com/17576368,spec-020,existing_ready,128556,spec-021:matched_existing
1307341722,kakao:1307341722,문형순 서장 묘,https://place.map.kakao.com/1307341722,spec-020,candidate_new,,
12747501,kakao:12747501,골왓마을방사탑 3호,https://place.map.kakao.com/12747501,spec-020,candidate_new,,
461556597,kakao:461556597,맹강물,https://place.map.kakao.com/461556597,spec-020,candidate_new,,
1707059596,kakao:1707059596,내도바당길,https://place.map.kakao.com/1707059596,spec-020,candidate_new,,
13723871,kakao:13723871,외도월대,https://place.map.kakao.com/13723871,spec-020,candidate_new,,
17576100,kakao:17576100,제주러브랜드 도깨비광장,https://place.map.kakao.com/17576100,spec-020,candidate_new,,
12747496,kakao:12747496,골왓마을방사탑 1호,https://place.map.kakao.com/12747496,spec-020,candidate_new,,
10629600,kakao:10629600,오탑,https://place.map.kakao.com/10629600,spec-020,candidate_new,,
8217223,kakao:8217223,궝망동산,https://place.map.kakao.com/8217223,spec-020,candidate_new,,
131180741,kakao:131180741,내도동방사탑,https://place.map.kakao.com/131180741,spec-020,candidate_new,,
1835134800,kakao:1835134800,제주대학교 아라캠퍼스 연못,https://place.map.kakao.com/1835134800,spec-020,candidate_new,,
17576071,kakao:17576071,제주러브랜드 퍼포먼스광장,https://place.map.kakao.com/17576071,spec-020,candidate_new,,
25729037,kakao:25729037,원장천,https://place.map.kakao.com/25729037,spec-020,candidate_new,,
461315047,kakao:461315047,덕지물,https://place.map.kakao.com/461315047,spec-020,candidate_new,,
25729036,kakao:25729036,원장천,https://place.map.kakao.com/25729036,spec-020,candidate_new,,
12771784,kakao:12771784,무신도,https://place.map.kakao.com/12771784,spec-020,candidate_new,,
7953866,kakao:7953866,삼의악오름,https://place.map.kakao.com/7953866,spec-020,existing_ready,1941153,spec-021:matched_existing
25729039,kakao:25729039,원장천,https://place.map.kakao.com/25729039,spec-020,candidate_new,,
15441131,kakao:15441131,담화헌오픈스튜디오,https://place.map.kakao.com/15441131,spec-020,candidate_new,,
25726826,kakao:25726826,산지천,https://place.map.kakao.com/25726826,spec-020,candidate_new,,
7937896,kakao:7937896,섯가물개,https://place.map.kakao.com/7937896,spec-020,candidate_new,,
223528765,kakao:223528765,첨단도시숲,https://place.map.kakao.com/223528765,spec-020,candidate_new,,
8110258,kakao:8110258,큰내도,https://place.map.kakao.com/8110258,spec-020,candidate_new,,
8262407,kakao:8262407,독지검립공덕비,https://place.map.kakao.com/8262407,spec-020,candidate_new,,
7837965,kakao:7837965,도근천,https://place.map.kakao.com/7837965,spec-020,candidate_new,,
1955230491,kakao:1955230491,미니제주도,https://place.map.kakao.com/1955230491,spec-020,candidate_new,,
8696258,kakao:8696258,화북천,https://place.map.kakao.com/8696258,spec-020,candidate_new,,
849053787,kakao:849053787,한라산신제단,https://place.map.kakao.com/849053787,spec-020,candidate_new,,
571097406,kakao:571097406,벵듸포제단,https://place.map.kakao.com/571097406,spec-020,candidate_new,,
7836830,kakao:7836830,도근천,https://place.map.kakao.com/7836830,spec-020,candidate_new,,
25728179,kakao:25728179,어시천,https://place.map.kakao.com/25728179,spec-020,candidate_new,,
1771856676,kakao:1771856676,신비의도로,https://place.map.kakao.com/1771856676,spec-020,candidate_new,,
7899492,kakao:7899492,보호수,https://place.map.kakao.com/7899492,spec-020,candidate_new,,
8150948,kakao:8150948,해송,https://place.map.kakao.com/8150948,spec-020,candidate_new,,
17990587,kakao:17990587,카카오 생태연못,https://place.map.kakao.com/17990587,spec-020,candidate_new,,
620685929,kakao:620685929,절물용천수,https://place.map.kakao.com/620685929,spec-020,candidate_new,,
7940279,kakao:7940279,서삼봉,https://place.map.kakao.com/7940279,spec-020,candidate_new,,
18742637,kakao:18742637,삼의봉,https://place.map.kakao.com/18742637,spec-020,candidate_new,,
24022943,kakao:24022943,당동산,https://place.map.kakao.com/24022943,spec-020,candidate_new,,
25728178,kakao:25728178,어시천,https://place.map.kakao.com/25728178,spec-020,candidate_new,,
10840693,kakao:10840693,추모비,https://place.map.kakao.com/10840693,spec-020,candidate_new,,
25724119,kakao:25724119,광령천,https://place.map.kakao.com/25724119,spec-020,candidate_new,,
1704440798,kakao:1704440798,무수천트멍길,https://place.map.kakao.com/1704440798,spec-020,candidate_new,,
13725587,kakao:13725587,무수천숲길,https://place.map.kakao.com/13725587,spec-020,candidate_new,,
2002781822,kakao:2002781822,메밀꽃밭,https://place.map.kakao.com/2002781822,spec-020,candidate_new,,
25724117,kakao:25724117,광령천,https://place.map.kakao.com/25724117,spec-020,candidate_new,,
1566599841,kakao:1566599841,감자남밧,https://place.map.kakao.com/1566599841,spec-020,candidate_new,,
12706215,kakao:12706215,외도지석묘 1호,https://place.map.kakao.com/12706215,spec-020,candidate_new,,
1595678197,kakao:1595678197,사상윤공구동휼민선정비,https://place.map.kakao.com/1595678197,spec-020,candidate_new,,
1003903131,kakao:1003903131,외도 고비,https://place.map.kakao.com/1003903131,spec-020,candidate_new,,
27087339,kakao:27087339,아라동역사문화탐방로 1코스,https://place.map.kakao.com/27087339,spec-020,candidate_new,,
12706214,kakao:12706214,외도지석묘 2호,https://place.map.kakao.com/12706214,spec-020,candidate_new,,
8229121,kakao:8229121,고인돌,https://place.map.kakao.com/8229121,spec-020,candidate_new,,
7944951,kakao:7944951,선물도,https://place.map.kakao.com/7944951,spec-020,candidate_new,,
1258365840,kakao:1258365840,선우중태 순직지지/홍두현 순직지지,https://place.map.kakao.com/1258365840,spec-020,candidate_new,,
8499806,kakao:8499806,열안지오름,https://place.map.kakao.com/8499806,spec-020,existing_ready,1925366,spec-021:matched_existing
27070769,kakao:27070769,광령계곡,https://place.map.kakao.com/27070769,spec-020,candidate_new,,
12706183,kakao:12706183,외도지석묘 5호,https://place.map.kakao.com/12706183,spec-020,candidate_new,,
12706206,kakao:12706206,외도지석묘 3호,https://place.map.kakao.com/12706206,spec-020,candidate_new,,
12706192,kakao:12706192,외도지석묘 4호,https://place.map.kakao.com/12706192,spec-020,candidate_new,,
8341417,kakao:8341417,들위오름,https://place.map.kakao.com/8341417,spec-020,candidate_new,,
8536098,kakao:8536098,장작울동산,https://place.map.kakao.com/8536098,spec-020,candidate_new,,
25726585,kakao:25726585,부록천,https://place.map.kakao.com/25726585,spec-020,candidate_new,,
1241481323,kakao:1241481323,잃어버린 마을 리생이,https://place.map.kakao.com/1241481323,spec-020,candidate_new,,
25728180,kakao:25728180,어시천,https://place.map.kakao.com/25728180,spec-020,candidate_new,,
18055891,kakao:18055891,브이패스,https://place.map.kakao.com/18055891,spec-020,candidate_new,,
17575012,kakao:17575012,관음사 일주문,https://place.map.kakao.com/17575012,spec-020,candidate_new,,
17566915,kakao:17566915,관음사 사천왕문,https://place.map.kakao.com/17566915,spec-020,candidate_new,,
513058848,kakao:513058848,관음사 왕벚나무 자생지,https://place.map.kakao.com/513058848,spec-020,candidate_new,,
17570202,kakao:17570202,관음사 범종각,https://place.map.kakao.com/17570202,spec-020,candidate_new,,
25197241,kakao:25197241,노루손이오름,https://place.map.kakao.com/25197241,spec-020,candidate_new,,
8385072,kakao:8385072,밝은오름,https://place.map.kakao.com/8385072,spec-020,candidate_new,,
647047240,kakao:647047240,베트남참전위령탑,https://place.map.kakao.com/647047240,spec-020,candidate_new,,
1377229119,kakao:1377229119,특전사충혼비,https://place.map.kakao.com/1377229119,spec-020,candidate_new,,
683394986,kakao:683394986,베트남참전위령탑 고 송서규대령 동상,https://place.map.kakao.com/683394986,spec-020,candidate_new,,
228268846,kakao:228268846,구분동산,https://place.map.kakao.com/228268846,spec-020,candidate_new,,
8077552,kakao:8077552,진소도,https://place.map.kakao.com/8077552,spec-020,candidate_new,,
8044614,kakao:8044614,일불동산,https://place.map.kakao.com/8044614,spec-020,candidate_new,,
647062572,kakao:647062572,고 송서규대령동상,https://place.map.kakao.com/647062572,spec-020,candidate_new,,
1909573726,kakao:1909573726,한라산국립공원 _관음사1,https://place.map.kakao.com/1909573726,spec-020,candidate_new,,
1682675563,kakao:1682675563,한라산국립공원 _관음사4,https://place.map.kakao.com/1682675563,spec-020,candidate_new,,
763236155,kakao:763236155,한라산국립공원 _관음사2,https://place.map.kakao.com/763236155,spec-020,candidate_new,,
911875142,kakao:911875142,한라산국립공원 _관음사5,https://place.map.kakao.com/911875142,spec-020,candidate_new,,
11426355,kakao:11426355,한라생태숲,https://place.map.kakao.com/11426355,spec-020,existing_ready,802844,spec-021:matched_existing
27012212,kakao:27012212,제주축산생명연구원 제주마 방목지,https://place.map.kakao.com/27012212,spec-020,existing_ready,637212,spec-021:matched_existing
25051219,kakao:25051219,숫모르숲길,https://place.map.kakao.com/25051219,spec-020,existing_ready,3037574,spec-021:final-same-place
10129920,kakao:10129920,거친오름,https://place.map.kakao.com/10129920,spec-020,candidate_new,,
1971963910,kakao:1971963910,한라산둘레길 안내센터,https://place.map.kakao.com/1971963910,spec-020,candidate_new,,
17583340,kakao:17583340,한라생태숲 수생식물원,https://place.map.kakao.com/17583340,spec-020,candidate_new,,
12721368,kakao:12721368,제주 봉개동 왕벚나무 자생지,https://place.map.kakao.com/12721368,spec-020,candidate_new,,
17582105,kakao:17582105,한라생태숲 목련총림,https://place.map.kakao.com/17582105,spec-020,candidate_new,,
25174790,kakao:25174790,걸쇠오름,https://place.map.kakao.com/25174790,spec-020,candidate_new,,
25725542,kakao:25725542,도근천,https://place.map.kakao.com/25725542,spec-020,candidate_new,,
27469755,kakao:27469755,노루생태관찰원 생태연못,https://place.map.kakao.com/27469755,spec-020,candidate_new,,
8078733,kakao:8078733,진물굼부리,https://place.map.kakao.com/8078733,spec-020,candidate_new,,
8067359,kakao:8067359,절물자연휴양림,https://place.map.kakao.com/8067359,spec-020,existing_ready,127479,spec-021:matched_existing
554891021,kakao:554891021,제주시 절물 무장애나눔숲,https://place.map.kakao.com/554891021,spec-020,candidate_new,,
106327656,kakao:106327656,사려니숲,https://place.map.kakao.com/106327656,spec-020,candidate_new,,
241119078,kakao:241119078,절물오름,https://place.map.kakao.com/241119078,spec-020,candidate_new,,
7879348,kakao:7879348,민오름,https://place.map.kakao.com/7879348,spec-020,candidate_new,,
11622080,kakao:11622080,제주삼나무길,https://place.map.kakao.com/11622080,spec-020,candidate_new,,
20673190,kakao:20673190,절물자연휴양림 장생의숲길,https://place.map.kakao.com/20673190,spec-020,existing_ready,3038479,spec-021:terra-same-place
7937029,kakao:7937029,개월이오름,https://place.map.kakao.com/7937029,spec-020,existing_ready,1889809,spec-021:final-same-place
1314532155,kakao:1314532155,사려니숲길 탐방안내소,https://place.map.kakao.com/1314532155,spec-020,candidate_new,,
10424248,kakao:10424248,물장오리,https://place.map.kakao.com/10424248,spec-020,candidate_new,,
922530559,kakao:922530559,장생의숲길 전망대,https://place.map.kakao.com/922530559,spec-020,candidate_new,,
17582076,kakao:17582076,절물자연휴양림 새우란공원,https://place.map.kakao.com/17582076,spec-020,candidate_new,,
8382357,kakao:8382357,성진이오름,https://place.map.kakao.com/8382357,spec-020,candidate_new,,
25361139,kakao:25361139,족은절물오름,https://place.map.kakao.com/25361139,spec-020,candidate_new,,
18097562,kakao:18097562,절물자연휴양림 안내데스크,https://place.map.kakao.com/18097562,spec-020,candidate_new,,
241140467,kakao:241140467,샛개월이,https://place.map.kakao.com/241140467,spec-020,candidate_new,,
8060959,kakao:8060959,한라산 절물오름(족은대나),https://place.map.kakao.com/8060959,spec-020,candidate_new,,
10789590,kakao:10789590,족은개오리,https://place.map.kakao.com/10789590,spec-020,candidate_new,,
17576603,kakao:17576603,절물자연휴양림 연못,https://place.map.kakao.com/17576603,spec-020,candidate_new,,
17782147,kakao:17782147,샛개오리,https://place.map.kakao.com/17782147,spec-020,candidate_new,,
1772974810,kakao:1772974810,약수터,https://place.map.kakao.com/1772974810,spec-020,candidate_new,,
1231709554,kakao:1231709554,너나들이길,https://place.map.kakao.com/1231709554,spec-020,candidate_new,,
241130911,kakao:241130911,족은개월이,https://place.map.kakao.com/241130911,spec-020,candidate_new,,
8109792,kakao:8109792,테역장오리,https://place.map.kakao.com/8109792,spec-020,candidate_new,,
18514310,kakao:18514310,제주도,https://place.map.kakao.com/18514310,spec-020,candidate_new,,
1196882951,kakao:1196882951,한라산국립공원,https://place.map.kakao.com/1196882951,spec-020,candidate_new,,
11283937,kakao:11283937,탐라계곡,https://place.map.kakao.com/11283937,spec-020,candidate_new,,
234968820,kakao:234968820,왕관릉,https://place.map.kakao.com/234968820,spec-020,candidate_new,,
8023625,kakao:8023625,한라산 왕관릉(왕관바위),https://place.map.kakao.com/8023625,spec-020,candidate_new,,
7833931,kakao:7833931,돌오름,https://place.map.kakao.com/7833931,spec-020,candidate_new,,
27194575,kakao:27194575,용진각,https://place.map.kakao.com/27194575,spec-020,candidate_new,,
8180841,kakao:8180841,흙붉은오름,https://place.map.kakao.com/8180841,spec-020,candidate_new,,
1951990803,kakao:1951990803,한라산,https://place.map.kakao.com/1951990803,spec-020,candidate_new,,
10920338,kakao:10920338,한천,https://place.map.kakao.com/10920338,spec-020,candidate_new,,
7984402,kakao:7984402,살손장오리,https://place.map.kakao.com/7984402,spec-020,candidate_new,,
234999276,kakao:234999276,불칸디오름,https://place.map.kakao.com/234999276,spec-020,candidate_new,,
21627094,kakao:21627094,한라산국립공원 관음사탐방로,https://place.map.kakao.com/21627094,spec-020,candidate_new,,
21627162,kakao:21627162,한라산국립공원 석굴암탐방로,https://place.map.kakao.com/21627162,spec-020,candidate_new,,
528568723,kakao:528568723,국립제주호국원 현충탑,https://place.map.kakao.com/528568723,spec-020,candidate_new,,
25179216,kakao:25179216,골머리오름,https://place.map.kakao.com/25179216,spec-020,candidate_new,,
8600804,kakao:8600804,한천,https://place.map.kakao.com/8600804,spec-020,candidate_new,,
10276903,kakao:10276903,능화오름,https://place.map.kakao.com/10276903,spec-020,candidate_new,,
15149908,kakao:15149908,한밝저수지,https://place.map.kakao.com/15149908,spec-020,candidate_new,,
7939328,kakao:7939328,선녀폭포,https://place.map.kakao.com/7939328,spec-020,candidate_new,,
8307801,kakao:8307801,물허벅여인상,https://place.map.kakao.com/8307801,spec-020,candidate_new,,
226444204,kakao:226444204,개미목,https://place.map.kakao.com/226444204,spec-020,candidate_new,,
15166602,kakao:15166602,한라산 샘터,https://place.map.kakao.com/15166602,spec-020,candidate_new,,
10574639,kakao:10574639,어승생,https://place.map.kakao.com/10574639,spec-020,existing_ready,127202,spec-021:terra-same-place
27076163,kakao:27076163,한라산국립공원 어승생악탐방로,https://place.map.kakao.com/27076163,spec-020,candidate_new,,
21025370,kakao:21025370,한라산 어리목탐방지원센터,https://place.map.kakao.com/21025370,spec-020,existing_ready,2858291,spec-021:final-same-place
483139852,kakao:483139852,어리목광장,https://place.map.kakao.com/483139852,spec-020,candidate_new,,
460492337,kakao:460492337,제주 어승생악 일제동굴진지,https://place.map.kakao.com/460492337,spec-020,candidate_new,,
24022942,kakao:24022942,삼각봉,https://place.map.kakao.com/24022942,spec-020,candidate_new,,
15168146,kakao:15168146,한라산 어리목샘터,https://place.map.kakao.com/15168146,spec-020,candidate_new,,
8121105,kakao:8121105,한라산 큰드레큰두레왓,https://place.map.kakao.com/8121105,spec-020,candidate_new,,
1889077515,kakao:1889077515,한라산국립공원 _어리목1,https://place.map.kakao.com/1889077515,spec-020,candidate_new,,
10800349,kakao:10800349,족은두레왓,https://place.map.kakao.com/10800349,spec-020,candidate_new,,
7953151,kakao:7953151,선녀바위,https://place.map.kakao.com/7953151,spec-020,candidate_new,,
17089574,kakao:17089574,한라산 샘터,https://place.map.kakao.com/17089574,spec-020,candidate_new,,
975873140,kakao:975873140,한라산국립공원 _어리목2,https://place.map.kakao.com/975873140,spec-020,candidate_new,,
235012764,kakao:235012764,큰두레왓,https://place.map.kakao.com/235012764,spec-020,candidate_new,,
27601289,kakao:27601289,어승생제2수원지,https://place.map.kakao.com/27601289,spec-020,candidate_new,,
8659492,kakao:8659492,광령천,https://place.map.kakao.com/8659492,spec-020,candidate_new,,
7998991,kakao:7998991,약수장,https://place.map.kakao.com/7998991,spec-020,candidate_new,,
12753435,kakao:12753435,올레길 10코스(화순-모슬포 올레),https://place.map.kakao.com/12753435,spec-020,existing_ready,1839713,spec-021:terra-same-place
12753598,kakao:12753598,올레길 11코스(모슬포-무릉 올레),https://place.map.kakao.com/12753598,spec-020,existing_ready,1839727,spec-021:terra-same-place
7956367,kakao:7956367,송악산,https://place.map.kakao.com/7956367,spec-020,existing_ready,126672,spec-021:matched_existing
27254363,kakao:27254363,제주곶자왈도립공원,https://place.map.kakao.com/27254363,spec-020,existing_ready,2858467,spec-021:matched_existing
7854559,kakao:7854559,마라도,https://place.map.kakao.com/7854559,spec-020,existing_ready,126450,spec-021:matched_existing
8137083,kakao:8137083,가파도,https://place.map.kakao.com/8137083,spec-020,existing_ready,126446,spec-021:matched_existing
12753433,kakao:12753433,올레길 10-1코스(가파도 올레),https://place.map.kakao.com/12753433,spec-020,existing_ready,1841279,spec-021:terra-same-place
1143416302,kakao:1143416302,송악산둘레길,https://place.map.kakao.com/1143416302,spec-020,existing_ready,3013283,spec-021:terra-same-place
1582293512,kakao:1582293512,바다 기찻길,https://place.map.kakao.com/1582293512,spec-020,candidate_new,,
7914554,kakao:7914554,형제해안도로,https://place.map.kakao.com/7914554,spec-020,existing_ready,2742301,spec-021:terra-same-place
25047260,kakao:25047260,알뜨르비행장,https://place.map.kakao.com/25047260,spec-020,candidate_new,,
12735918,kakao:12735918,추사유배지,https://place.map.kakao.com/12735918,spec-020,existing_ready,127520,spec-021:terra-same-place
1747677716,kakao:1747677716,영락리 방파제,https://place.map.kakao.com/1747677716,spec-020,candidate_new,,
8588538,kakao:8588538,하모해변,https://place.map.kakao.com/8588538,spec-020,existing_ready,1620883,spec-021:matched_existing
8294474,kakao:8294474,대정성지,https://place.map.kakao.com/8294474,spec-020,existing_ready,2765240,spec-021:matched_existing
8306005,kakao:8306005,단산,https://place.map.kakao.com/8306005,spec-020,candidate_new,,
26920313,kakao:26920313,제주곶자왈도립공원 탐방안내소,https://place.map.kakao.com/26920313,spec-020,candidate_new,,
27052369,kakao:27052369,송악산 전망대,https://place.map.kakao.com/27052369,spec-020,existing_ready,2765237,spec-021:matched_existing
25284265,kakao:25284265,섯알오름,https://place.map.kakao.com/25284265,spec-020,existing_ready,2715651,spec-021:matched_existing
24325311,kakao:24325311,송악산 인증센터,https://place.map.kakao.com/24325311,spec-020,candidate_new,,
17805755,kakao:17805755,정난주마리아묘,https://place.map.kakao.com/17805755,spec-020,candidate_new,,
7876363,kakao:7876363,모슬봉,https://place.map.kakao.com/7876363,spec-020,candidate_new,,
14080429,kakao:14080429,제주올레11코스 공식안내소,https://place.map.kakao.com/14080429,spec-020,candidate_new,,
8433844,kakao:8433844,송악산 진지동굴,https://place.map.kakao.com/8433844,spec-020,existing_ready,2765245,spec-021:matched_existing
11163598,kakao:11163598,일과리해안도로,https://place.map.kakao.com/11163598,spec-020,candidate_new,,
2040939331,kakao:2040939331,알뜨르비행장 격납고,https://place.map.kakao.com/2040939331,spec-020,candidate_new,,
8099071,kakao:8099071,최남단비,https://place.map.kakao.com/8099071,spec-020,candidate_new,,
276928332,kakao:276928332,제주모슬포알뜨르비행장 일제 지하벙커,https://place.map.kakao.com/276928332,spec-020,candidate_new,,
1419908012,kakao:1419908012,산방산둘레길,https://place.map.kakao.com/1419908012,spec-020,candidate_new,,
13725609,kakao:13725609,섯알오름예비검속희생자추모비,https://place.map.kakao.com/13725609,spec-020,candidate_new,,
8011592,kakao:8011592,영락해안도로,https://place.map.kakao.com/8011592,spec-020,candidate_new,,
702331180,kakao:702331180,방어축제의거리,https://place.map.kakao.com/702331180,spec-020,candidate_new,,
1429766261,kakao:1429766261,제주송악산해안 일제동굴진지,https://place.map.kakao.com/1429766261,spec-020,candidate_new,,
26916292,kakao:26916292,제주송악산외륜 일제동굴진지,https://place.map.kakao.com/26916292,spec-020,candidate_new,,
1656258041,kakao:1656258041,송악산 전망대3,https://place.map.kakao.com/1656258041,spec-020,candidate_new,,
2128753833,kakao:2128753833,송악산 잔디광장,https://place.map.kakao.com/2128753833,spec-020,candidate_new,,
13725640,kakao:13725640,알뜨르비행장길,https://place.map.kakao.com/13725640,spec-020,candidate_new,,
1658864399,kakao:1658864399,송악산 전망대1,https://place.map.kakao.com/1658864399,spec-020,candidate_new,,
13725813,kakao:13725813,신평곶자왈,https://place.map.kakao.com/13725813,spec-020,candidate_new,,
16524503,kakao:16524503,제주도예촌,https://place.map.kakao.com/16524503,spec-020,existing_ready,635460,spec-021:matched_existing
705252376,kakao:705252376,가파도 소망전망대,https://place.map.kakao.com/705252376,spec-020,existing_ready,3344437,spec-021:matched_existing
164454733,kakao:164454733,대정읍성,https://place.map.kakao.com/164454733,spec-020,candidate_new,,
26916284,kakao:26916284,제주모슬포 알뜨르비행장 일제고사포진지,https://place.map.kakao.com/26916284,spec-020,candidate_new,,
1102286389,kakao:1102286389,알뜨르비행장 물탱크받침대,https://place.map.kakao.com/1102286389,spec-020,candidate_new,,
1583255736,kakao:1583255736,남문지못,https://place.map.kakao.com/1583255736,spec-020,candidate_new,,
1141364951,kakao:1141364951,백조일손지지,https://place.map.kakao.com/1141364951,spec-020,candidate_new,,
11269510,kakao:11269510,가시오름,https://place.map.kakao.com/11269510,spec-020,existing_ready,1885754,spec-021:final-same-place
13725762,kakao:13725762,가파마을 제단,https://place.map.kakao.com/13725762,spec-020,candidate_new,,
14826612,kakao:14826612,모슬봉내린길,https://place.map.kakao.com/14826612,spec-020,candidate_new,,
1658805301,kakao:1658805301,송악산 전망대2,https://place.map.kakao.com/1658805301,spec-020,candidate_new,,
8534694,kakao:8534694,장군바위,https://place.map.kakao.com/8534694,spec-020,candidate_new,,
26564428,kakao:26564428,노을해안길 1코스,https://place.map.kakao.com/26564428,spec-020,candidate_new,,
1141238827,kakao:1141238827,문형순 경찰서장 공덕비,https://place.map.kakao.com/1141238827,spec-020,candidate_new,,
1421823320,kakao:1421823320,제주 셋알오름 일제동굴진지,https://place.map.kakao.com/1421823320,spec-020,candidate_new,,
10544645,kakao:10544645,수월이못,https://place.map.kakao.com/10544645,spec-020,candidate_new,,
13725745,kakao:13725745,냇골챙이,https://place.map.kakao.com/13725745,spec-020,candidate_new,,
12728726,kakao:12728726,구억리검은굴,https://place.map.kakao.com/12728726,spec-020,candidate_new,,
1407600846,kakao:1407600846,이도종목사추모비,https://place.map.kakao.com/1407600846,spec-020,candidate_new,,
13725790,kakao:13725790,모슬봉둘레길,https://place.map.kakao.com/13725790,spec-020,candidate_new,,
12728729,kakao:12728729,구억리노랑굴,https://place.map.kakao.com/12728729,spec-020,candidate_new,,
460710966,kakao:460710966,남제주 비행기 격납고,https://place.map.kakao.com/460710966,spec-020,candidate_new,,
13725780,kakao:13725780,산이물,https://place.map.kakao.com/13725780,spec-020,candidate_new,,
7849255,kakao:7849255,동알오름,https://place.map.kakao.com/7849255,spec-020,candidate_new,,
1141533962,kakao:1141533962,제9연대 본부 옛터,https://place.map.kakao.com/1141533962,spec-020,candidate_new,,
18973447,kakao:18973447,제주유배길 추사유배길 집념의길,https://place.map.kakao.com/18973447,spec-020,candidate_new,,
12728723,kakao:12728723,신평리도요지,https://place.map.kakao.com/12728723,spec-020,candidate_new,,
2133343631,kakao:2133343631,오좌수의거비,https://place.map.kakao.com/2133343631,spec-020,candidate_new,,
13725739,kakao:13725739,장태코정자,https://place.map.kakao.com/13725739,spec-020,candidate_new,,
1239950199,kakao:1239950199,남제주 구 대정면사무소,https://place.map.kakao.com/1239950199,spec-020,candidate_new,,
19164033,kakao:19164033,추사와매화,https://place.map.kakao.com/19164033,spec-020,candidate_new,,
1426830948,kakao:1426830948,제주 모슬봉 일제군사시설,https://place.map.kakao.com/1426830948,spec-020,candidate_new,,
15149054,kakao:15149054,마라해양도립공원,https://place.map.kakao.com/15149054,spec-020,candidate_new,,
7813442,kakao:7813442,이어도,https://place.map.kakao.com/7813442,spec-020,candidate_new,,
18973446,kakao:18973446,제주유배길 추사유배길 인연의길,https://place.map.kakao.com/18973446,spec-020,candidate_new,,
12706384,kakao:12706384,하모리지석묘,https://place.map.kakao.com/12706384,spec-020,candidate_new,,
13725771,kakao:13725771,부근덕,https://place.map.kakao.com/13725771,spec-020,candidate_new,,
1141185028,kakao:1141185028,이도종 목사 기념비,https://place.map.kakao.com/1141185028,spec-020,candidate_new,,
7832617,kakao:7832617,돈두악,https://place.map.kakao.com/7832617,spec-020,candidate_new,,
974774888,kakao:974774888,개엄주리코지,https://place.map.kakao.com/974774888,spec-020,candidate_new,,
2007447100,kakao:2007447100,시계탑상가거리,https://place.map.kakao.com/2007447100,spec-020,candidate_new,,
1426688292,kakao:1426688292,제주이교동 일제군사시설,https://place.map.kakao.com/1426688292,spec-020,candidate_new,,
452145361,kakao:452145361,제주옹기 전수관,https://place.map.kakao.com/452145361,spec-020,candidate_new,,
13725792,kakao:13725792,모슬봉숲길,https://place.map.kakao.com/13725792,spec-020,candidate_new,,
8187154,kakao:8187154,고인돌,https://place.map.kakao.com/8187154,spec-020,candidate_new,,
7947601,kakao:7947601,서림연대,https://place.map.kakao.com/7947601,spec-020,candidate_new,,
11405154,kakao:11405154,웃보,https://place.map.kakao.com/11405154,spec-020,candidate_new,,
12706383,kakao:12706383,동일리지석묘 1호,https://place.map.kakao.com/12706383,spec-020,candidate_new,,
13725608,kakao:13725608,고사포진지,https://place.map.kakao.com/13725608,spec-020,candidate_new,,
1215358956,kakao:1215358956,순교자 이규석삼부자 묘,https://place.map.kakao.com/1215358956,spec-020,candidate_new,,
8235118,kakao:8235118,농남못,https://place.map.kakao.com/8235118,spec-020,candidate_new,,
1010088018,kakao:1010088018,상모리패총,https://place.map.kakao.com/1010088018,spec-020,candidate_new,,
18845211,kakao:18845211,구시흘못,https://place.map.kakao.com/18845211,spec-020,candidate_new,,
8545669,kakao:8545669,인성리방사탑1호,https://place.map.kakao.com/8545669,spec-020,candidate_new,,
11055399,kakao:11055399,봉우못,https://place.map.kakao.com/11055399,spec-020,candidate_new,,
1141133244,kakao:1141133244,구억국민학교 옛터,https://place.map.kakao.com/1141133244,spec-020,candidate_new,,
12706388,kakao:12706388,동일리지석묘 3호,https://place.map.kakao.com/12706388,spec-020,candidate_new,,
8222952,kakao:8222952,금산,https://place.map.kakao.com/8222952,spec-020,candidate_new,,
8688919,kakao:8688919,김정희유허비,https://place.map.kakao.com/8688919,spec-020,candidate_new,,
8286095,kakao:8286095,대문바위,https://place.map.kakao.com/8286095,spec-020,candidate_new,,
19164031,kakao:19164031,추사와귤,https://place.map.kakao.com/19164031,spec-020,candidate_new,,
12706386,kakao:12706386,동일리지석묘 2호,https://place.map.kakao.com/12706386,spec-020,candidate_new,,
223959062,kakao:223959062,제주대정삼의사비,https://place.map.kakao.com/223959062,spec-020,candidate_new,,
12665431,kakao:12665431,안성리돌하르방,https://place.map.kakao.com/12665431,spec-020,candidate_new,,
13725670,kakao:13725670,상동마을할망당,https://place.map.kakao.com/13725670,spec-020,candidate_new,,
2133306243,kakao:2133306243,항일애국지사강창규의비,https://place.map.kakao.com/2133306243,spec-020,candidate_new,,
1302946535,kakao:1302946535,제주 대정여자고등학교 실습실,https://place.map.kakao.com/1302946535,spec-020,candidate_new,,
10843832,kakao:10843832,충혼탑,https://place.map.kakao.com/10843832,spec-020,candidate_new,,
19157767,kakao:19157767,단산과방사탑,https://place.map.kakao.com/19157767,spec-020,candidate_new,,
12706391,kakao:12706391,일과리 지석묘,https://place.map.kakao.com/12706391,spec-020,candidate_new,,
8476537,kakao:8476537,열녀오씨문,https://place.map.kakao.com/8476537,spec-020,candidate_new,,
10753880,kakao:10753880,인성리방사탑2호,https://place.map.kakao.com/10753880,spec-020,candidate_new,,
1571168677,kakao:1571168677,상모리석상,https://place.map.kakao.com/1571168677,spec-020,candidate_new,,
2133240945,kakao:2133240945,노롱고지못,https://place.map.kakao.com/2133240945,spec-020,candidate_new,,
1120256028,kakao:1120256028,큰왕돌,https://place.map.kakao.com/1120256028,spec-020,candidate_new,,
1264231950,kakao:1264231950,선담밧 4·3성,https://place.map.kakao.com/1264231950,spec-020,candidate_new,,
12706389,kakao:12706389,동일리지석묘 4호,https://place.map.kakao.com/12706389,spec-020,candidate_new,,
1141057190,kakao:1141057190,가파국민학교 터,https://place.map.kakao.com/1141057190,spec-020,candidate_new,,
13725760,kakao:13725760,게엄주리코지,https://place.map.kakao.com/13725760,spec-020,candidate_new,,
7886961,kakao:7886961,바람바위,https://place.map.kakao.com/7886961,spec-020,candidate_new,,
19157746,kakao:19157746,동계정온유허비,https://place.map.kakao.com/19157746,spec-020,candidate_new,,
13725797,kakao:13725797,보성농로,https://place.map.kakao.com/13725797,spec-020,candidate_new,,
13725761,kakao:13725761,큰옹짓물,https://place.map.kakao.com/13725761,spec-020,candidate_new,,
1442429613,kakao:1442429613,해송길,https://place.map.kakao.com/1442429613,spec-020,candidate_new,,
8163864,kakao:8163864,효자비,https://place.map.kakao.com/8163864,spec-020,candidate_new,,
940702598,kakao:940702598,충혼비,https://place.map.kakao.com/940702598,spec-020,candidate_new,,
14794381,kakao:14794381,대정향교,https://place.map.kakao.com/14794381,spec-020,existing_ready,1621175,spec-021:matched_existing
10189257,kakao:10189257,난포거사김선생추모비,https://place.map.kakao.com/10189257,spec-020,candidate_new,,
19158155,kakao:19158155,추사와전각,https://place.map.kakao.com/19158155,spec-020,candidate_new,,
27348971,kakao:27348971,세미물,https://place.map.kakao.com/27348971,spec-020,candidate_new,,
11273772,kakao:11273772,제주산방산탄산온천,https://place.map.kakao.com/11273772,spec-020,existing_ready,128555,spec-021:matched_existing
27199017,kakao:27199017,마노르블랑,https://place.map.kakao.com/27199017,spec-020,existing_ready,3080468,spec-022:fd05-matched-existing
11055702,kakao:11055702,사계해변,https://place.map.kakao.com/11055702,spec-020,existing_ready,2715650,spec-021:matched_existing
1430733060,kakao:1430733060,산방산꽃드레,https://place.map.kakao.com/1430733060,spec-020,candidate_new,,
10706886,kakao:10706886,용머리해안,https://place.map.kakao.com/10706886,spec-020,existing_ready,228854,spec-021:matched_existing
8386141,kakao:8386141,산방산,https://place.map.kakao.com/8386141,spec-020,existing_ready,127861,spec-021:terra-same-place
14663887,kakao:14663887,사계온천,https://place.map.kakao.com/14663887,spec-020,candidate_new,,
11059651,kakao:11059651,산방산랜드,https://place.map.kakao.com/11059651,spec-020,existing_ready,2852538,spec-021:matched_existing
1611158990,kakao:1611158990,산방산 유채꽃밭,https://place.map.kakao.com/1611158990,spec-020,existing_ready,2854521,spec-021:final-same-place
1179901505,kakao:1179901505,루나폴,https://place.map.kakao.com/1179901505,spec-020,existing_ready,2940981,spec-021:matched_existing
2018685701,kakao:2018685701,산방산 유채꽃밭,https://place.map.kakao.com/2018685701,spec-020,candidate_new,,
8173573,kakao:8173573,화순금모래해수욕장,https://place.map.kakao.com/8173573,spec-020,existing_ready,126443,spec-021:matched_existing
19158157,kakao:19158157,추사와건강,https://place.map.kakao.com/19158157,spec-020,candidate_new,,
13723890,kakao:13723890,설쿰바당,https://place.map.kakao.com/13723890,spec-020,candidate_new,,
1411382510,kakao:1411382510,산방정원,https://place.map.kakao.com/1411382510,spec-020,candidate_new,,
17806435,kakao:17806435,황우치해변,https://place.map.kakao.com/17806435,spec-020,candidate_new,,
26171941,kakao:26171941,하멜기념비,https://place.map.kakao.com/26171941,spec-020,existing_ready,1620997,spec-021:matched_existing
2007760028,kakao:2007760028,플레이사계 지오단길,https://place.map.kakao.com/2007760028,spec-020,candidate_new,,
12705874,kakao:12705874,산방연대,https://place.map.kakao.com/12705874,spec-020,candidate_new,,
694278859,kakao:694278859,제주4.3 안덕 평화공원,https://place.map.kakao.com/694278859,spec-020,candidate_new,,
8161022,kakao:8161022,형제섬,https://place.map.kakao.com/8161022,spec-020,existing_ready,128793,spec-021:matched_existing
12772334,kakao:12772334,덕수리 불미공예,https://place.map.kakao.com/12772334,spec-020,candidate_new,,
1450294644,kakao:1450294644,제주올레10코스 공식안내소,https://place.map.kakao.com/1450294644,spec-020,candidate_new,,
2026295245,kakao:2026295245,용머리 응회환,https://place.map.kakao.com/2026295245,spec-020,candidate_new,,
12418108,kakao:12418108,화순 곶자왈생태탐방숲길,https://place.map.kakao.com/12418108,spec-020,existing_ready,2738730,spec-021:matched_existing
1270449073,kakao:1270449073,사계리수국길,https://place.map.kakao.com/1270449073,spec-020,candidate_new,,
8103401,kakao:8103401,충혼비,https://place.map.kakao.com/8103401,spec-020,candidate_new,,
11056392,kakao:11056392,썩은다리,https://place.map.kakao.com/11056392,spec-020,candidate_new,,
18973445,kakao:18973445,제주유배길 추사유배길사색의길,https://place.map.kakao.com/18973445,spec-020,candidate_new,,
13723869,kakao:13723869,퇴적암지대,https://place.map.kakao.com/13723869,spec-020,candidate_new,,
992205993,kakao:992205993,산방산 용암돔,https://place.map.kakao.com/992205993,spec-020,candidate_new,,
17580445,kakao:17580445,제주 조각공원 전망대,https://place.map.kakao.com/17580445,spec-020,candidate_new,,
11330871,kakao:11330871,소인국테마파크,https://place.map.kakao.com/11330871,spec-020,existing_ready,2707930,spec-021:matched_existing
1084814046,kakao:1084814046,남제주 나누리파크,https://place.map.kakao.com/1084814046,spec-020,candidate_new,,
27300831,kakao:27300831,덕수리전통민속축제,https://place.map.kakao.com/27300831,spec-020,candidate_new,,
621285201,kakao:621285201,곶바구리,https://place.map.kakao.com/621285201,spec-020,candidate_new,,
19164012,kakao:19164012,추사와아호,https://place.map.kakao.com/19164012,spec-020,candidate_new,,
779183673,kakao:779183673,팽나무 보호수,https://place.map.kakao.com/779183673,spec-020,candidate_new,,
8001026,kakao:8001026,안덕계곡,https://place.map.kakao.com/8001026,spec-020,existing_ready,126440,spec-021:matched_existing
1134213922,kakao:1134213922,서광동리곶자왈생태탐방로,https://place.map.kakao.com/1134213922,spec-020,candidate_new,,
425010838,kakao:425010838,돌코리숲,https://place.map.kakao.com/425010838,spec-020,candidate_new,,
25335651,kakao:25335651,월라봉,https://place.map.kakao.com/25335651,spec-020,existing_ready,3026668,spec-021:terra-same-place
880362592,kakao:880362592,화순리지석묘,https://place.map.kakao.com/880362592,spec-020,candidate_new,,
887382980,kakao:887382980,동하동폭낭,https://place.map.kakao.com/887382980,spec-020,candidate_new,,
12520358,kakao:12520358,제주거울미로 이상한나라의앨리스,https://place.map.kakao.com/12520358,spec-020,existing_ready,780778,spec-021:matched_existing
1197142551,kakao:1197142551,2연대 화순 파견대 주둔지 옛터/제창여관 옛터,https://place.map.kakao.com/1197142551,spec-020,candidate_new,,
13723824,kakao:13723824,자귀나무숲길끝,https://place.map.kakao.com/13723824,spec-020,candidate_new,,
1197167066,kakao:1197167066,화순지서 옛터 앞 삼거리,https://place.map.kakao.com/1197167066,spec-020,candidate_new,,
1675839904,kakao:1675839904,폭낭쉼터,https://place.map.kakao.com/1675839904,spec-020,candidate_new,,
1024518488,kakao:1024518488,김광종영세불망비,https://place.map.kakao.com/1024518488,spec-020,candidate_new,,
1466727511,kakao:1466727511,진지동굴,https://place.map.kakao.com/1466727511,spec-020,candidate_new,,
8244203,kakao:8244203,넙게오름,https://place.map.kakao.com/8244203,spec-020,candidate_new,,
17808836,kakao:17808836,이상한나라의앨리스 서광카트장,https://place.map.kakao.com/17808836,spec-020,candidate_new,,
474891750,kakao:474891750,진모루동산,https://place.map.kakao.com/474891750,spec-020,candidate_new,,
1894564800,kakao:1894564800,제주루지테마파크,https://place.map.kakao.com/1894564800,spec-020,candidate_new,,
8096015,kakao:8096015,충혼비,https://place.map.kakao.com/8096015,spec-020,candidate_new,,
13723816,kakao:13723816,올랭이소정상,https://place.map.kakao.com/13723816,spec-020,candidate_new,,
8103402,kakao:8103402,충혼비,https://place.map.kakao.com/8103402,spec-020,candidate_new,,
1089625889,kakao:1089625889,송시태숲,https://place.map.kakao.com/1089625889,spec-020,candidate_new,,
13723750,kakao:13723750,기정길,https://place.map.kakao.com/13723750,spec-020,candidate_new,,
98588671,kakao:98588671,제주신화전설탐방로,https://place.map.kakao.com/98588671,spec-020,candidate_new,,
237377496,kakao:237377496,광해악,https://place.map.kakao.com/237377496,spec-020,candidate_new,,
13723757,kakao:13723757,볼레낭길,https://place.map.kakao.com/13723757,spec-020,candidate_new,,
13723812,kakao:13723812,임금내전망대,https://place.map.kakao.com/13723812,spec-020,candidate_new,,
25198519,kakao:25198519,논오름,https://place.map.kakao.com/25198519,spec-020,candidate_new,,
1233203425,kakao:1233203425,봉수대,https://place.map.kakao.com/1233203425,spec-020,candidate_new,,
10585983,kakao:10585983,안덕계곡 상록수림,https://place.map.kakao.com/10585983,spec-020,candidate_new,,
1844995022,kakao:1844995022,월라봉 전망대 쉼터,https://place.map.kakao.com/1844995022,spec-020,candidate_new,,
1111828885,kakao:1111828885,뤼미에르테크,https://place.map.kakao.com/1111828885,spec-020,candidate_new,,
13723714,kakao:13723714,한밭소낭길,https://place.map.kakao.com/13723714,spec-020,candidate_new,,
19164028,kakao:19164028,추사와창천,https://place.map.kakao.com/19164028,spec-020,candidate_new,,
11828668,kakao:11828668,올레길 5코스(남원-쇠소깍 올레),https://place.map.kakao.com/11828668,spec-020,existing_ready,1839552,spec-021:terra-same-place
236028555,kakao:236028555,제주동백수목원,https://place.map.kakao.com/236028555,spec-020,existing_ready,2806115,spec-021:matched_existing
317349030,kakao:317349030,동백포레스트,https://place.map.kakao.com/317349030,spec-020,existing_ready,2806043,spec-021:matched_existing
7873185,kakao:7873185,물영아리오름,https://place.map.kakao.com/7873185,spec-020,existing_ready,2433925,spec-021:terra-same-place
2083466041,kakao:2083466041,남원큰엉해변,https://place.map.kakao.com/2083466041,spec-020,candidate_new,,
9966725,kakao:9966725,최남단체험감귤농장,https://place.map.kakao.com/9966725,spec-020,existing_ready,635928,spec-021:matched_existing
339316085,kakao:339316085,남원큰엉해안경승지,https://place.map.kakao.com/339316085,spec-020,existing_ready,128795,spec-021:terra-same-place
1276987776,kakao:1276987776,태웃개,https://place.map.kakao.com/1276987776,spec-020,existing_ready,3015651,spec-021:matched_existing
26980153,kakao:26980153,위미동백나무군락,https://place.map.kakao.com/26980153,spec-020,existing_ready,2709579,spec-021:matched_existing
25262407,kakao:25262407,사라오름,https://place.map.kakao.com/25262407,spec-020,existing_ready,1215292,spec-021:terra-same-place
27085551,kakao:27085551,사려니숲,https://place.map.kakao.com/27085551,spec-020,candidate_new,,
26563993,kakao:26563993,한남리머체왓숲길,https://place.map.kakao.com/26563993,spec-020,existing_ready,2662724,spec-021:final-same-place
25342411,kakao:25342411,이승이오름,https://place.map.kakao.com/25342411,spec-020,existing_ready,2740123,spec-021:matched_existing
1228554077,kakao:1228554077,하례감귤체험농장,https://place.map.kakao.com/1228554077,spec-020,existing_ready,2765280,spec-021:final-same-place
1928283908,kakao:1928283908,한남사려니오름숲,https://place.map.kakao.com/1928283908,spec-020,candidate_new,,
19611949,kakao:19611949,머체왓숲길 방문객지원센터,https://place.map.kakao.com/19611949,spec-020,candidate_new,,
7969402,kakao:7969402,5.16도로숲터널,https://place.map.kakao.com/7969402,spec-020,existing_ready,2740067,spec-021:final-same-place
1619757857,kakao:1619757857,돌낭예술원,https://place.map.kakao.com/1619757857,spec-020,existing_ready,3545719,spec-021:matched_existing
1605931589,kakao:1605931589,유진팡 열대과일농장,https://place.map.kakao.com/1605931589,spec-020,existing_ready,2977041,spec-021:terra-same-place
755324204,kakao:755324204,볼고롱동백,https://place.map.kakao.com/755324204,spec-020,candidate_new,,
211417707,kakao:211417707,쇠소깍 산물 관광농원,https://place.map.kakao.com/211417707,spec-020,existing_ready,3015632,spec-021:matched_existing
19304660,kakao:19304660,제주동백마을,https://place.map.kakao.com/19304660,spec-020,existing_ready,2023350,spec-021:matched_existing
8111466,kakao:8111466,큰엉,https://place.map.kakao.com/8111466,spec-020,candidate_new,,
13725930,kakao:13725930,제주올레5코스 공식안내소,https://place.map.kakao.com/13725930,spec-020,candidate_new,,
1684273537,kakao:1684273537,한라산둘레길 수악길,https://place.map.kakao.com/1684273537,spec-020,candidate_new,,
14087877,kakao:14087877,남원용암해수풀장,https://place.map.kakao.com/14087877,spec-020,existing_ready,3563239,spec-021:matched_existing
775207906,kakao:775207906,고살리숲길,https://place.map.kakao.com/775207906,spec-020,existing_ready,2661519,spec-021:matched_existing
839760290,kakao:839760290,한라산사라오름산정호수,https://place.map.kakao.com/839760290,spec-020,candidate_new,,
26201926,kakao:26201926,5.16도로,https://place.map.kakao.com/26201926,spec-020,candidate_new,,
12665029,kakao:12665029,금호리조트 제주아쿠아나,https://place.map.kakao.com/12665029,spec-020,existing_ready,600584,spec-021:matched_existing
1460514923,kakao:1460514923,수악오름도시숲,https://place.map.kakao.com/1460514923,spec-020,candidate_new,,
8455452,kakao:8455452,수악,https://place.map.kakao.com/8455452,spec-020,existing_ready,1945208,spec-021:matched_existing
11158780,kakao:11158780,자배봉,https://place.map.kakao.com/11158780,spec-020,candidate_new,,
1469121380,kakao:1469121380,신례천생태탐방로종합안내소,https://place.map.kakao.com/1469121380,spec-020,candidate_new,,
26079941,kakao:26079941,제주그린팜 감귤체험농장,https://place.map.kakao.com/26079941,spec-020,candidate_new,,
2081648578,kakao:2081648578,국립산림과학원 난대아열대산림연구소 한남연구시험림,https://place.map.kakao.com/2081648578,spec-020,candidate_new,,
1933974699,kakao:1933974699,사라오름 전망대,https://place.map.kakao.com/1933974699,spec-020,candidate_new,,
281427294,kakao:281427294,제주동백마을숲,https://place.map.kakao.com/281427294,spec-020,candidate_new,,
478857171,kakao:478857171,한남시험림 탐방안내소,https://place.map.kakao.com/478857171,spec-020,candidate_new,,
14842147,kakao:14842147,제주농업생태원,https://place.map.kakao.com/14842147,spec-020,candidate_new,,
879000770,kakao:879000770,수망리 마흐니숲길,https://place.map.kakao.com/879000770,spec-020,existing_ready,3015608,spec-021:matched_existing
8164202,kakao:8164202,효돈천,https://place.map.kakao.com/8164202,spec-020,candidate_new,,
518824496,kakao:518824496,꼬딱꼬딱123,https://place.map.kakao.com/518824496,spec-020,candidate_new,,
10412117,kakao:10412117,민오름,https://place.map.kakao.com/10412117,spec-020,candidate_new,,
362047194,kakao:362047194,위미리수국길,https://place.map.kakao.com/362047194,spec-020,candidate_new,,
466833983,kakao:466833983,삼나무숲길,https://place.map.kakao.com/466833983,spec-020,candidate_new,,
8183004,kakao:8183004,걸서악,https://place.map.kakao.com/8183004,spec-020,existing_ready,1918965,spec-021:matched_existing
1864397170,kakao:1864397170,벌포연대,https://place.map.kakao.com/1864397170,spec-020,candidate_new,,
7916414,kakao:7916414,사려니,https://place.map.kakao.com/7916414,spec-020,candidate_new,,
612934246,kakao:612934246,현의합장묘,https://place.map.kakao.com/612934246,spec-020,candidate_new,,
25192955,kakao:25192955,남내소,https://place.map.kakao.com/25192955,spec-020,candidate_new,,
7290837,kakao:7290837,태흥환해장성,https://place.map.kakao.com/7290837,spec-020,candidate_new,,
8385052,kakao:8385052,성널오름,https://place.map.kakao.com/8385052,spec-020,candidate_new,,
12721305,kakao:12721305,제주 신례리 왕벚나무 자생지,https://place.map.kakao.com/12721305,spec-020,candidate_new,,
2046579855,kakao:2046579855,한라산둘레길 목장길,https://place.map.kakao.com/2046579855,spec-020,candidate_new,,
8027471,kakao:8027471,웅악,https://place.map.kakao.com/8027471,spec-020,candidate_new,,
8015155,kakao:8015155,예촌망,https://place.map.kakao.com/8015155,spec-020,candidate_new,,
25278387,kakao:25278387,생길이오름,https://place.map.kakao.com/25278387,spec-020,candidate_new,,
1788535582,kakao:1788535582,송령이골,https://place.map.kakao.com/1788535582,spec-020,candidate_new,,
11024091,kakao:11024091,남원읍 충혼묘지,https://place.map.kakao.com/11024091,spec-020,candidate_new,,
286861204,kakao:286861204,포티니아숲,https://place.map.kakao.com/286861204,spec-020,candidate_new,,
8066261,kakao:8066261,제주남원관광지,https://place.map.kakao.com/8066261,spec-020,candidate_new,,
1236170140,kakao:1236170140,동백마을 방문자센터,https://place.map.kakao.com/1236170140,spec-020,candidate_new,,
8004025,kakao:8004025,여절악,https://place.map.kakao.com/8004025,spec-020,candidate_new,,
1620100017,kakao:1620100017,수망리 산마장 잣성,https://place.map.kakao.com/1620100017,spec-020,candidate_new,,
13723877,kakao:13723877,조배머들코지,https://place.map.kakao.com/13723877,spec-020,candidate_new,,
8657685,kakao:8657685,고이오름,https://place.map.kakao.com/8657685,spec-020,candidate_new,,
8520109,kakao:8520109,지귀도,https://place.map.kakao.com/8520109,spec-020,candidate_new,,
13723864,kakao:13723864,신그물,https://place.map.kakao.com/13723864,spec-020,candidate_new,,
7942544,kakao:7942544,서중천,https://place.map.kakao.com/7942544,spec-020,candidate_new,,
7969045,kakao:7969045,신례천,https://place.map.kakao.com/7969045,spec-020,candidate_new,,
10698145,kakao:10698145,운지악,https://place.map.kakao.com/10698145,spec-020,candidate_new,,
12711226,kakao:12711226,의귀리 김만일 묘역,https://place.map.kakao.com/12711226,spec-020,candidate_new,,
17948240,kakao:17948240,휴애리자연생활공원 대나무산책로,https://place.map.kakao.com/17948240,spec-020,candidate_new,,
1004679271,kakao:1004679271,물영아리 탐방안내소,https://place.map.kakao.com/1004679271,spec-020,candidate_new,,
27366956,kakao:27366956,농업회사법인휴애리,https://place.map.kakao.com/27366956,spec-020,candidate_new,,
129748491,kakao:129748491,고수동거욱대,https://place.map.kakao.com/129748491,spec-020,candidate_new,,
1190427152,kakao:1190427152,남원읍 4.3희생자 위령공원,https://place.map.kakao.com/1190427152,spec-020,candidate_new,,
26825591,kakao:26825591,제주4·3 수악주둔소,https://place.map.kakao.com/26825591,spec-020,candidate_new,,
8224254,kakao:8224254,넉시악,https://place.map.kakao.com/8224254,spec-020,candidate_new,,
17781640,kakao:17781640,서걸세,https://place.map.kakao.com/17781640,spec-020,candidate_new,,
1570376948,kakao:1570376948,서귀포하례농원,https://place.map.kakao.com/1570376948,spec-020,candidate_new,,
1190414982,kakao:1190414982,현의합장묘 옛터,https://place.map.kakao.com/1190414982,spec-020,candidate_new,,
335826552,kakao:335826552,서귀포남원귤팜,https://place.map.kakao.com/335826552,spec-020,candidate_new,,
17944780,kakao:17944780,휴애리자연생활공원 용천폭포,https://place.map.kakao.com/17944780,spec-020,candidate_new,,
1517695950,kakao:1517695950,극락의문,https://place.map.kakao.com/1517695950,spec-020,candidate_new,,
1184690787,kakao:1184690787,수악주둔소 입구,https://place.map.kakao.com/1184690787,spec-020,candidate_new,,
8491969,kakao:8491969,양금석가옥,https://place.map.kakao.com/8491969,spec-020,existing_ready,1620863,spec-021:matched_existing
1277588849,kakao:1277588849,제주농업생태원 소동물원,https://place.map.kakao.com/1277588849,spec-020,candidate_new,,
7916415,kakao:7916415,사려니남서쪽,https://place.map.kakao.com/7916415,spec-020,candidate_new,,
7938319,kakao:7938319,샘못,https://place.map.kakao.com/7938319,spec-020,candidate_new,,
8226028,kakao:8226028,넙거리,https://place.map.kakao.com/8226028,spec-020,candidate_new,,
126300709,kakao:126300709,제주농업생태원 폭포,https://place.map.kakao.com/126300709,spec-020,candidate_new,,
7864566,kakao:7864566,마흐니,https://place.map.kakao.com/7864566,spec-020,candidate_new,,
1973450680,kakao:1973450680,속괴,https://place.map.kakao.com/1973450680,spec-020,candidate_new,,
8701378,kakao:8701378,흑악,https://place.map.kakao.com/8701378,spec-020,candidate_new,,
8360323,kakao:8360323,머체오름,https://place.map.kakao.com/8360323,spec-020,candidate_new,,
1990519236,kakao:1990519236,큰엄전망대,https://place.map.kakao.com/1990519236,spec-020,candidate_new,,
2124057600,kakao:2124057600,신례리지석묘1호,https://place.map.kakao.com/2124057600,spec-020,candidate_new,,
1405491298,kakao:1405491298,한남리본향당,https://place.map.kakao.com/1405491298,spec-020,candidate_new,,
11249194,kakao:11249194,신흥천,https://place.map.kakao.com/11249194,spec-020,candidate_new,,
1944963970,kakao:1944963970,양용찬열사묘역,https://place.map.kakao.com/1944963970,spec-020,candidate_new,,
17558797,kakao:17558797,휴애리자연생활공원 소나무산책로,https://place.map.kakao.com/17558797,spec-020,candidate_new,,
1190786259,kakao:1190786259,잃어버린 마을 종남굴,https://place.map.kakao.com/1190786259,spec-020,candidate_new,,
1264203708,kakao:1264203708,위미리 4.3성,https://place.map.kakao.com/1264203708,spec-020,candidate_new,,
17556342,kakao:17556342,휴애리자연생활공원 와룡바위,https://place.map.kakao.com/17556342,spec-020,candidate_new,,
8629456,kakao:8629456,하잣성,https://place.map.kakao.com/8629456,spec-020,candidate_new,,
1199173321,kakao:1199173321,잃어버린 마을 버너리굴,https://place.map.kakao.com/1199173321,spec-020,candidate_new,,
22974992,kakao:22974992,태양을삼켜라세트장,https://place.map.kakao.com/22974992,spec-020,candidate_new,,
1190764401,kakao:1190764401,의귀국민학교 동녘밭,https://place.map.kakao.com/1190764401,spec-020,candidate_new,,
1698816971,kakao:1698816971,달콤귤농장,https://place.map.kakao.com/1698816971,spec-020,candidate_new,,
1377725799,kakao:1377725799,물보라길,https://place.map.kakao.com/1377725799,spec-020,candidate_new,,
8020459,kakao:8020459,우렁굴,https://place.map.kakao.com/8020459,spec-020,candidate_new,,
1190327795,kakao:1190327795,잃어버린 마을 빌레가름,https://place.map.kakao.com/1190327795,spec-020,candidate_new,,
10547111,kakao:10547111,수악계곡,https://place.map.kakao.com/10547111,spec-020,candidate_new,,
2027878813,kakao:2027878813,왕빛나무쉼터,https://place.map.kakao.com/2027878813,spec-020,candidate_new,,
12706270,kakao:12706270,신례리지석묘2호,https://place.map.kakao.com/12706270,spec-020,candidate_new,,
7840524,kakao:7840524,동수악,https://place.map.kakao.com/7840524,spec-020,candidate_new,,
1622045531,kakao:1622045531,진산유자힐링랜드,https://place.map.kakao.com/1622045531,spec-020,candidate_new,,
25218190,kakao:25218190,두수오름,https://place.map.kakao.com/25218190,spec-020,candidate_new,,
228825285,kakao:228825285,백리악,https://place.map.kakao.com/228825285,spec-020,candidate_new,,
25343687,kakao:25343687,입석오름,https://place.map.kakao.com/25343687,spec-020,candidate_new,,
8095112,kakao:8095112,충혼탑,https://place.map.kakao.com/8095112,spec-020,candidate_new,,
8077982,kakao:8077982,중잣성,https://place.map.kakao.com/8077982,spec-020,candidate_new,,
479475881,kakao:479475881,제주농업생태원 녹차원,https://place.map.kakao.com/479475881,spec-020,candidate_new,,
8013485,kakao:8013485,열녀비,https://place.map.kakao.com/8013485,spec-020,candidate_new,,
25253060,kakao:25253060,보리오름,https://place.map.kakao.com/25253060,spec-020,candidate_new,,
563560938,kakao:563560938,엠유,https://place.map.kakao.com/563560938,spec-020,candidate_new,,
25292207,kakao:25292207,쇄개오름,https://place.map.kakao.com/25292207,spec-020,candidate_new,,
1740553955,kakao:1740553955,신흥동백나무군락,https://place.map.kakao.com/1740553955,spec-020,candidate_new,,
1461057863,kakao:1461057863,사리물궤,https://place.map.kakao.com/1461057863,spec-020,candidate_new,,
8666131,kakao:8666131,공덕비,https://place.map.kakao.com/8666131,spec-020,candidate_new,,
835307780,kakao:835307780,배롱낙원 남원,https://place.map.kakao.com/835307780,spec-020,candidate_new,,
25459342,kakao:25459342,신례천,https://place.map.kakao.com/25459342,spec-020,candidate_new,,
10812380,kakao:10812380,거인악,https://place.map.kakao.com/10812380,spec-020,candidate_new,,
10715410,kakao:10715410,전포천,https://place.map.kakao.com/10715410,spec-020,candidate_new,,
1190827141,kakao:1190827141,모자쌍묘,https://place.map.kakao.com/1190827141,spec-020,candidate_new,,
25727539,kakao:25727539,송천,https://place.map.kakao.com/25727539,spec-020,candidate_new,,
27455638,kakao:27455638,봉산농원,https://place.map.kakao.com/27455638,spec-020,candidate_new,,
308014827,kakao:308014827,남원관광농원,https://place.map.kakao.com/308014827,spec-020,candidate_new,,
25173313,kakao:25173313,거린족은오름,https://place.map.kakao.com/25173313,spec-020,candidate_new,,
8046900,kakao:8046900,의귀천,https://place.map.kakao.com/8046900,spec-020,candidate_new,,
25415563,kakao:25415563,종남천,https://place.map.kakao.com/25415563,spec-020,candidate_new,,
8251573,kakao:8251573,논고악,https://place.map.kakao.com/8251573,spec-020,candidate_new,,
15168145,kakao:15168145,한라산 샘터,https://place.map.kakao.com/15168145,spec-020,candidate_new,,
455127878,kakao:455127878,신례천생태로2코스,https://place.map.kakao.com/455127878,spec-020,candidate_new,,
7940835,kakao:7940835,한라산 섯궤펜이,https://place.map.kakao.com/7940835,spec-020,candidate_new,,
1612624674,kakao:1612624674,고려 정씨열녀비,https://place.map.kakao.com/1612624674,spec-020,candidate_new,,
25196144,kakao:25196144,너터리머루,https://place.map.kakao.com/25196144,spec-020,candidate_new,,
25280076,kakao:25280076,서동산,https://place.map.kakao.com/25280076,spec-020,candidate_new,,
12753459,kakao:12753459,올레길 4코스(표선-남원 올레),https://place.map.kakao.com/12753459,spec-020,existing_ready,1839536,spec-021:terra-same-place
371617521,kakao:371617521,소노캄 제주 하트나무 포토존,https://place.map.kakao.com/371617521,spec-020,candidate_new,,
8492823,kakao:8492823,어위폭포,https://place.map.kakao.com/8492823,spec-020,candidate_new,,
8108616,kakao:8108616,토산봉,https://place.map.kakao.com/8108616,spec-020,candidate_new,,
1183305677,kakao:1183305677,모자상,https://place.map.kakao.com/1183305677,spec-020,candidate_new,,
7962003,kakao:7962003,쇠소깍,https://place.map.kakao.com/7962003,spec-020,existing_ready,129617,spec-021:matched_existing
13723730,kakao:13723730,해병대길,https://place.map.kakao.com/13723730,spec-020,candidate_new,,
1909229123,kakao:1909229123,거슨새미,https://place.map.kakao.com/1909229123,spec-020,candidate_new,,
13725664,kakao:13725664,망오름 쉼터,https://place.map.kakao.com/13725664,spec-020,candidate_new,,
1182625042,kakao:1182625042,토산리 향사 옛터,https://place.map.kakao.com/1182625042,spec-020,candidate_new,,
13725912,kakao:13725912,거슨새미,https://place.map.kakao.com/13725912,spec-020,candidate_new,,
161689349,kakao:161689349,노단새미,https://place.map.kakao.com/161689349,spec-020,candidate_new,,
10118902,kakao:10118902,가세오름,https://place.map.kakao.com/10118902,spec-020,existing_ready,1885746,spec-021:final-same-place
1615441814,kakao:1615441814,가시림 수목원,https://place.map.kakao.com/1615441814,spec-020,candidate_new,,
228779856,kakao:228779856,토산망,https://place.map.kakao.com/228779856,spec-020,candidate_new,,
7967197,kakao:7967197,쇠소깍관광지,https://place.map.kakao.com/7967197,spec-020,candidate_new,,
11104042,kakao:11104042,알오름,https://place.map.kakao.com/11104042,spec-020,candidate_new,,
8095103,kakao:8095103,충혼비,https://place.map.kakao.com/8095103,spec-020,candidate_new,,
8330541,kakao:8330541,봉화대,https://place.map.kakao.com/8330541,spec-020,candidate_new,,
608868785,kakao:608868785,토산산책로,https://place.map.kakao.com/608868785,spec-020,candidate_new,,
22924455,kakao:22924455,하효쇠소깍해변,https://place.map.kakao.com/22924455,spec-020,candidate_new,,
8476543,kakao:8476543,염통오름,https://place.map.kakao.com/8476543,spec-020,candidate_new,,
10548055,kakao:10548055,소소름,https://place.map.kakao.com/10548055,spec-020,candidate_new,,
25723574,kakao:25723574,가시천,https://place.map.kakao.com/25723574,spec-020,candidate_new,,
25320711,kakao:25320711,영통오름,https://place.map.kakao.com/25320711,spec-020,candidate_new,,
13725653,kakao:13725653,가마리개,https://place.map.kakao.com/13725653,spec-020,candidate_new,,
13725649,kakao:13725649,거문머처,https://place.map.kakao.com/13725649,spec-020,candidate_new,,
656439095,kakao:656439095,쇠소깍 인증센터,https://place.map.kakao.com/656439095,spec-020,candidate_new,,
22784912,kakao:22784912,제주성공농원,https://place.map.kakao.com/22784912,spec-020,candidate_new,,
25229887,kakao:25229887,매오름,https://place.map.kakao.com/25229887,spec-020,candidate_new,,
25389241,kakao:25389241,피질고개,https://place.map.kakao.com/25389241,spec-020,candidate_new,,
986727726,kakao:986727726,묘수원,https://place.map.kakao.com/986727726,spec-020,candidate_new,,
1853615136,kakao:1853615136,쇠소깍 안내센터,https://place.map.kakao.com/1853615136,spec-020,candidate_new,,
1183662730,kakao:1183662730,잃어버린 마을 새가름,https://place.map.kakao.com/1183662730,spec-020,candidate_new,,
11287180,kakao:11287180,효돈천,https://place.map.kakao.com/11287180,spec-020,candidate_new,,
1188007978,kakao:1188007978,하효리 4.3성,https://place.map.kakao.com/1188007978,spec-020,candidate_new,,
852743773,kakao:852743773,가시리마을4.3길센터,https://place.map.kakao.com/852743773,spec-020,candidate_new,,
10837003,kakao:10837003,충혼비,https://place.map.kakao.com/10837003,spec-020,candidate_new,,
12711098,kakao:12711098,가시리설오름청주한씨방묘,https://place.map.kakao.com/12711098,spec-020,candidate_new,,
10589758,kakao:10589758,안좌천,https://place.map.kakao.com/10589758,spec-020,candidate_new,,
10307727,kakao:10307727,도청오름,https://place.map.kakao.com/10307727,spec-020,candidate_new,,
598536263,kakao:598536263,가시리 4.3희생자 위령비,https://place.map.kakao.com/598536263,spec-020,candidate_new,,
25277696,kakao:25277696,샘이골,https://place.map.kakao.com/25277696,spec-020,candidate_new,,
238812900,kakao:238812900,면암최익현선생유적비,https://place.map.kakao.com/238812900,spec-020,candidate_new,,
1478128637,kakao:1478128637,일출올래농원,https://place.map.kakao.com/1478128637,spec-020,candidate_new,,
12753453,kakao:12753453,올레길 3-A코스(온평-표선 올레),https://place.map.kakao.com/12753453,spec-020,existing_ready,1839491,spec-021:terra-same-place
8624896,kakao:8624896,혼인지,https://place.map.kakao.com/8624896,spec-020,existing_ready,126465,spec-021:matched_existing
10399499,kakao:10399499,일출랜드,https://place.map.kakao.com/10399499,spec-020,existing_ready,127857,spec-021:matched_existing
903326529,kakao:903326529,올레길 3-B코스(온평-표선 올레),https://place.map.kakao.com/903326529,spec-020,existing_ready,2710029,spec-021:terra-same-place
23231118,kakao:23231118,물의도시 베니스랜드,https://place.map.kakao.com/23231118,spec-020,candidate_new,,
27313146,kakao:27313146,김정문알로에 알로에숲,https://place.map.kakao.com/27313146,spec-020,candidate_new,,
919804288,kakao:919804288,삼달리꽃밭에서,https://place.map.kakao.com/919804288,spec-020,candidate_new,,
17574894,kakao:17574894,일출랜드 미천굴,https://place.map.kakao.com/17574894,spec-020,existing_ready,2738721,spec-021:terra-same-place
1006074108,kakao:1006074108,수산한못,https://place.map.kakao.com/1006074108,spec-020,existing_ready,3011245,spec-021:matched_existing
14080354,kakao:14080354,혼인지정보센터,https://place.map.kakao.com/14080354,spec-020,candidate_new,,
258626866,kakao:258626866,신풍신천 바다목장길,https://place.map.kakao.com/258626866,spec-020,candidate_new,,
7868485,kakao:7868485,모구리오름,https://place.map.kakao.com/7868485,spec-020,existing_ready,1926601,spec-021:matched_existing
25212873,kakao:25212873,독자봉,https://place.map.kakao.com/25212873,spec-020,candidate_new,,
12736193,kakao:12736193,신산환해장성,https://place.map.kakao.com/12736193,spec-020,existing_ready,3553902,spec-021:terra-same-place
8128672,kakao:8128672,통오름,https://place.map.kakao.com/8128672,spec-020,existing_ready,3559736,spec-021:matched_existing
17952670,kakao:17952670,일출랜드 민속촌,https://place.map.kakao.com/17952670,spec-020,candidate_new,,
1039701252,kakao:1039701252,신천리벽화마을,https://place.map.kakao.com/1039701252,spec-020,existing_ready,3013172,spec-021:matched_existing
8212572,kakao:8212572,궁대악,https://place.map.kakao.com/8212572,spec-020,candidate_new,,
15437830,kakao:15437830,혼인지마을종합센터,https://place.map.kakao.com/15437830,spec-020,candidate_new,,
185301446,kakao:185301446,웰컴투삼달리 촬영지,https://place.map.kakao.com/185301446,spec-020,candidate_new,,
12736206,kakao:12736206,온평환해장성 제3지점,https://place.map.kakao.com/12736206,spec-020,candidate_new,,
17579818,kakao:17579818,일출랜드 아열대식물원,https://place.map.kakao.com/17579818,spec-020,candidate_new,,
12736194,kakao:12736194,온평환해장성 제1지점,https://place.map.kakao.com/12736194,spec-020,candidate_new,,
17952672,kakao:17952672,일출랜드 추억의동물원,https://place.map.kakao.com/17952672,spec-020,candidate_new,,
1247241005,kakao:1247241005,제주올레길 3코스갈림길,https://place.map.kakao.com/1247241005,spec-020,candidate_new,,
12736217,kakao:12736217,온평환해장성 제4지점,https://place.map.kakao.com/12736217,spec-020,candidate_new,,
11300413,kakao:11300413,남산봉,https://place.map.kakao.com/11300413,spec-020,candidate_new,,
8477757,kakao:8477757,유건에오름,https://place.map.kakao.com/8477757,spec-020,candidate_new,,
1483138098,kakao:1483138098,한국성경식물원,https://place.map.kakao.com/1483138098,spec-020,candidate_new,,
839306990,kakao:839306990,제주수산동굴,https://place.map.kakao.com/839306990,spec-020,candidate_new,,
702309776,kakao:702309776,난산로벚꽃길,https://place.map.kakao.com/702309776,spec-020,candidate_new,,
12736230,kakao:12736230,온평환해장성 제2지점,https://place.map.kakao.com/12736230,spec-020,candidate_new,,
25254223,kakao:25254223,본지오름,https://place.map.kakao.com/25254223,spec-020,candidate_new,,
1462227072,kakao:1462227072,연듸모루 숲길,https://place.map.kakao.com/1462227072,spec-020,candidate_new,,
8485881,kakao:8485881,의사오흥태비,https://place.map.kakao.com/8485881,spec-020,candidate_new,,
25192315,kakao:25192315,나시리오름,https://place.map.kakao.com/25192315,spec-020,candidate_new,,
400495901,kakao:400495901,연혼포,https://place.map.kakao.com/400495901,spec-020,candidate_new,,
8168362,kakao:8168362,후곡악,https://place.map.kakao.com/8168362,spec-020,candidate_new,,
25228487,kakao:25228487,망동산,https://place.map.kakao.com/25228487,spec-020,candidate_new,,
12705854,kakao:12705854,천미연대,https://place.map.kakao.com/12705854,spec-020,candidate_new,,
7866881,kakao:7866881,모구리알오름,https://place.map.kakao.com/7866881,spec-020,candidate_new,,
71881043,kakao:71881043,디딤팡돌,https://place.map.kakao.com/71881043,spec-020,candidate_new,,
26874091,kakao:26874091,신천아트빌리지,https://place.map.kakao.com/26874091,spec-020,candidate_new,,
25174765,kakao:25174765,걸리오름,https://place.map.kakao.com/25174765,spec-020,candidate_new,,
7889783,kakao:7889783,미와미못,https://place.map.kakao.com/7889783,spec-020,candidate_new,,
13725611,kakao:13725611,신천리마을올레,https://place.map.kakao.com/13725611,spec-020,candidate_new,,
262107674,kakao:262107674,고타리못,https://place.map.kakao.com/262107674,spec-020,candidate_new,,
25221315,kakao:25221315,뒷굽으니오름,https://place.map.kakao.com/25221315,spec-020,candidate_new,,
12969030,kakao:12969030,갈마못,https://place.map.kakao.com/12969030,spec-020,existing_ready,1887381,spec-021:final-same-place
228851951,kakao:228851951,동머루,https://place.map.kakao.com/228851951,spec-020,candidate_new,,
1395363934,kakao:1395363934,남산버덕못,https://place.map.kakao.com/1395363934,spec-020,candidate_new,,
8349721,kakao:8349721,말등포연대,https://place.map.kakao.com/8349721,spec-020,candidate_new,,
8142201,kakao:8142201,직꾸물,https://place.map.kakao.com/8142201,spec-020,candidate_new,,
7995731,kakao:7995731,애향탑,https://place.map.kakao.com/7995731,spec-020,candidate_new,,
13725598,kakao:13725598,도댓불,https://place.map.kakao.com/13725598,spec-020,candidate_new,,
26269411,kakao:26269411,환해장성로,https://place.map.kakao.com/26269411,spec-020,candidate_new,,
1728417838,kakao:1728417838,천변길,https://place.map.kakao.com/1728417838,spec-020,candidate_new,,
1999214211,kakao:1999214211,갯무꽃밭,https://place.map.kakao.com/1999214211,spec-020,candidate_new,,
26974939,kakao:26974939,좌보미오름,https://place.map.kakao.com/26974939,spec-020,candidate_new,,
8042882,kakao:8042882,월랑지,https://place.map.kakao.com/8042882,spec-020,candidate_new,,
17788991,kakao:17788991,좌보미알오름,https://place.map.kakao.com/17788991,spec-020,candidate_new,,
9461977,kakao:9461977,카멜리아힐,https://place.map.kakao.com/9461977,spec-020,existing_ready,741109,spec-021:matched_existing
12753461,kakao:12753461,올레길 9코스(대평-화순 올레),https://place.map.kakao.com/12753461,spec-020,existing_ready,1839709,spec-021:terra-same-place
25186462,kakao:25186462,군산오름,https://place.map.kakao.com/25186462,spec-020,existing_ready,1945768,spec-021:matched_existing
303901411,kakao:303901411,파더스가든,https://place.map.kakao.com/303901411,spec-020,existing_ready,2753082,spec-021:matched_existing
1214707005,kakao:1214707005,신화테마파크,https://place.map.kakao.com/1214707005,spec-020,existing_ready,2562214|4026808,spec-021:terra-same-place
26230962,kakao:26230962,박수기정,https://place.map.kakao.com/26230962,spec-020,existing_ready,2738763,spec-021:matched_existing
616836970,kakao:616836970,모모쥬동물원,https://place.map.kakao.com/616836970,spec-020,candidate_new,,
1870273669,kakao:1870273669,신화워터파크,https://place.map.kakao.com/1870273669,spec-020,existing_ready,2562239,spec-021:matched_existing
1495122429,kakao:1495122429,트로피카나,https://place.map.kakao.com/1495122429,spec-020,candidate_new,,
1155988847,kakao:1155988847,제주 뽀로로앤타요 테마파크,https://place.map.kakao.com/1155988847,spec-020,existing_ready,3410530,spec-021:matched_existing
63124696,kakao:63124696,아라고나이트 고온천,https://place.map.kakao.com/63124696,spec-020,candidate_new,,
17630155,kakao:17630155,토이파크,https://place.map.kakao.com/17630155,spec-020,candidate_new,,
25334276,kakao:25334276,원물오름,https://place.map.kakao.com/25334276,spec-020,candidate_new,,
1779713684,kakao:1779713684,신화가든,https://place.map.kakao.com/1779713684,spec-020,candidate_new,,
1151810838,kakao:1151810838,댕냥별,https://place.map.kakao.com/1151810838,spec-020,candidate_new,,
10255199,kakao:10255199,대병악,https://place.map.kakao.com/10255199,spec-020,candidate_new,,
17788831,kakao:17788831,왕이메오름,https://place.map.kakao.com/17788831,spec-020,existing_ready,2713585,spec-021:matched_existing
7958410,kakao:7958410,소병악,https://place.map.kakao.com/7958410,spec-020,candidate_new,,
8231118,kakao:8231118,남송이오름,https://place.map.kakao.com/8231118,spec-020,candidate_new,,
1433221403,kakao:1433221403,길모퉁이가게,https://place.map.kakao.com/1433221403,spec-020,candidate_new,,
2001736805,kakao:2001736805,블랙홀 엑시트,https://place.map.kakao.com/2001736805,spec-020,candidate_new,,
496362792,kakao:496362792,박수기정 잔디밭,https://place.map.kakao.com/496362792,spec-020,candidate_new,,
237944347,kakao:237944347,큰넓궤,https://place.map.kakao.com/237944347,spec-020,candidate_new,,
8021042,kakao:8021042,영아리,https://place.map.kakao.com/8021042,spec-020,candidate_new,,
1833205401,kakao:1833205401,디아넥스 온천,https://place.map.kakao.com/1833205401,spec-020,candidate_new,,
1967497999,kakao:1967497999,겹동백길,https://place.map.kakao.com/1967497999,spec-020,candidate_new,,
11153555,kakao:11153555,족은대비악,https://place.map.kakao.com/11153555,spec-020,candidate_new,,
7814463,kakao:7814463,당오름,https://place.map.kakao.com/7814463,spec-020,candidate_new,,
490643902,kakao:490643902,제주신화월드 레스에이카지노,https://place.map.kakao.com/490643902,spec-020,candidate_new,,
1658324120,kakao:1658324120,군산오름 전망대,https://place.map.kakao.com/1658324120,spec-020,candidate_new,,
17580579,kakao:17580579,카멜리아힐 용소폭포,https://place.map.kakao.com/17580579,spec-020,candidate_new,,
2134606029,kakao:2134606029,잃어버린마을 무등이왓,https://place.map.kakao.com/2134606029,spec-020,candidate_new,,
7834687,kakao:7834687,돌오름,https://place.map.kakao.com/7834687,spec-020,candidate_new,,
10161295,kakao:10161295,고배기 동산,https://place.map.kakao.com/10161295,spec-020,existing_ready,2819599,spec-021:matched_existing
976337389,kakao:976337389,동백동산,https://place.map.kakao.com/976337389,spec-020,candidate_new,,
7865729,kakao:7865729,마보기,https://place.map.kakao.com/7865729,spec-020,candidate_new,,
7888984,kakao:7888984,밝은오름,https://place.map.kakao.com/7888984,spec-020,candidate_new,,
26518876,kakao:26518876,IUCN기념숲,https://place.map.kakao.com/26518876,spec-020,candidate_new,,
187306484,kakao:187306484,제주신화월드 신화쇼핑스트리트,https://place.map.kakao.com/187306484,spec-020,candidate_new,,
669990800,kakao:669990800,서광리벚꽃길,https://place.map.kakao.com/669990800,spec-020,candidate_new,,
8674728,kakao:8674728,감낭오름,https://place.map.kakao.com/8674728,spec-020,existing_ready,1887493,spec-021:matched_existing
8168834,kakao:8168834,거린오름,https://place.map.kakao.com/8168834,spec-020,candidate_new,,
10447654,kakao:10447654,북오름,https://place.map.kakao.com/10447654,spec-020,candidate_new,,
620485575,kakao:620485575,신화테마파크 윙클스하우스,https://place.map.kakao.com/620485575,spec-020,candidate_new,,
7878773,kakao:7878773,무악,https://place.map.kakao.com/7878773,spec-020,candidate_new,,
1218217789,kakao:1218217789,신화워터파크 실내워터파크동,https://place.map.kakao.com/1218217789,spec-020,candidate_new,,
25389741,kakao:25389741,하늬오름,https://place.map.kakao.com/25389741,spec-020,candidate_new,,
13723697,kakao:13723697,몰질,https://place.map.kakao.com/13723697,spec-020,candidate_new,,
25730158,kakao:25730158,창고천,https://place.map.kakao.com/25730158,spec-020,candidate_new,,
237412511,kakao:237412511,개오름,https://place.map.kakao.com/237412511,spec-020,candidate_new,,
1155800681,kakao:1155800681,잃어버린 마을 오리튼물,https://place.map.kakao.com/1155800681,spec-020,candidate_new,,
7834107,kakao:7834107,돔박이,https://place.map.kakao.com/7834107,spec-020,candidate_new,,
11102796,kakao:11102796,어오름,https://place.map.kakao.com/11102796,spec-020,candidate_new,,
1351099945,kakao:1351099945,상창리동백꽃길,https://place.map.kakao.com/1351099945,spec-020,candidate_new,,
8433711,kakao:8433711,신산오름,https://place.map.kakao.com/8433711,spec-020,candidate_new,,
10700761,kakao:10700761,원수악,https://place.map.kakao.com/10700761,spec-020,candidate_new,,
1785224295,kakao:1785224295,신화워터파크 메인엔트리빌딩,https://place.map.kakao.com/1785224295,spec-020,candidate_new,,
1155433732,kakao:1155433732,김여수 가족 헛묘,https://place.map.kakao.com/1155433732,spec-020,candidate_new,,
307246180,kakao:307246180,돌채농원,https://place.map.kakao.com/307246180,spec-020,candidate_new,,
12706242,kakao:12706242,창천지석묘 1호,https://place.map.kakao.com/12706242,spec-020,candidate_new,,
450621739,kakao:450621739,신화테마파크 플라잉 월,https://place.map.kakao.com/450621739,spec-020,candidate_new,,
1155541209,kakao:1155541209,임문숙 가족 헛묘,https://place.map.kakao.com/1155541209,spec-020,candidate_new,,
8194672,kakao:8194672,괴수치,https://place.map.kakao.com/8194672,spec-020,candidate_new,,
152138759,kakao:152138759,신화워터파크 시즌락커동,https://place.map.kakao.com/152138759,spec-020,candidate_new,,
1155726238,kakao:1155726238,잃어버린 마을 삼밧구석,https://place.map.kakao.com/1155726238,spec-020,candidate_new,,
1155334338,kakao:1155334338,잃어버린 마을 조가웨,https://place.map.kakao.com/1155334338,spec-020,candidate_new,,
10215957,kakao:10215957,기념비,https://place.map.kakao.com/10215957,spec-020,candidate_new,,
10693957,kakao:10693957,원물,https://place.map.kakao.com/10693957,spec-020,candidate_new,,
8041649,kakao:8041649,이돋이오름,https://place.map.kakao.com/8041649,spec-020,candidate_new,,
8144640,kakao:8144640,하늬보기,https://place.map.kakao.com/8144640,spec-020,candidate_new,,
595267407,kakao:595267407,삼밭구석,https://place.map.kakao.com/595267407,spec-020,candidate_new,,
1138945035,kakao:1138945035,쳇망어음 주둔소,https://place.map.kakao.com/1138945035,spec-020,candidate_new,,
1194740292,kakao:1194740292,향사출장소(경찰파견소) 옛터,https://place.map.kakao.com/1194740292,spec-020,candidate_new,,
7846209,kakao:7846209,동헌이공송덕비,https://place.map.kakao.com/7846209,spec-020,candidate_new,,
10823940,kakao:10823940,충혼비,https://place.map.kakao.com/10823940,spec-020,candidate_new,,
1329244721,kakao:1329244721,군산오름 등산로 입구,https://place.map.kakao.com/1329244721,spec-020,candidate_new,,
8264639,kakao:8264639,더더오름,https://place.map.kakao.com/8264639,spec-020,candidate_new,,
683714694,kakao:683714694,중문미로파크,https://place.map.kakao.com/683714694,spec-020,existing_ready,2738726,spec-021:matched_existing
25730159,kakao:25730159,창고천,https://place.map.kakao.com/25730159,spec-020,candidate_new,,
963264302,kakao:963264302,곰생이물,https://place.map.kakao.com/963264302,spec-020,candidate_new,,
8095105,kakao:8095105,충혼비,https://place.map.kakao.com/8095105,spec-020,candidate_new,,
11311897,kakao:11311897,당포연대,https://place.map.kakao.com/11311897,spec-020,candidate_new,,
8232047,kakao:8232047,논짓물담수욕장,https://place.map.kakao.com/8232047,spec-020,existing_ready,2740047,spec-021:terra-same-place
8069764,kakao:8069764,중문색달해수욕장,https://place.map.kakao.com/8069764,spec-020,existing_ready,126449,spec-021:matched_existing
11792904,kakao:11792904,올레길 8코스(월평-대평 올레),https://place.map.kakao.com/11792904,spec-020,existing_ready,1839701,spec-021:terra-same-place
1573953816,kakao:1573953816,예래본향당,https://place.map.kakao.com/1573953816,spec-020,candidate_new,,
8004227,kakao:8004227,여미지식물원,https://place.map.kakao.com/8004227,spec-020,existing_ready,126464,spec-021:matched_existing
8092604,kakao:8092604,천제연폭포,https://place.map.kakao.com/8092604,spec-020,existing_ready,126439,spec-021:matched_existing
27548967,kakao:27548967,엉덩물계곡,https://place.map.kakao.com/27548967,spec-020,existing_ready,2662743,spec-021:matched_existing
26157411,kakao:26157411,갯깍주상절리대,https://place.map.kakao.com/26157411,spec-020,candidate_new,,
1160615005,kakao:1160615005,런닝맨 제주점,https://place.map.kakao.com/1160615005,spec-020,candidate_new,,
11255609,kakao:11255609,제주중문관광단지,https://place.map.kakao.com/11255609,spec-020,candidate_new,,
11293995,kakao:11293995,쉬리의언덕,https://place.map.kakao.com/11293995,spec-020,existing_ready,2858445,spec-021:matched_existing
8009713,kakao:8009713,열리해안도로,https://place.map.kakao.com/8009713,spec-020,candidate_new,,
10516904,kakao:10516904,색달해안갯깍 주상절리대,https://place.map.kakao.com/10516904,spec-020,candidate_new,,
10793668,kakao:10793668,중문대포주상절리대,https://place.map.kakao.com/10793668,spec-020,existing_ready,127053|2781422,spec-021:final-same-place|spec-021:matched_existing
11187864,kakao:11187864,우보악,https://place.map.kakao.com/11187864,spec-020,candidate_new,,
10880885,kakao:10880885,퍼시픽리솜 마린스테이지,https://place.map.kakao.com/10880885,spec-020,candidate_new,,
17809089,kakao:17809089,베릿내오름,https://place.map.kakao.com/17809089,spec-020,existing_ready,2796715,spec-021:terra-same-place
1197459182,kakao:1197459182,상예국민학교 옛터,https://place.map.kakao.com/1197459182,spec-020,candidate_new,,
27090904,kakao:27090904,제주여미지식물원매표소,https://place.map.kakao.com/27090904,spec-020,candidate_new,,
1570893758,kakao:1570893758,하예환해장성,https://place.map.kakao.com/1570893758,spec-020,candidate_new,,
1175439710,kakao:1175439710,중문관광단지안내소,https://place.map.kakao.com/1175439710,spec-020,candidate_new,,
12706373,kakao:12706373,상예동지석묘3호,https://place.map.kakao.com/12706373,spec-020,candidate_new,,
10129576,kakao:10129576,개다리폭포,https://place.map.kakao.com/10129576,spec-020,candidate_new,,
12706372,kakao:12706372,상예동지석묘제1호,https://place.map.kakao.com/12706372,spec-020,candidate_new,,
17808879,kakao:17808879,중문관광단지 별내린전망대,https://place.map.kakao.com/17808879,spec-020,candidate_new,,
27446295,kakao:27446295,중문관광단지,https://place.map.kakao.com/27446295,spec-020,existing_ready,127492,spec-021:matched_existing
12706371,kakao:12706371,상예동지석묘2호,https://place.map.kakao.com/12706371,spec-020,candidate_new,,
1959240281,kakao:1959240281,천제연 제3폭포,https://place.map.kakao.com/1959240281,spec-020,candidate_new,,
11792820,kakao:11792820,용문덕,https://place.map.kakao.com/11792820,spec-020,candidate_new,,
881700460,kakao:881700460,상예동지석묘4호,https://place.map.kakao.com/881700460,spec-020,candidate_new,,
13723650,kakao:13723650,들렁궤 (폐쇄),https://place.map.kakao.com/13723650,spec-020,candidate_new,,
13723657,kakao:13723657,열리해안산책로,https://place.map.kakao.com/13723657,spec-020,candidate_new,,
1655958285,kakao:1655958285,박살2 : K-아일랜드제주,https://place.map.kakao.com/1655958285,spec-020,candidate_new,,
521533004,kakao:521533004,세븐스타 카지노,https://place.map.kakao.com/521533004,spec-020,candidate_new,,
490703759,kakao:490703759,천제연제2폭포,https://place.map.kakao.com/490703759,spec-020,candidate_new,,
917872089,kakao:917872089,색달동 다람쥐굴,https://place.map.kakao.com/917872089,spec-020,candidate_new,,
11211892,kakao:11211892,한라산전망대,https://place.map.kakao.com/11211892,spec-020,candidate_new,,
1566381808,kakao:1566381808,조른모살해변,https://place.map.kakao.com/1566381808,spec-020,candidate_new,,
1315435942,kakao:1315435942,천제연제1폭포,https://place.map.kakao.com/1315435942,spec-020,candidate_new,,
25728426,kakao:25728426,예래천,https://place.map.kakao.com/25728426,spec-020,candidate_new,,
27513006,kakao:27513006,주상절리관광안내소,https://place.map.kakao.com/27513006,spec-020,candidate_new,,
237352484,kakao:237352484,우보름,https://place.map.kakao.com/237352484,spec-020,candidate_new,,
12778135,kakao:12778135,해병대길 (폐쇄),https://place.map.kakao.com/12778135,spec-020,candidate_new,,
12706375,kakao:12706375,상예동지석묘5호,https://place.map.kakao.com/12706375,spec-020,candidate_new,,
299114128,kakao:299114128,금산,https://place.map.kakao.com/299114128,spec-020,candidate_new,,
8028113,kakao:8028113,우보악 유원지,https://place.map.kakao.com/8028113,spec-020,candidate_new,,
8095104,kakao:8095104,충혼비,https://place.map.kakao.com/8095104,spec-020,candidate_new,,
479023619,kakao:479023619,남바치물,https://place.map.kakao.com/479023619,spec-020,candidate_new,,
25419270,kakao:25419270,예래천,https://place.map.kakao.com/25419270,spec-020,candidate_new,,
13723630,kakao:13723630,베릿내오름전망대,https://place.map.kakao.com/13723630,spec-020,candidate_new,,
12269209,kakao:12269209,제주다원 녹차미로공원,https://place.map.kakao.com/12269209,spec-020,candidate_new,,
1316272771,kakao:1316272771,롯데호텔제주 플레이토피아,https://place.map.kakao.com/1316272771,spec-020,candidate_new,,
12721329,kakao:12721329,천제연난대림,https://place.map.kakao.com/12721329,spec-020,candidate_new,,
937608705,kakao:937608705,서귀포 천제연 관개수로,https://place.map.kakao.com/937608705,spec-020,candidate_new,,
74021850,kakao:74021850,벚꽃터널,https://place.map.kakao.com/74021850,spec-020,candidate_new,,
1197494102,kakao:1197494102,잃어버린 마을 천서동,https://place.map.kakao.com/1197494102,spec-020,candidate_new,,
1138524408,kakao:1138524408,중문면 4.3희생자 위령공원,https://place.map.kakao.com/1138524408,spec-020,candidate_new,,
1431248960,kakao:1431248960,씨에스호텔 알드르광장,https://place.map.kakao.com/1431248960,spec-020,candidate_new,,
1197939562,kakao:1197939562,중문리 신사터,https://place.map.kakao.com/1197939562,spec-020,candidate_new,,
12706378,kakao:12706378,색달동지석묘1호,https://place.map.kakao.com/12706378,spec-020,candidate_new,,
7965232,kakao:7965232,셋정도,https://place.map.kakao.com/7965232,spec-020,candidate_new,,
1596164307,kakao:1596164307,도리빨,https://place.map.kakao.com/1596164307,spec-020,candidate_new,,
9668606,kakao:9668606,제주 국제평화센터 안내데스크,https://place.map.kakao.com/9668606,spec-020,candidate_new,,
1198024525,kakao:1198024525,중문면사무소 옛터,https://place.map.kakao.com/1198024525,spec-020,candidate_new,,
1594858068,kakao:1594858068,경주김씨지려,https://place.map.kakao.com/1594858068,spec-020,candidate_new,,
7868596,kakao:7868596,모라리오름,https://place.map.kakao.com/7868596,spec-020,candidate_new,,
8527353,kakao:8527353,중문천,https://place.map.kakao.com/8527353,spec-020,candidate_new,,
8329551,kakao:8329551,보호수 팽나무,https://place.map.kakao.com/8329551,spec-020,candidate_new,,
25727043,kakao:25727043,색달천,https://place.map.kakao.com/25727043,spec-020,candidate_new,,
622732439,kakao:622732439,서귀포해안도로,https://place.map.kakao.com/622732439,spec-020,candidate_new,,
1016874271,kakao:1016874271,도리빨해변,https://place.map.kakao.com/1016874271,spec-020,candidate_new,,
7828440,kakao:7828440,대포연대,https://place.map.kakao.com/7828440,spec-020,candidate_new,,
25725432,kakao:25725432,대포천,https://place.map.kakao.com/25725432,spec-020,candidate_new,,
10734223,kakao:10734223,전몰장병충혼비,https://place.map.kakao.com/10734223,spec-020,candidate_new,,
8640631,kakao:8640631,표선해수욕장,https://place.map.kakao.com/8640631,spec-020,existing_ready,128794,spec-021:matched_existing
8063566,kakao:8063566,제주민속촌,https://place.map.kakao.com/8063566,spec-020,existing_ready,130474,spec-021:matched_existing
12501794,kakao:12501794,제주성읍마을,https://place.map.kakao.com/12501794,spec-020,existing_ready,126471,spec-021:final-same-place
23397740,kakao:23397740,제주허브동산,https://place.map.kakao.com/23397740,spec-020,existing_ready,128345,spec-021:matched_existing
12979413,kakao:12979413,붉은오름자연휴양림,https://place.map.kakao.com/12979413,spec-020,existing_ready,1898484,spec-021:matched_existing
25248461,kakao:25248461,백약이오름,https://place.map.kakao.com/25248461,spec-020,existing_ready,2731801,spec-021:matched_existing
1527411751,kakao:1527411751,다이나믹메이즈 제주도성읍점,https://place.map.kakao.com/1527411751,spec-020,existing_ready,2418778,spec-021:matched_existing
25036598,kakao:25036598,따라비오름,https://place.map.kakao.com/25036598,spec-020,existing_ready,572968,spec-021:matched_existing
10805494,kakao:10805494,제주유채꽃도로,https://place.map.kakao.com/10805494,spec-020,existing_ready,1993734,spec-021:final-same-place
8018193,kakao:8018193,영주산,https://place.map.kakao.com/8018193,spec-020,candidate_new,,
10455841,kakao:10455841,붉은오름,https://place.map.kakao.com/10455841,spec-020,candidate_new,,
2096590,kakao:2096590,오늘은녹차한잔 카트장,https://place.map.kakao.com/2096590,spec-020,existing_ready,2774821,spec-021:terra-same-place
1714785831,kakao:1714785831,녹차동굴,https://place.map.kakao.com/1714785831,spec-020,existing_ready,3008392,spec-021:final-same-place
656533961,kakao:656533961,토끼나무숲길,https://place.map.kakao.com/656533961,spec-020,candidate_new,,
1302548378,kakao:1302548378,녹산로,https://place.map.kakao.com/1302548378,spec-020,candidate_new,,
858228870,kakao:858228870,성읍민속마을,https://place.map.kakao.com/858228870,spec-020,candidate_new,,
17382302,kakao:17382302,성읍랜드,https://place.map.kakao.com/17382302,spec-020,candidate_new,,
1932375305,kakao:1932375305,소금막해변,https://place.map.kakao.com/1932375305,spec-020,existing_ready,3026734,spec-021:terra-same-place
1387180064,kakao:1387180064,한라산둘레길 숲길센터,https://place.map.kakao.com/1387180064,spec-020,candidate_new,,
340485722,kakao:340485722,사려니숲 무장애나눔길,https://place.map.kakao.com/340485722,spec-020,candidate_new,,
25204904,kakao:25204904,큰사슴이오름,https://place.map.kakao.com/25204904,spec-020,existing_ready,2767695,spec-021:matched_existing
373975033,kakao:373975033,빛의섬루미버스,https://place.map.kakao.com/373975033,spec-020,existing_ready,3491457,spec-021:matched_existing
1542876301,kakao:1542876301,제주올레4코스 공식안내소,https://place.map.kakao.com/1542876301,spec-020,candidate_new,,
19175082,kakao:19175082,가시리 국산화 풍력발전단지,https://place.map.kakao.com/19175082,spec-020,existing_ready,3026711,spec-021:matched_existing
1800116456,kakao:1800116456,보롬왓수국길,https://place.map.kakao.com/1800116456,spec-020,candidate_new,,
10620522,kakao:10620522,개오름,https://place.map.kakao.com/10620522,spec-020,existing_ready,1887873,spec-021:matched_existing
27225783,kakao:27225783,성읍저수지,https://place.map.kakao.com/27225783,spec-020,candidate_new,,
1132932703,kakao:1132932703,사려니숲길 관광안내소,https://place.map.kakao.com/1132932703,spec-020,candidate_new,,
8610382,kakao:8610382,표선해안도로,https://place.map.kakao.com/8610382,spec-020,candidate_new,,
24325322,kakao:24325322,표선해변 인증센터,https://place.map.kakao.com/24325322,spec-020,candidate_new,,
45736382,kakao:45736382,가시리 조랑말체험장,https://place.map.kakao.com/45736382,spec-020,candidate_new,,
26458820,kakao:26458820,성지도예,https://place.map.kakao.com/26458820,spec-020,candidate_new,,
10328747,kakao:10328747,모지오름,https://place.map.kakao.com/10328747,spec-020,existing_ready,1928045,spec-021:matched_existing
2016341083,kakao:2016341083,표선사거리상점가,https://place.map.kakao.com/2016341083,spec-020,candidate_new,,
17807528,kakao:17807528,제주성읍마을 정의향교,https://place.map.kakao.com/17807528,spec-020,existing_ready,1621147,spec-021:matched_existing
265543731,kakao:265543731,벨섬,https://place.map.kakao.com/265543731,spec-020,candidate_new,,
11302272,kakao:11302272,병곳오름,https://place.map.kakao.com/11302272,spec-020,candidate_new,,
7813516,kakao:7813516,달산봉,https://place.map.kakao.com/7813516,spec-020,candidate_new,,
7895084,kakao:7895084,번널오름,https://place.map.kakao.com/7895084,spec-020,candidate_new,,
26564491,kakao:26564491,갑마장길및가름질 쫄븐갑마장길,https://place.map.kakao.com/26564491,spec-020,candidate_new,,
1182643292,kakao:1182643292,표선면 4.3추모공원,https://place.map.kakao.com/1182643292,spec-020,candidate_new,,
17570205,kakao:17570205,제주민속촌박물관 어촌,https://place.map.kakao.com/17570205,spec-020,candidate_new,,
13723698,kakao:13723698,거우개,https://place.map.kakao.com/13723698,spec-020,candidate_new,,
915096634,kakao:915096634,가시리숲길,https://place.map.kakao.com/915096634,spec-020,candidate_new,,
12721317,kakao:12721317,제주 성읍리 느티나무 및 팽나무 군,https://place.map.kakao.com/12721317,spec-020,candidate_new,,
12705853,kakao:12705853,소마로연대,https://place.map.kakao.com/12705853,spec-020,candidate_new,,
17788803,kakao:17788803,여문영아리,https://place.map.kakao.com/17788803,spec-020,candidate_new,,
8083937,kakao:8083937,천미천,https://place.map.kakao.com/8083937,spec-020,candidate_new,,
8389769,kakao:8389769,송종선가옥,https://place.map.kakao.com/8389769,spec-020,candidate_new,,
18059602,kakao:18059602,제주민속촌 토속신앙촌,https://place.map.kakao.com/18059602,spec-020,candidate_new,,
8418670,kakao:8418670,정의읍성,https://place.map.kakao.com/8418670,spec-020,candidate_new,,
8059478,kakao:8059478,정의현성,https://place.map.kakao.com/8059478,spec-020,existing_ready,1621165,spec-021:terra-same-place
13723723,kakao:13723723,갯늪,https://place.map.kakao.com/13723723,spec-020,candidate_new,,
1699259325,kakao:1699259325,하천리4계절꽃농원,https://place.map.kakao.com/1699259325,spec-020,candidate_new,,
1174552126,kakao:1174552126,제주성읍마을 대장간집,https://place.map.kakao.com/1174552126,spec-020,candidate_new,,
7958576,kakao:7958576,소록산,https://place.map.kakao.com/7958576,spec-020,candidate_new,,
7946961,kakao:7946961,설오름,https://place.map.kakao.com/7946961,spec-020,candidate_new,,
25169758,kakao:25169758,갑선이오름,https://place.map.kakao.com/25169758,spec-020,existing_ready,1887866,spec-021:matched_existing
355204983,kakao:355204983,도바나농장,https://place.map.kakao.com/355204983,spec-020,candidate_new,,
8076561,kakao:8076561,제석오름,https://place.map.kakao.com/8076561,spec-020,candidate_new,,
1264454112,kakao:1264454112,표선 한모살,https://place.map.kakao.com/1264454112,spec-020,candidate_new,,
13725645,kakao:13725645,흰동산,https://place.map.kakao.com/13725645,spec-020,candidate_new,,
17580835,kakao:17580835,제주 허브동산 라벤더광장,https://place.map.kakao.com/17580835,spec-020,candidate_new,,
12760569,kakao:12760569,제주성읍마을 고평오고택,https://place.map.kakao.com/12760569,spec-020,existing_ready,1621155,spec-021:matched_existing
26563990,kakao:26563990,갑마장길및가름질 갑마장길,https://place.map.kakao.com/26563990,spec-020,candidate_new,,
8601237,kakao:8601237,천미천,https://place.map.kakao.com/8601237,spec-020,candidate_new,,
11234528,kakao:11234528,쳇망오름,https://place.map.kakao.com/11234528,spec-020,candidate_new,,
420022034,kakao:420022034,오늘은관광농원,https://place.map.kakao.com/420022034,spec-020,candidate_new,,
8191728,kakao:8191728,구두리오름,https://place.map.kakao.com/8191728,spec-020,existing_ready,1918984,spec-021:matched_existing
2116130844,kakao:2116130844,영모루,https://place.map.kakao.com/2116130844,spec-020,candidate_new,,
12760615,kakao:12760615,제주성읍마을 고창환고택,https://place.map.kakao.com/12760615,spec-020,existing_ready,1621161,spec-021:matched_existing
8111492,kakao:8111492,가문이오름,https://place.map.kakao.com/8111492,spec-020,existing_ready,1884505,spec-021:matched_existing
12760545,kakao:12760545,제주성읍마을 한봉일고택,https://place.map.kakao.com/12760545,spec-020,candidate_new,,
8387235,kakao:8387235,새끼오름,https://place.map.kakao.com/8387235,spec-020,candidate_new,,
1183335785,kakao:1183335785,달랭이모루,https://place.map.kakao.com/1183335785,spec-020,candidate_new,,
10359873,kakao:10359873,가친오름,https://place.map.kakao.com/10359873,spec-020,candidate_new,,
1174726130,kakao:1174726130,제주성읍마을 객주집,https://place.map.kakao.com/1174726130,spec-020,candidate_new,,
8535878,kakao:8535878,근민헌,https://place.map.kakao.com/8535878,spec-020,candidate_new,,
714249197,kakao:714249197,정의현객사,https://place.map.kakao.com/714249197,spec-020,candidate_new,,
25238067,kakao:25238067,물나는동산,https://place.map.kakao.com/25238067,spec-020,candidate_new,,
228853061,kakao:228853061,아심전지,https://place.map.kakao.com/228853061,spec-020,candidate_new,,
8055384,kakao:8055384,장자오름,https://place.map.kakao.com/8055384,spec-020,candidate_new,,
17788462,kakao:17788462,아슴선이,https://place.map.kakao.com/17788462,spec-020,candidate_new,,
18333469,kakao:18333469,월랑지,https://place.map.kakao.com/18333469,spec-020,candidate_new,,
1183859725,kakao:1183859725,폭발사고 희생자 위령탑,https://place.map.kakao.com/1183859725,spec-020,candidate_new,,
10640993,kakao:10640993,열녀효자각,https://place.map.kakao.com/10640993,spec-020,candidate_new,,
25164568,kakao:25164568,가매기동산,https://place.map.kakao.com/25164568,spec-020,candidate_new,,
25730150,kakao:25730150,진평천,https://place.map.kakao.com/25730150,spec-020,candidate_new,,
7954251,kakao:7954251,송천,https://place.map.kakao.com/7954251,spec-020,candidate_new,,
1458088584,kakao:1458088584,신수왓천,https://place.map.kakao.com/1458088584,spec-020,candidate_new,,
12760591,kakao:12760591,성읍 고상은가옥,https://place.map.kakao.com/12760591,spec-020,candidate_new,,
12760592,kakao:12760592,성읍조일훈가옥,https://place.map.kakao.com/12760592,spec-020,candidate_new,,
8015963,kakao:8015963,올레길 6코스(쇠소깍-서귀포 올레),https://place.map.kakao.com/8015963,spec-020,candidate_new,,
10717401,kakao:10717401,정방폭포,https://place.map.kakao.com/10717401,spec-020,existing_ready,126437,spec-021:matched_existing
26818966,kakao:26818966,소천지,https://place.map.kakao.com/26818966,spec-020,candidate_new,,
7964906,kakao:7964906,소정방폭포,https://place.map.kakao.com/7964906,spec-020,existing_ready,129405,spec-021:matched_existing
11140788,kakao:11140788,새섬,https://place.map.kakao.com/11140788,spec-020,candidate_new,,
749525982,kakao:749525982,자구리담수욕장,https://place.map.kakao.com/749525982,spec-020,candidate_new,,
10801781,kakao:10801781,제지기오름,https://place.map.kakao.com/10801781,spec-020,existing_ready,1918417,spec-021:matched_existing
8329265,kakao:8329265,보목해안도로,https://place.map.kakao.com/8329265,spec-020,candidate_new,,
1778423776,kakao:1778423776,새섬공원 전망대,https://place.map.kakao.com/1778423776,spec-020,candidate_new,,
7956506,kakao:7956506,섶섬,https://place.map.kakao.com/7956506,spec-020,candidate_new,,
1776196737,kakao:1776196737,자구리 해안가,https://place.map.kakao.com/1776196737,spec-020,candidate_new,,
8312353,kakao:8312353,문섬,https://place.map.kakao.com/8312353,spec-020,candidate_new,,
26524446,kakao:26524446,칠십리음식특화거리,https://place.map.kakao.com/26524446,spec-020,candidate_new,,
12151918,kakao:12151918,소남머리,https://place.map.kakao.com/12151918,spec-020,existing_ready,1945578,spec-021:terra-same-place
1264310914,kakao:1264310914,정방폭포와소남머리 일대,https://place.map.kakao.com/1264310914,spec-020,candidate_new,,
12736204,kakao:12736204,서귀진지,https://place.map.kakao.com/12736204,spec-020,existing_ready,2822432,spec-021:matched_existing
10717402,kakao:10717402,정방폭포 관광안내소,https://place.map.kakao.com/10717402,spec-020,candidate_new,,
10556114,kakao:10556114,소정방굴,https://place.map.kakao.com/10556114,spec-020,candidate_new,,
8507967,kakao:8507967,정방유원지,https://place.map.kakao.com/8507967,spec-020,candidate_new,,
1487275823,kakao:1487275823,하영올레 2코스,https://place.map.kakao.com/1487275823,spec-020,existing_ready,2806555,spec-021:terra-same-place
1570954119,kakao:1570954119,토평환해장성,https://place.map.kakao.com/1570954119,spec-020,candidate_new,,
13725772,kakao:13725772,거믄여해안,https://place.map.kakao.com/13725772,spec-020,candidate_new,,
17902536,kakao:17902536,서귀포시관광안내소,https://place.map.kakao.com/17902536,spec-020,candidate_new,,
632090724,kakao:632090724,남영호조난자 위령탑,https://place.map.kakao.com/632090724,spec-020,candidate_new,,
1786853360,kakao:1786853360,서복공원 잔디광장,https://place.map.kakao.com/1786853360,spec-020,candidate_new,,
10543951,kakao:10543951,식물원,https://place.map.kakao.com/10543951,spec-020,candidate_new,,
258044163,kakao:258044163,보목동등명대,https://place.map.kakao.com/258044163,spec-020,candidate_new,,
2139742394,kakao:2139742394,어쩌다섶섬,https://place.map.kakao.com/2139742394,spec-020,candidate_new,,
1900382265,kakao:1900382265,서귀포KAL호텔 잔디광장,https://place.map.kakao.com/1900382265,spec-020,candidate_new,,
12721344,kakao:12721344,제주삼도파초일엽자생지,https://place.map.kakao.com/12721344,spec-020,candidate_new,,
25182920,kakao:25182920,구두미재,https://place.map.kakao.com/25182920,spec-020,candidate_new,,
8523750,kakao:8523750,이중섭거리,https://place.map.kakao.com/8523750,spec-020,existing_ready,1620936,spec-021:matched_existing
1698909372,kakao:1698909372,송산동 골목상점가,https://place.map.kakao.com/1698909372,spec-020,candidate_new,,
14864527,kakao:14864527,문도,https://place.map.kakao.com/14864527,spec-020,candidate_new,,
25726417,kakao:25726417,보목천,https://place.map.kakao.com/25726417,spec-020,candidate_new,,
8100102,kakao:8100102,천지연폭포,https://place.map.kakao.com/8100102,spec-020,existing_ready,126438,spec-021:matched_existing
14080397,kakao:14080397,7코스 제주올레 여행자센터,https://place.map.kakao.com/14080397,spec-020,candidate_new,,
8057149,kakao:8057149,이중섭거주지,https://place.map.kakao.com/8057149,spec-020,existing_ready,127283,spec-021:matched_existing
1202044621,kakao:1202044621,정모시쉼터,https://place.map.kakao.com/1202044621,spec-020,existing_ready,3530411,spec-021:matched_existing
7945410,kakao:7945410,서귀포해양도립공원,https://place.map.kakao.com/7945410,spec-020,existing_ready,601489,spec-021:matched_existing
1999187580,kakao:1999187580,이중섭거리명동로상가,https://place.map.kakao.com/1999187580,spec-020,candidate_new,,
19386343,kakao:19386343,아랑조을거리,https://place.map.kakao.com/19386343,spec-020,candidate_new,,
8100101,kakao:8100101,천지연유원지,https://place.map.kakao.com/8100101,spec-020,candidate_new,,
1931977442,kakao:1931977442,작가의산책길 종합안내소,https://place.map.kakao.com/1931977442,spec-020,candidate_new,,
26564448,kakao:26564448,작가의산책길,https://place.map.kakao.com/26564448,spec-020,candidate_new,,
10502825,kakao:10502825,서귀포 종합관광안내소,https://place.map.kakao.com/10502825,spec-020,candidate_new,,
27050803,kakao:27050803,서귀본향당,https://place.map.kakao.com/27050803,spec-020,candidate_new,,
26974762,kakao:26974762,황우지해안 (폐쇄),https://place.map.kakao.com/26974762,spec-020,candidate_new,,
27010336,kakao:27010336,서귀포층 패류화석산지,https://place.map.kakao.com/27010336,spec-020,existing_ready,2932006,spec-021:matched_existing
1621047762,kakao:1621047762,서귀포시문화광장,https://place.map.kakao.com/1621047762,spec-020,candidate_new,,
1779076533,kakao:1779076533,새연교 음악분수,https://place.map.kakao.com/1779076533,spec-020,candidate_new,,
26204215,kakao:26204215,새연교안내소,https://place.map.kakao.com/26204215,spec-020,candidate_new,,
1779409505,kakao:1779409505,천지연폭포 전망대,https://place.map.kakao.com/1779409505,spec-020,candidate_new,,
8169612,kakao:8169612,황우지해안열두굴,https://place.map.kakao.com/8169612,spec-020,existing_ready,2767778,spec-021:matched_existing
1894119248,kakao:1894119248,하영올레 1코스,https://place.map.kakao.com/1894119248,spec-020,candidate_new,,
1208529030,kakao:1208529030,올레별빛거리 골목형상점가,https://place.map.kakao.com/1208529030,spec-020,candidate_new,,
13723956,kakao:13723956,천지연 기정길,https://place.map.kakao.com/13723956,spec-020,candidate_new,,
808528872,kakao:808528872,하영올레 야간코스,https://place.map.kakao.com/808528872,spec-020,candidate_new,,
126727760,kakao:126727760,생수궤,https://place.map.kakao.com/126727760,spec-020,candidate_new,,
25035440,kakao:25035440,외돌개,https://place.map.kakao.com/25035440,spec-020,existing_ready,126470,spec-021:matched_existing
1837401211,kakao:1837401211,솜반천,https://place.map.kakao.com/1837401211,spec-020,candidate_new,,
12721343,kakao:12721343,제주 천지연담팔수자생지,https://place.map.kakao.com/12721343,spec-020,candidate_new,,
383223155,kakao:383223155,가치여행자쉼터,https://place.map.kakao.com/383223155,spec-020,candidate_new,,
1911167459,kakao:1911167459,중앙동문화골목,https://place.map.kakao.com/1911167459,spec-020,candidate_new,,
16260332,kakao:16260332,관광안내소 제주특별자치도서귀포시,https://place.map.kakao.com/16260332,spec-020,candidate_new,,
2077762492,kakao:2077762492,풍경이 있는 오솔길,https://place.map.kakao.com/2077762492,spec-020,candidate_new,,
13725799,kakao:13725799,황우지선녀탕 (폐쇄),https://place.map.kakao.com/13725799,spec-020,existing_ready,3013310,spec-021:matched_existing
17952118,kakao:17952118,걸매생태공원 창포원,https://place.map.kakao.com/17952118,spec-020,candidate_new,,
277010182,kakao:277010182,제주특별자치도서귀포시,https://place.map.kakao.com/277010182,spec-020,candidate_new,,
111229061,kakao:111229061,서귀포시 안내센터,https://place.map.kakao.com/111229061,spec-020,candidate_new,,
1855875947,kakao:1855875947,서귀포건축문화기행,https://place.map.kakao.com/1855875947,spec-020,candidate_new,,
7919832,kakao:7919832,삼매봉,https://place.map.kakao.com/7919832,spec-020,existing_ready,127049,spec-021:matched_existing
25731007,kakao:25731007,호근천,https://place.map.kakao.com/25731007,spec-020,candidate_new,,
1191215421,kakao:1191215421,외돌개 전망대,https://place.map.kakao.com/1191215421,spec-020,candidate_new,,
1764317309,kakao:1764317309,연외천,https://place.map.kakao.com/1764317309,spec-020,candidate_new,,
11635431,kakao:11635431,올레길 7코스(서귀포-월평 올레),https://place.map.kakao.com/11635431,spec-020,candidate_new,,
1578790060,kakao:1578790060,하논분화구 방문자센터,https://place.map.kakao.com/1578790060,spec-020,candidate_new,,
1537887621,kakao:1537887621,하영올레 3코스,https://place.map.kakao.com/1537887621,spec-020,existing_ready,2806561,spec-021:terra-same-place
500774513,kakao:500774513,동너븐덕,https://place.map.kakao.com/500774513,spec-020,candidate_new,,
2007363174,kakao:2007363174,동홍8번가,https://place.map.kakao.com/2007363174,spec-020,candidate_new,,
27302441,kakao:27302441,신선바위,https://place.map.kakao.com/27302441,spec-020,candidate_new,,
500321054,kakao:500321054,무근덕,https://place.map.kakao.com/500321054,spec-020,candidate_new,,
1134195034,kakao:1134195034,오레브 핫스프링 앤 스파,https://place.map.kakao.com/1134195034,spec-020,existing_ready,3343597,spec-021:matched_existing
7974265,kakao:7974265,신선바위,https://place.map.kakao.com/7974265,spec-020,candidate_new,,
17789092,kakao:17789092,보름이,https://place.map.kakao.com/17789092,spec-020,candidate_new,,
986064362,kakao:986064362,동이홍이네 힐링황톳길,https://place.map.kakao.com/986064362,spec-020,candidate_new,,
13723599,kakao:13723599,삼매봉옆길,https://place.map.kakao.com/13723599,spec-020,candidate_new,,
1889212822,kakao:1889212822,천지힐링길코스,https://place.map.kakao.com/1889212822,spec-020,candidate_new,,
8203045,kakao:8203045,기차바위,https://place.map.kakao.com/8203045,spec-020,candidate_new,,
548198823,kakao:548198823,하논성당터,https://place.map.kakao.com/548198823,spec-020,candidate_new,,
25725731,kakao:25725731,동홍천,https://place.map.kakao.com/25725731,spec-020,candidate_new,,
1191128222,kakao:1191128222,베케,https://place.map.kakao.com/1191128222,spec-020,existing_ready,2850113,spec-022:fd05-matched-existing
1137080601,kakao:1137080601,변시지그림정원,https://place.map.kakao.com/1137080601,spec-020,candidate_new,,
1198327594,kakao:1198327594,잃어버린 마을 하논마을,https://place.map.kakao.com/1198327594,spec-020,candidate_new,,
12753593,kakao:12753593,올레길 7-1코스(월드컵경기장-서귀포 올레),https://place.map.kakao.com/12753593,spec-020,candidate_new,,
10303208,kakao:10303208,돔베낭골,https://place.map.kakao.com/10303208,spec-020,candidate_new,,
25727046,kakao:25727046,생수천,https://place.map.kakao.com/25727046,spec-020,candidate_new,,
7890597,kakao:7890597,섯거제,https://place.map.kakao.com/7890597,spec-020,candidate_new,,
919136647,kakao:919136647,속골유원지,https://place.map.kakao.com/919136647,spec-020,existing_ready,3071744,spec-021:matched_existing
7953309,kakao:7953309,서홍동대궐터,https://place.map.kakao.com/7953309,spec-020,candidate_new,,
25726418,kakao:25726418,보목천,https://place.map.kakao.com/25726418,spec-020,candidate_new,,
10349145,kakao:10349145,망밭,https://place.map.kakao.com/10349145,spec-020,candidate_new,,
25729042,kakao:25729042,원제천,https://place.map.kakao.com/25729042,spec-020,candidate_new,,
25731009,kakao:25731009,호근천,https://place.map.kakao.com/25731009,spec-020,candidate_new,,
1618262289,kakao:1618262289,구 경성제국대학 부속 생약연구소 제주도 시험장,https://place.map.kakao.com/1618262289,spec-020,candidate_new,,
1571636858,kakao:1571636858,오정빈묘역,https://place.map.kakao.com/1571636858,spec-020,candidate_new,,
25728271,kakao:25728271,연외천,https://place.map.kakao.com/25728271,spec-020,candidate_new,,
2009852352,kakao:2009852352,대륜동 느린우체통,https://place.map.kakao.com/2009852352,spec-020,candidate_new,,
25729043,kakao:25729043,원제천,https://place.map.kakao.com/25729043,spec-020,candidate_new,,
25727035,kakao:25727035,상효천,https://place.map.kakao.com/25727035,spec-020,candidate_new,,
13725804,kakao:13725804,야자수동산,https://place.map.kakao.com/13725804,spec-020,candidate_new,,
25727138,kakao:25727138,서홍천,https://place.map.kakao.com/25727138,spec-020,candidate_new,,
7939481,kakao:7939481,설오름,https://place.map.kakao.com/7939481,spec-020,candidate_new,,
7939827,kakao:7939827,선정비,https://place.map.kakao.com/7939827,spec-020,candidate_new,,
13725565,kakao:13725565,수봉로,https://place.map.kakao.com/13725565,spec-020,candidate_new,,
7999465,kakao:7999465,연동연대,https://place.map.kakao.com/7999465,spec-020,candidate_new,,
244449924,kakao:244449924,일냉이,https://place.map.kakao.com/244449924,spec-020,candidate_new,,
1297670395,kakao:1297670395,달도자기공방,https://place.map.kakao.com/1297670395,spec-020,candidate_new,,
25727469,kakao:25727469,속골천,https://place.map.kakao.com/25727469,spec-020,candidate_new,,
1188844295,kakao:1188844295,토평국민학교 옛터,https://place.map.kakao.com/1188844295,spec-020,candidate_new,,
1198147058,kakao:1198147058,서호국민학교 옛터,https://place.map.kakao.com/1198147058,spec-020,candidate_new,,
725892948,kakao:725892948,예섬농원,https://place.map.kakao.com/725892948,spec-020,candidate_new,,
25727036,kakao:25727036,상효천,https://place.map.kakao.com/25727036,spec-020,candidate_new,,
8194417,kakao:8194417,기념비,https://place.map.kakao.com/8194417,spec-020,candidate_new,,
27600986,kakao:27600986,법환바당 인증센터,https://place.map.kakao.com/27600986,spec-020,candidate_new,,
355979824,kakao:355979824,황토어싱광장,https://place.map.kakao.com/355979824,spec-020,candidate_new,,
8471394,kakao:8471394,월라산,https://place.map.kakao.com/8471394,spec-020,candidate_new,,
8551890,kakao:8551890,인정오름,https://place.map.kakao.com/8551890,spec-020,candidate_new,,
1142839072,kakao:1142839072,공물,https://place.map.kakao.com/1142839072,spec-020,candidate_new,,
1786917400,kakao:1786917400,감귤박물관 잔디광장,https://place.map.kakao.com/1786917400,spec-020,candidate_new,,
1601983383,kakao:1601983383,금빛숲길,https://place.map.kakao.com/1601983383,spec-020,candidate_new,,
2121265723,kakao:2121265723,엉덕물,https://place.map.kakao.com/2121265723,spec-020,candidate_new,,
2121371760,kakao:2121371760,웃물,https://place.map.kakao.com/2121371760,spec-020,candidate_new,,
7951449,kakao:7951449,서포제동산,https://place.map.kakao.com/7951449,spec-020,candidate_new,,
1974243984,kakao:1974243984,생이돌,https://place.map.kakao.com/1974243984,spec-020,candidate_new,,
164856827,kakao:164856827,법환 해녀광장,https://place.map.kakao.com/164856827,spec-020,candidate_new,,
26041121,kakao:26041121,법환어촌계해녀체험센터,https://place.map.kakao.com/26041121,spec-020,candidate_new,,
820826091,kakao:820826091,윈드1947카트테마파크,https://place.map.kakao.com/820826091,spec-020,existing_ready,2606214,spec-021:matched_existing
978165287,kakao:978165287,워터월드 제주,https://place.map.kakao.com/978165287,spec-020,existing_ready,128665,spec-021:matched_existing
17569545,kakao:17569545,감귤박물관 아열대식물원,https://place.map.kakao.com/17569545,spec-020,candidate_new,,
2121324851,kakao:2121324851,서가름물,https://place.map.kakao.com/2121324851,spec-020,candidate_new,,
10840692,kakao:10840692,추모비,https://place.map.kakao.com/10840692,spec-020,candidate_new,,
8103529,kakao:8103529,충혼비,https://place.map.kakao.com/8103529,spec-020,candidate_new,,
25388343,kakao:25388343,포제동산,https://place.map.kakao.com/25388343,spec-020,candidate_new,,
14753626,kakao:14753626,솔오름전망대,https://place.map.kakao.com/14753626,spec-020,candidate_new,,
1186711378,kakao:1186711378,로맨틱메이즈,https://place.map.kakao.com/1186711378,spec-020,candidate_new,,
109150283,kakao:109150283,최영 장군 승전비,https://place.map.kakao.com/109150283,spec-020,candidate_new,,
8675561,kakao:8675561,각시바위,https://place.map.kakao.com/8675561,spec-020,existing_ready,1887368,spec-021:matched_existing
1188329979,kakao:1188329979,오용국 추모비,https://place.map.kakao.com/1188329979,spec-020,candidate_new,,
885942429,kakao:885942429,소금막 나무정자,https://place.map.kakao.com/885942429,spec-020,candidate_new,,
8620506,kakao:8620506,학수바위,https://place.map.kakao.com/8620506,spec-020,candidate_new,,
1601467862,kakao:1601467862,제주월드컵경기장 광장,https://place.map.kakao.com/1601467862,spec-020,candidate_new,,
8175370,kakao:8175370,고근산,https://place.map.kakao.com/8175370,spec-020,existing_ready,127051,spec-021:matched_existing
1766125269,kakao:1766125269,서귀포치유의숲,https://place.map.kakao.com/1766125269,spec-020,existing_ready,2660763,spec-021:matched_existing
8236791,kakao:8236791,상효원수목원,https://place.map.kakao.com/8236791,spec-020,existing_ready,2738734,spec-021:matched_existing
12545248,kakao:12545248,원앙폭포,https://place.map.kakao.com/12545248,spec-020,existing_ready,126441,spec-021:matched_existing
262341759,kakao:262341759,제주올레 7-1코스 공식안내소,https://place.map.kakao.com/262341759,spec-020,candidate_new,,
8008273,kakao:8008273,엉또폭포,https://place.map.kakao.com/8008273,spec-020,existing_ready,127052,spec-021:matched_existing
7832439,kakao:7832439,돈내코유원지,https://place.map.kakao.com/7832439,spec-020,candidate_new,,
18164806,kakao:18164806,제주월드컵경기장 종합안내센터,https://place.map.kakao.com/18164806,spec-020,candidate_new,,
13725569,kakao:13725569,법환바당올레,https://place.map.kakao.com/13725569,spec-020,candidate_new,,
445049006,kakao:445049006,고근산 전망대 구시가지,https://place.map.kakao.com/445049006,spec-020,candidate_new,,
562747308,kakao:562747308,서귀포치유의숲 방문자센터,https://place.map.kakao.com/562747308,spec-020,candidate_new,,
1025655383,kakao:1025655383,고근산 산책로,https://place.map.kakao.com/1025655383,spec-020,candidate_new,,
363807379,kakao:363807379,배염줄이,https://place.map.kakao.com/363807379,spec-020,candidate_new,,
8547569,kakao:8547569,칡오름,https://place.map.kakao.com/8547569,spec-020,candidate_new,,
27156666,kakao:27156666,돈내코계곡,https://place.map.kakao.com/27156666,spec-020,candidate_new,,
26631209,kakao:26631209,서귀다원,https://place.map.kakao.com/26631209,spec-020,existing_ready,2723689,spec-021:matched_existing
8164124,kakao:8164124,강정천,https://place.map.kakao.com/8164124,spec-020,existing_ready,127050,spec-021:matched_existing
10387348,kakao:10387348,범섬,https://place.map.kakao.com/10387348,spec-020,candidate_new,,
1363920805,kakao:1363920805,서귀포 치유의 숲 노고록 숲길,https://place.map.kakao.com/1363920805,spec-020,candidate_new,,
164909391,kakao:164909391,고근산 전망대,https://place.map.kakao.com/164909391,spec-020,candidate_new,,
7936290,kakao:7936290,서건도,https://place.map.kakao.com/7936290,spec-020,existing_ready,1936039,spec-021:terra-same-place
24021334,kakao:24021334,미악산,https://place.map.kakao.com/24021334,spec-020,existing_ready,2765223,spec-021:matched_existing
8529120,kakao:8529120,익스트림아일랜드,https://place.map.kakao.com/8529120,spec-020,candidate_new,,
8065050,kakao:8065050,제주감귤큰잔치,https://place.map.kakao.com/8065050,spec-020,candidate_new,,
638609015,kakao:638609015,추억의 숲길,https://place.map.kakao.com/638609015,spec-020,candidate_new,,
17809535,kakao:17809535,강정천유원지,https://place.map.kakao.com/17809535,spec-020,candidate_new,,
11189551,kakao:11189551,영천악,https://place.map.kakao.com/11189551,spec-020,candidate_new,,
25302677,kakao:25302677,쌀오름,https://place.map.kakao.com/25302677,spec-020,candidate_new,,
2021267161,kakao:2021267161,한라산국립공원 돈내코 탐방안내소,https://place.map.kakao.com/2021267161,spec-020,candidate_new,,
14864724,kakao:14864724,호도,https://place.map.kakao.com/14864724,spec-020,candidate_new,,
2050277375,kakao:2050277375,서건도 전망대,https://place.map.kakao.com/2050277375,spec-020,candidate_new,,
1570999841,kakao:1570999841,강정환해장성,https://place.map.kakao.com/1570999841,spec-020,candidate_new,,
14819290,kakao:14819290,설록다원도순,https://place.map.kakao.com/14819290,spec-020,candidate_new,,
25727967,kakao:25727967,악근천,https://place.map.kakao.com/25727967,spec-020,candidate_new,,
25727968,kakao:25727968,악근천,https://place.map.kakao.com/25727968,spec-020,candidate_new,,
260700771,kakao:260700771,시오름 주둔소 입구,https://place.map.kakao.com/260700771,spec-020,candidate_new,,
10677049,kakao:10677049,월산봉,https://place.map.kakao.com/10677049,spec-020,candidate_new,,
14826258,kakao:14826258,돈네코동일농원,https://place.map.kakao.com/14826258,spec-020,candidate_new,,
822758781,kakao:822758781,상효원,https://place.map.kakao.com/822758781,spec-020,candidate_new,,
1290697685,kakao:1290697685,고근산숲길,https://place.map.kakao.com/1290697685,spec-020,candidate_new,,
27588090,kakao:27588090,상효원식물원 소낭아래,https://place.map.kakao.com/27588090,spec-020,candidate_new,,
12721328,kakao:12721328,제주상효동 한란자생지,https://place.map.kakao.com/12721328,spec-020,candidate_new,,
1982923129,kakao:1982923129,강정해오름노을길,https://place.map.kakao.com/1982923129,spec-020,candidate_new,,
10965610,kakao:10965610,효돈천,https://place.map.kakao.com/10965610,spec-020,candidate_new,,
565381681,kakao:565381681,엉또돌다카페&농원,https://place.map.kakao.com/565381681,spec-020,existing_ready,3071718,spec-021:matched_existing
113111269,kakao:113111269,포시즌,https://place.map.kakao.com/113111269,spec-020,candidate_new,,
7918307,kakao:7918307,1115 지방도로,https://place.map.kakao.com/7918307,spec-020,candidate_new,,
14080346,kakao:14080346,엉또농원,https://place.map.kakao.com/14080346,spec-020,candidate_new,,
27588258,kakao:27588258,상효원수목원 꽃의정원,https://place.map.kakao.com/27588258,spec-020,candidate_new,,
1264036567,kakao:1264036567,시오름 주둔소,https://place.map.kakao.com/1264036567,spec-020,candidate_new,,
559448992,kakao:559448992,강정동담팔수,https://place.map.kakao.com/559448992,spec-020,candidate_new,,
11241380,kakao:11241380,천둥약수,https://place.map.kakao.com/11241380,spec-020,candidate_new,,
1491811677,kakao:1491811677,일강정바당올레,https://place.map.kakao.com/1491811677,spec-020,candidate_new,,
26558577,kakao:26558577,한라산둘레길 동백길,https://place.map.kakao.com/26558577,spec-020,candidate_new,,
89462369,kakao:89462369,틀낭숲길,https://place.map.kakao.com/89462369,spec-020,candidate_new,,
27588123,kakao:27588123,상효원식물원 암석원,https://place.map.kakao.com/27588123,spec-020,candidate_new,,
27588119,kakao:27588119,상효원식물원 엄마의정원,https://place.map.kakao.com/27588119,spec-020,candidate_new,,
25727966,kakao:25727966,악근내,https://place.map.kakao.com/25727966,spec-020,candidate_new,,
1308641005,kakao:1308641005,잃어버린 마을 영남동,https://place.map.kakao.com/1308641005,spec-020,candidate_new,,
8015652,kakao:8015652,오란도,https://place.map.kakao.com/8015652,spec-020,candidate_new,,
25297520,kakao:25297520,시오름,https://place.map.kakao.com/25297520,spec-020,candidate_new,,
8668530,kakao:8668530,활오름,https://place.map.kakao.com/8668530,spec-020,candidate_new,,
25727401,kakao:25727401,세초천,https://place.map.kakao.com/25727401,spec-020,candidate_new,,
1582467281,kakao:1582467281,강정본향당,https://place.map.kakao.com/1582467281,spec-020,candidate_new,,
234956975,kakao:234956975,궤사름,https://place.map.kakao.com/234956975,spec-020,candidate_new,,
12721330,kakao:12721330,제주 도순리 녹나무 자생지,https://place.map.kakao.com/12721330,spec-020,candidate_new,,
25723744,kakao:25723744,강정천,https://place.map.kakao.com/25723744,spec-020,candidate_new,,
25725574,kakao:25725574,도순천,https://place.map.kakao.com/25725574,spec-020,candidate_new,,
24022945,kakao:24022945,궁산,https://place.map.kakao.com/24022945,spec-020,candidate_new,,
10128344,kakao:10128344,강정동 대궐터,https://place.map.kakao.com/10128344,spec-020,candidate_new,,
25724344,kakao:25724344,궁상천,https://place.map.kakao.com/25724344,spec-020,candidate_new,,
25724341,kakao:25724341,궁산천,https://place.map.kakao.com/25724341,spec-020,candidate_new,,
25725753,kakao:25725753,동흥천,https://place.map.kakao.com/25725753,spec-020,candidate_new,,
25725575,kakao:25725575,도순천,https://place.map.kakao.com/25725575,spec-020,candidate_new,,
24243912,kakao:24243912,선녀코지,https://place.map.kakao.com/24243912,spec-020,candidate_new,,
12711135,kakao:12711135,하원동탐라왕자묘,https://place.map.kakao.com/12711135,spec-020,candidate_new,,
10578462,kakao:10578462,어점이오름,https://place.map.kakao.com/10578462,spec-020,candidate_new,,
13723533,kakao:13723533,굿당산책로,https://place.map.kakao.com/13723533,spec-020,candidate_new,,
8557714,kakao:8557714,충혼비,https://place.map.kakao.com/8557714,spec-020,candidate_new,,
1114853205,kakao:1114853205,제주관광지 관리사업소주상절리,https://place.map.kakao.com/1114853205,spec-020,candidate_new,,
12500995,kakao:12500995,한라산국립공원 돈내코국민관광지관리사무소,https://place.map.kakao.com/12500995,spec-020,candidate_new,,
697827717,kakao:697827717,월평마을 아왜낭목 쉼터,https://place.map.kakao.com/697827717,spec-020,candidate_new,,
21627093,kakao:21627093,한라산국립공원 돈내코탐방로,https://place.map.kakao.com/21627093,spec-020,candidate_new,,
1182612297,kakao:1182612297,삼면원혼 위령제단,https://place.map.kakao.com/1182612297,spec-020,candidate_new,,
25723973,kakao:25723973,고지천,https://place.map.kakao.com/25723973,spec-020,candidate_new,,
1432141351,kakao:1432141351,진곶내 (폐쇄),https://place.map.kakao.com/1432141351,spec-020,candidate_new,,
880279439,kakao:880279439,법화사지,https://place.map.kakao.com/880279439,spec-020,candidate_new,,
7813414,kakao:7813414,백록담,https://place.map.kakao.com/7813414,spec-020,existing_ready,264590,spec-021:final-same-place
21025485,kakao:21025485,한라산 정상안내소,https://place.map.kakao.com/21025485,spec-020,candidate_new,,
21652441,kakao:21652441,한라산 동능,https://place.map.kakao.com/21652441,spec-020,candidate_new,,
963469440,kakao:963469440,남벽분기점 전망대,https://place.map.kakao.com/963469440,spec-020,candidate_new,,
25728405,kakao:25728405,영천,https://place.map.kakao.com/25728405,spec-020,candidate_new,,
8440134,kakao:8440134,산벌음계곡,https://place.map.kakao.com/8440134,spec-020,candidate_new,,
25051213,kakao:25051213,방아오름전망대,https://place.map.kakao.com/25051213,spec-020,candidate_new,,
11181281,kakao:11181281,웃방애오름,https://place.map.kakao.com/11181281,spec-020,candidate_new,,
7890028,kakao:7890028,방애오름,https://place.map.kakao.com/7890028,spec-020,candidate_new,,
10580865,kakao:10580865,알방애오름,https://place.map.kakao.com/10580865,spec-020,candidate_new,,
15174204,kakao:15174204,한라산,https://place.map.kakao.com/15174204,spec-020,existing_ready,127635,spec-021:matched_existing
25725754,kakao:25725754,동흥천,https://place.map.kakao.com/25725754,spec-020,candidate_new,,
7938334,kakao:7938334,서귀포천문과학문화관,https://place.map.kakao.com/7938334,spec-020,existing_ready,988207,spec-021:matched_existing
1198424392,kakao:1198424392,하원마을 제주4.3사건 희생자 위령비,https://place.map.kakao.com/1198424392,spec-020,candidate_new,,
25338262,kakao:25338262,윗세오름,https://place.map.kakao.com/25338262,spec-020,existing_ready,1973369,spec-021:terra-same-place
10686012,kakao:10686012,한라산 웃세붉은오름,https://place.map.kakao.com/10686012,spec-020,candidate_new,,
8375194,kakao:8375194,서귀포자연휴양림,https://place.map.kakao.com/8375194,spec-020,existing_ready,128175,spec-021:matched_existing
8192529,kakao:8192529,굿산망,https://place.map.kakao.com/8192529,spec-020,candidate_new,,
11632318,kakao:11632318,제주향농원,https://place.map.kakao.com/11632318,spec-020,existing_ready,3071796,spec-021:matched_existing
12631109,kakao:12631109,무오법정사 항일운동발상지,https://place.map.kakao.com/12631109,spec-020,candidate_new,,
1911375992,kakao:1911375992,야자수길,https://place.map.kakao.com/1911375992,spec-020,candidate_new,,
661287007,kakao:661287007,서귀포자연휴양림 무장애나눔길,https://place.map.kakao.com/661287007,spec-020,candidate_new,,
27184218,kakao:27184218,한국우주전파관측망 탐라전파천문대,https://place.map.kakao.com/27184218,spec-020,candidate_new,,
25725750,kakao:25725750,동회수천,https://place.map.kakao.com/25725750,spec-020,candidate_new,,
13337646,kakao:13337646,거린사슴 전망대,https://place.map.kakao.com/13337646,spec-020,existing_ready,3015782,spec-021:matched_existing
10041868,kakao:10041868,화랑수석원,https://place.map.kakao.com/10041868,spec-020,candidate_new,,
19438302,kakao:19438302,한라산둘레길 안내센터,https://place.map.kakao.com/19438302,spec-020,candidate_new,,
1302056314,kakao:1302056314,대포동등명대,https://place.map.kakao.com/1302056314,spec-020,candidate_new,,
25731225,kakao:25731225,회수천,https://place.map.kakao.com/25731225,spec-020,candidate_new,,
25725749,kakao:25725749,동회수천,https://place.map.kakao.com/25725749,spec-020,candidate_new,,
17581592,kakao:17581592,서귀포자연휴양림 법정악전망대,https://place.map.kakao.com/17581592,spec-020,candidate_new,,
2120493301,kakao:2120493301,무오법정사항일운동기념탑,https://place.map.kakao.com/2120493301,spec-020,candidate_new,,
540972680,kakao:540972680,하원수로길,https://place.map.kakao.com/540972680,spec-020,candidate_new,,
8175569,kakao:8175569,거린사슴,https://place.map.kakao.com/8175569,spec-020,existing_ready,1890152,spec-021:matched_existing
7901044,kakao:7901044,법정악,https://place.map.kakao.com/7901044,spec-020,candidate_new,,
12631107,kakao:12631107,의열사,https://place.map.kakao.com/12631107,spec-020,candidate_new,,
25172867,kakao:25172867,갯거리오름,https://place.map.kakao.com/25172867,spec-020,existing_ready,1889833,spec-021:matched_existing
17576594,kakao:17576594,서귀포 자연휴양림 생태연못,https://place.map.kakao.com/17576594,spec-020,candidate_new,,
8265534,kakao:8265534,도순천,https://place.map.kakao.com/8265534,spec-020,candidate_new,,
1138828099,kakao:1138828099,알오름 주둔소,https://place.map.kakao.com/1138828099,spec-020,candidate_new,,
8228030,kakao:8228030,녹하지악,https://place.map.kakao.com/8228030,spec-020,candidate_new,,
27168439,kakao:27168439,한라산국립공원 영실탐방로,https://place.map.kakao.com/27168439,spec-020,candidate_new,,
12777859,kakao:12777859,한라산 웃세누운오름,https://place.map.kakao.com/12777859,spec-020,candidate_new,,
15166603,kakao:15166603,한라산 노루샘터,https://place.map.kakao.com/15166603,spec-020,candidate_new,,
26558578,kakao:26558578,한라산둘레길 돌오름길,https://place.map.kakao.com/26558578,spec-020,candidate_new,,
1042631817,kakao:1042631817,색달포레스트,https://place.map.kakao.com/1042631817,spec-020,candidate_new,,
7883453,kakao:7883453,민모루오름,https://place.map.kakao.com/7883453,spec-020,candidate_new,,
10263050,kakao:10263050,도레오름,https://place.map.kakao.com/10263050,spec-020,candidate_new,,
962414712,kakao:962414712,한라산국립공원 _영실2,https://place.map.kakao.com/962414712,spec-020,existing_ready,126469,spec-021:terra-same-place
12729538,kakao:12729538,존자암,https://place.map.kakao.com/12729538,spec-020,candidate_new,,
8319408,kakao:8319408,병풍바위,https://place.map.kakao.com/8319408,spec-020,candidate_new,,
27429044,kakao:27429044,영실기암계곡,https://place.map.kakao.com/27429044,spec-020,candidate_new,,
11192276,kakao:11192276,영실기암,https://place.map.kakao.com/11192276,spec-020,candidate_new,,
12741038,kakao:12741038,존자암지세존사리탑,https://place.map.kakao.com/12741038,spec-020,candidate_new,,
11274593,kakao:11274593,오백나한,https://place.map.kakao.com/11274593,spec-020,existing_ready,1926354,spec-021:matched_existing
8070344,kakao:8070344,한라산 장오름,https://place.map.kakao.com/8070344,spec-020,candidate_new,,
7901198,kakao:7901198,볼레오름,https://place.map.kakao.com/7901198,spec-020,candidate_new,,
8024164,kakao:8024164,한라산 왕오름,https://place.map.kakao.com/8024164,spec-020,candidate_new,,
25727042,kakao:25727042,색달천,https://place.map.kakao.com/25727042,spec-020,candidate_new,,
13561566,kakao:13561566,한라산1100고지,https://place.map.kakao.com/13561566,spec-020,candidate_new,,
17789153,kakao:17789153,1100고지습지,https://place.map.kakao.com/17789153,spec-020,existing_ready,1861656,spec-021:matched_existing
426135243,kakao:426135243,1100고지 탐방안내소,https://place.map.kakao.com/426135243,spec-020,candidate_new,,
7923716,kakao:7923716,한라산 삼형제큰오름,https://place.map.kakao.com/7923716,spec-020,candidate_new,,
8656098,kakao:8656098,고상돈기념비,https://place.map.kakao.com/8656098,spec-020,candidate_new,,
11073848,kakao:11073848,백록상,https://place.map.kakao.com/11073848,spec-020,candidate_new,,
8389202,kakao:8389202,삼형제오름(샛오름),https://place.map.kakao.com/8389202,spec-020,candidate_new,,
7931117,kakao:7931117,삼형제오름(말젯오름),https://place.map.kakao.com/7931117,spec-020,candidate_new,,
7926168,kakao:7926168,한라산 삼형제샛오름남쪽1,https://place.map.kakao.com/7926168,spec-020,candidate_new,,
7926152,kakao:7926152,한라산 삼형제샛오름남쪽2,https://place.map.kakao.com/7926152,spec-020,candidate_new,,
7893512,kakao:7893512,백록의전설비,https://place.map.kakao.com/7893512,spec-020,candidate_new,,
7922396,kakao:7922396,사라봉공원,https://place.map.kakao.com/7922396,spec-021,existing_ready,126454,spec-021:matched_new
8182461,kakao:8182461,관음사,https://place.map.kakao.com/8182461,spec-021,existing_ready,126456,spec-021:matched_new
7918354,kakao:7918354,산방굴사,https://place.map.kakao.com/7918354,spec-021,existing_ready,126457,spec-021:matched_new
1457459443,kakao:1457459443,퍼시픽 리솜,https://place.map.kakao.com/1457459443,spec-021,existing_ready,126466,spec-021:matched_new
7940952,kakao:7940952,서귀포잠수함,https://place.map.kakao.com/7940952,spec-021,existing_ready,126665,spec-021:matched_new
8209104,kakao:8209104,금산공원,https://place.map.kakao.com/8209104,spec-021,existing_ready,127310,spec-021:matched_new
9381733,kakao:9381733,우도잠수함,https://place.map.kakao.com/9381733,spec-021,existing_ready,127363,spec-021:matched_new
1106575222,kakao:1106575222,서광차밭,https://place.map.kakao.com/1106575222,spec-021,existing_ready,128150,spec-021:matched_new
25612400,kakao:25612400,성산포유람선,https://place.map.kakao.com/25612400,spec-021,existing_ready,128154,spec-021:matched_new
12697005,kakao:12697005,교래삼다수마을,https://place.map.kakao.com/12697005,spec-021,existing_ready,128443,spec-021:matched_new
12528563,kakao:12528563,낙천아홉굿마을,https://place.map.kakao.com/12528563,spec-021,existing_ready,128444,spec-021:matched_new
531445637,kakao:531445637,돌하르방미술관,https://place.map.kakao.com/531445637,spec-021,existing_ready,128777,spec-021:matched_new
236886846,kakao:236886846,무인민원발급창구 마라도가는여객선(송악산항여객터미널),https://place.map.kakao.com/236886846,spec-021,existing_ready,128802,spec-021:matched_new
37534908,kakao:37534908,서귀포유람선,https://place.map.kakao.com/37534908,spec-021,existing_ready,128838,spec-021:matched_new
12652164,kakao:12652164,우도마을,https://place.map.kakao.com/12652164,spec-021,existing_ready,129074,spec-021:matched_new
12657585,kakao:12657585,보목마을,https://place.map.kakao.com/12657585,spec-021,existing_ready,129076,spec-021:matched_new
13723853,kakao:13723853,추자도등대,https://place.map.kakao.com/13723853,spec-021,existing_ready,129146,spec-021:matched_new
10706382,kakao:10706382,우도등대,https://place.map.kakao.com/10706382,spec-021,existing_ready,129147,spec-021:matched_new
619867634,kakao:619867634,산지등대,https://place.map.kakao.com/619867634,spec-021,existing_ready,129148|3061738,spec-021:final-same-place|spec-021:matched_new
7944019,kakao:7944019,숨도,https://place.map.kakao.com/7944019,spec-021,existing_ready,129276,spec-021:matched_new
8019962,kakao:8019962,용왕난드르,https://place.map.kakao.com/8019962,spec-021,existing_ready,129327,spec-021:matched_new
8168650,kakao:8168650,걸매생태공원,https://place.map.kakao.com/8168650,spec-021,existing_ready,129395,spec-021:matched_new
8194422,kakao:8194422,기당미술관,https://place.map.kakao.com/8194422,spec-021,existing_ready,129767,spec-021:matched_new
8067497,kakao:8067497,제주특별자치도 민속자연사박물관,https://place.map.kakao.com/8067497,spec-021,existing_ready,129894,spec-021:matched_new
11147485,kakao:11147485,제주해변공연장,https://place.map.kakao.com/11147485,spec-021,existing_ready,129895,spec-021:matched_new
1250785278,kakao:1250785278,제주문화원,https://place.map.kakao.com/1250785278,spec-021,existing_ready,130036,spec-021:matched_new
10799984,kakao:10799984,제주교육박물관,https://place.map.kakao.com/10799984,spec-021,existing_ready,130088,spec-021:matched_new
11209970,kakao:11209970,한국야구명예의전당,https://place.map.kakao.com/11209970,spec-021,existing_ready,130141,spec-021:matched_new
7991509,kakao:7991509,아프리카박물관,https://place.map.kakao.com/7991509,spec-021,existing_ready,130180,spec-021:matched_new
1985907501,kakao:1985907501,서귀포문화원,https://place.map.kakao.com/1985907501,spec-021,existing_ready,130193,spec-021:matched_new
8513147,kakao:8513147,제주항일기념관,https://place.map.kakao.com/8513147,spec-021,existing_ready,130308,spec-021:matched_new
8559375,kakao:8559375,테디베어뮤지엄 제주점,https://place.map.kakao.com/8559375,spec-021,existing_ready,130317,spec-021:matched_new
8096619,kakao:8096619,초콜릿박물관,https://place.map.kakao.com/8096619,spec-021,existing_ready,130363,spec-021:matched_new
8192179,kakao:8192179,국립제주박물관,https://place.map.kakao.com/8192179,spec-021,existing_ready,130461,spec-021:matched_new
8045145,kakao:8045145,이중섭미술관 (휴관중),https://place.map.kakao.com/8045145,spec-021,existing_ready,130494,spec-021:matched_new
1575223685,kakao:1575223685,제주아트서커스,https://place.map.kakao.com/1575223685,spec-021,existing_ready,130512,spec-021:matched_new
10507362,kakao:10507362,서복전시관,https://place.map.kakao.com/10507362,spec-021,existing_ready,130682,spec-021:matched_new
8222476,kakao:8222476,김영갑갤러리두모악,https://place.map.kakao.com/8222476,spec-021,existing_ready,130723,spec-021:matched_new
12728991,kakao:12728991,제주통일관,https://place.map.kakao.com/12728991,spec-021,existing_ready,130745,spec-021:matched_new
8171313,kakao:8171313,건강과성박물관,https://place.map.kakao.com/8171313,spec-021,existing_ready,130853,spec-021:matched_new
8066511,kakao:8066511,제주돌마을공원,https://place.map.kakao.com/8066511,spec-021,existing_ready,130856,spec-021:matched_new
17600341,kakao:17600341,해녀박물관,https://place.map.kakao.com/17600341,spec-021,existing_ready,130857,spec-021:matched_new
17809080,kakao:17809080,제주국제평화센터,https://place.map.kakao.com/17809080,spec-021,existing_ready,130872,spec-021:matched_new
15264265,kakao:15264265,제주국제컨벤션센터,https://place.map.kakao.com/15264265,spec-021,existing_ready,130877,spec-021:matched_new
10804518,kakao:10804518,제주청소년수련원,https://place.map.kakao.com/10804518,spec-021,existing_ready,131222,spec-021:matched_new
1993899561,kakao:1993899561,오라관광주식회사오라컨트리클럽(골프연습장 지하 1층) 민방위대피소,https://place.map.kakao.com/1993899561,spec-021,existing_ready,131268,spec-021:matched_new
25070448,kakao:25070448,캐슬렉스제주,https://place.map.kakao.com/25070448,spec-021,existing_ready,131269,spec-021:matched_new
7997639,kakao:7997639,어승생승마장,https://place.map.kakao.com/7997639,spec-021,existing_ready,131546,spec-021:matched_new
499827784,kakao:499827784,알프스제주,https://place.map.kakao.com/499827784,spec-021,existing_ready,131589,spec-021:matched_new
7938162,kakao:7938162,서귀포시 청소년수련관,https://place.map.kakao.com/7938162,spec-021,existing_ready,131644,spec-021:matched_new
8121447,kakao:8121447,크라운컨트리클럽,https://place.map.kakao.com/8121447,spec-021,existing_ready,131649,spec-021:matched_new
9406393,kakao:9406393,제주월드컵경기장,https://place.map.kakao.com/9406393,spec-021,existing_ready,131717,spec-021:matched_new
17151058,kakao:17151058,대유ATV수렵사격랜드,https://place.map.kakao.com/17151058,spec-021,existing_ready,131784,spec-021:matched_new
15270363,kakao:15270363,성읍승마장,https://place.map.kakao.com/15270363,spec-021,existing_ready,131949,spec-021:matched_new
11696879,kakao:11696879,고성오일시장,https://place.map.kakao.com/11696879,spec-021,existing_ready,132159,spec-021:matched_new
18525728,kakao:18525728,대정오일시장,https://place.map.kakao.com/18525728,spec-021,existing_ready,132161,spec-021:matched_new
9487184,kakao:9487184,한국기념품백화점,https://place.map.kakao.com/9487184,spec-021,existing_ready,132251|2922976,spec-021:matched_new
13324524,kakao:13324524,서귀포향토오일시장,https://place.map.kakao.com/13324524,spec-021,existing_ready,132556,spec-021:matched_new
25020856,kakao:25020856,중문향토오일시장,https://place.map.kakao.com/25020856,spec-021,existing_ready,132595,spec-021:matched_new
196009555,kakao:196009555,썬랜드호텔,https://place.map.kakao.com/196009555,spec-021,existing_ready,136453,spec-021:matched_new
13727441,kakao:13727441,신세계호텔,https://place.map.kakao.com/13727441,spec-021,existing_ready,137348,spec-021:matched_new
8103510,kakao:8103510,켄싱턴리조트 제주한림,https://place.map.kakao.com/8103510,spec-021,existing_ready,137368,spec-021:matched_new
24572915,kakao:24572915,켄싱턴리조트 서귀포,https://place.map.kakao.com/24572915,spec-021,existing_ready,137369,spec-021:matched_new
25611763,kakao:25611763,서귀포귤림성,https://place.map.kakao.com/25611763,spec-021,existing_ready,137788,spec-021:matched_new
10229838,kakao:10229838,제주금강산콘도,https://place.map.kakao.com/10229838,spec-021,existing_ready,137814,spec-021:matched_new
274715720,kakao:274715720,라운지하우스제주다,https://place.map.kakao.com/274715720,spec-021,existing_ready,137826,spec-021:matched_new
17587696,kakao:17587696,티파니에서아침을,https://place.map.kakao.com/17587696,spec-021,existing_ready,137957,spec-021:matched_new
16266018,kakao:16266018,청재설헌,https://place.map.kakao.com/16266018,spec-021,existing_ready,138017,spec-021:matched_new
8656377,kakao:8656377,소노캄 제주,https://place.map.kakao.com/8656377,spec-021,existing_ready,138019,spec-021:matched_new
16261247,kakao:16261247,해비치 호텔&리조트 제주,https://place.map.kakao.com/16261247,spec-021,existing_ready,138184,spec-021:matched_new
16434989,kakao:16434989,금호리조트 제주,https://place.map.kakao.com/16434989,spec-021,existing_ready,138185,spec-021:matched_new
8016361,kakao:8016361,한화리조트 제주,https://place.map.kakao.com/8016361,spec-021,existing_ready,138195,spec-021:matched_new
12658053,kakao:12658053,솔바람풍경소리,https://place.map.kakao.com/12658053,spec-021,existing_ready,138594,spec-021:matched_new
10809104,kakao:10809104,그림리조트,https://place.map.kakao.com/10809104,spec-021,existing_ready,138597,spec-021:matched_new
16645401,kakao:16645401,이어도성펜션,https://place.map.kakao.com/16645401,spec-021,existing_ready,138935,spec-021:matched_new
8840804,kakao:8840804,비치스토리호텔,https://place.map.kakao.com/8840804,spec-021,existing_ready,139008,spec-021:matched_new
8341593,kakao:8341593,라임오렌지빌,https://place.map.kakao.com/8341593,spec-021,existing_ready,139854,spec-021:matched_new
15376420,kakao:15376420,그랑빌펜션,https://place.map.kakao.com/15376420,spec-021,existing_ready,139855,spec-021:matched_new
1051829610,kakao:1051829610,마레보비치호텔,https://place.map.kakao.com/1051829610,spec-021,existing_ready,139860,spec-021:matched_new
11276502,kakao:11276502,탐라문화제,https://place.map.kakao.com/11276502,spec-021,existing_ready,140930,spec-021:matched_new
395128641,kakao:395128641,서귀포유채꽃축제,https://place.map.kakao.com/395128641,spec-021,existing_ready,141736,spec-021:matched_new
10806785,kakao:10806785,제주퍼시픽호텔,https://place.map.kakao.com/10806785,spec-021,existing_ready,142943,spec-021:matched_new
7967458,kakao:7967458,제주신라호텔,https://place.map.kakao.com/7967458,spec-021,existing_ready,142946,spec-021:matched_new
10594509,kakao:10594509,씨에스호텔앤리조트,https://place.map.kakao.com/10594509,spec-021,existing_ready,142948,spec-021:matched_new
2041005677,kakao:2041005677,메종 글래드 제주,https://place.map.kakao.com/2041005677,spec-021,existing_ready,142957,spec-021:matched_new
7856594,kakao:7856594,제주로얄호텔,https://place.map.kakao.com/7856594,spec-021,existing_ready,142968,spec-021:matched_new
8064798,kakao:8064798,제주팔레스호텔,https://place.map.kakao.com/8064798,spec-021,existing_ready,142970,spec-021:matched_new
10809103,kakao:10809103,제주오리엔탈호텔,https://place.map.kakao.com/10809103,spec-021,existing_ready,142972,spec-021:matched_new
9400343,kakao:9400343,펄호텔 제주,https://place.map.kakao.com/9400343,spec-021,existing_ready,142976,spec-021:matched_new
7862728,kakao:7862728,롯데호텔 제주,https://place.map.kakao.com/7862728,spec-021,existing_ready,143025,spec-021:matched_new
405914443,kakao:405914443,스타즈호텔헤리티지,https://place.map.kakao.com/405914443,spec-021,existing_ready,143036,spec-021:matched_new
19575539,kakao:19575539,오션그랜드호텔,https://place.map.kakao.com/19575539,spec-021,existing_ready,143120,spec-021:matched_new
11379388,kakao:11379388,소노벨 제주,https://place.map.kakao.com/11379388,spec-021,existing_ready,232287,spec-021:matched_new
8903225,kakao:8903225,법화사,https://place.map.kakao.com/8903225,spec-021,existing_ready,309943,spec-021:matched_new
7827238,kakao:7827238,보덕사,https://place.map.kakao.com/7827238,spec-021,existing_ready,315926,spec-021:matched_new
9039272,kakao:9039272,보림사,https://place.map.kakao.com/9039272,spec-021,existing_ready,316058,spec-021:matched_new
7911973,kakao:7911973,불탑사,https://place.map.kakao.com/7911973,spec-021,existing_ready,317558,spec-021:matched_new
9169364,kakao:9169364,선광사,https://place.map.kakao.com/9169364,spec-021,existing_ready,318339,spec-021:matched_new
27581976,kakao:27581976,휴애리자연생활공원,https://place.map.kakao.com/27581976,spec-021,existing_ready,322836,spec-021:matched_new
9322765,kakao:9322765,월영사,https://place.map.kakao.com/9322765,spec-021,existing_ready,347233,spec-021:matched_new
9369164,kakao:9369164,월정사,https://place.map.kakao.com/9369164,spec-021,existing_ready,347234,spec-021:matched_new
209932546,kakao:209932546,씨오르리조트,https://place.map.kakao.com/209932546,spec-021,existing_ready,397635,spec-021:matched_new
9496187,kakao:9496187,천왕사,https://place.map.kakao.com/9496187,spec-021,existing_ready,482093,spec-021:matched_new
8369245,kakao:8369245,서귀포칠십리축제,https://place.map.kakao.com/8369245,spec-021,existing_ready,506616,spec-021:matched_new
10799994,kakao:10799994,제주유리박물관,https://place.map.kakao.com/10799994,spec-021,existing_ready,526666,spec-021:matched_new
8680983,kakao:8680983,쇠소깍축제,https://place.map.kakao.com/8680983,spec-021,existing_ready,577899,spec-021:matched_new
8177478,kakao:8177478,휘닉스 아일랜드,https://place.map.kakao.com/8177478,spec-021,existing_ready,583141,spec-021:matched_new
23972751,kakao:23972751,감귤박물관,https://place.map.kakao.com/23972751,spec-021,existing_ready,590415,spec-021:matched_new
7952882,kakao:7952882,세계자동차&피아노박물관,https://place.map.kakao.com/7952882,spec-021,existing_ready,596964,spec-021:matched_new
15786539,kakao:15786539,제주현대미술관,https://place.map.kakao.com/15786539,spec-021,existing_ready,597562,spec-021:matched_new
8279200,kakao:8279200,다이브랜드,https://place.map.kakao.com/8279200,spec-021,existing_ready,636073,spec-021:matched_new
16260352,kakao:16260352,다인리조트,https://place.map.kakao.com/16260352,spec-021,existing_ready,660876,spec-021:matched_new
11470870,kakao:11470870,더마파크,https://place.map.kakao.com/11470870,spec-021,existing_ready,665594,spec-021:matched_new
11170773,kakao:11170773,제주들불축제,https://place.map.kakao.com/11170773,spec-021,existing_ready,667418,spec-021:matched_new
1982505703,kakao:1982505703,테디베어하우스 테지움,https://place.map.kakao.com/1982505703,spec-021,existing_ready,696841|2894117,spec-021:matched_new
12236502,kakao:12236502,담앤루리조트,https://place.map.kakao.com/12236502,spec-021,existing_ready,719643,spec-021:matched_new
23969684,kakao:23969684,제주롱비치펜션,https://place.map.kakao.com/23969684,spec-021,existing_ready,733422,spec-021:matched_new
8318739,kakao:8318739,바다에누워펜션,https://place.map.kakao.com/8318739,spec-021,existing_ready,733516,spec-021:matched_new
10598501,kakao:10598501,써니데이제주,https://place.map.kakao.com/10598501,spec-021,existing_ready,733594,spec-021:matched_new
484778370,kakao:484778370,앙끄리에펜션,https://place.map.kakao.com/484778370,spec-021,existing_ready,733622,spec-021:matched_new
11342984,kakao:11342984,제주바다산책,https://place.map.kakao.com/11342984,spec-021,existing_ready,733684,spec-021:matched_new
1366139945,kakao:1366139945,하이랜드펜션,https://place.map.kakao.com/1366139945,spec-021,existing_ready,733784,spec-021:matched_new
10779607,kakao:10779607,지삿개풍경,https://place.map.kakao.com/10779607,spec-021,existing_ready,733799,spec-021:matched_new
24038835,kakao:24038835,해뜨는집펜션,https://place.map.kakao.com/24038835,spec-021,existing_ready,733924,spec-021:matched_new
25021635,kakao:25021635,꼬뜨도르호텔,https://place.map.kakao.com/25021635,spec-021,existing_ready,735781,spec-021:matched_new
17360759,kakao:17360759,제주별빛누리공원,https://place.map.kakao.com/17360759,spec-021,existing_ready,745313,spec-021:matched_new
21307939,kakao:21307939,다희연,https://place.map.kakao.com/21307939,spec-021,existing_ready,745449,spec-021:matched_new
10801589,kakao:10801589,제주도립미술관,https://place.map.kakao.com/10801589,spec-021,existing_ready,759595,spec-021:matched_new
920377499,kakao:920377499,성산포 해녀물질 공연장,https://place.map.kakao.com/920377499,spec-021,existing_ready,770036,spec-021:matched_new
17808920,kakao:17808920,광명사,https://place.map.kakao.com/17808920,spec-021,existing_ready,778296,spec-021:matched_new
8520885,kakao:8520885,조안베어뮤지엄,https://place.map.kakao.com/8520885,spec-021,existing_ready,819583,spec-021:matched_new
10270124,kakao:10270124,늘송파크텔,https://place.map.kakao.com/10270124,spec-021,existing_ready,824811,spec-021:matched_new
26875121,kakao:26875121,새연교,https://place.map.kakao.com/26875121,spec-021,existing_ready,879234,spec-021:matched_new
10413055,kakao:10413055,물드리네,https://place.map.kakao.com/10413055,spec-021,existing_ready,879633,spec-021:matched_new
16611452,kakao:16611452,뉴오션리조트,https://place.map.kakao.com/16611452,spec-021,existing_ready,905600,spec-021:matched_new
17515938,kakao:17515938,씨에코비치,https://place.map.kakao.com/17515938,spec-021,existing_ready,906173,spec-021:matched_new
866400604,kakao:866400604,서귀포 유채꽃 국제걷기대회,https://place.map.kakao.com/866400604,spec-021,existing_ready,921281,spec-021:matched_new
12710998,kakao:12710998,제주한수풀해녀학교,https://place.map.kakao.com/12710998,spec-021,existing_ready,930345,spec-021:matched_new
8314845,kakao:8314845,라헨느리조트,https://place.map.kakao.com/8314845,spec-021,existing_ready,935073,spec-021:matched_new
25611771,kakao:25611771,스프링힐,https://place.map.kakao.com/25611771,spec-021,existing_ready,970675,spec-021:matched_new
2125338759,kakao:2125338759,오션하우스,https://place.map.kakao.com/2125338759,spec-021,existing_ready,971331,spec-021:matched_new
23969514,kakao:23969514,씨에나펜션,https://place.map.kakao.com/23969514,spec-021,existing_ready,973990,spec-021:matched_new
12140282,kakao:12140282,제주시민속오일시장,https://place.map.kakao.com/12140282,spec-021,existing_ready,976820,spec-021:matched_new
9995922,kakao:9995922,포시즌펜션,https://place.map.kakao.com/9995922,spec-021,existing_ready,978165,spec-021:matched_new
25624648,kakao:25624648,썬레이크빌 제주,https://place.map.kakao.com/25624648,spec-021,existing_ready,978214,spec-021:matched_new
8361458,kakao:8361458,샤뜰레펜션,https://place.map.kakao.com/8361458,spec-021,existing_ready,978343,spec-021:matched_new
27294594,kakao:27294594,라온호텔앤리조트,https://place.map.kakao.com/27294594,spec-021,existing_ready,984611,spec-021:matched_new
8591025,kakao:8591025,점보빌리지,https://place.map.kakao.com/8591025,spec-021,existing_ready,987913,spec-021:matched_new
1188532666,kakao:1188532666,아난티클럽제주,https://place.map.kakao.com/1188532666,spec-021,existing_ready,989206,spec-021:matched_new
17600338,kakao:17600338,세화민속오일시장,https://place.map.kakao.com/17600338,spec-021,existing_ready,992261,spec-021:matched_new
18525725,kakao:18525725,보성시장,https://place.map.kakao.com/18525725,spec-021,existing_ready,992309,spec-021:matched_new
18526097,kakao:18526097,서문공설시장,https://place.map.kakao.com/18526097,spec-021,existing_ready,993261,spec-021:matched_new
1676715072,kakao:1676715072,제주동문재래야시장,https://place.map.kakao.com/1676715072,spec-021,existing_ready,1013246,spec-021:matched_new
7938166,kakao:7938166,서귀포매일올레시장,https://place.map.kakao.com/7938166,spec-021,existing_ready,1013258,spec-021:matched_new
25863931,kakao:25863931,이제주숍,https://place.map.kakao.com/25863931,spec-021,existing_ready,1013289,spec-021:matched_new
18526098,kakao:18526098,제주중앙지하상가,https://place.map.kakao.com/18526098,spec-021,existing_ready,1014672,spec-021:matched_new
1645944451,kakao:1645944451,제주레저힐링축제,https://place.map.kakao.com/1645944451,spec-021,existing_ready,1019773,spec-021:matched_new
8121610,kakao:8121610,김녕요트투어,https://place.map.kakao.com/8121610,spec-021,existing_ready,1064572,spec-021:matched_new
758670415,kakao:758670415,제주힐링명상테마파크,https://place.map.kakao.com/758670415,spec-021,existing_ready,1206420,spec-021:matched_new
12887024,kakao:12887024,세계조가비박물관,https://place.map.kakao.com/12887024,spec-021,existing_ready,1220821,spec-021:matched_new
13725676,kakao:13725676,예래펜션,https://place.map.kakao.com/13725676,spec-021,existing_ready,1348840,spec-021:matched_new
1476449652,kakao:1476449652,제주은행 365코너 오션스위츠 제주호텔,https://place.map.kakao.com/1476449652,spec-021,existing_ready,1403482,spec-021:matched_new
17408270,kakao:17408270,그리스신화박물관,https://place.map.kakao.com/17408270,spec-021,existing_ready,1556005,spec-021:matched_new
8130507,kakao:8130507,평화통일불사리탑,https://place.map.kakao.com/8130507,spec-021,existing_ready,1621032,spec-021:matched_new
696192097,kakao:696192097,산지천축제,https://place.map.kakao.com/696192097,spec-021,existing_ready,1690237,spec-021:matched_new
27600182,kakao:27600182,초콜릿랜드,https://place.map.kakao.com/27600182,spec-021,existing_ready,1737497,spec-021:matched_new
8950356,kakao:8950356,제주승마공원,https://place.map.kakao.com/8950356,spec-021,existing_ready,1755101,spec-021:matched_new
14498054,kakao:14498054,탑승마클럽,https://place.map.kakao.com/14498054,spec-021,existing_ready,1755350,spec-021:matched_new
11685945,kakao:11685945,제주아트센터,https://place.map.kakao.com/11685945,spec-021,existing_ready,1755806,spec-021:matched_new
9995571,kakao:9995571,제주세계자연유산센터,https://place.map.kakao.com/9995571,spec-021,existing_ready,1769266,spec-021:matched_new
18539729,kakao:18539729,본태박물관,https://place.map.kakao.com/18539729,spec-021,existing_ready,1798082,spec-021:matched_new
18574207,kakao:18574207,조랑말체험공원,https://place.map.kakao.com/18574207,spec-021,existing_ready,1812994,spec-021:matched_new
17643583,kakao:17643583,제주독채올레하우스,https://place.map.kakao.com/17643583,spec-021,existing_ready,1821483,spec-021:matched_new
1445099035,kakao:1445099035,2026 하영 빛나는 서귀포,https://place.map.kakao.com/1445099035,spec-021,existing_ready,1834279,spec-021:matched_new
7938158,kakao:7938158,서귀포버스터미널,https://place.map.kakao.com/7938158,spec-021,existing_ready,1841056,spec-021:matched_new
610459404,kakao:610459404,신신호텔 제주오션,https://place.map.kakao.com/610459404,spec-021,existing_ready,1846473,spec-021:matched_new
25611673,kakao:25611673,바다하우스,https://place.map.kakao.com/25611673,spec-021,existing_ready,1853848,spec-021:matched_new
22304721,kakao:22304721,더아일랜더,https://place.map.kakao.com/22304721,spec-021,existing_ready,1862763,spec-021:matched_new
1196662735,kakao:1196662735,제주바당수산,https://place.map.kakao.com/1196662735,spec-021,existing_ready,1863246,spec-021:matched_new
23109108,kakao:23109108,제일토산품,https://place.map.kakao.com/23109108,spec-021,existing_ready,1864828,spec-021:matched_new
19090194,kakao:19090194,제주민속식품,https://place.map.kakao.com/19090194,spec-021,existing_ready,1867129,spec-021:matched_new
27175880,kakao:27175880,제주칠성로상점가,https://place.map.kakao.com/27175880,spec-021,existing_ready,1871024,spec-021:matched_new
9417610,kakao:9417610,중문농수산물직판장,https://place.map.kakao.com/9417610,spec-021,existing_ready,1871028,spec-021:matched_new
10152471,kakao:10152471,지속가능환경교육센터,https://place.map.kakao.com/10152471,spec-021,existing_ready,1874612,spec-021:matched_new
8511483,kakao:8511483,제주카사블랑카,https://place.map.kakao.com/8511483,spec-021,existing_ready,1880892,spec-021:matched_new
17665996,kakao:17665996,벵가스테이,https://place.map.kakao.com/17665996,spec-021,existing_ready,1882274,spec-021:matched_new
22536873,kakao:22536873,킴스캐빈게스트하우스,https://place.map.kakao.com/22536873,spec-021,existing_ready,1882504,spec-021:matched_new
262452928,kakao:262452928,동부농원,https://place.map.kakao.com/262452928,spec-021,existing_ready,1890343,spec-021:matched_new
17833992,kakao:17833992,와이리조트,https://place.map.kakao.com/17833992,spec-021,existing_ready,1891566,spec-021:matched_new
18445190,kakao:18445190,펠리스타운,https://place.map.kakao.com/18445190,spec-021,existing_ready,1893137,spec-021:matched_new
12370086,kakao:12370086,하얀언덕펜션,https://place.map.kakao.com/12370086,spec-021,existing_ready,1893993,spec-021:matched_new
12501795,kakao:12501795,포도호텔,https://place.map.kakao.com/12501795,spec-021,existing_ready,1894943,spec-021:matched_new
14572405,kakao:14572405,가름게스트하우스,https://place.map.kakao.com/14572405,spec-021,existing_ready,1896032,spec-021:matched_new
17519644,kakao:17519644,노을담은뜨락,https://place.map.kakao.com/17519644,spec-021,existing_ready,1897905,spec-021:matched_new
19229728,kakao:19229728,호텔제이엠,https://place.map.kakao.com/19229728,spec-021,existing_ready,1898255,spec-021:matched_new
14094227,kakao:14094227,비울채울펜션,https://place.map.kakao.com/14094227,spec-021,existing_ready,1905844,spec-021:matched_new
26608807,kakao:26608807,헬로키티아일랜드,https://place.map.kakao.com/26608807,spec-021,existing_ready,1911160|2894609,spec-021:matched_new
13723959,kakao:13723959,어영공원,https://place.map.kakao.com/13723959,spec-021,existing_ready,1925362,spec-021:matched_new
14757418,kakao:14757418,메이플호텔,https://place.map.kakao.com/14757418,spec-021,existing_ready,1932636,spec-021:matched_new
26407171,kakao:26407171,소심한책방,https://place.map.kakao.com/26407171,spec-021,existing_ready,1937744,spec-021:matched_new
12501957,kakao:12501957,조천읍도서관,https://place.map.kakao.com/12501957,spec-021,existing_ready,1939078,spec-021:matched_new
9810062,kakao:9810062,삼매봉도서관,https://place.map.kakao.com/9810062,spec-021,existing_ready,1939093,spec-021:matched_new
8316220,kakao:8316220,법환동청소년문화의집,https://place.map.kakao.com/8316220,spec-021,existing_ready,1939121,spec-021:matched_new
1521911194,kakao:1521911194,블루오션 차귀도요트,https://place.map.kakao.com/1521911194,spec-021,existing_ready,1952520,spec-021:matched_new
25767159,kakao:25767159,호텔레오,https://place.map.kakao.com/25767159,spec-021,existing_ready,1979715,spec-021:matched_new
26517493,kakao:26517493,베니키아호텔 제주,https://place.map.kakao.com/26517493,spec-021,existing_ready,1981890,spec-021:matched_new
24838363,kakao:24838363,루체빌리조트,https://place.map.kakao.com/24838363,spec-021,existing_ready,2007416,spec-021:matched_new
26802412,kakao:26802412,산들애풀하우스,https://place.map.kakao.com/26802412,spec-021,existing_ready,2021434,spec-021:matched_new
27176382,kakao:27176382,하도어촌체험마을,https://place.map.kakao.com/27176382,spec-021,existing_ready,2023328,spec-021:matched_new
12889950,kakao:12889950,금룡사,https://place.map.kakao.com/12889950,spec-021,existing_ready,2027184,spec-021:matched_new
8313570,kakao:8313570,백제사,https://place.map.kakao.com/8313570,spec-021,existing_ready,2027203,spec-021:matched_new
26616466,kakao:26616466,김만덕기념관,https://place.map.kakao.com/26616466,spec-021,existing_ready,2031663,spec-021:matched_new
26854361,kakao:26854361,베니키아중문호텔,https://place.map.kakao.com/26854361,spec-021,existing_ready,2038553,spec-021:matched_new
19304753,kakao:19304753,유수암마을,https://place.map.kakao.com/19304753,spec-021,existing_ready,2045014,spec-021:matched_new
23183577,kakao:23183577,롯데시티호텔 제주,https://place.map.kakao.com/23183577,spec-021,existing_ready,2046954,spec-021:matched_new
23150855,kakao:23150855,아쿠아플라넷 제주,https://place.map.kakao.com/23150855,spec-021,existing_ready,2048059,spec-021:matched_new
191308025,kakao:191308025,제30회 제주국제관광마라톤축제,https://place.map.kakao.com/191308025,spec-021,existing_ready,2371631,spec-021:matched_new
26920230,kakao:26920230,샘모루펜션,https://place.map.kakao.com/26920230,spec-021,existing_ready,2374023,spec-021:matched_new
26842343,kakao:26842343,제이뷰호텔,https://place.map.kakao.com/26842343,spec-021,existing_ready,2382246,spec-021:matched_new
27126785,kakao:27126785,동광리농촌체험마을,https://place.map.kakao.com/27126785,spec-021,existing_ready,2390111,spec-021:matched_new
1225009208,kakao:1225009208,카이로스,https://place.map.kakao.com/1225009208,spec-021,existing_ready,2405466,spec-021:matched_new
296680343,kakao:296680343,제주 팜밸리 풀빌라,https://place.map.kakao.com/296680343,spec-021,existing_ready,2405964,spec-021:matched_new
26263958,kakao:26263958,키즈풀빌라더럭펜션,https://place.map.kakao.com/26263958,spec-021,existing_ready,2406368,spec-021:matched_new
10837593,kakao:10837593,제주추사관,https://place.map.kakao.com/10837593,spec-021,existing_ready,2406460,spec-021:matched_new
27386976,kakao:27386976,호텔리젠트마린,https://place.map.kakao.com/27386976,spec-021,existing_ready,2411625,spec-021:matched_new
516106024,kakao:516106024,새연교 주말 문화공연 '금토금토 새연쇼',https://place.map.kakao.com/516106024,spec-021,existing_ready,2434545,spec-021:matched_new
1690148280,kakao:1690148280,제주빅볼랜드,https://place.map.kakao.com/1690148280,spec-021,existing_ready,2498698,spec-021:matched_new
369704918,kakao:369704918,월정투명카약,https://place.map.kakao.com/369704918,spec-021,existing_ready,2498717,spec-021:matched_new
837760709,kakao:837760709,롯데렌터카 픽업존 WE호텔제주지점,https://place.map.kakao.com/837760709,spec-021,existing_ready,2499031,spec-021:matched_new
20177076,kakao:20177076,꿈꾸는노마드,https://place.map.kakao.com/20177076,spec-021,existing_ready,2528102,spec-021:matched_new
719625115,kakao:719625115,제주신화월드 호텔 앤리조트 랜딩관,https://place.map.kakao.com/719625115,spec-021,existing_ready,2561880,spec-021:matched_new
608739003,kakao:608739003,쉼한모금,https://place.map.kakao.com/608739003,spec-021,existing_ready,2602774,spec-021:matched_new
24156460,kakao:24156460,에코그린리조트,https://place.map.kakao.com/24156460,spec-021,existing_ready,2605527,spec-021:matched_new
1608663587,kakao:1608663587,피규어뮤지엄제주,https://place.map.kakao.com/1608663587,spec-021,existing_ready,2606211,spec-021:matched_new
11131088,kakao:11131088,성이시돌목장,https://place.map.kakao.com/11131088,spec-021,existing_ready,2606298,spec-021:matched_new
10882773,kakao:10882773,포토갤러리자연사랑미술관,https://place.map.kakao.com/10882773,spec-021,existing_ready,2606611,spec-021:matched_new
19175660,kakao:19175660,왈종미술관,https://place.map.kakao.com/19175660,spec-021,existing_ready,2606690,spec-021:matched_new
966213088,kakao:966213088,바다해호텔,https://place.map.kakao.com/966213088,spec-021,existing_ready,2621955,spec-021:matched_new
15924256,kakao:15924256,펜션연리,https://place.map.kakao.com/15924256,spec-021,existing_ready,2621969,spec-021:matched_new
24119779,kakao:24119779,백패커스홈,https://place.map.kakao.com/24119779,spec-021,existing_ready,2623005,spec-021:matched_new
27356496,kakao:27356496,브릭216,https://place.map.kakao.com/27356496,spec-021,existing_ready,2623014,spec-021:matched_new
25450161,kakao:25450161,틸다하우스,https://place.map.kakao.com/25450161,spec-021,existing_ready,2623579,spec-021:matched_new
867149047,kakao:867149047,엠버리조트,https://place.map.kakao.com/867149047,spec-021,existing_ready,2623827,spec-021:matched_new
1105933662,kakao:1105933662,취다선리조트,https://place.map.kakao.com/1105933662,spec-021,existing_ready,2624249|3520495,spec-021:matched_new
2050325625,kakao:2050325625,나이스호텔,https://place.map.kakao.com/2050325625,spec-021,existing_ready,2626055,spec-021:matched_new
18319025,kakao:18319025,해성파크텔,https://place.map.kakao.com/18319025,spec-021,existing_ready,2626708,spec-021:matched_new
446343765,kakao:446343765,천지연크리스탈호텔,https://place.map.kakao.com/446343765,spec-021,existing_ready,2627229,spec-021:matched_new
626661375,kakao:626661375,칠십리호텔,https://place.map.kakao.com/626661375,spec-021,existing_ready,2627908,spec-021:matched_new
2111155293,kakao:2111155293,제주브릭스,https://place.map.kakao.com/2111155293,spec-021,existing_ready,2627965,spec-021:matched_new
26596736,kakao:26596736,아인스호텔,https://place.map.kakao.com/26596736,spec-021,existing_ready,2634320,spec-021:matched_new
1714909766,kakao:1714909766,고흐의정원,https://place.map.kakao.com/1714909766,spec-021,existing_ready,2638440,spec-021:matched_new
1986965415,kakao:1986965415,제주라프,https://place.map.kakao.com/1986965415,spec-021,existing_ready,2660122,spec-021:matched_new
11332661,kakao:11332661,오설록 티뮤지엄,https://place.map.kakao.com/11332661,spec-021,existing_ready,2660802|2901520,spec-021:matched_new
19585161,kakao:19585161,제주항공우주박물관,https://place.map.kakao.com/19585161,spec-021,existing_ready,2661407,spec-021:matched_new
264598647,kakao:264598647,휴림,https://place.map.kakao.com/264598647,spec-021,existing_ready,2661514,spec-021:matched_new
27004813,kakao:27004813,방주교회,https://place.map.kakao.com/27004813,spec-021,existing_ready,2663244,spec-021:matched_new
20688824,kakao:20688824,에덴호스텔,https://place.map.kakao.com/20688824,spec-021,existing_ready,2667498,spec-021:matched_new
1846815206,kakao:1846815206,솔트,https://place.map.kakao.com/1846815206,spec-021,existing_ready,2699343,spec-021:matched_new
271273920,kakao:271273920,호텔 서귀피안,https://place.map.kakao.com/271273920,spec-021,existing_ready,2699863,spec-021:matched_new
24726795,kakao:24726795,해품은체험농장,https://place.map.kakao.com/24726795,spec-021,existing_ready,2704242,spec-021:matched_new
12697401,kakao:12697401,아침미소목장,https://place.map.kakao.com/12697401,spec-021,existing_ready,2704412,spec-021:matched_new
1024533076,kakao:1024533076,당케포구,https://place.map.kakao.com/1024533076,spec-021,existing_ready,2704447,spec-021:matched_new
21656625,kakao:21656625,물뫼힐링팜,https://place.map.kakao.com/21656625,spec-021,existing_ready,2705296,spec-021:matched_new
250873054,kakao:250873054,서툰가족,https://place.map.kakao.com/250873054,spec-021,existing_ready,2707417,spec-021:matched_new
9405562,kakao:9405562,제주관광공사 중문면세점,https://place.map.kakao.com/9405562,spec-021,existing_ready,2708336,spec-021:matched_new
26647270,kakao:26647270,옷귀마테마타운,https://place.map.kakao.com/26647270,spec-021,existing_ready,2710264,spec-021:matched_new
27400232,kakao:27400232,제주도립김창열미술관,https://place.map.kakao.com/27400232,spec-021,existing_ready,2713583,spec-021:matched_new
1508345156,kakao:1508345156,아르떼뮤지엄 제주,https://place.map.kakao.com/1508345156,spec-021,existing_ready,2714241,spec-021:matched_new
215604458,kakao:215604458,보롬왓,https://place.map.kakao.com/215604458,spec-021,existing_ready,2714659,spec-021:matched_new
26485988,kakao:26485988,신라스테이 제주,https://place.map.kakao.com/26485988,spec-021,existing_ready,2716736,spec-021:matched_new
1705243950,kakao:1705243950,벤티모호텔앤레지던스,https://place.map.kakao.com/1705243950,spec-021,existing_ready,2718006,spec-021:matched_new
1264782617,kakao:1264782617,제로포인트트레일,https://place.map.kakao.com/1264782617,spec-021,existing_ready,2718799,spec-021:matched_new
25491832,kakao:25491832,돌하르방캠핑장,https://place.map.kakao.com/25491832,spec-021,existing_ready,2729335,spec-021:matched_new
469138638,kakao:469138638,벨리타캠핑장,https://place.map.kakao.com/469138638,spec-021,existing_ready,2730822,spec-021:matched_new
26864928,kakao:26864928,제주플래티늄카라반,https://place.map.kakao.com/26864928,spec-021,existing_ready,2730830,spec-021:matched_new
789116444,kakao:789116444,서귀포시 어라운드폴리 전기차충전소,https://place.map.kakao.com/789116444,spec-021,existing_ready,2734081,spec-021:matched_new
21055845,kakao:21055845,귤빛캠핑장,https://place.map.kakao.com/21055845,spec-021,existing_ready,2734909,spec-021:matched_new
372129364,kakao:372129364,토토아뜰리에,https://place.map.kakao.com/372129364,spec-021,existing_ready,2738653,spec-021:matched_new
8191313,kakao:8191313,구엄포구,https://place.map.kakao.com/8191313,spec-021,existing_ready,2738659,spec-021:matched_new
9172408,kakao:9172408,선운정사,https://place.map.kakao.com/9172408,spec-021,existing_ready,2738675,spec-021:matched_new
25450213,kakao:25450213,연대포구,https://place.map.kakao.com/25450213,spec-021,existing_ready,2738683,spec-021:matched_new
12354187,kakao:12354187,용연구름다리,https://place.map.kakao.com/12354187,spec-021,existing_ready,2738692,spec-021:matched_new
17811623,kakao:17811623,제주카약올레,https://place.map.kakao.com/17811623,spec-021,existing_ready,2738709,spec-021:matched_new
7828483,kakao:7828483,대포포구,https://place.map.kakao.com/7828483,spec-021,existing_ready,2738714,spec-021:matched_new
13725869,kakao:13725869,신도포구,https://place.map.kakao.com/13725869,spec-021,existing_ready,2738715,spec-021:matched_new
25413887,kakao:25413887,자구리문화예술공원,https://place.map.kakao.com/25413887,spec-021,existing_ready,2738724,spec-021:matched_new
25036056,kakao:25036056,법환포구,https://place.map.kakao.com/25036056,spec-021,existing_ready,2738728,spec-021:matched_new
7892575,kakao:7892575,보목포구,https://place.map.kakao.com/7892575,spec-021,existing_ready,2738742,spec-021:matched_new
7849038,kakao:7849038,동일리포구,https://place.map.kakao.com/7849038,spec-021,existing_ready,2738761,spec-021:matched_new
26787408,kakao:26787408,골체오름캠핑장,https://place.map.kakao.com/26787408,spec-021,existing_ready,2739395,spec-021:matched_new
1209632068,kakao:1209632068,노형수퍼마켙,https://place.map.kakao.com/1209632068,spec-021,existing_ready,2740014,spec-021:matched_new
14080134,kakao:14080134,산방산유람선 매표소,https://place.map.kakao.com/14080134,spec-021,existing_ready,2740056,spec-021:matched_new
8037812,kakao:8037812,위미항,https://place.map.kakao.com/8037812,spec-021,existing_ready,2740129,spec-021:matched_new
26823680,kakao:26823680,제주베스트힐 글램핑&펜션,https://place.map.kakao.com/26823680,spec-021,existing_ready,2741532,spec-021:matched_new
13723492,kakao:13723492,월평포구,https://place.map.kakao.com/13723492,spec-021,existing_ready,2742257,spec-021:matched_new
27335460,kakao:27335460,에어그라운드,https://place.map.kakao.com/27335460,spec-021,existing_ready,2744499,spec-021:matched_new
26880621,kakao:26880621,제주에코힐글램핑,https://place.map.kakao.com/26880621,spec-021,existing_ready,2747494,spec-021:matched_new
144258465,kakao:144258465,제주파인비치펜션,https://place.map.kakao.com/144258465,spec-021,existing_ready,2747514,spec-021:matched_new
223002762,kakao:223002762,무거카라반,https://place.map.kakao.com/223002762,spec-021,existing_ready,2748154,spec-021:matched_new
495587934,kakao:495587934,바이나흐튼 크리스마스박물관,https://place.map.kakao.com/495587934,spec-021,existing_ready,2751836,spec-021:matched_new
819488120,kakao:819488120,제주해양동물박물관,https://place.map.kakao.com/819488120,spec-021,existing_ready,2751843,spec-021:matched_new
24769484,kakao:24769484,국제리더스클럽,https://place.map.kakao.com/24769484,spec-021,existing_ready,2751848,spec-021:matched_new
1422737411,kakao:1422737411,도치돌알파카목장,https://place.map.kakao.com/1422737411,spec-021,existing_ready,2751854,spec-021:matched_new
26508135,kakao:26508135,선양빌리지돔,https://place.map.kakao.com/26508135,spec-021,existing_ready,2752277,spec-021:matched_new
25118051,kakao:25118051,바이제주,https://place.map.kakao.com/25118051,spec-021,existing_ready,2752730,spec-021:matched_new
1697108052,kakao:1697108052,제라진어드벤쳐,https://place.map.kakao.com/1697108052,spec-021,existing_ready,2752733,spec-021:matched_new
582269442,kakao:582269442,제주애월별헤는밤 글램핑펜션,https://place.map.kakao.com/582269442,spec-021,existing_ready,2752761,spec-021:matched_new
12137638,kakao:12137638,성 김대건신부 제주표착기념관,https://place.map.kakao.com/12137638,spec-021,existing_ready,2752772,spec-021:matched_new
144933835,kakao:144933835,모이소,https://place.map.kakao.com/144933835,spec-021,existing_ready,2752778|4054311,spec-021:matched_new
18526100,kakao:18526100,모슬포중앙시장,https://place.map.kakao.com/18526100,spec-021,existing_ready,2755023,spec-021:matched_new
26844539,kakao:26844539,유채꽃프라자,https://place.map.kakao.com/26844539,spec-021,existing_ready,2755049,spec-021:matched_new
1584001508,kakao:1584001508,에코그린캠핑장,https://place.map.kakao.com/1584001508,spec-021,existing_ready,2755469,spec-021:matched_new
2045023186,kakao:2045023186,제주자연생태공원,https://place.map.kakao.com/2045023186,spec-021,existing_ready,2755492,spec-021:matched_new
23679793,kakao:23679793,베이힐풀앤빌라,https://place.map.kakao.com/23679793,spec-021,existing_ready,2755497,spec-021:matched_new
26969908,kakao:26969908,플레이스캠프제주,https://place.map.kakao.com/26969908,spec-021,existing_ready,2757210,spec-021:matched_new
500701459,kakao:500701459,도시해녀,https://place.map.kakao.com/500701459,spec-021,existing_ready,2759036,spec-021:matched_new
1129394481,kakao:1129394481,고스트타운,https://place.map.kakao.com/1129394481,spec-021,existing_ready,2759120,spec-021:matched_new
716885102,kakao:716885102,감귤나무숲,https://place.map.kakao.com/716885102,spec-021,existing_ready,2759624,spec-021:matched_new
1692095482,kakao:1692095482,서건도 카라반,https://place.map.kakao.com/1692095482,spec-021,existing_ready,2763504,spec-021:matched_new
723425499,kakao:723425499,제주스위스마을,https://place.map.kakao.com/723425499,spec-021,existing_ready,2763726,spec-021:matched_new
27223188,kakao:27223188,아날로그감귤밭,https://place.map.kakao.com/27223188,spec-021,existing_ready,2763820,spec-021:matched_new
24860542,kakao:24860542,세계술박물관,https://place.map.kakao.com/24860542,spec-021,existing_ready,2763826,spec-021:matched_new
10506483,kakao:10506483,새미은총의동산,https://place.map.kakao.com/10506483,spec-021,existing_ready,2765252,spec-021:matched_new
12561125,kakao:12561125,송악카트체험장,https://place.map.kakao.com/12561125,spec-021,existing_ready,2765254,spec-021:matched_new
24993166,kakao:24993166,서부두수산시장,https://place.map.kakao.com/24993166,spec-021,existing_ready,2765319,spec-021:matched_new
12721347,kakao:12721347,한림매일시장,https://place.map.kakao.com/12721347,spec-021,existing_ready,2765334,spec-021:matched_new
19942592,kakao:19942592,아이브리조트,https://place.map.kakao.com/19942592,spec-021,existing_ready,2766752,spec-021:matched_new
25984750,kakao:25984750,비스타리조트,https://place.map.kakao.com/25984750,spec-021,existing_ready,2766781,spec-021:matched_new
26979282,kakao:26979282,새섬공원,https://place.map.kakao.com/26979282,spec-021,existing_ready,2767627,spec-021:matched_new
9461077,kakao:9461077,중문카트체험장,https://place.map.kakao.com/9461077,spec-021,existing_ready,2767799,spec-021:matched_new
13723531,kakao:13723531,하우목동항,https://place.map.kakao.com/13723531,spec-021,existing_ready,2767885,spec-021:matched_new
27422982,kakao:27422982,용담공원,https://place.map.kakao.com/27422982,spec-021,existing_ready,2767900,spec-021:matched_new
12533572,kakao:12533572,제주에너지누리마당,https://place.map.kakao.com/12533572,spec-021,existing_ready,2773755,spec-021:matched_new
920046052,kakao:920046052,나이롱책방,https://place.map.kakao.com/920046052,spec-021,existing_ready,2778915,spec-021:matched_new
1445918286,kakao:1445918286,밤수지맨드라미,https://place.map.kakao.com/1445918286,spec-021,existing_ready,2778939,spec-021:matched_new
18467832,kakao:18467832,종달항,https://place.map.kakao.com/18467832,spec-021,existing_ready,2779462,spec-021:matched_new
10133276,kakao:10133276,강정포구,https://place.map.kakao.com/10133276,spec-021,existing_ready,2779517,spec-021:matched_new
10205578,kakao:10205578,김녕항,https://place.map.kakao.com/10205578,spec-021,existing_ready,2781326,spec-021:matched_new
19761654,kakao:19761654,운진항,https://place.map.kakao.com/19761654,spec-021,existing_ready,2781327,spec-021:matched_new
8413633,kakao:8413633,세천포구,https://place.map.kakao.com/8413633,spec-021,existing_ready,2781386,spec-021:matched_new
13723900,kakao:13723900,구두미포구,https://place.map.kakao.com/13723900,spec-021,existing_ready,2781394,spec-021:matched_new
797906766,kakao:797906766,소천지,https://place.map.kakao.com/797906766,spec-021,existing_ready,2781401,spec-021:matched_new
8638077,kakao:8638077,판포포구,https://place.map.kakao.com/8638077,spec-021,existing_ready,2785869,spec-021:matched_new
1049313150,kakao:1049313150,제주기념품가게 올레파머스 함덕,https://place.map.kakao.com/1049313150,spec-021,existing_ready,2788115,spec-021:matched_new
10812111,kakao:10812111,탑동광장,https://place.map.kakao.com/10812111,spec-021,existing_ready,2788436,spec-021:matched_new
170268052,kakao:170268052,바람,https://place.map.kakao.com/170268052,spec-021,existing_ready,2789355,spec-021:matched_new
13723680,kakao:13723680,대평포구,https://place.map.kakao.com/13723680,spec-021,existing_ready,2789609,spec-021:matched_new
14723339,kakao:14723339,순례자의교회,https://place.map.kakao.com/14723339,spec-021,existing_ready,2789652,spec-021:matched_new
26511050,kakao:26511050,중문불란지야시장,https://place.map.kakao.com/26511050,spec-021,existing_ready,2791430,spec-021:matched_new
8175875,kakao:8175875,고내포구,https://place.map.kakao.com/8175875,spec-021,existing_ready,2791433,spec-021:matched_new
26428769,kakao:26428769,제주커피박물관 바움,https://place.map.kakao.com/26428769,spec-021,existing_ready,2791473,spec-021:matched_new
25046292,kakao:25046292,애월해안도로,https://place.map.kakao.com/25046292,spec-021,existing_ready,2791501,spec-021:matched_new
7938634,kakao:7938634,서귀포항,https://place.map.kakao.com/7938634,spec-021,existing_ready,2791505,spec-021:matched_new
18377122,kakao:18377122,제주항(연안),https://place.map.kakao.com/18377122,spec-021,existing_ready,2791511,spec-021:matched_new
1174532899,kakao:1174532899,제주양떼목장,https://place.map.kakao.com/1174532899,spec-021,existing_ready,2791523,spec-021:matched_new
10987007,kakao:10987007,협재포구,https://place.map.kakao.com/10987007,spec-021,existing_ready,2792603,spec-021:matched_new
866377424,kakao:866377424,도두항,https://place.map.kakao.com/866377424,spec-021,existing_ready,2794659,spec-021:matched_new
227790611,kakao:227790611,제주 드림타워 복합 리조트,https://place.map.kakao.com/227790611,spec-021,existing_ready,2796937,spec-021:matched_new
1044769046,kakao:1044769046,전이수갤러리 걸어가는늑대들,https://place.map.kakao.com/1044769046,spec-021,existing_ready,2798027,spec-021:matched_new
1309057733,kakao:1309057733,김택화미술관,https://place.map.kakao.com/1309057733,spec-021,existing_ready,2798046,spec-021:matched_new
24058571,kakao:24058571,성산포JC공원,https://place.map.kakao.com/24058571,spec-021,existing_ready,2798131,spec-021:matched_new
23970940,kakao:23970940,성산포성당,https://place.map.kakao.com/23970940,spec-021,existing_ready,2798703,spec-021:matched_new
2016033419,kakao:2016033419,제주피싱테마파크,https://place.map.kakao.com/2016033419,spec-021,existing_ready,2798709,spec-021:matched_new
13723963,kakao:13723963,화북포구,https://place.map.kakao.com/13723963,spec-021,existing_ready,2798892,spec-021:matched_new
1880863235,kakao:1880863235,다람쥐민박,https://place.map.kakao.com/1880863235,spec-021,existing_ready,2801985,spec-021:matched_new
779013683,kakao:779013683,스테리나잇제주펜션,https://place.map.kakao.com/779013683,spec-021,existing_ready,2814168,spec-021:matched_new
25986454,kakao:25986454,쿠지홀리데이펜션,https://place.map.kakao.com/25986454,spec-021,existing_ready,2814169,spec-021:matched_new
1672269995,kakao:1672269995,소길별하,https://place.map.kakao.com/1672269995,spec-021,existing_ready,2819519,spec-021:matched_new
2102809860,kakao:2102809860,그랜드조선 제주,https://place.map.kakao.com/2102809860,spec-021,existing_ready,2819964,spec-021:matched_new
1012962688,kakao:1012962688,바다다이브,https://place.map.kakao.com/1012962688,spec-021,existing_ready,2820293,spec-021:matched_new
1220460107,kakao:1220460107,히든클리프호텔&네이쳐,https://place.map.kakao.com/1220460107,spec-021,existing_ready,2822959,spec-021:matched_new
1267769906,kakao:1267769906,산지천갤러리,https://place.map.kakao.com/1267769906,spec-021,existing_ready,2833763,spec-021:matched_new
26575409,kakao:26575409,아라리오뮤지엄 동문모텔2,https://place.map.kakao.com/26575409,spec-021,existing_ready,2834656,spec-021:matched_new
8229205,kakao:8229205,포도뮤지엄,https://place.map.kakao.com/8229205,spec-021,existing_ready,2836855,spec-021:matched_new
27234129,kakao:27234129,호텔휴식 서귀포,https://place.map.kakao.com/27234129,spec-021,existing_ready,2847188,spec-021:matched_new
25611491,kakao:25611491,제주항공우주호텔,https://place.map.kakao.com/25611491,spec-021,existing_ready,2847272,spec-021:matched_new
886478057,kakao:886478057,이후북스 제주,https://place.map.kakao.com/886478057,spec-021,existing_ready,2847506,spec-021:matched_new
252537649,kakao:252537649,클래식문구사,https://place.map.kakao.com/252537649,spec-021,existing_ready,2848391,spec-021:matched_new
17573500,kakao:17573500,제주 부영 호텔&리조트,https://place.map.kakao.com/17573500,spec-021,existing_ready,2852563,spec-021:matched_new
1316216570,kakao:1316216570,머큐어 앰배서더 제주,https://place.map.kakao.com/1316216570,spec-021,existing_ready,2852581,spec-021:matched_new
27042588,kakao:27042588,대왕수천예래생태공원,https://place.map.kakao.com/27042588,spec-021,existing_ready,2852643,spec-021:matched_new
1679065853,kakao:1679065853,예술공간 이아,https://place.map.kakao.com/1679065853,spec-021,existing_ready,2852695,spec-021:matched_new
11055289,kakao:11055289,삼무공원,https://place.map.kakao.com/11055289,spec-021,existing_ready,2853484,spec-021:matched_new
321777662,kakao:321777662,답다니수국밭,https://place.map.kakao.com/321777662,spec-021,existing_ready,2854437,spec-021:matched_new
1340230571,kakao:1340230571,호텔더본 제주,https://place.map.kakao.com/1340230571,spec-021,existing_ready,2858304,spec-021:matched_new
1818657562,kakao:1818657562,제스토리,https://place.map.kakao.com/1818657562,spec-021,existing_ready,2859034,spec-021:matched_new
18526096,kakao:18526096,제주동문공설시장,https://place.map.kakao.com/18526096,spec-021,existing_ready,2860687,spec-021:matched_new
1981428851,kakao:1981428851,옹포천 어울공원 수영장,https://place.map.kakao.com/1981428851,spec-021,existing_ready,2864448,spec-021:matched_new
966231588,kakao:966231588,삼일삼오,https://place.map.kakao.com/966231588,spec-021,existing_ready,2869085,spec-021:matched_new
1105959656,kakao:1105959656,그랜드하얏트 제주,https://place.map.kakao.com/1105959656,spec-021,existing_ready,2876795,spec-021:matched_new
186257267,kakao:186257267,내셔널지오그래픽 신제주점,https://place.map.kakao.com/186257267,spec-021,existing_ready,2893644,spec-021:matched_new
26459298,kakao:26459298,마트로 탑동점,https://place.map.kakao.com/26459298,spec-021,existing_ready,2893659,spec-021:matched_new
324766277,kakao:324766277,루이까스텔 신제주점,https://place.map.kakao.com/324766277,spec-021,existing_ready,2893826,spec-021:matched_new
21686115,kakao:21686115,아디다스키즈 제주점,https://place.map.kakao.com/21686115,spec-021,existing_ready,2893839,spec-021:matched_new
10595923,kakao:10595923,아디다스 서귀포점,https://place.map.kakao.com/10595923,spec-021,existing_ready,2893882,spec-021:matched_new
20751218,kakao:20751218,디스커버리 신제주점,https://place.map.kakao.com/20751218,spec-021,existing_ready,2893975,spec-021:matched_new
19306466,kakao:19306466,이니스프리 제주하우스,https://place.map.kakao.com/19306466,spec-021,existing_ready,2894043,spec-021:matched_new
1570993603,kakao:1570993603,에잇세컨즈 제주중앙점,https://place.map.kakao.com/1570993603,spec-021,existing_ready,2900238,spec-021:matched_new
20400093,kakao:20400093,스케쳐스 서귀포점,https://place.map.kakao.com/20400093,spec-021,existing_ready,2900852,spec-021:matched_new
23097994,kakao:23097994,올리브영 제주연동점,https://place.map.kakao.com/23097994,spec-021,existing_ready,2901162,spec-021:matched_new
686244202,kakao:686244202,올리브영 제주탑동점,https://place.map.kakao.com/686244202,spec-021,existing_ready,2901481,spec-021:matched_new
10076850,kakao:10076850,제주사랑농수산,https://place.map.kakao.com/10076850,spec-021,existing_ready,2902472,spec-021:matched_new
510221719,kakao:510221719,올리브영 제주함덕점,https://place.map.kakao.com/510221719,spec-021,existing_ready,2902838,spec-021:matched_new
844426663,kakao:844426663,내셔널지오그래픽 제주점,https://place.map.kakao.com/844426663,spec-021,existing_ready,2902941,spec-021:matched_new
242204493,kakao:242204493,뉴에라 신제주점,https://place.map.kakao.com/242204493,spec-021,existing_ready,2903378,spec-021:matched_new
1950392073,kakao:1950392073,PXG 제주점,https://place.map.kakao.com/1950392073,spec-021,existing_ready,2904020,spec-021:matched_new
447661253,kakao:447661253,피플 제주점,https://place.map.kakao.com/447661253,spec-021,existing_ready,2904321,spec-021:matched_new
1864646661,kakao:1864646661,헌마공신 김만일기념관,https://place.map.kakao.com/1864646661,spec-021,existing_ready,2904457,spec-021:matched_new
18166986,kakao:18166986,신한온누리약국,https://place.map.kakao.com/18166986,spec-021,existing_ready,2904947,spec-021:matched_new
518140268,kakao:518140268,제주융합과학연구원 제주과학탐구체험관,https://place.map.kakao.com/518140268,spec-021,existing_ready,2905116,spec-021:matched_new
8522086,kakao:8522086,K2 서귀포점,https://place.map.kakao.com/8522086,spec-021,existing_ready,2905162,spec-021:matched_new
1024655429,kakao:1024655429,트리플스토어 시청점,https://place.map.kakao.com/1024655429,spec-021,existing_ready,2905414,spec-021:matched_new
19568576,kakao:19568576,아디다스 신제주점,https://place.map.kakao.com/19568576,spec-021,existing_ready,2905447,spec-021:matched_new
1864133040,kakao:1864133040,아트박스 제주시청점,https://place.map.kakao.com/1864133040,spec-021,existing_ready,2905452,spec-021:matched_new
92391566,kakao:92391566,나이키 서귀포점,https://place.map.kakao.com/92391566,spec-021,existing_ready,2905453,spec-021:matched_new
2082226203,kakao:2082226203,블랙야크 신제주점,https://place.map.kakao.com/2082226203,spec-021,existing_ready,2907051,spec-021:matched_new
1049875490,kakao:1049875490,다이소 제주연동점,https://place.map.kakao.com/1049875490,spec-021,existing_ready,2907285,spec-021:matched_new
25537012,kakao:25537012,금능해수욕장 야영장,https://place.map.kakao.com/25537012,spec-021,existing_ready,2907715,spec-021:matched_new
1714420187,kakao:1714420187,프리페어 칠성점,https://place.map.kakao.com/1714420187,spec-021,existing_ready,2907769,spec-021:matched_new
1382443594,kakao:1382443594,트리플스토어 제원점,https://place.map.kakao.com/1382443594,spec-021,existing_ready,2908659,spec-021:matched_new
26590798,kakao:26590798,파리게이츠 신제주점,https://place.map.kakao.com/26590798,spec-021,existing_ready,2908746,spec-021:matched_new
268385264,kakao:268385264,스타빌,https://place.map.kakao.com/268385264,spec-021,existing_ready,2908846,spec-021:matched_new
1347949905,kakao:1347949905,트리플스토어 칠성점,https://place.map.kakao.com/1347949905,spec-021,existing_ready,2909373,spec-021:matched_new
1433724800,kakao:1433724800,청담루이성형외과의원,https://place.map.kakao.com/1433724800,spec-021,existing_ready,2910031,spec-021:matched_new
20910343,kakao:20910343,나이키골프 제주점,https://place.map.kakao.com/20910343,spec-021,existing_ready,2910064,spec-021:matched_new
1073688926,kakao:1073688926,탑텐키즈 롯데마트 제주점,https://place.map.kakao.com/1073688926,spec-021,existing_ready,2910530,spec-021:matched_new
10666797,kakao:10666797,이마트 서귀포점,https://place.map.kakao.com/10666797,spec-021,existing_ready,2910854,spec-021:matched_new
17927905,kakao:17927905,뉴발란스 신제주점,https://place.map.kakao.com/17927905,spec-021,existing_ready,2911202,spec-021:matched_new
26411525,kakao:26411525,웨스트우드,https://place.map.kakao.com/26411525,spec-021,existing_ready,2911298,spec-021:matched_new
21625510,kakao:21625510,올리브영 제주대학병원점,https://place.map.kakao.com/21625510,spec-021,existing_ready,2911418,spec-021:matched_new
740542735,kakao:740542735,올리브영 제주동문시장점,https://place.map.kakao.com/740542735,spec-021,existing_ready,2911579,spec-021:matched_new
25072318,kakao:25072318,올리브영 제주노형점,https://place.map.kakao.com/25072318,spec-021,existing_ready,2911661,spec-021:matched_new
1690653210,kakao:1690653210,네이처컬렉션 제주롯데시티점,https://place.map.kakao.com/1690653210,spec-021,existing_ready,2912373,spec-021:matched_new
1689131543,kakao:1689131543,데상트 서귀포점,https://place.map.kakao.com/1689131543,spec-021,existing_ready,2912378,spec-021:matched_new
1020524579,kakao:1020524579,올리브영 제주외도점,https://place.map.kakao.com/1020524579,spec-021,existing_ready,2912411,spec-021:matched_new
1635012482,kakao:1635012482,풋조이 신제주점,https://place.map.kakao.com/1635012482,spec-021,existing_ready,2912430,spec-021:matched_new
970964575,kakao:970964575,쌤소나이트 제주칠성로점,https://place.map.kakao.com/970964575,spec-021,existing_ready,2912507,spec-021:matched_new
10227697,kakao:10227697,금강제화 제주지점,https://place.map.kakao.com/10227697,spec-021,existing_ready,2912583,spec-021:matched_new
1965385321,kakao:1965385321,쉬즈미스 구제주점,https://place.map.kakao.com/1965385321,spec-021,existing_ready,2912717,spec-021:matched_new
1504823438,kakao:1504823438,생생약국,https://place.map.kakao.com/1504823438,spec-021,existing_ready,2913366,spec-021:matched_new
1336126543,kakao:1336126543,올리브영 제주하귀점,https://place.map.kakao.com/1336126543,spec-021,existing_ready,2913804,spec-021:matched_new
26103030,kakao:26103030,롯데하이마트 제주점,https://place.map.kakao.com/26103030,spec-021,existing_ready,2913989,spec-021:matched_new
147629566,kakao:147629566,바인드,https://place.map.kakao.com/147629566,spec-021,existing_ready,2914960,spec-021:matched_new
21835973,kakao:21835973,팬텀골프 신제주점,https://place.map.kakao.com/21835973,spec-021,existing_ready,2915071,spec-021:matched_new
8962961,kakao:8962961,로가디스,https://place.map.kakao.com/8962961,spec-021,existing_ready,2916247,spec-021:matched_new
1880182534,kakao:1880182534,아트박스 제주연동점,https://place.map.kakao.com/1880182534,spec-021,existing_ready,2916457,spec-021:matched_new
26925718,kakao:26925718,아트박스 제주칠성점,https://place.map.kakao.com/26925718,spec-021,existing_ready,2916519,spec-021:matched_new
255641328,kakao:255641328,컬럼비아 제주점,https://place.map.kakao.com/255641328,spec-021,existing_ready,2916577,spec-021:matched_new
8032104,kakao:8032104,LG전자 베스트샵 제주본점,https://place.map.kakao.com/8032104,spec-021,existing_ready,2917170,spec-021:matched_new
8025623,kakao:8025623,LG전자 베스트샵 이도본점,https://place.map.kakao.com/8025623,spec-021,existing_ready,2917176,spec-021:matched_new
25741593,kakao:25741593,그라벨호텔,https://place.map.kakao.com/25741593,spec-021,existing_ready,2917270,spec-021:matched_new
1969411749,kakao:1969411749,유니클로 제주이도점,https://place.map.kakao.com/1969411749,spec-021,existing_ready,2917746,spec-021:matched_new
233994951,kakao:233994951,다인오세아노호텔,https://place.map.kakao.com/233994951,spec-021,existing_ready,2918447,spec-021:matched_new
26844346,kakao:26844346,올리브영 제주중문점,https://place.map.kakao.com/26844346,spec-021,existing_ready,2918547,spec-021:matched_new
495728313,kakao:495728313,헤이 서귀포,https://place.map.kakao.com/495728313,spec-021,existing_ready,2918548,spec-021:matched_new
1497919480,kakao:1497919480,데상트 신제주2점,https://place.map.kakao.com/1497919480,spec-021,existing_ready,2918690,spec-021:matched_new
1290296603,kakao:1290296603,레노마골프 제주,https://place.map.kakao.com/1290296603,spec-021,existing_ready,2923102,spec-021:matched_new
427163654,kakao:427163654,엠 할리데이 제주점,https://place.map.kakao.com/427163654,spec-021,existing_ready,2923429,spec-021:matched_new
27277370,kakao:27277370,이니스프리 제주롯데시티점,https://place.map.kakao.com/27277370,spec-021,existing_ready,2923531,spec-021:matched_new
2039319046,kakao:2039319046,에스마켓 제주칠성점,https://place.map.kakao.com/2039319046,spec-021,existing_ready,2923731,spec-021:matched_new
26614183,kakao:26614183,스파오 신제주점,https://place.map.kakao.com/26614183,spec-021,existing_ready,2923735,spec-021:matched_new
1797261689,kakao:1797261689,라코스테 신제주점,https://place.map.kakao.com/1797261689,spec-021,existing_ready,2924144,spec-021:matched_new
27578700,kakao:27578700,베베드피노 제주노형점,https://place.map.kakao.com/27578700,spec-021,existing_ready,2924333,spec-021:matched_new
8245392,kakao:8245392,나이키 칠성점,https://place.map.kakao.com/8245392,spec-021,existing_ready,2924345|4013247,spec-021:matched_new
791241223,kakao:791241223,팬텀 제주중앙점,https://place.map.kakao.com/791241223,spec-021,existing_ready,2924420,spec-021:matched_new
26858726,kakao:26858726,스케쳐스 신제주2점,https://place.map.kakao.com/26858726,spec-021,existing_ready,2924425,spec-021:matched_new
1439743168,kakao:1439743168,아디다스 제주점,https://place.map.kakao.com/1439743168,spec-021,existing_ready,2924636,spec-021:matched_new
15456493,kakao:15456493,빈폴 제주점,https://place.map.kakao.com/15456493,spec-021,existing_ready,2924947|2980017,spec-021:matched_new
11829816,kakao:11829816,정관장 서사라점,https://place.map.kakao.com/11829816,spec-021,existing_ready,2925278,spec-021:matched_new
21473132,kakao:21473132,이마트 제주점,https://place.map.kakao.com/21473132,spec-021,existing_ready,2925633,spec-021:matched_new
1194620289,kakao:1194620289,탑텐 이마트신제주점,https://place.map.kakao.com/1194620289,spec-021,existing_ready,2925644,spec-021:matched_new
8781774,kakao:8781774,게스 제주점,https://place.map.kakao.com/8781774,spec-021,existing_ready,2925674,spec-021:matched_new
2086020687,kakao:2086020687,스파오 제주중앙로점,https://place.map.kakao.com/2086020687,spec-021,existing_ready,2925738,spec-021:matched_new
774494786,kakao:774494786,다이나핏 구제주점,https://place.map.kakao.com/774494786,spec-021,existing_ready,2925821,spec-021:matched_new
18813251,kakao:18813251,베스띠벨리,https://place.map.kakao.com/18813251,spec-021,existing_ready,2928848,spec-021:matched_new
9390805,kakao:9390805,제일모직아울렛,https://place.map.kakao.com/9390805,spec-021,existing_ready,2928853,spec-021:matched_new
8720274,kakao:8720274,MLB 제주점,https://place.map.kakao.com/8720274,spec-021,existing_ready,2929365,spec-021:matched_new
1722443035,kakao:1722443035,올리브영 제주국제공항점,https://place.map.kakao.com/1722443035,spec-021,existing_ready,2929823,spec-021:matched_new
61642830,kakao:61642830,원더플레이스 제주 칠성로점,https://place.map.kakao.com/61642830,spec-021,existing_ready,2930569,spec-021:matched_new
8160003,kakao:8160003,홈플러스 메가푸드마켓 서귀포점,https://place.map.kakao.com/8160003,spec-021,existing_ready,2930611,spec-021:matched_new
460614523,kakao:460614523,데상트골프 신제주점,https://place.map.kakao.com/460614523,spec-021,existing_ready,2930613,spec-021:matched_new
957454387,kakao:957454387,크록스 제주중문점,https://place.map.kakao.com/957454387,spec-021,existing_ready,2930887,spec-021:matched_new
18575889,kakao:18575889,루이까스텔 서귀포시점,https://place.map.kakao.com/18575889,spec-021,existing_ready,2930914,spec-021:matched_new
1678178427,kakao:1678178427,에스마켓 서귀포점,https://place.map.kakao.com/1678178427,spec-021,existing_ready,2931100,spec-021:matched_new
251506591,kakao:251506591,수목원길야시장,https://place.map.kakao.com/251506591,spec-021,existing_ready,2931257,spec-021:matched_new
8940232,kakao:8940232,라코스테 제주점,https://place.map.kakao.com/8940232,spec-021,existing_ready,2931335,spec-021:matched_new
2084839607,kakao:2084839607,올리브영 제주한라병원점,https://place.map.kakao.com/2084839607,spec-021,existing_ready,2931360,spec-021:matched_new
18253285,kakao:18253285,뉴발란스,https://place.map.kakao.com/18253285,spec-021,existing_ready,2931669,spec-021:matched_new
27456049,kakao:27456049,제주901,https://place.map.kakao.com/27456049,spec-021,existing_ready,2931723,spec-021:matched_new
11436008,kakao:11436008,고려홍삼,https://place.map.kakao.com/11436008,spec-021,existing_ready,2931775,spec-021:matched_new
1682547680,kakao:1682547680,빛의 벙커,https://place.map.kakao.com/1682547680,spec-021,existing_ready,2931892,spec-021:matched_new
25811890,kakao:25811890,아라리오뮤지엄 탑동시네마,https://place.map.kakao.com/25811890,spec-021,existing_ready,2931932,spec-021:matched_new
1031034041,kakao:1031034041,휠라키즈 신제주점,https://place.map.kakao.com/1031034041,spec-021,existing_ready,2932050,spec-021:matched_new
268167132,kakao:268167132,유동룡미술관,https://place.map.kakao.com/268167132,spec-021,existing_ready,2933508,spec-021:matched_new
882483584,kakao:882483584,제주문학관,https://place.map.kakao.com/882483584,spec-021,existing_ready,2949573,spec-021:matched_new
79871969,kakao:79871969,제주수울,https://place.map.kakao.com/79871969,spec-021,existing_ready,2953017,spec-021:matched_new
1242623935,kakao:1242623935,물결그림,https://place.map.kakao.com/1242623935,spec-021,existing_ready,2991120,spec-021:matched_new
600432495,kakao:600432495,중문승마공원,https://place.map.kakao.com/600432495,spec-021,existing_ready,2994124,spec-021:matched_new
2100388728,kakao:2100388728,2025 제주 반려동물 문화산업 한마당,https://place.map.kakao.com/2100388728,spec-021,existing_ready,2997830,spec-021:matched_new
991620828,kakao:991620828,아이바가든,https://place.map.kakao.com/991620828,spec-021,existing_ready,3005374,spec-021:matched_new
49703929,kakao:49703929,성읍녹차마을,https://place.map.kakao.com/49703929,spec-021,existing_ready,3009659,spec-021:matched_new
910497081,kakao:910497081,"화북, 포구문화제",https://place.map.kakao.com/910497081,spec-021,existing_ready,3011941,spec-021:matched_new
275421057,kakao:275421057,석예원 본초족욕 성산,https://place.map.kakao.com/275421057,spec-021,existing_ready,3012012,spec-021:matched_new
1471579376,kakao:1471579376,문화의 달 행사,https://place.map.kakao.com/1471579376,spec-021,existing_ready,3014969,spec-021:matched_new
650563106,kakao:650563106,졸띠 유채밭,https://place.map.kakao.com/650563106,spec-021,existing_ready,3015172,spec-021:matched_new
506410360,kakao:506410360,편백포레스트,https://place.map.kakao.com/506410360,spec-021,existing_ready,3015718,spec-021:matched_new
19732375,kakao:19732375,효명사,https://place.map.kakao.com/19732375,spec-021,existing_ready,3026604,spec-021:matched_new
24066667,kakao:24066667,서귀포예술의전당,https://place.map.kakao.com/24066667,spec-021,existing_ready,3030351,spec-021:matched_new
102301450,kakao:102301450,제주아리랑,https://place.map.kakao.com/102301450,spec-021,existing_ready,3030422,spec-021:matched_new
1519497859,kakao:1519497859,감귤카트,https://place.map.kakao.com/1519497859,spec-021,existing_ready,3030930,spec-021:matched_new
15518256,kakao:15518256,우리승마장,https://place.map.kakao.com/15518256,spec-021,existing_ready,3030949,spec-021:matched_new
24126060,kakao:24126060,쇠와꽃승마장,https://place.map.kakao.com/24126060,spec-021,existing_ready,3030978,spec-021:matched_new
113667955,kakao:113667955,아리온승마장,https://place.map.kakao.com/113667955,spec-021,existing_ready,3031021,spec-021:matched_new
1431146744,kakao:1431146744,제주호텔더엠,https://place.map.kakao.com/1431146744,spec-021,existing_ready,3031022,spec-021:matched_new
26919010,kakao:26919010,디아넥스호텔,https://place.map.kakao.com/26919010,spec-021,existing_ready,3031466,spec-021:matched_new
10331832,kakao:10331832,모구리야영장,https://place.map.kakao.com/10331832,spec-021,existing_ready,3031467,spec-021:matched_new
11153477,kakao:11153477,뷰제주하늘,https://place.map.kakao.com/11153477,spec-021,existing_ready,3031492,spec-021:matched_new
17657273,kakao:17657273,표선해수욕장 야영장,https://place.map.kakao.com/17657273,spec-021,existing_ready,3031517,spec-021:matched_new
21721400,kakao:21721400,하모체육공원,https://place.map.kakao.com/21721400,spec-021,existing_ready,3031541,spec-021:matched_new
270143711,kakao:270143711,서귀포 홍리실내수영장,https://place.map.kakao.com/270143711,spec-021,existing_ready,3031552,spec-021:matched_new
341068739,kakao:341068739,카세로지,https://place.map.kakao.com/341068739,spec-021,existing_ready,3031581,spec-021:matched_new
834315926,kakao:834315926,구팔일 댕댕이 대잔치!,https://place.map.kakao.com/834315926,spec-021,existing_ready,3035057,spec-021:matched_new
314991516,kakao:314991516,미깡창고,https://place.map.kakao.com/314991516,spec-021,existing_ready,3037417,spec-021:matched_new
1492437042,kakao:1492437042,스카이워터쇼,https://place.map.kakao.com/1492437042,spec-021,existing_ready,3037623,spec-021:matched_new
2133371511,kakao:2133371511,청아투명카약,https://place.map.kakao.com/2133371511,spec-021,existing_ready,3037977,spec-021:matched_new
10800672,kakao:10800672,제주분마이호랜드,https://place.map.kakao.com/10800672,spec-021,existing_ready,3038062,spec-021:matched_new
25038078,kakao:25038078,제동목장,https://place.map.kakao.com/25038078,spec-021,existing_ready,3056151,spec-021:matched_new
27049080,kakao:27049080,올레바당체험마을,https://place.map.kakao.com/27049080,spec-021,existing_ready,3056448,spec-021:matched_new
18039473,kakao:18039473,용담레포츠공원 운동장1,https://place.map.kakao.com/18039473,spec-021,existing_ready,3056592,spec-021:matched_new
11320888,kakao:11320888,한담공원,https://place.map.kakao.com/11320888,spec-021,existing_ready,3056625,spec-021:matched_new
8577985,kakao:8577985,제주바다체험장,https://place.map.kakao.com/8577985,spec-021,existing_ready,3056829,spec-021:matched_new
1833702535,kakao:1833702535,함덕잠수함,https://place.map.kakao.com/1833702535,spec-021,existing_ready,3057286,spec-021:matched_new
974230916,kakao:974230916,탐나는농장,https://place.map.kakao.com/974230916,spec-021,existing_ready,3057363,spec-021:matched_new
1080253457,kakao:1080253457,보메와산 감귤체험농장,https://place.map.kakao.com/1080253457,spec-021,existing_ready,3057412,spec-021:matched_new
25610782,kakao:25610782,너븐숭이 4.3 기념관,https://place.map.kakao.com/25610782,spec-021,existing_ready,3061676,spec-021:matched_new
1937543779,kakao:1937543779,귀덕바다 투명카약,https://place.map.kakao.com/1937543779,spec-021,existing_ready,3066943,spec-021:matched_new
2049204914,kakao:2049204914,중문오프로드체험장,https://place.map.kakao.com/2049204914,spec-021,existing_ready,3066990,spec-021:matched_new
22510509,kakao:22510509,제주홀스타승마장,https://place.map.kakao.com/22510509,spec-021,existing_ready,3067040,spec-021:matched_new
519265785,kakao:519265785,뱅듸승마클럽,https://place.map.kakao.com/519265785,spec-021,existing_ready,3067072,spec-021:matched_new
18772303,kakao:18772303,트로이테마농원,https://place.map.kakao.com/18772303,spec-021,existing_ready,3071776,spec-021:matched_new
20203623,kakao:20203623,제주송정농원,https://place.map.kakao.com/20203623,spec-021,existing_ready,3071875,spec-021:matched_new
1489963785,kakao:1489963785,유리바닥보트,https://place.map.kakao.com/1489963785,spec-021,existing_ready,3073199,spec-021:matched_new
787416340,kakao:787416340,생약누리,https://place.map.kakao.com/787416340,spec-021,existing_ready,3075388,spec-021:matched_new
18446914,kakao:18446914,아름다운리조트,https://place.map.kakao.com/18446914,spec-021,existing_ready,3076367,spec-021:matched_new
217137244,kakao:217137244,골드원호텔앤스위트,https://place.map.kakao.com/217137244,spec-021,existing_ready,3076375,spec-021:matched_new
926565755,kakao:926565755,유어스호텔,https://place.map.kakao.com/926565755,spec-021,existing_ready,3076381,spec-021:matched_new
1188987883,kakao:1188987883,오션스퀘어리조트,https://place.map.kakao.com/1188987883,spec-021,existing_ready,3076392,spec-021:matched_new
903094133,kakao:903094133,제주헬스케어타운리조트,https://place.map.kakao.com/903094133,spec-021,existing_ready,3076441,spec-021:matched_new
953071258,kakao:953071258,블룸호텔,https://place.map.kakao.com/953071258,spec-021,existing_ready,3076447,spec-021:matched_new
21763648,kakao:21763648,담모라호텔앤리조트,https://place.map.kakao.com/21763648,spec-021,existing_ready,3076467,spec-021:matched_new
25575890,kakao:25575890,키코앤일레인,https://place.map.kakao.com/25575890,spec-021,existing_ready,3076478,spec-021:matched_new
223185023,kakao:223185023,이스턴호텔 제주,https://place.map.kakao.com/223185023,spec-021,existing_ready,3076484,spec-021:matched_new
1676724257,kakao:1676724257,티라호텔,https://place.map.kakao.com/1676724257,spec-021,existing_ready,3076491,spec-021:matched_new
2025257355,kakao:2025257355,팜파스호텔 제주,https://place.map.kakao.com/2025257355,spec-021,existing_ready,3079917,spec-021:matched_new
1199603041,kakao:1199603041,제주노블레스관광호텔,https://place.map.kakao.com/1199603041,spec-021,existing_ready,3079932,spec-021:matched_new
302382839,kakao:302382839,서우봉비치호텔,https://place.map.kakao.com/302382839,spec-021,existing_ready,3079952,spec-021:matched_new
989636321,kakao:989636321,탑스텐 빌라드애월,https://place.map.kakao.com/989636321,spec-021,existing_ready,3079965,spec-021:matched_new
2002158765,kakao:2002158765,MJ리조트,https://place.map.kakao.com/2002158765,spec-021,existing_ready,3079994,spec-021:matched_new
567379794,kakao:567379794,아이미제주비치호텔,https://place.map.kakao.com/567379794,spec-021,existing_ready,3080382,spec-021:matched_new
1826826578,kakao:1826826578,캔디원,https://place.map.kakao.com/1826826578,spec-021,existing_ready,3080405,spec-021:matched_new
1854368119,kakao:1854368119,발트하우스,https://place.map.kakao.com/1854368119,spec-021,existing_ready,3082119,spec-021:matched_new
1292537515,kakao:1292537515,제주홀릭뮤지엄,https://place.map.kakao.com/1292537515,spec-021,existing_ready,3083715,spec-021:matched_new
26635911,kakao:26635911,리치호텔,https://place.map.kakao.com/26635911,spec-021,existing_ready,3084957,spec-021:matched_new
27469794,kakao:27469794,호텔컬리넌 제주,https://place.map.kakao.com/27469794,spec-021,existing_ready,3089161,spec-021:matched_new
1761672158,kakao:1761672158,호텔스위트캐슬,https://place.map.kakao.com/1761672158,spec-021,existing_ready,3089169,spec-021:matched_new
1082324144,kakao:1082324144,글로스터호텔 제주,https://place.map.kakao.com/1082324144,spec-021,existing_ready,3089186,spec-021:matched_new
1559206663,kakao:1559206663,어반아일랜드 호텔,https://place.map.kakao.com/1559206663,spec-021,existing_ready,3089195,spec-021:matched_new
2023794563,kakao:2023794563,더스테이센추리호텔,https://place.map.kakao.com/2023794563,spec-021,existing_ready,3090896,spec-021:matched_new
1016287379,kakao:1016287379,연월한옥,https://place.map.kakao.com/1016287379,spec-021,existing_ready,3102129,spec-021:matched_new
831226239,kakao:831226239,우도소라축제,https://place.map.kakao.com/831226239,spec-021,existing_ready,3108284,spec-021:matched_new
31002433,kakao:31002433,씬오브 제주,https://place.map.kakao.com/31002433,spec-021,existing_ready,3110802,spec-021:matched_new
1409728570,kakao:1409728570,아우아우,https://place.map.kakao.com/1409728570,spec-021,existing_ready,3112168,spec-021:matched_new
55095867,kakao:55095867,하우스오브레퓨즈,https://place.map.kakao.com/55095867,spec-021,existing_ready,3303346,spec-021:matched_new
20245229,kakao:20245229,오렌즈 신제주점,https://place.map.kakao.com/20245229,spec-021,existing_ready,3305345,spec-021:matched_new
1841203984,kakao:1841203984,CU 제주신화빌라스점,https://place.map.kakao.com/1841203984,spec-021,existing_ready,3305425,spec-021:matched_new
17903171,kakao:17903171,CU 제주열린점,https://place.map.kakao.com/17903171,spec-021,existing_ready,3305511,spec-021:matched_new
718546322,kakao:718546322,톡스앤필의원 제주점,https://place.map.kakao.com/718546322,spec-021,existing_ready,3305715,spec-021:matched_new
26546836,kakao:26546836,올리브영 제주서귀포점,https://place.map.kakao.com/26546836,spec-021,existing_ready,3305760,spec-021:matched_new
17057175,kakao:17057175,GS25 서귀오션점,https://place.map.kakao.com/17057175,spec-021,existing_ready,3305786,spec-021:matched_new
22728263,kakao:22728263,와인피부과의원,https://place.map.kakao.com/22728263,spec-021,existing_ready,3306117,spec-021:matched_new
129290076,kakao:129290076,올리브영 제주제원점,https://place.map.kakao.com/129290076,spec-021,existing_ready,3306257,spec-021:matched_new
1683447591,kakao:1683447591,올리브영 제주나인몰점,https://place.map.kakao.com/1683447591,spec-021,existing_ready,3306392,spec-021:matched_new
1456773407,kakao:1456773407,올리브영 제주일도이동점,https://place.map.kakao.com/1456773407,spec-021,existing_ready,3306640,spec-021:matched_new
130778530,kakao:130778530,미즈노 신제주점,https://place.map.kakao.com/130778530,spec-021,existing_ready,3306805,spec-021:matched_new
1697665586,kakao:1697665586,올리브영 제주월랑로점,https://place.map.kakao.com/1697665586,spec-021,existing_ready,3306817,spec-021:matched_new
19517209,kakao:19517209,캘빈클라인언더웨어 제주대리점,https://place.map.kakao.com/19517209,spec-021,existing_ready,3306873,spec-021:matched_new
12369659,kakao:12369659,노스페이스 신제주점,https://place.map.kakao.com/12369659,spec-021,existing_ready,3306874,spec-021:matched_new
1216046021,kakao:1216046021,올리브영 제주세화점,https://place.map.kakao.com/1216046021,spec-021,existing_ready,3306940,spec-021:matched_new
18351010,kakao:18351010,디스커버리 제주점,https://place.map.kakao.com/18351010,spec-021,existing_ready,3306943,spec-021:matched_new
8143273,kakao:8143273,롯데하이마트 서귀포점,https://place.map.kakao.com/8143273,spec-021,existing_ready,3307094,spec-021:matched_new
2045103877,kakao:2045103877,올리브영 서귀포광장점,https://place.map.kakao.com/2045103877,spec-021,existing_ready,3307329,spec-021:matched_new
1772450654,kakao:1772450654,올리브영 제주아라일동점,https://place.map.kakao.com/1772450654,spec-021,existing_ready,3307504,spec-021:matched_new
14920436,kakao:14920436,북앤북스,https://place.map.kakao.com/14920436,spec-021,existing_ready,3307523,spec-021:matched_new
100730306,kakao:100730306,올리브영 제주협재점,https://place.map.kakao.com/100730306,spec-021,existing_ready,3307688,spec-021:matched_new
1742312466,kakao:1742312466,제8회 농촌융복합산업 제주국제박람회,https://place.map.kakao.com/1742312466,spec-021,existing_ready,3318880,spec-021:matched_new
608888753,kakao:608888753,제주안전체험관,https://place.map.kakao.com/608888753,spec-021,existing_ready,3329719,spec-021:matched_new
1285872329,kakao:1285872329,나무와열매 체험농장,https://place.map.kakao.com/1285872329,spec-021,existing_ready,3331534,spec-021:matched_new
1292047314,kakao:1292047314,JW 메리어트 제주 리조트 & 스파,https://place.map.kakao.com/1292047314,spec-021,existing_ready,3344565,spec-021:matched_new
544001062,kakao:544001062,제주독서대전,https://place.map.kakao.com/544001062,spec-021,existing_ready,3349628,spec-021:matched_new
1313364203,kakao:1313364203,서귀포은갈치축제,https://place.map.kakao.com/1313364203,spec-021,existing_ready,3374822,spec-021:matched_new
1401434050,kakao:1401434050,주정공장수용소 4.3역사관,https://place.map.kakao.com/1401434050,spec-021,existing_ready,3386123,spec-021:matched_new
1158664507,kakao:1158664507,안의울림 싱잉볼(국제싱잉볼사운드테라피연구소),https://place.map.kakao.com/1158664507,spec-021,existing_ready,3396532,spec-021:matched_new
804405897,kakao:804405897,2026 제5회 제주비엔날레 허끄곡 모닥치곡 이야홍 : 변용의 기술,https://place.map.kakao.com/804405897,spec-021,existing_ready,3399432,spec-021:matched_new
1657397874,kakao:1657397874,아르떼 키즈파크 제주,https://place.map.kakao.com/1657397874,spec-021,existing_ready,3439423,spec-021:matched_new
1423126658,kakao:1423126658,골체오름 벚꽃축제,https://place.map.kakao.com/1423126658,spec-021,existing_ready,3482354,spec-021:matched_new
796916033,kakao:796916033,켄싱턴리조트 제주중문,https://place.map.kakao.com/796916033,spec-021,existing_ready,3482430,spec-021:matched_new
851620713,kakao:851620713,선셋티아,https://place.map.kakao.com/851620713,spec-021,existing_ready,3487794,spec-021:matched_new
836242914,kakao:836242914,숲으로 오라,https://place.map.kakao.com/836242914,spec-021,existing_ready,3495841,spec-021:matched_new
1685023058,kakao:1685023058,꽃귤농장,https://place.map.kakao.com/1685023058,spec-021,existing_ready,3505052,spec-021:matched_new
754126009,kakao:754126009,2026 서귀포 원도심 문화페스티벌,https://place.map.kakao.com/754126009,spec-021,existing_ready,3512205,spec-021:matched_new
825865438,kakao:825865438,호텔골든데이지 서귀포오션,https://place.map.kakao.com/825865438,spec-021,existing_ready,3515241,spec-021:matched_new
1399113332,kakao:1399113332,포켓몬 원더 아일랜드 in JEJU,https://place.map.kakao.com/1399113332,spec-021,existing_ready,3544591,spec-021:matched_new
1175638899,kakao:1175638899,메르시제주소품샵,https://place.map.kakao.com/1175638899,spec-021,existing_ready,3545110,spec-021:matched_new
1859768130,kakao:1859768130,만춘서점,https://place.map.kakao.com/1859768130,spec-021,existing_ready,3545735,spec-021:matched_new
125774438,kakao:125774438,김영수도서관 마을도서관,https://place.map.kakao.com/125774438,spec-021,existing_ready,3546163,spec-021:matched_new
1914097137,kakao:1914097137,2025 음악실연자 페스티벌,https://place.map.kakao.com/1914097137,spec-021,existing_ready,3546882,spec-021:matched_new
8016636,kakao:8016636,온평리포구,https://place.map.kakao.com/8016636,spec-021,existing_ready,3553653,spec-021:matched_new
26973747,kakao:26973747,소라의성,https://place.map.kakao.com/26973747,spec-021,existing_ready,3553979,spec-021:matched_new
1186494033,kakao:1186494033,원도심 야간여행 섬야시즌 운영,https://place.map.kakao.com/1186494033,spec-021,existing_ready,3554702,spec-021:matched_new
8115207,kakao:8115207,상추자항,https://place.map.kakao.com/8115207,spec-021,existing_ready,3557958,spec-021:matched_new
1943054927,kakao:1943054927,두머니물공원,https://place.map.kakao.com/1943054927,spec-021,existing_ready,3559559,spec-021:matched_new
20807014,kakao:20807014,무릉외갓집,https://place.map.kakao.com/20807014,spec-021,existing_ready,3571055,spec-021:matched_new
1637758163,kakao:1637758163,코코컬처클럽,https://place.map.kakao.com/1637758163,spec-021,existing_ready,3584915,spec-021:matched_new
1795461597,kakao:1795461597,소랑아시,https://place.map.kakao.com/1795461597,spec-021,existing_ready,4002242,spec-021:matched_new
2132375393,kakao:2132375393,러쉬 제주점,https://place.map.kakao.com/2132375393,spec-021,existing_ready,4009584,spec-021:matched_new
1671182146,kakao:1671182146,올리브영 서귀포동광점,https://place.map.kakao.com/1671182146,spec-021,existing_ready,4009585,spec-021:matched_new
631540803,kakao:631540803,올리브영 서귀포혁신도시점,https://place.map.kakao.com/631540803,spec-021,existing_ready,4009587,spec-021:matched_new
1446821596,kakao:1446821596,나이키골프 제주중문점,https://place.map.kakao.com/1446821596,spec-021,existing_ready,4009588,spec-021:matched_new
580518590,kakao:580518590,내셔널지오그래픽어패럴 서귀포점,https://place.map.kakao.com/580518590,spec-021,existing_ready,4009589,spec-021:matched_new
1139895096,kakao:1139895096,올리브영 제주삼화점,https://place.map.kakao.com/1139895096,spec-021,existing_ready,4009591,spec-021:matched_new
1935482296,kakao:1935482296,디어브리즈,https://place.map.kakao.com/1935482296,spec-021,existing_ready,4009592,spec-021:matched_new
23076720,kakao:23076720,김앤김치스쿨 한국전통문화체험관,https://place.map.kakao.com/23076720,spec-021,existing_ready,4009593,spec-021:matched_new
670982182,kakao:670982182,귤귤스토어 도두점,https://place.map.kakao.com/670982182,spec-021,existing_ready,4009594,spec-021:matched_new
902718352,kakao:902718352,올리브영 제주용담점,https://place.map.kakao.com/902718352,spec-021,existing_ready,4009595,spec-021:matched_new
895169526,kakao:895169526,몽클락제주,https://place.map.kakao.com/895169526,spec-021,existing_ready,4009596,spec-021:matched_new
882138799,kakao:882138799,스노우피크 신제주점,https://place.map.kakao.com/882138799,spec-021,existing_ready,4009597,spec-021:matched_new
26916794,kakao:26916794,렌즈미 신제주점,https://place.map.kakao.com/26916794,spec-021,existing_ready,4009598,spec-021:matched_new
1201564863,kakao:1201564863,마리떼프랑소와저버 신제주점,https://place.map.kakao.com/1201564863,spec-021,existing_ready,4009599,spec-021:matched_new
27516859,kakao:27516859,CU 제주애월한담점,https://place.map.kakao.com/27516859,spec-021,existing_ready,4009600,spec-021:matched_new
635805766,kakao:635805766,섬타르 신제주점,https://place.map.kakao.com/635805766,spec-021,existing_ready,4009601,spec-021:matched_new
912913210,kakao:912913210,스마트약국,https://place.map.kakao.com/912913210,spec-021,existing_ready,4009602,spec-021:matched_new
1015180643,kakao:1015180643,더한섬하우스 제주점,https://place.map.kakao.com/1015180643,spec-021,existing_ready,2925794|4009603,spec-021:final-same-place|spec-021:matched_new
223872321,kakao:223872321,제주소품 함덕점,https://place.map.kakao.com/223872321,spec-021,existing_ready,4009613,spec-021:matched_new
1908809521,kakao:1908809521,노르디스크 제주점,https://place.map.kakao.com/1908809521,spec-021,existing_ready,4009614,spec-021:matched_new
11087425,kakao:11087425,로이드 제주점,https://place.map.kakao.com/11087425,spec-021,existing_ready,4009615,spec-021:matched_new
1405045671,kakao:1405045671,디스이즈네버댓 제주점,https://place.map.kakao.com/1405045671,spec-021,existing_ready,4009616,spec-021:matched_new
1223385978,kakao:1223385978,문화공간 휴,https://place.map.kakao.com/1223385978,spec-021,existing_ready,4009617,spec-021:matched_new
111404755,kakao:111404755,살로몬 제주점,https://place.map.kakao.com/111404755,spec-021,existing_ready,4009618,spec-021:matched_new
1349710423,kakao:1349710423,블랙야크 제주점,https://place.map.kakao.com/1349710423,spec-021,existing_ready,4012413,spec-021:matched_new
767322313,kakao:767322313,안녕성산,https://place.map.kakao.com/767322313,spec-021,existing_ready,4012996,spec-021:matched_new
1364902194,kakao:1364902194,월드컵약국,https://place.map.kakao.com/1364902194,spec-021,existing_ready,4012999,spec-021:matched_new
16957984,kakao:16957984,삼성스토어 서귀포,https://place.map.kakao.com/16957984,spec-021,existing_ready,4013000,spec-021:matched_new
11151606,kakao:11151606,중문안경방,https://place.map.kakao.com/11151606,spec-021,existing_ready,4013001,spec-021:matched_new
1254565267,kakao:1254565267,에잇세컨즈 서귀포점,https://place.map.kakao.com/1254565267,spec-021,existing_ready,4013002,spec-021:matched_new
909710437,kakao:909710437,오름약국,https://place.map.kakao.com/909710437,spec-021,existing_ready,4013003,spec-021:matched_new
236962278,kakao:236962278,아이더 서귀포점,https://place.map.kakao.com/236962278,spec-021,existing_ready,4013004,spec-021:matched_new
21882572,kakao:21882572,코오롱스포츠 서귀포명동로점,https://place.map.kakao.com/21882572,spec-021,existing_ready,4013200,spec-021:matched_new
603886038,kakao:603886038,코오롱스포츠 신제주점,https://place.map.kakao.com/603886038,spec-021,existing_ready,4013201,spec-021:matched_new
1729531717,kakao:1729531717,더조은약국,https://place.map.kakao.com/1729531717,spec-021,existing_ready,4013202,spec-021:matched_new
751545130,kakao:751545130,브라운브레스 제주칠성점,https://place.map.kakao.com/751545130,spec-021,existing_ready,4013203,spec-021:matched_new
2055729159,kakao:2055729159,탠저비 칠성로점,https://place.map.kakao.com/2055729159,spec-021,existing_ready,4013204,spec-021:matched_new
2109708047,kakao:2109708047,리복 제주점,https://place.map.kakao.com/2109708047,spec-021,existing_ready,4013205,spec-021:matched_new
542413862,kakao:542413862,내셔널지오그래픽키즈 제주점,https://place.map.kakao.com/542413862,spec-021,existing_ready,4013206,spec-021:matched_new
17530467,kakao:17530467,아이더 신제주점,https://place.map.kakao.com/17530467,spec-021,existing_ready,4013208,spec-021:matched_new
811850853,kakao:811850853,마운티아 신제주점,https://place.map.kakao.com/811850853,spec-021,existing_ready,4013209,spec-021:matched_new
1572436485,kakao:1572436485,안녕제주,https://place.map.kakao.com/1572436485,spec-021,existing_ready,4013210,spec-021:matched_new
223139587,kakao:223139587,올리브영 제주연동신라점,https://place.map.kakao.com/223139587,spec-021,existing_ready,4013211,spec-021:matched_new
8143277,kakao:8143277,롯데하이마트 신제주점,https://place.map.kakao.com/8143277,spec-021,existing_ready,4013214,spec-021:matched_new
1706177531,kakao:1706177531,휠라언더웨어 신제주점,https://place.map.kakao.com/1706177531,spec-021,existing_ready,4013215,spec-021:matched_new
1309067623,kakao:1309067623,아이엠제주탠저비,https://place.map.kakao.com/1309067623,spec-021,existing_ready,4013217,spec-021:matched_new
24619220,kakao:24619220,한라미디어,https://place.map.kakao.com/24619220,spec-021,existing_ready,4013218,spec-021:matched_new
1197815235,kakao:1197815235,탠저비 도두점,https://place.map.kakao.com/1197815235,spec-021,existing_ready,4013220,spec-021:matched_new
1330940290,kakao:1330940290,어코드제주,https://place.map.kakao.com/1330940290,spec-021,existing_ready,4013221,spec-021:matched_new
722034641,kakao:722034641,피크,https://place.map.kakao.com/722034641,spec-021,existing_ready,4013222,spec-021:matched_new
325826292,kakao:325826292,슈마커 플러스 제주연동점,https://place.map.kakao.com/325826292,spec-021,existing_ready,4013223,spec-021:matched_new
1964433077,kakao:1964433077,ABC마트 GSA 신제주연동점,https://place.map.kakao.com/1964433077,spec-021,existing_ready,4013224,spec-021:matched_new
844749280,kakao:844749280,탠저 비제원점,https://place.map.kakao.com/844749280,spec-021,existing_ready,4013225,spec-021:matched_new
12293709,kakao:12293709,GS25 연동서강점,https://place.map.kakao.com/12293709,spec-021,existing_ready,4013226,spec-021:matched_new
21734360,kakao:21734360,한라사이클,https://place.map.kakao.com/21734360,spec-021,existing_ready,4013227,spec-021:matched_new
1788852164,kakao:1788852164,귤귤스토어 애월점,https://place.map.kakao.com/1788852164,spec-021,existing_ready,4013228,spec-021:matched_new
1480956546,kakao:1480956546,러블리제주,https://place.map.kakao.com/1480956546,spec-021,existing_ready,4013229,spec-021:matched_new
1830684370,kakao:1830684370,갤럭시 제주점,https://place.map.kakao.com/1830684370,spec-021,existing_ready,4013231,spec-021:matched_new
1968921666,kakao:1968921666,어메이징크리,https://place.map.kakao.com/1968921666,spec-021,existing_ready,4013233,spec-021:matched_new
1160965204,kakao:1160965204,유타골프 제주점,https://place.map.kakao.com/1160965204,spec-021,existing_ready,4013234,spec-021:matched_new
1831871357,kakao:1831871357,제주오라쇼핑,https://place.map.kakao.com/1831871357,spec-021,existing_ready,4013235,spec-021:matched_new
172896972,kakao:172896972,스포츠메카 외도본점,https://place.map.kakao.com/172896972,spec-021,existing_ready,4013236,spec-021:matched_new
1289727651,kakao:1289727651,아일랜드프로젝트 본점,https://place.map.kakao.com/1289727651,spec-021,existing_ready,4013237,spec-021:matched_new
1618445330,kakao:1618445330,헬로제주,https://place.map.kakao.com/1618445330,spec-021,existing_ready,4013238,spec-021:matched_new
1356285921,kakao:1356285921,K2제주MS,https://place.map.kakao.com/1356285921,spec-021,existing_ready,4013239,spec-021:matched_new
1076595887,kakao:1076595887,테일러메이드 구제주점,https://place.map.kakao.com/1076595887,spec-021,existing_ready,4013240,spec-021:matched_new
748822240,kakao:748822240,아레나 제주점,https://place.map.kakao.com/748822240,spec-021,existing_ready,4013245,spec-021:matched_new
811098458,kakao:811098458,커버낫 제주점,https://place.map.kakao.com/811098458,spec-021,existing_ready,4013246,spec-021:matched_new
752459708,kakao:752459708,수풀,https://place.map.kakao.com/752459708,spec-021,existing_ready,4013248,spec-021:matched_new
27312294,kakao:27312294,낙산약국,https://place.map.kakao.com/27312294,spec-021,existing_ready,4013249,spec-021:matched_new
790774677,kakao:790774677,아일로 서귀포점,https://place.map.kakao.com/790774677,spec-021,existing_ready,4013356,spec-021:matched_new
1791425191,kakao:1791425191,금배네민박,https://place.map.kakao.com/1791425191,spec-021,existing_ready,4017092,spec-021:matched_new
915802018,kakao:915802018,베베드피노 서귀포점,https://place.map.kakao.com/915802018,spec-021,existing_ready,4026795,spec-021:matched_new
1183120204,kakao:1183120204,라이프워크 메가스토어 제주점,https://place.map.kakao.com/1183120204,spec-021,existing_ready,4026796,spec-021:matched_new
919159662,kakao:919159662,다이소 서귀포혁신도시점,https://place.map.kakao.com/919159662,spec-021,existing_ready,4026810,spec-021:matched_new
48215067,kakao:48215067,모던하우스 서귀포점,https://place.map.kakao.com/48215067,spec-021,existing_ready,4026811,spec-021:matched_new
1243225265,kakao:1243225265,다이소 서귀포중문점,https://place.map.kakao.com/1243225265,spec-021,existing_ready,4026812,spec-021:matched_new
439296581,kakao:439296581,캄포스 제주 부티크,https://place.map.kakao.com/439296581,spec-021,existing_ready,4026813,spec-021:matched_new
623664328,kakao:623664328,버디,https://place.map.kakao.com/623664328,spec-021,existing_ready,4026814,spec-021:matched_new
44354099,kakao:44354099,휠라키즈 서귀포점,https://place.map.kakao.com/44354099,spec-021,existing_ready,4026815,spec-021:matched_new
1464674907,kakao:1464674907,아리따움 제주서귀포점,https://place.map.kakao.com/1464674907,spec-021,existing_ready,4026816,spec-021:matched_new
12976854,kakao:12976854,호성이네빛나는선물가게&호성이네농장,https://place.map.kakao.com/12976854,spec-021,existing_ready,4026817,spec-021:matched_new
257954549,kakao:257954549,아트박스 서귀포점,https://place.map.kakao.com/257954549,spec-021,existing_ready,4026819,spec-021:matched_new
16613367,kakao:16613367,CU 서귀포항점,https://place.map.kakao.com/16613367,spec-021,existing_ready,4026820,spec-021:matched_new
2026482526,kakao:2026482526,다이소 제주노형점,https://place.map.kakao.com/2026482526,spec-021,existing_ready,4026821,spec-021:matched_new
11832149,kakao:11832149,정관장 일도점,https://place.map.kakao.com/11832149,spec-021,existing_ready,4026822,spec-021:matched_new
21853025,kakao:21853025,다이소 제주동문시장점,https://place.map.kakao.com/21853025,spec-021,existing_ready,4026823,spec-021:matched_new
206823052,kakao:206823052,라이프워크 제주탑동직영점,https://place.map.kakao.com/206823052,spec-021,existing_ready,4026825,spec-021:matched_new
361827892,kakao:361827892,수박빈티지,https://place.map.kakao.com/361827892,spec-021,existing_ready,4026827,spec-021:matched_new
558342412,kakao:558342412,EE 플레이스,https://place.map.kakao.com/558342412,spec-021,existing_ready,4026828,spec-021:matched_new
1468836823,kakao:1468836823,코데즈컴바인,https://place.map.kakao.com/1468836823,spec-021,existing_ready,4026829,spec-021:matched_new
306324529,kakao:306324529,오브젝트 제주점,https://place.map.kakao.com/306324529,spec-021,existing_ready,4026830,spec-021:matched_new
163808405,kakao:163808405,헬로제주,https://place.map.kakao.com/163808405,spec-021,existing_ready,4026832,spec-021:matched_new
167427653,kakao:167427653,와이드앵글 신제주점,https://place.map.kakao.com/167427653,spec-021,existing_ready,4026836,spec-021:matched_new
1964644575,kakao:1964644575,ABC마트 GS 제주본점,https://place.map.kakao.com/1964644575,spec-021,existing_ready,4026837,spec-021:matched_new
16554841,kakao:16554841,GS25 제주노형점,https://place.map.kakao.com/16554841,spec-021,existing_ready,4026838,spec-021:matched_new
1473118665,kakao:1473118665,한국선간보,https://place.map.kakao.com/1473118665,spec-021,existing_ready,4026839,spec-021:matched_new
27279076,kakao:27279076,토이마켓 제주점,https://place.map.kakao.com/27279076,spec-021,existing_ready,4026840,spec-021:matched_new
742419996,kakao:742419996,와인창고 동문시장점,https://place.map.kakao.com/742419996,spec-021,existing_ready,4026841,spec-021:matched_new
691861870,kakao:691861870,마이제주기프트,https://place.map.kakao.com/691861870,spec-021,existing_ready,4026842,spec-021:matched_new
125212026,kakao:125212026,아식스 신제주점,https://place.map.kakao.com/125212026,spec-021,existing_ready,4026843,spec-021:matched_new
11830376,kakao:11830376,정관장 연동점,https://place.map.kakao.com/11830376,spec-021,existing_ready,4026844,spec-021:matched_new
939240074,kakao:939240074,혜명한약국,https://place.map.kakao.com/939240074,spec-021,existing_ready,4026845,spec-021:matched_new
10047004,kakao:10047004,CU 도두항점,https://place.map.kakao.com/10047004,spec-021,existing_ready,4026846,spec-021:matched_new
8280627,kakao:8280627,랜드로바 신제주점,https://place.map.kakao.com/8280627,spec-021,existing_ready,4026847,spec-021:matched_new
1949332316,kakao:1949332316,믹스존,https://place.map.kakao.com/1949332316,spec-021,existing_ready,4026850,spec-021:matched_new
1980611222,kakao:1980611222,라이프워크 메가스토어 애월점,https://place.map.kakao.com/1980611222,spec-021,existing_ready,4026851,spec-021:matched_new
1886424152,kakao:1886424152,한국금거래소 제주점,https://place.map.kakao.com/1886424152,spec-021,existing_ready,4026852,spec-021:matched_new
846172642,kakao:846172642,블랙야크키즈 제주점,https://place.map.kakao.com/846172642,spec-021,existing_ready,4026853,spec-021:matched_new
931848580,kakao:931848580,AK골프 제주점,https://place.map.kakao.com/931848580,spec-021,existing_ready,4026854,spec-021:matched_new
19488198,kakao:19488198,타이틀리스트 제주점,https://place.map.kakao.com/19488198,spec-021,existing_ready,4026855,spec-021:matched_new
687742822,kakao:687742822,한국인삼백화점,https://place.map.kakao.com/687742822,spec-021,existing_ready,4026856,spec-021:matched_new
18158699,kakao:18158699,삼성스토어 제주인화,https://place.map.kakao.com/18158699,spec-021,existing_ready,4026857,spec-021:matched_new
826235865,kakao:826235865,CU 제주연오로점,https://place.map.kakao.com/826235865,spec-021,existing_ready,4026858,spec-021:matched_new
11829211,kakao:11829211,정관장 노형점,https://place.map.kakao.com/11829211,spec-021,existing_ready,4026859,spec-021:matched_new
247665892,kakao:247665892,종종제주,https://place.map.kakao.com/247665892,spec-021,existing_ready,4026860,spec-021:matched_new
715420730,kakao:715420730,다이소 제주시청점,https://place.map.kakao.com/715420730,spec-021,existing_ready,4026862,spec-021:matched_new
590596132,kakao:590596132,ABC마트 SP제주시청점,https://place.map.kakao.com/590596132,spec-021,existing_ready,4026863,spec-021:matched_new
714889401,kakao:714889401,오렌즈 제주시청점,https://place.map.kakao.com/714889401,spec-021,existing_ready,4026864,spec-021:matched_new
1657918504,kakao:1657918504,마뗑킴 하고하우스 제주점,https://place.map.kakao.com/1657918504,spec-021,existing_ready,4026865,spec-021:matched_new
26862413,kakao:26862413,아이더 제주점,https://place.map.kakao.com/26862413,spec-021,existing_ready,4026866,spec-021:matched_new
9545100,kakao:9545100,탑동보룡약국,https://place.map.kakao.com/9545100,spec-021,existing_ready,4026867,spec-021:matched_new
896483460,kakao:896483460,헬리녹스 크리에이티브 센터 제주,https://place.map.kakao.com/896483460,spec-021,existing_ready,4026868,spec-021:matched_new
1888881243,kakao:1888881243,이솝 제주점,https://place.map.kakao.com/1888881243,spec-021,existing_ready,4026869,spec-021:matched_new
1570314336,kakao:1570314336,다이소 제주애월점,https://place.map.kakao.com/1570314336,spec-021,existing_ready,4026870,spec-021:matched_new
600573863,kakao:600573863,다이소 제주연동본점,https://place.map.kakao.com/600573863,spec-021,existing_ready,4026871,spec-021:matched_new
2120455686,kakao:2120455686,다이소 제주함덕점,https://place.map.kakao.com/2120455686,spec-021,existing_ready,4026872,spec-021:matched_new
217739822,kakao:217739822,제20회 한국후계농업경영인 전국대회,https://place.map.kakao.com/217739822,spec-021,existing_ready,4039258,spec-021:matched_new
1170324914,kakao:1170324914,종이잡지클럽 제주,https://place.map.kakao.com/1170324914,spec-021,existing_ready,4057123,spec-021:matched_new
1930425703,kakao:1930425703,뚜띠콜로리 뮤제오,https://place.map.kakao.com/1930425703,spec-021,existing_ready,4057186,spec-021:matched_new
1920808295,kakao:1920808295,제주책방사랑방,https://place.map.kakao.com/1920808295,spec-021,existing_ready,4057731,spec-021:matched_new
996795646,kakao:996795646,건입박물관,https://place.map.kakao.com/996795646,spec-021,existing_ready,4057922,spec-021:matched_new
1517540557,kakao:1517540557,물사랑홍보관,https://place.map.kakao.com/1517540557,spec-021,existing_ready,4057941,spec-021:matched_new
1528036410,kakao:1528036410,제주사슴책방,https://place.map.kakao.com/1528036410,spec-021,existing_ready,4058075,spec-021:matched_new
876962179,kakao:876962179,책방소리소문,https://place.map.kakao.com/876962179,spec-021,existing_ready,4058357,spec-021:matched_new
358584859,kakao:358584859,신라스테이 플러스 이호테우,https://place.map.kakao.com/358584859,spec-021,existing_ready,4058390,spec-021:matched_new
1437159536,kakao:1437159536,뿔소라공원,https://place.map.kakao.com/1437159536,spec-021,existing_ready,4071128,spec-021:matched_new
1633038054,kakao:1633038054,파르나스호텔 제주,https://place.map.kakao.com/1633038054,spec-021,existing_ready,4081269,spec-021:matched_new
254797190,kakao:254797190,흘아카이브,https://place.map.kakao.com/254797190,spec-021,existing_ready,4091197,spec-021:matched_new
1900362893,kakao:1900362893,이상한선물가게앨리스,https://place.map.kakao.com/1900362893,spec-021,existing_ready,4092698,spec-021:matched_new
1082720352,kakao:1082720352,오르머,https://place.map.kakao.com/1082720352,spec-021,existing_ready,4093735,spec-021:matched_new
1262666684,kakao:1262666684,용오름STAY,https://place.map.kakao.com/1262666684,spec-021,existing_ready,4094553,spec-021:matched_new
7996060,kakao:7996060,약천사,https://place.map.kakao.com/7996060,spec-021,existing_ready,127862,spec-021:terra-same-place
64951155,kakao:64951155,위미1리어촌체험휴양마을,https://place.map.kakao.com/64951155,spec-021,existing_ready,128330,spec-021:terra-same-place
12657578,kakao:12657578,오조마을,https://place.map.kakao.com/12657578,spec-021,existing_ready,129071,spec-021:terra-same-place
23580247,kakao:23580247,구엄어촌체험휴양마을,https://place.map.kakao.com/23580247,spec-021,existing_ready,129073,spec-021:terra-same-place
8005944,kakao:8005944,예래생태마을,https://place.map.kakao.com/8005944,spec-021,existing_ready,129326,spec-021:terra-same-place
12697115,kakao:12697115,알토산정보화마을,https://place.map.kakao.com/12697115,spec-021,existing_ready,129381,spec-021:terra-same-place
1019557722,kakao:1019557722,서부두방파제,https://place.map.kakao.com/1019557722,spec-021,existing_ready,131106,spec-021:terra-same-place
17385264,kakao:17385264,OK승마장,https://place.map.kakao.com/17385264,spec-021,existing_ready,131549,spec-021:terra-same-place
11287687,kakao:11287687,송당승마장,https://place.map.kakao.com/11287687,spec-021,existing_ready,131596,spec-021:terra-same-place
22018448,kakao:22018448,중문골프장,https://place.map.kakao.com/22018448,spec-021,existing_ready,131708,spec-021:terra-same-place
8510185,kakao:8510185,제주제트 중문점,https://place.map.kakao.com/8510185,spec-021,existing_ready,131829,spec-021:terra-same-place
18525430,kakao:18525430,표선민속오일시장,https://place.map.kakao.com/18525430,spec-021,existing_ready,132160,spec-021:terra-same-place
1473740782,kakao:1473740782,제이제이하우스,https://place.map.kakao.com/1473740782,spec-021,existing_ready,139856,spec-021:terra-same-place
27184194,kakao:27184194,스위트호텔 제주점,https://place.map.kakao.com/27184194,spec-021,existing_ready,142713,spec-021:terra-same-place
10500084,kakao:10500084,서귀포KAL호텔,https://place.map.kakao.com/10500084,spec-021,existing_ready,142965,spec-021:terra-same-place
25627785,kakao:25627785,씨앤피(C&P) 리조트,https://place.map.kakao.com/25627785,spec-021,existing_ready,397643,spec-021:terra-same-place
19100061,kakao:19100061,농업회사법인 갈중이,https://place.map.kakao.com/19100061,spec-021,existing_ready,635593,spec-021:terra-same-place
17582870,kakao:17582870,렛츠런파크제주 말테마파크골프장,https://place.map.kakao.com/17582870,spec-021,existing_ready,637398,spec-021:terra-same-place
25070202,kakao:25070202,엘리시안 제주CC,https://place.map.kakao.com/25070202,spec-021,existing_ready,653140,spec-021:terra-same-place
18268425,kakao:18268425,노인과바다펜션,https://place.map.kakao.com/18268425,spec-021,existing_ready,733414,spec-021:terra-same-place
9834750,kakao:9834750,보물섬,https://place.map.kakao.com/9834750,spec-021,existing_ready,733540,spec-021:terra-same-place
17892356,kakao:17892356,뷰티플하우스,https://place.map.kakao.com/17892356,spec-021,existing_ready,733569,spec-021:terra-same-place
22015709,kakao:22015709,까델아스펜션,https://place.map.kakao.com/22015709,spec-021,existing_ready,735314,spec-021:terra-same-place
25036497,kakao:25036497,한라산CC,https://place.map.kakao.com/25036497,spec-021,existing_ready,782905,spec-021:terra-same-place
12051641,kakao:12051641,향림원펜션,https://place.map.kakao.com/12051641,spec-021,existing_ready,980356,spec-021:terra-same-place
26217838,kakao:26217838,타미우스골프빌리지,https://place.map.kakao.com/26217838,spec-021,existing_ready,984562,spec-021:terra-same-place
23971319,kakao:23971319,아침의향기펜션,https://place.map.kakao.com/23971319,spec-021,existing_ready,985385,spec-021:terra-same-place
26424969,kakao:26424969,블랙스톤제주CC,https://place.map.kakao.com/26424969,spec-021,existing_ready,988238,spec-021:terra-same-place
12836313,kakao:12836313,라온GC,https://place.map.kakao.com/12836313,spec-021,existing_ready,989025,spec-021:terra-same-place
26071060,kakao:26071060,에버리스골프리조트,https://place.map.kakao.com/26071060,spec-021,existing_ready,989242,spec-021:terra-same-place
19397053,kakao:19397053,한림민속5일시장,https://place.map.kakao.com/19397053,spec-021,existing_ready,993224,spec-021:terra-same-place
25040868,kakao:25040868,제주도세계지질공원,https://place.map.kakao.com/25040868,spec-021,existing_ready,1162240,spec-021:terra-same-place
11172974,kakao:11172974,이어도관광승마장,https://place.map.kakao.com/11172974,spec-021,existing_ready,1620988,spec-021:terra-same-place
17583646,kakao:17583646,박물관은살아있다 제주중문점,https://place.map.kakao.com/17583646,spec-021,existing_ready,1883815,spec-021:terra-same-place
22895451,kakao:22895451,프레리아 독채 & 커플펜션,https://place.map.kakao.com/22895451,spec-021,existing_ready,1887546,spec-021:terra-same-place
19717872,kakao:19717872,소랑호젠펜션,https://place.map.kakao.com/19717872,spec-021,existing_ready,1888034,spec-021:terra-same-place
21795417,kakao:21795417,더베이제주리조트,https://place.map.kakao.com/21795417,spec-021,existing_ready,1905280,spec-021:terra-same-place
18751300,kakao:18751300,샤론의집펜션,https://place.map.kakao.com/18751300,spec-021,existing_ready,1906127,spec-021:terra-same-place
22676688,kakao:22676688,제주R호텔,https://place.map.kakao.com/22676688,spec-021,existing_ready,2019719,spec-021:terra-same-place
8086164,kakao:8086164,신산공원,https://place.map.kakao.com/8086164,spec-021,existing_ready,2414812,spec-021:terra-same-place
602353817,kakao:602353817,맥파이브루잉컴퍼니 양조장&탭룸,https://place.map.kakao.com/602353817,spec-021,existing_ready,2469467,spec-021:terra-same-place
1936768308,kakao:1936768308,제주 용산유스호스텔,https://place.map.kakao.com/1936768308,spec-021,existing_ready,2498637,spec-021:terra-same-place
1777520112,kakao:1777520112,제주맥주 양조장,https://place.map.kakao.com/1777520112,spec-021,existing_ready,2503694,spec-021:terra-same-place
265774663,kakao:265774663,낙타트래킹,https://place.map.kakao.com/265774663,spec-021,existing_ready,2516416,spec-021:terra-same-place
85652945,kakao:85652945,호텔스카브로,https://place.map.kakao.com/85652945,spec-021,existing_ready,2552837,spec-021:terra-same-place
8864950,kakao:8864950,제주샘주,https://place.map.kakao.com/8864950,spec-021,existing_ready,2554570,spec-021:terra-same-place
1294410201,kakao:1294410201,제주마중펜션,https://place.map.kakao.com/1294410201,spec-021,existing_ready,2556500,spec-021:terra-same-place
1065946291,kakao:1065946291,메리어트관 제주신화월드 호텔 앤 리조트,https://place.map.kakao.com/1065946291,spec-021,existing_ready,2561909,spec-021:terra-same-place
414336592,kakao:414336592,서머셋 제주신화월드,https://place.map.kakao.com/414336592,spec-021,existing_ready,2561932,spec-021:terra-same-place
21500202,kakao:21500202,제주 그랑블루요트투어,https://place.map.kakao.com/21500202,spec-021,existing_ready,2571240,spec-021:terra-same-place
25815599,kakao:25815599,호텔엘린,https://place.map.kakao.com/25815599,spec-021,existing_ready,2594519,spec-021:terra-same-place
22730174,kakao:22730174,돈내코힐스파리조트,https://place.map.kakao.com/22730174,spec-021,existing_ready,2621853,spec-021:terra-same-place
12501982,kakao:12501982,가파도마라도 정기여객선터미널,https://place.map.kakao.com/12501982,spec-021,existing_ready,2621914,spec-021:terra-same-place
19265298,kakao:19265298,노리매,https://place.map.kakao.com/19265298,spec-021,existing_ready,2704456,spec-021:terra-same-place
17580245,kakao:17580245,유민 아르누보 뮤지엄,https://place.map.kakao.com/17580245,spec-021,existing_ready,2717330,spec-021:terra-same-place
24372520,kakao:24372520,한라산국립공원 관음사지구야영장,https://place.map.kakao.com/24372520,spec-021,existing_ready,2726675,spec-021:terra-same-place
613255397,kakao:613255397,자연인글램핑&펜션,https://place.map.kakao.com/613255397,spec-021,existing_ready,2726704,spec-021:terra-same-place
18525809,kakao:18525809,제주동문수산시장,https://place.map.kakao.com/18525809,spec-021,existing_ready,2737330,spec-021:terra-same-place
8448269,kakao:8448269,오조포구,https://place.map.kakao.com/8448269,spec-021,existing_ready,2742256,spec-021:terra-same-place
8030435,kakao:8030435,용수포구,https://place.map.kakao.com/8030435,spec-021,existing_ready,2742267,spec-021:terra-same-place
13723518,kakao:13723518,월령포구,https://place.map.kakao.com/13723518,spec-021,existing_ready,2742297,spec-021:terra-same-place
26842198,kakao:26842198,더쉼팡풀빌라,https://place.map.kakao.com/26842198,spec-021,existing_ready,2751860,spec-021:terra-same-place
27598301,kakao:27598301,제주도서핑 문서프,https://place.map.kakao.com/27598301,spec-021,existing_ready,2752816,spec-021:terra-same-place
25865267,kakao:25865267,제주귤향기,https://place.map.kakao.com/25865267,spec-021,existing_ready,2765293,spec-021:terra-same-place
18526099,kakao:18526099,함덕오일시장,https://place.map.kakao.com/18526099,spec-021,existing_ready,2765345,spec-021:terra-same-place
8539338,kakao:8539338,천진항,https://place.map.kakao.com/8539338,spec-021,existing_ready,2767884,spec-021:terra-same-place
556609248,kakao:556609248,도두사수항,https://place.map.kakao.com/556609248,spec-021,existing_ready,2794667,spec-021:terra-same-place
13723625,kakao:13723625,한림항(비양도행) 도선대합실,https://place.map.kakao.com/13723625,spec-021,existing_ready,2799740,spec-021:terra-same-place
7944328,kakao:7944328,성산포항,https://place.map.kakao.com/7944328,spec-021,existing_ready,2800664,spec-021:terra-same-place
852608524,kakao:852608524,서귀포 칠십리 시공원,https://place.map.kakao.com/852608524,spec-021,existing_ready,2836814,spec-021:terra-same-place
2095612103,kakao:2095612103,선물가게바나나 중문점,https://place.map.kakao.com/2095612103,spec-021,existing_ready,2852532,spec-021:terra-same-place
8303347,kakao:8303347,뉴월드마트 신제주점,https://place.map.kakao.com/8303347,spec-021,existing_ready,2893682,spec-021:terra-same-place
26913394,kakao:26913394,베네통 제주점,https://place.map.kakao.com/26913394,spec-021,existing_ready,2893962,spec-021:terra-same-place
281299597,kakao:281299597,핑 제주연동점,https://place.map.kakao.com/281299597,spec-021,existing_ready,2902945,spec-021:terra-same-place
13059444,kakao:13059444,크록스 제주칠성점,https://place.map.kakao.com/13059444,spec-021,existing_ready,2903062,spec-021:terra-same-place
2115654460,kakao:2115654460,와흘메밀농촌체험휴양마을,https://place.map.kakao.com/2115654460,spec-021,existing_ready,2905045,spec-021:terra-same-place
26540712,kakao:26540712,까스텔바작 신제주점,https://place.map.kakao.com/26540712,spec-021,existing_ready,2905172,spec-021:terra-same-place
13605551,kakao:13605551,노스페이스 제주중앙로점,https://place.map.kakao.com/13605551,spec-021,existing_ready,2906140,spec-021:terra-same-place
10719056,kakao:10719056,정관장 제주광양점,https://place.map.kakao.com/10719056,spec-021,existing_ready,2909701,spec-021:terra-same-place
27367635,kakao:27367635,폴더 제주칠성점,https://place.map.kakao.com/27367635,spec-021,existing_ready,2911139,spec-021:terra-same-place
11235686,kakao:11235686,켈빈클라인진 구제주점,https://place.map.kakao.com/11235686,spec-021,existing_ready,2912462,spec-021:terra-same-place
287446077,kakao:287446077,파랜하이트,https://place.map.kakao.com/287446077,spec-021,existing_ready,2914248,spec-021:terra-same-place
2031766581,kakao:2031766581,글라스스토리 제주중앙로점,https://place.map.kakao.com/2031766581,spec-021,existing_ready,2914777,spec-021:terra-same-place
8554333,kakao:8554333,캘빈클라인진스 신제주점,https://place.map.kakao.com/8554333,spec-021,existing_ready,2924017,spec-021:terra-same-place
26304308,kakao:26304308,제주M리조트,https://place.map.kakao.com/26304308,spec-021,existing_ready,2926949,spec-021:terra-same-place
2032783328,kakao:2032783328,블랙야크 제주서귀포올레점,https://place.map.kakao.com/2032783328,spec-021,existing_ready,2931671,spec-021:terra-same-place
24937428,kakao:24937428,아리따움라이브 제주노형점,https://place.map.kakao.com/24937428,spec-021,existing_ready,2931727,spec-021:terra-same-place
538350320,kakao:538350320,광이멀,https://place.map.kakao.com/538350320,spec-021,existing_ready,2940391,spec-021:terra-same-place
8205022,kakao:8205022,금능포구,https://place.map.kakao.com/8205022,spec-021,existing_ready,2946074,spec-021:terra-same-place
1846155158,kakao:1846155158,에코랜드호텔,https://place.map.kakao.com/1846155158,spec-021,existing_ready,2948165,spec-021:terra-same-place
8136994,kakao:8136994,렛츠런팜 제주,https://place.map.kakao.com/8136994,spec-021,existing_ready,3061637,spec-021:terra-same-place
18653117,kakao:18653117,삼다수목장,https://place.map.kakao.com/18653117,spec-021,existing_ready,3061788,spec-021:terra-same-place
1566172485,kakao:1566172485,디앤디파트먼트 제주,https://place.map.kakao.com/1566172485,spec-021,existing_ready,3063420,spec-021:terra-same-place
26888968,kakao:26888968,BK호텔제주,https://place.map.kakao.com/26888968,spec-021,existing_ready,3076459,spec-021:terra-same-place
1295712598,kakao:1295712598,샐리스 제주,https://place.map.kakao.com/1295712598,spec-021,existing_ready,3079902,spec-021:terra-same-place
305310523,kakao:305310523,라마다바이윈덤 제주더함덕호텔,https://place.map.kakao.com/305310523,spec-021,existing_ready,3079939,spec-021:terra-same-place
1041102067,kakao:1041102067,일성제주비치콘도&리조트,https://place.map.kakao.com/1041102067,spec-021,existing_ready,3079973,spec-021:terra-same-place
25633362,kakao:25633362,수앤수리조트앤호텔,https://place.map.kakao.com/25633362,spec-021,existing_ready,3080046,spec-021:terra-same-place
1463940554,kakao:1463940554,타임 한섬FX제주점,https://place.map.kakao.com/1463940554,spec-021,existing_ready,3306775,spec-021:terra-same-place
27181379,kakao:27181379,CU 제주항국제여객터미널점,https://place.map.kakao.com/27181379,spec-021,existing_ready,3307106,spec-021:terra-same-place
1030057562,kakao:1030057562,서핑도,https://place.map.kakao.com/1030057562,spec-021,existing_ready,3464225,spec-021:terra-same-place
2058181539,kakao:2058181539,선물고팡 제주소품샵 공항점,https://place.map.kakao.com/2058181539,spec-021,existing_ready,3502045,spec-021:terra-same-place
1460027132,kakao:1460027132,렌즈미 노형점,https://place.map.kakao.com/1460027132,spec-021,existing_ready,4009590,spec-021:terra-same-place
902160505,kakao:902160505,에브리바디빈티지 본점,https://place.map.kakao.com/902160505,spec-021,existing_ready,4013207,spec-021:terra-same-place
955794668,kakao:955794668,열린365약국,https://place.map.kakao.com/955794668,spec-021,existing_ready,4013213,spec-021:terra-same-place
443451781,kakao:443451781,하이츠스토어 제주,https://place.map.kakao.com/443451781,spec-021,existing_ready,4013230,spec-021:terra-same-place
542799435,kakao:542799435,조안테디베어 신화월드점,https://place.map.kakao.com/542799435,spec-021,existing_ready,4026805,spec-021:terra-same-place
2074357800,kakao:2074357800,라이프워크 서귀포점,https://place.map.kakao.com/2074357800,spec-021,existing_ready,4026809,spec-021:terra-same-place
19163974,kakao:19163974,피렌체,https://place.map.kakao.com/19163974,spec-021,existing_ready,4026835,spec-021:terra-same-place
257161814,kakao:257161814,신풍리농어촌체험휴양마을,https://place.map.kakao.com/257161814,spec-021,existing_ready,128326,spec-021:final-same-place
24420227,kakao:24420227,마라도항로표지관리소,https://place.map.kakao.com/24420227,spec-021,existing_ready,129145,spec-021:final-same-place
11338416,kakao:11338416,바지선선상낚시,https://place.map.kakao.com/11338416,spec-021,existing_ready,131836,spec-021:final-same-place
20051916,kakao:20051916,신풍목장,https://place.map.kakao.com/20051916,spec-021,existing_ready,635701,spec-021:final-same-place
1389289045,kakao:1389289045,스위트스테이,https://place.map.kakao.com/1389289045,spec-021,existing_ready,733613,spec-021:final-same-place
13097663,kakao:13097663,명도암참살이마을,https://place.map.kakao.com/13097663,spec-021,existing_ready,801097,spec-021:final-same-place
12803464,kakao:12803464,엘리시안제주 콘도,https://place.map.kakao.com/12803464,spec-021,existing_ready,983958,spec-021:final-same-place
10486441,kakao:10486441,선임교,https://place.map.kakao.com/10486441,spec-021,existing_ready,988441,spec-021:final-same-place
20303776,kakao:20303776,넥슨뮤지엄,https://place.map.kakao.com/20303776,spec-021,existing_ready,2472824,spec-021:final-same-place
25389700,kakao:25389700,하논,https://place.map.kakao.com/25389700,spec-021,existing_ready,2615028,spec-021:final-same-place
110306981,kakao:110306981,디오션힐,https://place.map.kakao.com/110306981,spec-021,existing_ready,2626800,spec-021:final-same-place
19369047,kakao:19369047,카이리조트,https://place.map.kakao.com/19369047,spec-021,existing_ready,2667643,spec-021:final-same-place
13723665,kakao:13723665,하예포구,https://place.map.kakao.com/13723665,spec-021,existing_ready,2740052,spec-021:final-same-place
25046666,kakao:25046666,차귀도포구,https://place.map.kakao.com/25046666,spec-021,existing_ready,2792595,spec-021:final-same-place
953570368,kakao:953570368,게스언더웨어 제주점,https://place.map.kakao.com/953570368,spec-021,existing_ready,2901159,spec-021:final-same-place
475021959,kakao:475021959,차귀도선셋유람선,https://place.map.kakao.com/475021959,spec-021,existing_ready,3057180,spec-021:final-same-place
24946711,kakao:24946711,제주승마장,https://place.map.kakao.com/24946711,spec-021,existing_ready,3071841,spec-021:final-same-place
1934503958,kakao:1934503958,엄브로 제주점,https://place.map.kakao.com/1934503958,spec-021,existing_ready,3307036,spec-021:final-same-place
316161971,kakao:316161971,가을동화 감귤밭,https://place.map.kakao.com/316161971,spec-021,existing_ready,3410648,spec-021:final-same-place
1820391874,kakao:1820391874,세화마을협동조합,https://place.map.kakao.com/1820391874,spec-021,existing_ready,3498094,spec-021:final-same-place
304034317,kakao:304034317,탠저 비 롯데시티점,https://place.map.kakao.com/304034317,spec-021,existing_ready,4013216,spec-021:final-same-place
933152452,kakao:933152452,말본골프 제주직영점,https://place.map.kakao.com/933152452,spec-021,existing_ready,4013232,spec-021:final-same-place
