contentid,contenttypeid,title,addr1,addr2,zipcode,tel,mapx,mapy,mlevel,firstimage,firstimage2,cpyrhtDivCd,createdtime,modifiedtime,areacode,sigungucode,lDongRegnCd,lDongSignguCd,cat1,cat2,cat3,lclsSystm1,lclsSystm2,lclsSystm3
125445,12,생각하는 정원,제주특별자치도 제주시 한경면 녹차분재로 675,(한경면),63005,,126.2551643784,33.3253707254,6,https://tong.visitkorea.or.kr/cms/resource/24/4090224_image2_1.jpg,https://tong.visitkorea.or.kr/cms/resource/24/4090224_image3_1.jpg,Type3,20031212090000,20260721142306,,,50,110,,,,NA,NA04,NA040700
126434,12,수월봉,제주특별자치도 제주시 한경면 고산리 3760,,63008,,126.1634201497,33.2947890147,6,http://tong.visitkorea.or.kr/cms/resource/12/3354312_image2_1.jpg,http://tong.visitkorea.or.kr/cms/resource/12/3354312_image3_1.jpg,Type3,20040226090000,20250321133133,39,4,50,110,A01,A0101,A01010400,NA,NA01,NA010100
126435,12,성산일출봉 [유네스코 세계자연유산],제주특별자치도 서귀포시 성산읍 일출로 284-12,,63643,,126.9415156012,33.4581111174,6,http://tong.visitkorea.or.kr/cms/resource/82/2944282_image2_1.bmp,http://tong.visitkorea.or.kr/cms/resource/82/2944282_image3_1.bmp,Type3,20030722090000,20251121173507,39,3,50,130,A01,A0101,A01010400,NA,NA01,NA010100
126436,12,성판악,제주특별자치도 제주시 조천읍 516로 1865,,63345,,126.6203951135,33.3848945984,6,http://tong.visitkorea.or.kr/cms/resource/04/3077604_image2_1.jpg,http://tong.visitkorea.or.kr/cms/resource/04/3077604_image3_1.jpg,Type3,20030721090000,20250429170021,39,4,50,130,A01,A0101,A01010400,NA,NA01,NA010100
126437,12,정방폭포,제주특별자치도 서귀포시 칠십리로214번길 37 (동홍동),,63599,,126.5730501303,33.2447479529,6,https://tong.visitkorea.or.kr/cms/resource_photo/32/3052932_image2_1.jpg,https://tong.visitkorea.or.kr/cms/resource_photo/32/3052932_image3_1.jpg,Type1,20030908090000,20260630103645,,,50,130,,,,NA,NA01,NA010300
126438,12,천지연폭포,제주특별자치도 서귀포시 서홍동 666-1,,63594,,126.5595508450,33.2447166744,6,https://tong.visitkorea.or.kr/cms/resource/43/4094043_image2_1.jpg,https://tong.visitkorea.or.kr/cms/resource/43/4094043_image3_1.jpg,Type1,20030908090000,20260729141814,,,50,130,,,,NA,NA01,NA010300
126439,12,천제연폭포,제주특별자치도 서귀포시 천제연로 132,(중문동),63546,,126.4184294967,33.2526559999,6,http://tong.visitkorea.or.kr/cms/resource/56/3552156_image2_1.jpg,http://tong.visitkorea.or.kr/cms/resource/56/3552156_image3_1.jpg,Type1,20030925090000,20260102180026,39,3,50,130,A01,A0101,A01010800,NA,NA01,NA010300
126440,12,안덕계곡,제주특별자치도 서귀포시 안덕면 감산리,1946,63531,,126.3529100773,33.2573294533,6,http://tong.visitkorea.or.kr/cms/resource/10/3023810_image2_1.jpg,http://tong.visitkorea.or.kr/cms/resource/10/3023810_image3_1.jpg,Type1,20030925090000,20250512172029,39,3,50,130,A01,A0101,A01010900,NA,NA01,NA010400
126441,12,돈내코 원앙폭포,제주특별자치도 서귀포시 돈내코로 137,,63582,,126.5820170154,33.3005255267,6,http://tong.visitkorea.or.kr/cms/resource/84/3589084_image2_1.jpg,http://tong.visitkorea.or.kr/cms/resource/84/3589084_image2_1.jpg,Type1,20030908090000,20251229152311,39,3,50,130,A01,A0101,A01010900,NA,NA01,NA010400
126443,12,화순금모래해수욕장,제주특별자치도 서귀포시 안덕면 화순해안로,91,63530,,126.3335149080,33.2407004292,6,http://tong.visitkorea.or.kr/cms/resource/52/3023852_image2_1.jpg,http://tong.visitkorea.or.kr/cms/resource/52/3023852_image3_1.jpg,Type3,20030925090000,20250408145432,39,3,50,130,A01,A0101,A01011200,NA,NA02,NA020900
126444,12,차귀도,제주특별자치도 제주시 한경면 고락로 200-52,,63008,,126.1485,33.3116,6,https://tong.visitkorea.or.kr/cms/resource/54/3555354_image2_1.jpg,https://tong.visitkorea.or.kr/cms/resource/54/3555354_image3_1.jpg,Type1,20030925090000,20260211092429,,,50,110,,,,NA,NA02,NA020500
126445,12,제주 토끼섬 문주란 자생지,제주특별자치도 제주시 구좌읍 문주란로,(구좌읍),63363,,126.9083420420,33.5202314920,6,http://tong.visitkorea.or.kr/cms/resource/60/3554060_image2_1.jpg,http://tong.visitkorea.or.kr/cms/resource/60/3554060_image3_1.jpg,Type1,20031121090000,20251023104559,39,4,50,110,A01,A0102,A01020100,NA,NA03,NA030200
126446,12,가파도,제주특별자치도 서귀포시 대정읍 가파로,,63514,,126.273577321075,33.1664033797004,6,https://tong.visitkorea.or.kr/cms/resource/68/3543168_image2_1.jpg,https://tong.visitkorea.or.kr/cms/resource/68/3543168_image3_1.jpg,Type1,20030909090000,20260520091024,,,50,130,,,,NA,NA02,NA020500
126447,12,신양섭지해수욕장,제주특별자치도 서귀포시 성산읍 섭지코지로 107,,63642,,126.9280674087,33.4302500880,6,http://tong.visitkorea.or.kr/cms/resource/02/3024202_image2_1.jpg,http://tong.visitkorea.or.kr/cms/resource/02/3024202_image3_1.jpg,Type3,20030707090000,20250404162623,39,3,50,130,A01,A0101,A01011200,NA,NA02,NA020900
126448,12,이호테우해변,제주특별자치도 제주시 도리로,(이호일동),63111,,126.4531570913,33.4974183784,6,http://tong.visitkorea.or.kr/cms/resource/66/3354566_image2_1.jpg,http://tong.visitkorea.or.kr/cms/resource/66/3354566_image3_1.jpg,Type3,20031222090000,20250321110021,39,4,50,110,A01,A0101,A01011200,NA,NA02,NA020900
126449,12,중문색달해수욕장,제주특별자치도 서귀포시 색달동,,63535,,126.4112108397,33.2454289066,6,http://tong.visitkorea.or.kr/cms/resource/13/3552513_image2_1.jpg,http://tong.visitkorea.or.kr/cms/resource/13/3552513_image3_1.jpg,Type1,20030925090000,20251023143000,39,3,50,130,A01,A0101,A01011200,NA,NA02,NA020900
126450,12,마라도,제주특별자치도 서귀포시 대정읍 마라로101번길 46,,63515,,126.2671011468,33.1186461893,6,http://tong.visitkorea.or.kr/cms/resource/83/3516583_image2_1.jpg,http://tong.visitkorea.or.kr/cms/resource/83/3516583_image3_1.jpg,Type1,20030925090000,20251105155906,39,3,50,130,A01,A0101,A01011300,NA,NA02,NA020500
126451,12,함덕해수욕장 (함덕 서우봉 해변),제주특별자치도 제주시 조천읍 조함해안로 519-10,,63333,,126.6683567720,33.5439000013,6,http://tong.visitkorea.or.kr/cms/resource/00/3354600_image2_1.jpg,http://tong.visitkorea.or.kr/cms/resource/00/3354600_image3_1.jpg,Type3,20030909090000,20250724163402,39,4,50,110,A01,A0101,A01011200,NA,NA02,NA020900
126452,12,만장굴 (제주도 국가지질공원),제주특별자치도 제주시 구좌읍 만장굴길 182,(구좌읍),63348,,126.770664622639,33.5280164989348,6,https://tong.visitkorea.or.kr/cms/resource/55/3354155_image2_1.jpg,https://tong.visitkorea.or.kr/cms/resource/55/3354155_image3_1.jpg,Type3,20040226090000,20260511093029,,,50,110,,,,NA,NA03,NA030100
126454,12,사라봉공원,제주특별자치도 제주시 사라봉길 75 (건입동),,63284,,126.5462013564,33.5160372422,6,http://tong.visitkorea.or.kr/cms/resource/84/3026884_image2_1.jpg,http://tong.visitkorea.or.kr/cms/resource/84/3026884_image3_1.jpg,Type3,20031111090000,20250411095648,39,4,50,110,A02,A0202,A02020700,VE,VE03,VE030100
126455,12,한림공원,제주특별자치도 제주시 한림읍 한림로 300,,63011,,126.2415557152,33.3886659647,6,http://tong.visitkorea.or.kr/cms/resource/83/3553983_image2_1.jpg,http://tong.visitkorea.or.kr/cms/resource/83/3553983_image3_1.jpg,Type1,20040226090000,20251114152818,39,4,50,110,A02,A0202,A02020700,VE,VE03,VE030100
126456,12,관음사(제주),제주특별자치도 제주시 산록북로 660,,63244,,126.5581312120,33.4237307637,6,https://tong.visitkorea.or.kr/cms/resource/84/4094984_image2_1.jpg,https://tong.visitkorea.or.kr/cms/resource/84/4094984_image3_1.jpg,Type1,20030721090000,20260803153615,,,50,110,,,,HS,HS03,HS030100
126457,12,산방굴사(제주),제주특별자치도 서귀포시 안덕면 산방로 218-12,,63528,,126.3133472902,33.2372560486,6,http://tong.visitkorea.or.kr/cms/resource/60/3384460_image2_1.jpg,http://tong.visitkorea.or.kr/cms/resource/60/3384460_image3_1.jpg,Type3,20021008090000,20251224153509,39,3,50,130,A02,A0201,A02010800,HS,HS03,HS030100
126458,12,원당사지,제주특별자치도 제주시 원당로16길 41,(삼양일동),63316,,126.5984742947,33.5290560802,6,http://tong.visitkorea.or.kr/cms/resource/19/3477919_image2_1.jpg,http://tong.visitkorea.or.kr/cms/resource/19/3477919_image3_1.jpg,Type3,20021213090000,20250424105848,39,4,50,110,A02,A0201,A02010700,HS,HS01,HS010900
126459,12,모충사,제주특별자치도 제주시 건입동,1427-13,63307,,126.5455208585,33.5161427755,6,http://tong.visitkorea.or.kr/cms/resource/24/3555224_image2_1.jpg,http://tong.visitkorea.or.kr/cms/resource/24/3555224_image3_1.jpg,Type1,20021213090000,20251024101743,39,4,50,110,A02,A0201,A02010700,HS,HS01,HS010900
126460,12,관덕정(제주),제주특별자치도 제주시 관덕로 19,,63166,,126.5219575322,33.5132642036,6,https://tong.visitkorea.or.kr/cms/resource/84/4074284_image2_1.jpg,https://tong.visitkorea.or.kr/cms/resource/84/4074284_image3_1.jpg,Type1,20021213090000,20260626172429,,,50,110,,,,HS,HS01,HS010100
126461,12,산천단곰솔,제주특별자치도 제주시 516로 3041-24,(아라일동),63244,,126.5547604989,33.4476699442,6,http://tong.visitkorea.or.kr/cms/resource/86/3384586_image2_1.jpg,http://tong.visitkorea.or.kr/cms/resource/86/3384586_image3_1.jpg,Type3,20021213090000,20250324171655,39,4,50,110,A01,A0102,A01020100,NA,NA03,NA030200
126462,12,오현단,제주특별자치도 제주시 오현길 61,(이도일동),63192,,126.5255683759,33.5102618336,6,https://tong.visitkorea.or.kr/cms/resource/59/4074259_image2_1.jpeg,https://tong.visitkorea.or.kr/cms/resource/59/4074259_image3_1.jpeg,Type1,20021216090000,20260612175410,,,50,110,,,,HS,HS01,HS010900
126463,12,연북정,제주특별자치도 제주시 조천읍 조천리,2690,63331,,126.6359680033,33.5402304438,6,http://tong.visitkorea.or.kr/cms/resource/47/3556247_image2_1.jpg,http://tong.visitkorea.or.kr/cms/resource/47/3556247_image3_1.jpg,Type1,20040226090000,20251025225801,39,4,50,110,A02,A0201,A02010700,HS,HS01,HS011200
126464,12,여미지식물원,제주특별자치도 서귀포시 중문관광로 93 (색달동),,63535,,126.4145703230215,33.25205020409702,6,https://tong.visitkorea.or.kr/cms/resource/81/3551581_image2_1.jpg,https://tong.visitkorea.or.kr/cms/resource/81/3551581_image3_1.jpg,Type1,20040224090000,20260520091116,,,50,130,,,,NA,NA04,NA040700
126465,12,혼인지,제주특별자치도 서귀포시 성산읍 혼인지로 39-14,,63633,,126.8948368625,33.4147546599,6,https://tong.visitkorea.or.kr/cms/resource/52/3543052_image2_1.jpg,https://tong.visitkorea.or.kr/cms/resource/52/3543052_image3_1.jpg,Type1,20020430090000,20260710081658,,,50,130,,,,NA,NA02,NA020400
126466,12,퍼시픽 리솜,제주특별자치도 서귀포시 중문관광로 154-17,,63535,,126.415640156538,33.244988161814,6,https://tong.visitkorea.or.kr/cms/resource/60/2587960_image2_1.bmp,https://tong.visitkorea.or.kr/cms/resource/60/2587960_image3_1.bmp,Type3,20031104090000,20260206142100,,,50,130,,,,VE,VE02,VE020100
126467,12,무수천,제주특별자치도 제주시 애월읍 무수천길,(애월읍) 일대,63060,,126.4470472947,33.4627665614,6,http://tong.visitkorea.or.kr/cms/resource/42/3384742_image2_1.jpg,http://tong.visitkorea.or.kr/cms/resource/42/3384742_image3_1.jpg,Type3,20030908090000,20250324142600,39,4,50,110,A01,A0101,A01010900,NA,NA01,NA010400
126468,12,방선문,제주특별자치도 제주시 오라이동,39-1,63147,,126.5169053039,33.4542936092,6,http://tong.visitkorea.or.kr/cms/resource/02/1802002_image2_1.jpg,http://tong.visitkorea.or.kr/cms/resource/02/1802002_image3_1.jpg,Type3,20031114090000,20251224130708,39,4,50,110,A01,A0101,A01010900,NA,NA01,NA010400
126469,12,한라산 영실,제주특별자치도 서귀포시 영실로 246,,63554,,126.4803110551,33.3402306397,6,http://tong.visitkorea.or.kr/cms/resource/15/3552115_image2_1.jpg,http://tong.visitkorea.or.kr/cms/resource/15/3552115_image3_1.jpg,Type1,20030721090000,20251023143000,39,3,50,130,A01,A0101,A01010400,NA,NA01,NA010100
126470,12,외돌개(제주),제주특별자치도 서귀포시 서흥동,791,63594,,126.5462159180,33.2402621646,6,http://tong.visitkorea.or.kr/cms/resource/75/3552175_image2_1.jpg,http://tong.visitkorea.or.kr/cms/resource/75/3552175_image3_1.jpg,Type1,20030619090000,20251023143000,39,3,50,130,A01,A0102,A01020200,NA,NA03,NA030300
126471,12,성읍민속마을,제주특별자치도 서귀포시 표선면 성읍리,3294,63624,,126.7882138165,33.3884302280,6,http://tong.visitkorea.or.kr/cms/resource/64/3551564_image2_1.jpg,http://tong.visitkorea.or.kr/cms/resource/64/3551564_image3_1.jpg,Type1,20030925090000,20251114164908,39,3,50,130,A02,A0201,A02010600,HS,HS01,HS010600
126472,12,비자림,제주특별자치도 제주시 구좌읍 비자숲길 55,,63351,,126.8074760594,33.4862219608,6,https://tong.visitkorea.or.kr/cms/resource/06/4075306_image2_1.jpg,https://tong.visitkorea.or.kr/cms/resource/06/4075306_image3_1.jpg,Type1,20040226090000,20260616133032,,,50,110,,,,NA,NA04,NA040700
126473,12,연화못(하가못),제주특별자치도 제주시 애월읍 하가로,,63036,,126.3475200185,33.4547464297,6,http://tong.visitkorea.or.kr/cms/resource/92/3396892_image2_1.jpg,http://tong.visitkorea.or.kr/cms/resource/92/3396892_image3_1.jpg,Type3,20040226090000,20250324160313,39,4,50,110,A01,A0101,A01011700,NA,NA02,NA020200
126474,12,산굼부리,제주특별자치도 제주시 조천읍 비자림로 768,,63346,,126.6928183084,33.4323127375,6,http://tong.visitkorea.or.kr/cms/resource/55/3354255_image2_1.jpg,http://tong.visitkorea.or.kr/cms/resource/55/3354255_image3_1.jpg,Type3,20040226090000,20250320150331,39,4,50,110,A01,A0101,A01010400,NA,NA01,NA010100
126665,12,서귀포잠수함,제주특별자치도 서귀포시 남성중로 40 (서홍동),,63594,,126.558636,33.239237,6,,,,20020927090000,20260330111158,,,50,130,,,,EX,EX07,EX070100
126672,12,송악산,제주특별자치도 서귀포시 대정읍 송악관광로 421-1,,63512,,126.2903,33.1989,6,https://tong.visitkorea.or.kr/cms/resource/29/3523429_image2_1.jpg,https://tong.visitkorea.or.kr/cms/resource/29/3523429_image3_1.jpg,Type3,20030424090000,20260318101005,,,50,130,,,,NA,NA01,NA010100
127046,12,김녕미로공원,제주특별자치도 제주시 구좌읍 만장굴길 122,,63348,,126.7720396084,33.5363247299,6,http://tong.visitkorea.or.kr/cms/resource/69/3556269_image2_1.jpg,http://tong.visitkorea.or.kr/cms/resource/69/3556269_image3_1.jpg,Type1,20031105090000,20251114165535,39,4,50,110,A02,A0202,A02020700,VE,VE03,VE030100
127048,12,문섬·섶섬·범섬·새섬,제주특별자치도 서귀포시 남성중로 43 (서홍동),,63594,,126.55826631161925,33.23979255217772,6,https://tong.visitkorea.or.kr/cms/resource/33/4065833_image2_1.jpg,https://tong.visitkorea.or.kr/cms/resource/33/4065833_image3_1.jpg,Type1,20030925090000,20260519162458,,,50,130,,,,NA,NA02,NA020500
127049,12,삼매봉,제주특별자치도 서귀포시 서홍동,820-2,63578,,126.5468824444,33.2439117723,6,http://tong.visitkorea.or.kr/cms/resource/76/3527376_image2_1.jpg,http://tong.visitkorea.or.kr/cms/resource/76/3527376_image3_1.jpg,Type3,20040128090000,20250827095438,39,3,50,130,A02,A0202,A02020700,VE,VE03,VE030100
127050,12,강정천,제주특별자치도 서귀포시 강정동,,63564,,126.4890000000,33.2325000000,6,https://tong.visitkorea.or.kr/cms/resource_photo/33/3392633_image2_1.jpg,https://tong.visitkorea.or.kr/cms/resource_photo/33/3392633_image3_1.jpg,Type1,20020624090000,20260619155250,,,50,130,,,,NA,NA01,NA010400
127051,12,고근산,제주특별자치도 서귀포시 서호동,1287,63574,,126.5139125656,33.2668281661,6,http://tong.visitkorea.or.kr/cms/resource/54/3477254_image2_1.jpg,http://tong.visitkorea.or.kr/cms/resource/54/3477254_image2_1.jpg,Type3,20030509090000,20250508163147,39,3,50,130,A01,A0101,A01010400,NA,NA01,NA010100
127052,12,엉또폭포,제주특별자치도 서귀포시 엉또로 104 (강정동),,63556,,126.4984055673,33.2672723157,6,http://tong.visitkorea.or.kr/cms/resource/58/3536058_image2_1.jpg,http://tong.visitkorea.or.kr/cms/resource/58/3536058_image3_1.jpg,Type1,20030908090000,20250915113317,39,3,50,130,A01,A0101,A01010800,NA,NA01,NA010300
127053,12,대포주상절리,제주특별자치도 서귀포시 이어도로 36-24 (중문동),,63547,,126.4264985478,33.2389326421,6,http://tong.visitkorea.or.kr/cms/resource/61/3535261_image2_1.jpg,http://tong.visitkorea.or.kr/cms/resource/61/3535261_image3_1.jpg,Type1,20030723090000,20250912091731,39,3,50,130,A01,A0101,A01011100,NA,NA02,NA020800
127055,12,사라봉(모충사) 의병항쟁기념탑,제주특별자치도 제주시 사라봉길 75,,63284,,126.5470457247,33.5161733522,6,http://tong.visitkorea.or.kr/cms/resource/89/3400689_image2_1.jpg,http://tong.visitkorea.or.kr/cms/resource/89/3400689_image3_1.jpg,Type3,20031121090000,20250324104037,39,4,50,110,A02,A0205,A02050200,HS,HS02,HS020100
127202,12,어승생,제주특별자치도 제주시 해안동,산220-12 (일대),63077,,126.5067521811,33.3856593715,6,http://tong.visitkorea.or.kr/cms/resource/72/3555172_image2_1.jpg,http://tong.visitkorea.or.kr/cms/resource/72/3555172_image3_1.jpg,Type1,20031114090000,20251024095332,39,4,50,110,A01,A0101,A01010400,NA,NA01,NA010100
127283,12,이중섭 거주지,제주특별자치도 서귀포시 이중섭로 29,(서귀동),63595,,126.5644169991,33.2455757555,6,http://tong.visitkorea.or.kr/cms/resource/75/3401275_image2_1.jpg,http://tong.visitkorea.or.kr/cms/resource/75/3401275_image3_1.jpg,Type3,20031121090000,20251126182733,39,3,50,130,A02,A0201,A02010700,HS,HS01,HS011200
127310,12,금산공원(납읍난대림지대),제주특별자치도 제주시 애월읍 납읍리,,63035,,126.330699357454,33.4338648460439,6,https://tong.visitkorea.or.kr/cms/resource/69/3396869_image2_1.jpg,https://tong.visitkorea.or.kr/cms/resource/69/3396869_image3_1.jpg,Type3,20030410090000,20260305101935,,,50,110,,,,NA,NA04,NA040500
127336,12,우도,제주특별자치도 제주시 삼양고수물길 1,,63365,,126.9510300250,33.5195017100,6,http://tong.visitkorea.or.kr/cms/resource/71/3554771_image2_1.jpg,http://tong.visitkorea.or.kr/cms/resource/71/3554771_image3_1.jpg,Type1,20031121090000,20251023161353,39,4,50,110,A01,A0101,A01011300,NA,NA02,NA020500
127363,12,우도잠수함,제주특별자치도 서귀포시 성산읍 성산등용로 112-7,,63643,,126.93452013491,33.4728533627449,6,,,,20030619090000,20260206162858,,,50,130,,,,EX,EX07,EX070100
127479,12,제주절물자연휴양림,제주특별자치도 제주시 명림로 584,,63313,,126.6252156649,33.4400774642,6,,,,20031028090000,20251205152615,39,4,50,110,A01,A0101,A01010600,NA,NA04,NA040600
127490,12,협재해수욕장,제주특별자치도 제주시 한림읍 한림로 329-10,,63011,,126.2394418960,33.3937764770,6,http://tong.visitkorea.or.kr/cms/resource/66/3096066_image2_1.jpg,http://tong.visitkorea.or.kr/cms/resource/66/3096066_image3_1.jpg,Type1,20030925090000,20251023143000,39,4,50,110,A01,A0101,A01011200,NA,NA02,NA020900
127492,12,중문관광단지,제주특별자치도 서귀포시 색달동,,63535,,126.4125,33.2487,6,https://tong.visitkorea.or.kr/cms/resource/97/3527897_image2_1.jpg,https://tong.visitkorea.or.kr/cms/resource/97/3527897_image3_1.jpg,Type3,20031107090000,20260318101005,,,50,130,,,,VE,VE05,VE050100
127514,12,한라수목원,제주특별자치도 제주시 수목원길 72,(연동),63143,,126.4921487719,33.4697692812,6,http://tong.visitkorea.or.kr/cms/resource/91/3541991_image2_1.jpg,http://tong.visitkorea.or.kr/cms/resource/91/3541991_image3_1.jpg,Type1,20040224090000,20251121161200,39,4,50,110,A01,A0101,A01010700,NA,NA04,NA040700
127520,12,서귀포 김정희 유배지,제주특별자치도 서귀포시 대정읍 추사로 44,,63517,,126.278322243599,33.2499354176354,6,https://tong.visitkorea.or.kr/cms/resource/00/3552000_image2_1.jpg,https://tong.visitkorea.or.kr/cms/resource/00/3552000_image3_1.jpg,Type1,20030627090000,20260312090840,,,50,130,,,,HS,HS01,HS010400
127529,12,비양도,제주특별자치도 제주시 한림읍 협재리,,63011,,126.2257094042,33.4096328399,6,http://tong.visitkorea.or.kr/cms/resource/98/3556298_image2_1.jpg,http://tong.visitkorea.or.kr/cms/resource/98/3556298_image3_1.jpg,Type1,20030909090000,20251127180850,39,4,50,110,A01,A0101,A01011300,NA,NA02,NA020500
127635,12,한라산,제주특별자치도 서귀포시 토평동,산15-1,63580,,126.5300000000,33.3618000000,6,https://tong.visitkorea.or.kr/cms/resource_photo/41/3460441_image2_1.jpg,https://tong.visitkorea.or.kr/cms/resource_photo/41/3460441_image3_1.jpg,Type1,20030929090000,20260619093209,,,50,130,,,,NA,NA01,NA010100
127743,12,제주향교,제주특별자치도 제주시 서문로 43,,63153,,126.5158220408,33.5111282430,6,https://tong.visitkorea.or.kr/cms/resource/43/4072143_image2_1.jpeg,https://tong.visitkorea.or.kr/cms/resource/43/4072143_image3_1.jpeg,Type1,20021218090000,20260610083438,,,50,110,,,,HS,HS01,HS010900
127744,12,제주 삼성혈,제주특별자치도 제주시 삼성로 22,(이도일동),63197,,126.528945979249,33.5041459335279,6,https://tong.visitkorea.or.kr/cms/resource/44/3555444_image2_1.jpg,https://tong.visitkorea.or.kr/cms/resource/44/3555444_image3_1.jpg,Type1,20031121090000,20260323100748,,,50,110,,,,HS,HS01,HS011200
127745,12,용연,제주특별자치도 제주시 흥운길 73 (용담이동),,63152,,126.5139125156,33.5152118184,6,http://tong.visitkorea.or.kr/cms/resource/11/3555211_image2_1.jpg,http://tong.visitkorea.or.kr/cms/resource/11/3555211_image3_1.jpg,Type1,20031121090000,20251024101046,39,4,50,110,A01,A0101,A01010900,NA,NA01,NA010400
127813,12,섭지코지,제주특별자치도 서귀포시 성산읍 섭지코지로 107,,63642,,126.9280674087,33.4302500880,6,,,,20030827090000,20251211143532,39,3,50,130,A01,A0101,A01011100,NA,NA02,NA020800
127857,12,일출랜드,제주특별자치도 서귀포시 성산읍 중산간동로 4150-30,,63635,,126.8428064761,33.3811208022,6,http://tong.visitkorea.or.kr/cms/resource/11/3515611_image2_1.jpg,http://tong.visitkorea.or.kr/cms/resource/11/3515611_image3_1.jpg,Type3,20030701090000,20251212094103,39,3,50,130,A02,A0202,A02020700,VE,VE03,VE030500
127860,12,금능석물원,제주특별자치도 제주시 한림읍 한림로 176,,63010,,126.2267487402,33.3854910837,6,http://tong.visitkorea.or.kr/cms/resource/73/3053373_image2_1.jpg,http://tong.visitkorea.or.kr/cms/resource/73/3053373_image3_1.jpg,Type3,20040220090000,20250523100115,39,4,50,110,A01,A0101,A01010700,NA,NA04,NA040700
127861,12,제주 서귀포 산방산,제주특별자치도 서귀포시 안덕면 사계리,산16,63528,,126.3140110065,33.2424277101,6,http://tong.visitkorea.or.kr/cms/resource/61/3536261_image2_1.jpg,http://tong.visitkorea.or.kr/cms/resource/61/3536261_image3_1.jpg,Type1,20030627090000,20250912163456,39,3,50,130,A01,A0101,A01010400,NA,NA01,NA010100
127862,12,약천사(제주),제주특별자치도 서귀포시 이어도로 293-28 (대포동),,63543,,126.449555,33.246208,6,https://tong.visitkorea.or.kr/cms/resource/17/3034717_image2_1.jpg,https://tong.visitkorea.or.kr/cms/resource/17/3034717_image3_1.jpg,Type3,20031121090000,20260522155124,,,50,130,,,,HS,HS03,HS030100
127863,12,추자도,제주특별자치도 제주시 추자면,,63001,,126.3076233112,33.9518128033,6,http://tong.visitkorea.or.kr/cms/resource/00/3539200_image2_1.jpg,http://tong.visitkorea.or.kr/cms/resource/00/3539200_image3_1.jpg,Type3,20031021090000,20250917200847,39,4,50,110,A01,A0101,A01011300,NA,NA02,NA020500
127870,12,곽지해수욕장,제주특별자치도 제주시 애월읍 곽지리 1565,,63034,,126.3031045774,33.4485353054,6,http://tong.visitkorea.or.kr/cms/resource/30/3053130_image2_1.jpg,http://tong.visitkorea.or.kr/cms/resource/30/3053130_image3_1.jpg,Type3,20031020090000,20250731131253,39,4,50,110,A01,A0101,A01011200,NA,NA02,NA020900
127909,12,명월대,제주특별자치도 제주시 한림읍 명월리,,63014,,126.2662091182,33.3890302004,6,http://tong.visitkorea.or.kr/cms/resource/63/3477863_image2_1.jpg,http://tong.visitkorea.or.kr/cms/resource/63/3477863_image3_1.jpg,Type3,20030915090000,20250521172813,39,4,50,110,A02,A0201,A02010700,HS,HS01,HS011200
128049,12,제주 센트럴파크,제주특별자치도 제주시 조천읍 비자림로 606,,63346,,126.6745670935,33.4332262333,6,http://tong.visitkorea.or.kr/cms/resource/45/3034545_image2_1.jpg,http://tong.visitkorea.or.kr/cms/resource/45/3034545_image3_1.jpg,Type3,20040227090000,20250404111251,39,4,50,110,A02,A0202,A02020600,VE,VE02,VE020100
128050,12,제주 항파두리 항몽 유적,제주특별자치도 제주시 애월읍 항파두리로 50,,63057,,126.408949991063,33.4523056089357,6,https://tong.visitkorea.or.kr/cms/resource/27/4033427_image2_1.jpg,https://tong.visitkorea.or.kr/cms/resource/27/4033427_image3_1.jpg,Type3,20040227090000,20260309093631,,,50,110,,,,HS,HS01,HS011200
128150,12,서광차밭,제주특별자치도 서귀포시 안덕면 신화역사로 15,(오설록티뮤지엄),63521,,126.2893811780,33.3059564173,6,http://tong.visitkorea.or.kr/cms/resource/41/3024741_image2_1.jpg,http://tong.visitkorea.or.kr/cms/resource/41/3024741_image3_1.jpg,Type3,20040524090000,20250414112341,39,3,50,130,A02,A0204,A02040800,EX,EX06,EX061000
128154,12,성산포유람선,제주특별자치도 서귀포시 성산읍 성산등용로 130-21,,63643,,126.9345186424,33.4729843609,6,http://tong.visitkorea.or.kr/cms/resource/16/3396216_image2_1.jpg,http://tong.visitkorea.or.kr/cms/resource/16/3396216_image3_1.jpg,Type3,20040531090000,20251127181003,39,3,50,130,A02,A0202,A02020800,EX,EX07,EX070100
128175,12,서귀포자연휴양림,제주특별자치도 서귀포시 1100로 882,,63554,,126.4630826543,33.3108197268,6,http://tong.visitkorea.or.kr/cms/resource/27/3023727_image2_1.jpg,http://tong.visitkorea.or.kr/cms/resource/27/3023727_image3_1.jpg,Type3,20040625090000,20250404112459,39,3,50,130,A01,A0101,A01010600,NA,NA04,NA040600
128326,12,신풍리체험휴양마을,제주특별자치도 서귀포시 성산읍 신풍하동로 39,,63636,,126.8405571105,33.3619201078,6,http://tong.visitkorea.or.kr/cms/resource/30/3401530_image2_1.jpg,http://tong.visitkorea.or.kr/cms/resource/30/3401530_image3_1.jpg,Type3,20050311090000,20251127093940,39,3,50,130,A02,A0203,A02030100,EX,EX03,EX030100
128330,12,위미1리어촌체험마을,제주특별자치도 서귀포시 남원읍 위미해안로 43,,63611,,126.6587526977,33.2710355577,6,http://tong.visitkorea.or.kr/cms/resource/18/3400618_image2_1.jpg,http://tong.visitkorea.or.kr/cms/resource/18/3400618_image3_1.jpg,Type3,20050311090000,20251127095106,39,3,50,130,A02,A0203,A02030100,EX,EX03,EX030400
128345,12,제주허브동산,제주특별자치도 서귀포시 표선면 돈오름로 170,,63628,,126.8155933234,33.3304565115,6,http://tong.visitkorea.or.kr/cms/resource/86/3551486_image2_1.jpg,http://tong.visitkorea.or.kr/cms/resource/86/3551486_image3_1.jpg,Type1,20070913090000,20251128150411,39,3,50,130,A02,A0204,A02040800,EX,EX06,EX061000
128443,12,교래 삼다수마을,제주특별자치도 제주시 조천읍 교래3길 98,,63346,,126.6746449016,33.4315819724,6,http://tong.visitkorea.or.kr/cms/resource/18/3586318_image2_1.jpg,http://tong.visitkorea.or.kr/cms/resource/18/3586318_image3_1.jpg,Type1,20050428090000,20251222175834,39,4,50,110,A02,A0203,A02030100,EX,EX03,EX030100
128444,12,낙천아홉굿마을,제주특별자치도 제주시 한경면 낙수로 97,,63004,,126.2264222730,33.3278474553,6,http://tong.visitkorea.or.kr/cms/resource/76/3553876_image2_1.jpg,http://tong.visitkorea.or.kr/cms/resource/76/3553876_image3_1.jpg,Type1,20050428090000,20251023093534,39,4,50,110,A02,A0203,A02030100,EX,EX03,EX030100
128555,12,제주 산방산탄산온천,제주특별자치도 서귀포시 안덕면 사계북로41번길 192,,63528,,126.298837026576,33.2489330795627,6,https://tong.visitkorea.or.kr/cms/resource/24/3569424_image2_1.jpg,https://tong.visitkorea.or.kr/cms/resource/24/3569424_image3_1.jpg,Type3,20050629090000,20260522160203,,,50,130,,,,EX,EX05,EX050100
128556,12,제주러브랜드,제주특별자치도 제주시 1100로 2894-72,(연동),63079,,126.488378718063,33.4520763477468,8,https://tong.visitkorea.or.kr/cms/resource/84/3556284_image2_1.jpg,https://tong.visitkorea.or.kr/cms/resource/84/3556284_image3_1.jpg,Type1,20050630090000,20260123133549,,,50,110,,,,VE,VE02,VE020100
128640,12,알뜨르비행장 및 일본군 비행기 격납고,제주특별자치도 서귀포시 대정읍 상모리,,63513,,126.2785000000,33.2091000000,6,https://tong.visitkorea.or.kr/cms/resource/62/3024362_image2_1.jpg,https://tong.visitkorea.or.kr/cms/resource/62/3024362_image3_1.jpg,Type3,20051108090000,20260730094938,,,50,130,,,,HS,HS01,HS011100
128641,12,제주목 관아,제주특별자치도 제주시 관덕로 25,,63166,,126.5220519585,33.5136724909,6,https://tong.visitkorea.or.kr/cms/resource/65/4074265_image2_1.jpg,https://tong.visitkorea.or.kr/cms/resource/65/4074265_image3_1.jpg,Type1,20051109090000,20260629103431,,,50,110,,,,HS,HS01,HS010100
128665,12,워터월드 제주,제주특별자치도 서귀포시 월드컵로 33 (법환동),,63572,,126.50681699336153,33.24648032376472,6,https://tong.visitkorea.or.kr/cms/resource/50/3480450_image2_1.jpg,https://tong.visitkorea.or.kr/cms/resource/50/3480450_image3_1.jpg,Type3,20051116090000,20260305164536,,,50,130,,,,VE,VE02,VE020100
128777,12,돌하르방미술관,제주특별자치도 제주시 조천읍 북촌서1길 70,,63339,,126.6896605755,33.5396035971,6,http://tong.visitkorea.or.kr/cms/resource/99/3077599_image2_1.jpg,http://tong.visitkorea.or.kr/cms/resource/99/3077599_image3_1.jpg,Type3,20060203090000,20251027163630,39,4,50,110,A02,A0202,A02020700,VE,VE03,VE030100
128793,12,형제섬,제주특별자치도 서귀포시 안덕면 사계리,산44,"699-822,2",,126.3092288523,33.2080147675,6,http://tong.visitkorea.or.kr/cms/resource/89/3526989_image2_1.jpg,http://tong.visitkorea.or.kr/cms/resource/89/3526989_image3_1.jpg,Type3,20060220090000,20250826150535,39,3,50,130,A01,A0101,A01011300,NA,NA02,NA020500
128794,12,표선해수욕장,제주특별자치도 서귀포시 표선면 민속해안로 592,,63629,,126.8424244429,33.3256630271,6,http://tong.visitkorea.or.kr/cms/resource/01/3034601_image2_1.jpg,http://tong.visitkorea.or.kr/cms/resource/01/3034601_image3_1.jpg,Type3,20060220090000,20250409092420,39,3,50,130,A01,A0101,A01011200,NA,NA02,NA020900
128795,12,남원 큰엉해안,제주특별자치도 서귀포시 남원읍 태위로 522-17,,63620,,126.7037237502,33.2733776834,6,http://tong.visitkorea.or.kr/cms/resource/25/3550525_image2_1.jpg,http://tong.visitkorea.or.kr/cms/resource/25/3550525_image3_1.jpg,Type1,20060221090000,20251023143000,39,3,50,130,A01,A0101,A01011100,NA,NA02,NA020800
128796,12,별방진,제주특별자치도 제주시 구좌읍 하도리 3354,(구좌읍),63359,,126.8843912035,33.5262082208,6,http://tong.visitkorea.or.kr/cms/resource/06/3100106_image2_1.jpg,http://tong.visitkorea.or.kr/cms/resource/06/3100106_image3_1.jpg,Type1,20060221090000,20251023143000,39,4,50,110,A02,A0201,A02010200,HS,HS01,HS010200
128802,12,마라도가는여객선,제주특별자치도 서귀포시 대정읍 송악관광로 424,,63513,,126.2905198260,33.2073983777,6,https://tong.visitkorea.or.kr/cms/resource/82/3405582_image2_1.jpg,https://tong.visitkorea.or.kr/cms/resource/82/3405582_image3_1.jpg,Type3,20060222090000,20260807101021,,,50,130,,,,EX,EX07,EX070100
128838,12,서귀포유람선,제주특별자치도 서귀포시 남성중로 40,(서홍동),63594,,126.5584621032,33.2391930320,9,http://tong.visitkorea.or.kr/cms/resource/39/3551839_image2_1.jpg,http://tong.visitkorea.or.kr/cms/resource/39/3551839_image3_1.jpg,Type1,20060320090000,20251023143000,39,3,50,130,A02,A0202,A02020800,EX,EX07,EX070100
129071,12,오조마을,제주특별자치도 서귀포시 성산읍 오조로 85,(성산읍),63639,,126.9229030466,33.4701955919,6,http://tong.visitkorea.or.kr/cms/resource/40/3477340_image2_1.jpg,http://tong.visitkorea.or.kr/cms/resource/40/3477340_image3_1.jpg,Type3,20060627090000,20250404113028,39,3,50,130,A02,A0203,A02030100,VE,VE04,VE040200
129072,12,신양마을,제주특별자치도 서귀포시 성산읍 신양로 13,,63641,,126.917515,33.438517,6,https://tong.visitkorea.or.kr/cms/resource/49/4068849_image2_1.jpg,https://tong.visitkorea.or.kr/cms/resource/49/4068849_image3_1.jpg,Type1,20060627090000,20260528154123,,,50,130,,,,VE,VE04,VE040200
129073,12,구엄어촌체험마을,제주특별자치도 제주시 애월읍 애월해안로 713,,63049,,126.3772556628,33.4839964391,6,http://tong.visitkorea.or.kr/cms/resource/79/3384779_image2_1.jpg,http://tong.visitkorea.or.kr/cms/resource/79/3384779_image3_1.jpg,Type3,20060627090000,20250324151729,39,4,50,110,A02,A0203,A02030100,EX,EX03,EX030400
129074,12,우도마을,제주특별자치도 제주시 우도면 우도비양길 119,,63365,,126.96480936059389,33.51192218763324,6,https://tong.visitkorea.or.kr/cms/resource/50/3411150_image2_1.jpg,https://tong.visitkorea.or.kr/cms/resource/50/3411150_image3_1.jpg,Type3,20060627090000,20260305100854,,,50,110,,,,VE,VE04,VE040200
129076,12,보목마을,제주특별자치도 서귀포시 보목포로 46 (보목동),,63599,,126.6067615686,33.2392180254,6,https://tong.visitkorea.or.kr/cms/resource/82/4073982_image2_1.jpg,https://tong.visitkorea.or.kr/cms/resource/82/4073982_image3_1.jpg,Type1,20060627090000,20260611162707,,,50,130,,,,VE,VE04,VE040200
129145,12,마라도 등대,"제주특별자치도 서귀포시 대정읍 마라로 (165, 마라도항로표지관리소)",,63515,,126.2692287758,33.1170102919,6,http://tong.visitkorea.or.kr/cms/resource/90/3400790_image2_1.jpg,http://tong.visitkorea.or.kr/cms/resource/90/3400790_image3_1.jpg,Type3,20060713090000,20251224133705,39,3,50,130,A01,A0101,A01011600,VE,VE01,VE010800
129146,12,추자도 등대,제주특별자치도 제주시 추자면 영흥리,,63000,,126.2964103208,33.9554316656,6,http://tong.visitkorea.or.kr/cms/resource/97/3528997_image2_1.jpg,http://tong.visitkorea.or.kr/cms/resource/97/3528997_image3_1.jpg,Type3,20060713090000,20250829091721,39,4,50,110,A01,A0101,A01011600,VE,VE01,VE010800
129147,12,우도 등대,제주특별자치도 제주시 우도면 우도봉길 105,(우도면) 부근,63365,,126.9665931996,33.4920855483,6,http://tong.visitkorea.or.kr/cms/resource/35/3554035_image2_1.jpg,http://tong.visitkorea.or.kr/cms/resource/35/3554035_image3_1.jpg,Type1,20060714090000,20251023103628,39,4,50,110,A01,A0101,A01011600,VE,VE01,VE010800
129148,12,산지 등대,제주특별자치도 제주시 사라봉동길 108-1,(건입동),63284,,126.5456624039,33.5209144715,6,http://tong.visitkorea.or.kr/cms/resource/39/3384639_image2_1.jpg,http://tong.visitkorea.or.kr/cms/resource/39/3384639_image3_1.jpg,Type3,20060714090000,20250324110535,39,4,50,110,A01,A0101,A01011600,VE,VE01,VE010800
129276,12,숨도,제주특별자치도 서귀포시 일주동로 8941,(호근동),63571,,126.536006645318,33.2502894592759,6,https://tong.visitkorea.or.kr/cms/resource/99/4007099_image2_1.jpg,https://tong.visitkorea.or.kr/cms/resource/99/4007099_image3_1.jpg,Type3,20070907090000,20260126181516,,,50,130,,,,NA,NA04,NA040700
129326,12,서귀포 예래생태마을,제주특별자치도 서귀포시 예래로 82 (상예동),,63537,,126.39786991057,33.2542809792679,6,https://tong.visitkorea.or.kr/cms/resource/50/4039350_image2_1.jpg,https://tong.visitkorea.or.kr/cms/resource/50/4039350_image3_1.jpg,Type3,20061106090000,20260311100340,,,50,130,,,,EX,EX03,EX030100
129327,12,서귀포 용왕난드르마을,제주특별자치도 서귀포시 안덕면 대평감산로 8,,63533,,126.3670621143,33.2354376484,6,http://tong.visitkorea.or.kr/cms/resource/62/3401762_image2_1.jpg,http://tong.visitkorea.or.kr/cms/resource/62/3401762_image3_1.jpg,Type3,20061107090000,20251203111319,39,3,50,130,A02,A0203,A02030100,EX,EX03,EX030100
129381,12,서귀포 알토산마을,제주특별자치도 서귀포시 표선면 토산중앙로16번길 1,,63626,,126.7803857597,33.3085528077,6,http://tong.visitkorea.or.kr/cms/resource/70/3477470_image2_1.jpg,http://tong.visitkorea.or.kr/cms/resource/70/3477470_image3_1.jpg,Type3,20061114090000,20250424113815,39,3,50,130,A02,A0203,A02030100,EX,EX03,EX030100
129384,12,제주성지,제주특별자치도 제주시 오현길 61,(이도일동),63192,,126.5255810579,33.5102931048,6,http://tong.visitkorea.or.kr/cms/resource/91/3556191_image2_1.jpg,http://tong.visitkorea.or.kr/cms/resource/91/3556191_image3_1.jpg,Type1,20061114090000,20251024235500,39,4,50,110,A02,A0201,A02010200,HS,HS01,HS010200
129395,12,천지연 걸매생태공원,제주특별자치도 서귀포시 서홍로 4-42,,63594,,126.5551177065,33.2499640127,6,http://tong.visitkorea.or.kr/cms/resource/02/3391902_image2_1.jpg,http://tong.visitkorea.or.kr/cms/resource/02/3391902_image3_1.jpg,Type3,20061120090000,20251224140127,39,3,50,130,A01,A0101,A01010500,NA,NA04,NA040500
129400,12,김녕해수욕장,제주특별자치도 제주시 구좌읍 구좌해안로 237,,63348,,126.7365512139,33.5572081368,6,https://tong.visitkorea.or.kr/cms/resource/91/3480191_image2_1.jpg,https://tong.visitkorea.or.kr/cms/resource/91/3480191_image3_1.jpg,Type1,20061121090000,20260610083438,,,50,110,,,,NA,NA02,NA020900
129401,12,삼양해수욕장,제주특별자치도 제주시 삼양이동,,63314,,126.5852560795,33.5255284819,6,http://tong.visitkorea.or.kr/cms/resource/20/3039520_image2_1.jpeg,http://tong.visitkorea.or.kr/cms/resource/20/3039520_image3_1.jpeg,Type3,20061122090000,20250417094143,39,4,50,110,A01,A0101,A01011200,NA,NA02,NA020900
129402,12,방사탑(제주),제주특별자치도 제주시 조천읍 신흥로1길 25,,63332,,126.6505304610,33.5474965400,6,http://tong.visitkorea.or.kr/cms/resource/40/3384840_image2_1.jpg,http://tong.visitkorea.or.kr/cms/resource/40/3384840_image3_1.jpg,Type3,20061122090000,20250324142006,39,4,50,110,A02,A0205,A02050200,HS,HS02,HS020100
129403,12,복신미륵,제주특별자치도 제주시 동한두기길 7-6 (용담일동),,63153,,126.5154401529,33.5155645816,6,http://tong.visitkorea.or.kr/cms/resource/42/3555142_image2_1.jpg,http://tong.visitkorea.or.kr/cms/resource/42/3555142_image3_1.jpg,Type1,20061122090000,20251024092903,39,4,50,110,A02,A0201,A02010700,HS,HS02,HS020300
129405,12,소정방폭포,제주특별자치도 서귀포시 칠십리로214번길 17-17 (동홍동),,63599,,126.5769659202,33.2452065509,6,http://tong.visitkorea.or.kr/cms/resource/77/3384477_image2_1.jpg,http://tong.visitkorea.or.kr/cms/resource/77/3384477_image3_1.jpg,Type3,20061204090000,20251224152459,39,3,50,130,A01,A0101,A01010800,NA,NA01,NA010300
129455,12,제주 삼양동 유적,제주특별자치도 제주시 선사로2길 13,,63318,,126.5877975763,33.5232982139,6,http://tong.visitkorea.or.kr/cms/resource/04/3555204_image2_1.jpg,http://tong.visitkorea.or.kr/cms/resource/04/3555204_image3_1.jpg,Type1,20070307090000,20251024100137,39,4,50,110,A02,A0201,A02010700,HS,HS01,HS011200
129617,12,쇠소깍,제주특별자치도 서귀포시 쇠소깍로 104 (하효동),,63600,,126.6224173342,33.2542757170,6,http://tong.visitkorea.or.kr/cms/resource/99/3536099_image2_1.jpg,http://tong.visitkorea.or.kr/cms/resource/99/3536099_image3_1.jpg,Type1,20070713090000,20250915113635,39,3,50,130,A01,A0101,A01010900,NA,NA01,NA010400
129619,12,협재동굴,제주특별자치도 제주시 한림읍 한림로 300,(한림읍),63011,,126.238139554648,33.3882575818729,6,https://tong.visitkorea.or.kr/cms/resource/97/3053797_image2_1.jpg,https://tong.visitkorea.or.kr/cms/resource/97/3053797_image3_1.jpg,Type3,20070713090000,20260312154622,,,50,110,,,,NA,NA03,NA030100
129620,12,쌍용굴(한림공원),제주특별자치도 제주시 한림읍 한림로 300,,63011,,126.241825331312,33.3878715738572,6,https://tong.visitkorea.or.kr/cms/resource/47/3481247_image2_1.jpg,https://tong.visitkorea.or.kr/cms/resource/47/3481247_image3_1.jpg,Type3,20070713090000,20260309093631,,,50,110,,,,NA,NA03,NA030100
129699,12,금오름,제주특별자치도 제주시 한림읍 금악리,산1-1,63021,,126.3059091921,33.3555289743,6,http://tong.visitkorea.or.kr/cms/resource/35/3352435_image2_1.jpg,http://tong.visitkorea.or.kr/cms/resource/35/3352435_image3_1.jpg,Type1,20070903090000,20251023143000,39,4,50,110,A01,A0101,A01010400,NA,NA01,NA010100
129767,14,서귀포시립기당미술관,제주특별자치도 서귀포시 남성중로153번길 15,,63594,,126.5512403807,33.2447978549,6,http://tong.visitkorea.or.kr/cms/resource/41/3548141_image2_1.jpg,http://tong.visitkorea.or.kr/cms/resource/41/3548141_image3_1.jpg,Type1,20060802090000,20251023143000,39,3,50,130,A02,A0206,A02060500,VE,VE07,VE070600
129894,14,제주특별자치도 민속자연사박물관,제주특별자치도 제주시 삼성로 40,,63270,,126.5313373721,33.5063901549,6,https://tong.visitkorea.or.kr/cms/resource/80/4084080_image2_1.jpg,https://tong.visitkorea.or.kr/cms/resource/80/4084080_image3_1.jpg,Type3,20060619090000,20260708150143,,,50,110,,,,VE,VE07,VE070100
129895,14,제주 탑동해변공연장,제주특별자치도 제주시 중앙로 2,,63165,,126.5243032176,33.5179061303,6,http://tong.visitkorea.or.kr/cms/resource/44/3411244_image2_1.jpg,http://tong.visitkorea.or.kr/cms/resource/44/3411244_image3_1.jpg,Type3,20071106103436,20251126095749,39,4,50,110,A02,A0206,A02060600,VE,VE06,VE060100
130036,14,제주문화원,제주특별자치도 제주시 중앙로 2,해변공연장 2층,63165,,126.524290543023,33.5178748150031,6,https://tong.visitkorea.or.kr/cms/resource/12/3385212_image2_1.jpg,https://tong.visitkorea.or.kr/cms/resource/12/3385212_image3_1.jpg,Type3,20071106103927,20260330153037,,,50,110,,,,VE,VE09,VE090100
130088,14,제주교육박물관,제주특별자치도 제주시 오복4길 25,(이도이동),63224,,126.537912029652,33.4946138543236,6,https://tong.visitkorea.or.kr/cms/resource/05/3553205_image2_1.jpg,https://tong.visitkorea.or.kr/cms/resource/05/3553205_image3_1.jpg,Type1,20071106104144,20260309093631,,,50,110,,,,VE,VE07,VE070100
130141,14,한국야구명예전당,제주특별자치도 서귀포시 중산간서로 97-1,(강정동),63558,,126.4984223827,33.2605730556,6,http://tong.visitkorea.or.kr/cms/resource/79/3077579_image2_1.jpg,http://tong.visitkorea.or.kr/cms/resource/79/3077579_image3_1.jpg,Type3,20071106104403,20250520165059,39,3,50,130,A02,A0206,A02060300,VE,VE07,VE070300
130180,14,아프리카 박물관,제주특별자치도 서귀포시 이어도로 49,(대포동),63544,,126.4290955229,33.2398992429,6,http://tong.visitkorea.or.kr/cms/resource/15/3548215_image2_1.jpg,http://tong.visitkorea.or.kr/cms/resource/15/3548215_image3_1.jpg,Type1,20071106104547,20251114142812,39,3,50,130,A02,A0206,A02060100,VE,VE07,VE070100
130193,14,서귀포문화원,제주특별자치도 서귀포시 동홍로 30 (동홍동),서귀포 시민문화체육복합센터 1F,63589,,126.5688303839,33.2509974498,6,http://tong.visitkorea.or.kr/cms/resource/24/3548124_image2_1.jpg,http://tong.visitkorea.or.kr/cms/resource/24/3548124_image3_1.jpg,Type1,20071106104630,20251023143000,39,3,50,130,A02,A0206,A02060700,VE,VE09,VE090100
130308,14,제주항일기념관,제주특별자치도 제주시 조천읍 신북로 303,,63331,,126.6407703457,33.5410109898,6,http://tong.visitkorea.or.kr/cms/resource/29/3333429_image2_1.jpg,http://tong.visitkorea.or.kr/cms/resource/29/3333429_image3_1.jpg,Type3,20071108071548,20250320132734,39,4,50,110,A02,A0206,A02060200,VE,VE07,VE070200
130317,14,테디베어뮤지엄 제주,제주특별자치도 서귀포시 중문관광로110번길 31,(색달동),63535,,126.412146,33.25002,6,https://tong.visitkorea.or.kr/cms/resource/67/3548667_image2_1.jpg,https://tong.visitkorea.or.kr/cms/resource/67/3548667_image3_1.jpg,Type1,20071106105206,20260420092738,,,50,130,,,,VE,VE07,VE070100
130363,14,초콜릿 박물관,제주특별자치도 서귀포시 대정읍 일주서로3000번길 144,,63504,,126.230012687173,33.2569921707361,6,https://tong.visitkorea.or.kr/cms/resource/28/3548628_image2_1.jpg,https://tong.visitkorea.or.kr/cms/resource/28/3548628_image3_1.jpg,Type1,20071106105421,20260123133549,,,50,130,,,,VE,VE07,VE070100
130461,14,국립제주박물관,제주특별자치도 제주시 일주동로 17 (건입동),,63284,,126.54886,33.513375,6,https://tong.visitkorea.or.kr/cms/resource/63/3562163_image2_1.jpg,https://tong.visitkorea.or.kr/cms/resource/63/3562163_image3_1.jpg,Type1,20071106105902,20260331093553,,,50,110,,,,VE,VE07,VE070100
130474,14,제주민속촌,제주특별자치도 서귀포시 표선면 민속해안로 631-34,,63629,,126.8431022619,33.3213162956,6,http://tong.visitkorea.or.kr/cms/resource/43/3534943_image2_1.jpg,http://tong.visitkorea.or.kr/cms/resource/43/3534943_image3_1.jpg,Type1,20071106105947,20251215094855,39,3,50,130,A02,A0206,A02060100,VE,VE07,VE070100
130494,14,이중섭 미술관,제주특별자치도 서귀포시 이중섭로 33 (서귀동),,63595,,126.56447048522864,33.245159269694526,6,https://tong.visitkorea.or.kr/cms/resource/93/3533493_image2_1.jpg,https://tong.visitkorea.or.kr/cms/resource/93/3533493_image3_1.jpg,Type1,20040330090000,20260305173102,,,50,130,,,,VE,VE07,VE070200
130512,14,제주아트서커스,제주특별자치도 서귀포시 안덕면 동광로 214,,63524,,126.344922945991,33.3143650897646,6,https://tong.visitkorea.or.kr/cms/resource/62/3034562_image2_1.jpg,https://tong.visitkorea.or.kr/cms/resource/62/3034562_image3_1.jpg,Type3,20040603090000,20260514095455,,,50,130,,,,VE,VE06,VE060100
130682,14,서복전시관,제주특별자치도 서귀포시 칠십리로 156-8,(서귀동),63596,,126.5706414743,33.2449259259,6,http://tong.visitkorea.or.kr/cms/resource/51/3023951_image2_1.jpg,http://tong.visitkorea.or.kr/cms/resource/51/3023951_image3_1.jpg,Type3,20051109090000,20250404163409,39,,50,130,A02,A0206,A02060300,VE,VE07,VE070300
130723,14,김영갑갤러리두모악,제주특별자치도 서귀포시 성산읍 삼달로 137,,63635,,126.8542667942,33.3724080600,6,http://tong.visitkorea.or.kr/cms/resource/57/3548157_image2_1.jpg,http://tong.visitkorea.or.kr/cms/resource/57/3548157_image3_1.jpg,Type1,20060124090000,20251023143000,39,3,50,130,A02,A0206,A02060500,VE,VE07,VE070600
130745,14,제주통일관,제주특별자치도 제주시 삼성로 46 (일도이동),,63270,,126.5306251413,33.5068796745,6,http://tong.visitkorea.or.kr/cms/resource/56/3552956_image2_1.jpg,http://tong.visitkorea.or.kr/cms/resource/56/3552956_image3_1.jpg,Type1,20060228090000,20251023143000,39,4,50,110,A02,A0206,A02060300,VE,VE07,VE070300
130853,14,건강과 성 박물관(제주),제주특별자치도 서귀포시 안덕면 일주서로 1611,,63531,,126.3467,33.2549,6,https://tong.visitkorea.or.kr/cms/resource/99/2996899_image2_1.JPG,https://tong.visitkorea.or.kr/cms/resource/99/2996899_image3_1.JPG,Type3,20070910090000,20260312153853,,,50,130,,,,VE,VE07,VE070100
130856,14,제주돌마을공원,제주특별자치도 제주시 한림읍 금능남로 421,(한림읍),63016,,126.2537526540,33.3537783490,6,http://tong.visitkorea.or.kr/cms/resource/44/3477744_image2_1.jpg,http://tong.visitkorea.or.kr/cms/resource/44/3477744_image3_1.jpg,Type3,20060807090000,20250403155648,39,4,50,110,A02,A0206,A02060300,VE,VE07,VE070300
130857,14,제주해녀박물관,제주특별자치도 제주시 구좌읍 해녀박물관길 26,,63362,,126.8634366646,33.5235518611,6,https://tong.visitkorea.or.kr/cms/resource/05/4073405_image2_1.jpg,https://tong.visitkorea.or.kr/cms/resource/05/4073405_image3_1.jpg,Type1,20060811090000,20260610164714,,,50,110,,,,VE,VE07,VE070100
130872,14,제주국제평화센터,제주특별자치도 서귀포시 중문관광로 227-24,,63546,,126.4220626997,33.2443708606,6,http://tong.visitkorea.or.kr/cms/resource/36/3577136_image2_1.jpg,http://tong.visitkorea.or.kr/cms/resource/36/3577136_image3_1.jpg,Type3,20061026090000,20251202102044,39,3,50,130,A02,A0206,A02060300,VE,VE07,VE070300
130877,14,제주국제컨벤션센터,제주특별자치도 서귀포시 중문관광로 224,,63547,,126.4244958917,33.2412740186,6,http://tong.visitkorea.or.kr/cms/resource/10/3582910_image2_1.jpg,http://tong.visitkorea.or.kr/cms/resource/10/3582910_image3_1.jpg,Type3,20061121090000,20251212111952,39,3,50,130,A02,A0206,A02060400,VE,VE07,VE070400
131103,28,추자군도,제주특별자치도 제주시 추자면 추자로,,63000,,126.3095287389,33.9501296887,6,http://tong.visitkorea.or.kr/cms/resource/63/3411263_image2_1.jpg,http://tong.visitkorea.or.kr/cms/resource/63/3411263_image3_1.jpg,Type3,20040226090000,20251126100710,39,4,50,110,A03,A0303,A03030600,LS,LS02,LS020600
131106,28,제주항 서부두방파제,제주특별자치도 제주시 서부두길 22,,63276,,126.5284806266,33.5181617247,6,http://tong.visitkorea.or.kr/cms/resource/30/3396830_image2_1.jpg,http://tong.visitkorea.or.kr/cms/resource/30/3396830_image3_1.jpg,Type3,20021213090000,20250324105003,39,4,50,110,A03,A0303,A03030600,LS,LS02,LS020600
131107,28,차귀도 바다낚시,제주특별자치도 제주시 한경면 고락로 200-52,,63008,,126.2053163667,33.3011472996,6,http://tong.visitkorea.or.kr/cms/resource/31/3477931_image2_1.jpg,http://tong.visitkorea.or.kr/cms/resource/31/3477931_image3_1.jpg,Type3,20040226090000,20250421110402,39,4,50,110,A03,A0303,A03030600,LS,LS02,LS020600
131222,28,제주청소년수련원,제주특별자치도 제주시 한림읍 금능남로 128,,63016,,126.2363341931,33.3776143276,6,http://tong.visitkorea.or.kr/cms/resource/96/3396996_image2_1.jpg,http://tong.visitkorea.or.kr/cms/resource/96/3396996_image3_1.jpg,Type3,20020731090000,20250324143539,39,4,50,110,A03,A0302,A03020200,VE,VE10,VE100200
131268,28,오라컨트리클럽,제주특별자치도 제주시 오라남로 130-16,(오라이동),63144,,126.5132502034,33.4482081134,6,http://tong.visitkorea.or.kr/cms/resource/74/2476674_image2_1.jpg,http://tong.visitkorea.or.kr/cms/resource/74/2476674_image2_1.jpg,Type3,20030521090000,20250325104516,39,4,50,110,A03,A0302,A03020700,LS,LS01,LS010400
131269,28,캐슬렉스제주 골프클럽,제주특별자치도 서귀포시 안덕면 평화로 1241,,63523,,126.3488696895,33.3402563388,6,http://tong.visitkorea.or.kr/cms/resource/07/3402907_image2_1.jpg,http://tong.visitkorea.or.kr/cms/resource/07/3402907_image3_1.jpg,Type3,20040223090000,20251126141049,39,3,50,130,A03,A0302,A03020700,LS,LS01,LS010400
131546,28,어승생승마장,제주특별자치도 제주시 1100로 2659,,63078,,126.4904069057,33.4257572217,6,https://tong.visitkorea.or.kr/cms/resource/86/4073686_image2_1.jpg,https://tong.visitkorea.or.kr/cms/resource/86/4073686_image3_1.jpg,Type1,20020812090000,20260611100749,,,50,110,,,,LS,LS01,LS010700
131549,28,오케이 승마장,제주특별자치도 서귀포시 표선면 번영로 2595,,63624,,126.783191349657,33.4027729378101,6,https://tong.visitkorea.or.kr/cms/resource/75/1618175_image2_1.jpg,https://tong.visitkorea.or.kr/cms/resource/75/1618175_image3_1.jpg,Type3,20020812090000,20260206175558,,,50,130,,,,LS,LS01,LS010700
131589,28,알프스제주,제주특별자치도 서귀포시 표선면 서성일로 73,,63624,,126.802681308353,33.3984265364081,6,https://tong.visitkorea.or.kr/cms/resource/82/1618182_image2_1.jpg,https://tong.visitkorea.or.kr/cms/resource/82/1618182_image3_1.jpg,Type3,20020812090000,20260211081009,,,50,130,,,,LS,LS01,LS010700
131596,28,송당승마장,제주특별자치도 제주시 구좌읍 번영로 2015,,63355,,126.738178085773,33.436448849665,6,,,,20020812090000,20260211081009,,,50,110,,,,LS,LS01,LS010700
131604,28,탐라승마장,제주특별자치도 제주시 조천읍 비자림로 1044,,63346,,126.7169550866,33.4330602647,6,http://tong.visitkorea.or.kr/cms/resource/93/1618393_image2_1.jpg,http://tong.visitkorea.or.kr/cms/resource/93/1618393_image3_1.jpg,Type3,20020812090000,20250325092641,39,4,50,110,A03,A0302,A03021100,LS,LS01,LS010700
131623,28,제주해양레저,제주특별자치도 서귀포시 중문관광로 192,,63547,,126.4190129892,33.2432598241,6,http://tong.visitkorea.or.kr/cms/resource/63/1930963_image2_1.jpg,http://tong.visitkorea.or.kr/cms/resource/63/1930963_image3_1.jpg,Type3,20030402090000,20250319162533,39,3,50,130,A03,A0305,A03050100,LS,LS04,LS040100
131644,28,서귀포시청소년수련관,제주특별자치도 서귀포시 중산간서로 97-1,(강정동),63558,,126.4982279520,33.2607119261,6,http://tong.visitkorea.or.kr/cms/resource/52/3550252_image2_1.jpg,http://tong.visitkorea.or.kr/cms/resource/52/3550252_image3_1.jpg,Type1,20021216090000,20251023143000,39,3,50,130,A03,A0302,A03020200,VE,VE10,VE100200
131649,28,크라운컨트리클럽,제주특별자치도 제주시 조천읍 북선로 125,,63339,,126.6952159042,33.5284188131,6,http://tong.visitkorea.or.kr/cms/resource/90/3577190_image2_1.jpg,http://tong.visitkorea.or.kr/cms/resource/90/3577190_image3_1.jpg,Type3,20030605090000,20251202105152,39,4,50,110,A03,A0302,A03020700,LS,LS01,LS010400
131708,28,중문골프클럽,제주특별자치도 서귀포시 중문관광로72번길 60 (색달동),,63535,,126.40629116795587,33.250131273382394,6,https://tong.visitkorea.or.kr/cms/resource/92/2607292_image2_1.bmp,https://tong.visitkorea.or.kr/cms/resource/92/2607292_image3_1.bmp,Type3,20030918090000,20260203134753,,,50,130,,,,LS,LS01,LS010400
131717,28,제주월드컵경기장,제주특별자치도 서귀포시 월드컵로 33,(법환동),63572,,126.509189779593,33.2462589445592,6,https://tong.visitkorea.or.kr/cms/resource/24/1010424_image2_1.jpg,https://tong.visitkorea.or.kr/cms/resource/24/1010424_image3_1.jpg,Type3,20030527090000,20260203104308,,,50,130,,,,VE,VE10,VE100100
131784,28,대유ATV수렵사격랜드,제주특별자치도 서귀포시 상예로 381,(상예동),63548,,126.395060779373,33.2776146004829,6,https://tong.visitkorea.or.kr/cms/resource/13/1970013_image2_1.jpg,https://tong.visitkorea.or.kr/cms/resource/13/1970013_image3_1.jpg,Type3,20040507090000,20260205163550,,,50,130,,,,LS,LS01,LS011200
131829,28,제주제트,제주특별자치도 서귀포시 대포로 172-5,(대포동),63543,,126.4395613149,33.2384245706,6,http://tong.visitkorea.or.kr/cms/resource/41/3373941_image2_1.jpg,http://tong.visitkorea.or.kr/cms/resource/41/3373941_image2_1.jpg,Type3,20050927090000,20250508172213,39,3,50,130,A03,A0301,A03010200,LS,LS02,LS021400
131836,28,네모바지선,제주특별자치도 서귀포시 칠십리로 61 (서귀동),,63596,,126.562759604456,33.2400489654788,6,,,,20051201090000,20260304100426,,,50,130,,,,LS,LS02,LS020600
131949,28,성읍승마장,제주특별자치도 서귀포시 표선면 번영로 2650,,63624,,126.787118860408,33.3985429374896,6,https://tong.visitkorea.or.kr/cms/resource/57/1618157_image2_1.jpg,https://tong.visitkorea.or.kr/cms/resource/57/1618157_image3_1.jpg,Type3,20070426090000,20260209101259,,,50,130,,,,LS,LS01,LS010700
132159,38,고성오일시장,제주특별자치도 서귀포시 성산읍 고성오조로 93,,63640,,126.9127293498,33.4518891163,6,http://tong.visitkorea.or.kr/cms/resource/92/2947292_image2_1.jpg,http://tong.visitkorea.or.kr/cms/resource/92/2947292_image3_1.jpg,Type1,20020423090000,20251023143000,39,3,50,130,A04,A0401,A04010100,SH,SH06,SH060100
132160,38,표선오일시장,제주특별자치도 서귀포시 표선면 표선동서로 203-1,,63629,,126.8304061108,33.3225437337,6,http://tong.visitkorea.or.kr/cms/resource/86/3077586_image2_1.jpg,http://tong.visitkorea.or.kr/cms/resource/86/3077586_image3_1.jpg,Type3,20020424090000,20250522094513,39,3,50,130,A04,A0401,A04010100,SH,SH06,SH060100
132161,38,대정오일시장,제주특별자치도 서귀포시 대정읍 신영로36번길 65,(대정읍),63506,,126.2483310829,33.2204929929,6,http://tong.visitkorea.or.kr/cms/resource/95/3477195_image2_1.jpg,http://tong.visitkorea.or.kr/cms/resource/95/3477195_image3_1.jpg,Type3,20020423090000,20250409095344,39,3,50,130,A04,A0401,A04010100,SH,SH06,SH060100
132251,38,한국기념품백화점,제주특별자치도 제주시 원노형로 13,(노형동),63081,,126.484783803891,33.4873916220338,6,https://tong.visitkorea.or.kr/cms/resource/46/1932246_image2_1.jpg,https://tong.visitkorea.or.kr/cms/resource/46/1932246_image3_1.jpg,Type3,20031027090000,20260211110128,,,50,110,,,,SH,SH05,SH050300
132556,38,서귀포향토오일시장,제주특별자치도 서귀포시 중산간동로7894번길 18-5 (동홍동),,63579,,126.5724963753,33.2669040864,6,http://tong.visitkorea.or.kr/cms/resource/24/3477324_image2_1.jpg,http://tong.visitkorea.or.kr/cms/resource/24/3477324_image3_1.jpg,Type3,20031208090000,20250411104100,39,3,50,130,A04,A0401,A04010100,SH,SH06,SH060100
132595,38,중문향토오일시장,제주특별자치도 서귀포시 천제연로188번길 12,,63546,,126.4242345901,33.2507951855,6,http://tong.visitkorea.or.kr/cms/resource/50/3477250_image2_1.jpg,http://tong.visitkorea.or.kr/cms/resource/50/3477250_image3_1.jpg,Type3,20040213090000,20250414130425,39,3,50,130,A04,A0401,A04010100,SH,SH06,SH060100
133258,39,도라지식당,제주특별자치도 제주시 연삼로 128,,63145,,126.5059498300,33.4927114054,6,,,,20040826090000,20251224173755,39,4,50,110,A05,A0502,A05020100,FD,FD01,FD010100
133974,39,옹포별장가든,제주특별자치도 제주시 한림읍 한림상로 24,,63012,,126.257895673425,33.404992056144,6,https://tong.visitkorea.or.kr/cms/resource/47/1937147_image2_1.jpg,https://tong.visitkorea.or.kr/cms/resource/47/1937147_image3_1.jpg,Type3,20040103090000,20260225102120,,,50,110,,,,FD,FD01,FD010100
133976,39,초원흑돼지,제주특별자치도 제주시 조천읍 신북로 598,,63333,,126.673245887736,33.5396445295174,6,https://tong.visitkorea.or.kr/cms/resource/83/1937183_image2_1.jpg,https://tong.visitkorea.or.kr/cms/resource/83/1937183_image3_1.jpg,Type3,20020718090000,20260319153440,,,50,110,,,,FD,FD01,FD010100
133990,39,큰갯물횟집,제주특별자치도 서귀포시 대포로 161,,63544,,126.438215964584,33.2393863926313,6,,,,20040103090000,20260206150851,,,50,130,,,,FD,FD01,FD010100
134977,39,보영반점,제주특별자치도 제주시 한림읍 한림로 692-1,,63030,,126.265172514177,33.4165463810277,6,https://tong.visitkorea.or.kr/cms/resource/39/1934539_image2_1.jpg,https://tong.visitkorea.or.kr/cms/resource/39/1934539_image3_1.jpg,Type3,20050419090000,20260225111445,,,50,110,,,,FD,FD02,FD020100
134980,39,성산해촌,제주특별자치도 서귀포시 성산읍 일출로 220,,63643,,126.9300249033,33.4592802468,6,http://tong.visitkorea.or.kr/cms/resource/66/3401566_image2_1.jpg,http://tong.visitkorea.or.kr/cms/resource/66/3401566_image3_1.jpg,Type3,20050419090000,20251023143000,39,3,50,130,A05,A0502,A05020100,FD,FD01,FD010100
135288,39,고우니가든,제주특별자치도 제주시 조천읍 남조로 2625,,63343,,126.652007,33.495947,6,https://tong.visitkorea.or.kr/cms/resource/69/1934469_image2_1.jpg,https://tong.visitkorea.or.kr/cms/resource/69/1934469_image3_1.jpg,Type3,20060817090000,20260225112717,,,50,110,,,,FD,FD02,FD020500
135919,39,돔베돈,제주특별자치도 제주시 관덕로15길 25,,63277,,126.5266586225,33.5155647604,6,,,,20070809090000,20250324142807,39,4,50,110,A05,A0502,A05020100,FD,FD01,FD010100
136453,32,썬랜드 호텔,제주특별자치도 제주시 신광로 92,,63132,,126.4895584377,33.4839670973,6,https://tong.visitkorea.or.kr/cms/resource/40/4073940_image2_1.jpg,https://tong.visitkorea.or.kr/cms/resource/40/4073940_image3_1.jpg,Type1,20040427090000,20260611160709,,,50,110,,,,AC,AC01,AC010100
137348,32,신세계호텔,제주특별자치도 서귀포시 중앙로 2-2,,63595,,126.562304332725,33.244684973855,6,https://tong.visitkorea.or.kr/cms/resource/25/1933425_image2_1.jpg,https://tong.visitkorea.or.kr/cms/resource/25/1933425_image3_1.jpg,Type3,20030611090000,20260211081009,,,50,130,,,,AC,AC04,AC040100
137368,32,켄싱턴리조트 제주한림,제주특별자치도 제주시 한림읍 한림해안로 530,,63024,,126.274482325683,33.4357887313025,6,,,,20031229090000,20260205143405,,,50,110,,,,VE,VE05,VE050200
137369,32,켄싱턴리조트 서귀포,제주특별자치도 서귀포시 이어도로 684,,63564,,126.489000273124,33.2335128811774,6,https://tong.visitkorea.or.kr/cms/resource/40/1341140_image2_1.jpg,https://tong.visitkorea.or.kr/cms/resource/40/1341140_image3_1.jpg,Type3,20040422090000,20260225131217,,,50,130,,,,VE,VE05,VE050200
137476,32,토비스콘도 제주,제주특별자치도 제주시 애월읍 애월로1길 8,,63043,,126.3117312768,33.4631615996,6,http://tong.visitkorea.or.kr/cms/resource/08/2650208_image2_1.jpg,http://tong.visitkorea.or.kr/cms/resource/08/2650208_image3_1.jpg,Type3,20040902090000,20250923175543,39,4,50,110,B02,B0201,B02010500,AC,AC02,AC020100
137788,32,서귀포 귤림성,제주특별자치도 서귀포시 일주동로 8941 (호근동),,63571,,126.5360193536,33.2503192271,6,http://tong.visitkorea.or.kr/cms/resource/45/3569245_image2_1.jpg,http://tong.visitkorea.or.kr/cms/resource/45/3569245_image3_1.jpg,Type3,20070907090000,20251119112118,39,3,50,130,B02,B0201,B02010700,AC,AC03,AC030100
137814,32,제주 금강산콘도,제주특별자치도 제주시 한림읍 협재로 210-18,,63015,,126.250255288629,33.3795560083993,6,https://tong.visitkorea.or.kr/cms/resource/65/1341265_image2_1.jpg,https://tong.visitkorea.or.kr/cms/resource/65/1341265_image3_1.jpg,Type3,20030619090000,20260209161654,,,50,110,,,,AC,AC02,AC020100
137826,32,라운지하우스 제주다,제주특별자치도 서귀포시 안덕면 사계남로50번길 60,,63528,,126.292671505554,33.2232498555958,6,https://tong.visitkorea.or.kr/cms/resource/49/1933549_image2_1.jpg,https://tong.visitkorea.or.kr/cms/resource/49/1933549_image3_1.jpg,Type3,20030620090000,20260224141550,,,50,130,,,,AC,AC03,AC030100
137957,32,티파니에서 아침을,제주특별자치도 서귀포시 남원읍 서의로154번길 12,,63618,,126.71214882942543,33.304986580430615,6,https://tong.visitkorea.or.kr/cms/resource/40/3516140_image2_1.jpg,https://tong.visitkorea.or.kr/cms/resource/40/3516140_image3_1.jpg,Type3,20040923090000,20260312113728,,,50,130,,,,AC,AC03,AC030100
138017,32,청재설헌,제주특별자치도 서귀포시 인정오름로 135-18,,63580,,126.571744118034,33.2891299633588,6,https://tong.visitkorea.or.kr/cms/resource/41/1933841_image2_1.jpg,https://tong.visitkorea.or.kr/cms/resource/41/1933841_image3_1.jpg,Type3,20040227090000,20260211110728,,,50,130,,,,AC,AC03,AC030100
138019,32,소노캄 제주,제주특별자치도 서귀포시 표선면 일주동로 6347-17,,63626,,126.7928926718,33.3060121123,6,https://tong.visitkorea.or.kr/cms/resource/93/3096493_image2_1.jpg,https://tong.visitkorea.or.kr/cms/resource/93/3096493_image3_1.jpg,Type1,20040428090000,20260605084251,,,50,130,,,,VE,VE05,VE050200
138184,32,해비치 호텔&리조트 제주,제주특별자치도 서귀포시 표선면 민속해안로 537,,63629,,126.844731957908,33.3214833771132,6,https://tong.visitkorea.or.kr/cms/resource/58/3520858_image2_1.jpg,https://tong.visitkorea.or.kr/cms/resource/58/3520858_image3_1.jpg,Type3,20040615090000,20260312152622,,,50,130,,,,VE,VE05,VE050200
138185,12,금호리조트 제주,제주특별자치도 서귀포시 남원읍 태위로 522-12,,63620,,126.7030849020,33.2740331563,6,http://tong.visitkorea.or.kr/cms/resource/67/3024967_image2_1.jpg,http://tong.visitkorea.or.kr/cms/resource/67/3024967_image3_1.jpg,Type3,20040615090000,20251224173306,39,3,50,130,A02,A0202,A02020200,VE,VE05,VE050200
138195,32,한화리조트 제주,제주특별자치도 제주시 명림로 575-107,,63330,,126.6380537674,33.4488263498,6,https://tong.visitkorea.or.kr/cms/resource/23/4073123_image2_1.jpg,https://tong.visitkorea.or.kr/cms/resource/23/4073123_image3_1.jpg,Type1,20051118090000,20260610140132,,,50,110,,,,VE,VE05,VE050200
138494,32,귤익는마을,제주특별자치도 서귀포시 성산읍 신천서로 11,,63637,,126.850105940226,33.3440808405667,6,https://tong.visitkorea.or.kr/cms/resource/68/1933168_image2_1.jpg,https://tong.visitkorea.or.kr/cms/resource/68/1933168_image3_1.jpg,Type3,20050325090000,20260211081009,,,50,130,,,,AC,AC03,AC030100
138594,32,솔바람풍경소리,제주특별자치도 서귀포시 남원읍 태수로143번길 132-37,,63617,,126.724421594447,33.2905072524633,6,,,,20050518090000,20260209161858,,,50,130,,,,AC,AC03,AC030100
138597,32,그림리조트,제주특별자치도 제주시 서해안로 620-1,,63150,,126.503481407088,33.516183011757,6,https://tong.visitkorea.or.kr/cms/resource/76/1933276_image2_1.jpg,https://tong.visitkorea.or.kr/cms/resource/76/1933276_image3_1.jpg,Type3,20060619090000,20260225133748,,,50,110,,,,AC,AC03,AC030100
138602,32,제주목화휴양펜션,제주특별자치도 서귀포시 남원읍 태위로 485,,63620,,126.699410359583,33.2757835594065,6,https://tong.visitkorea.or.kr/cms/resource/26/1619926_image2_1.jpg,https://tong.visitkorea.or.kr/cms/resource/26/1619926_image3_1.jpg,Type3,20050523090000,20260211081009,,,50,130,,,,AC,AC03,AC030100
138935,32,이어도성 펜션,제주특별자치도 서귀포시 천제연로 113,,63534,,126.417923052089,33.25504814049,6,https://tong.visitkorea.or.kr/cms/resource/81/1933481_image2_1.jpg,https://tong.visitkorea.or.kr/cms/resource/81/1933481_image3_1.jpg,Type3,20061201090000,20260211081009,,,50,130,,,,AC,AC03,AC030100
139008,32,비치스토리호텔,제주특별자치도 제주시 조천읍 조함해안로 492-5,,63333,,126.6654098459,33.5421529255,6,http://tong.visitkorea.or.kr/cms/resource/86/2596486_image2_1.jpg,http://tong.visitkorea.or.kr/cms/resource/86/2596486_image2_1.jpg,Type3,20070913090000,20251125091433,39,4,50,110,B02,B0201,B02010100,AC,AC01,AC010100
139854,32,제주 라임오렌지빌,제주특별자치도 서귀포시 칠십리로 332,,63599,,126.587240874821,33.2462018625888,6,https://tong.visitkorea.or.kr/cms/resource/17/1933517_image2_1.jpg,https://tong.visitkorea.or.kr/cms/resource/17/1933517_image3_1.jpg,Type3,20070731090000,20260211081009,,,50,130,,,,AC,AC03,AC030100
139855,32,그랑빌펜션,제주특별자치도 서귀포시 중문관광로 17,,63534,,126.415262157895,33.2563896091287,6,https://tong.visitkorea.or.kr/cms/resource/73/1933173_image2_1.jpg,https://tong.visitkorea.or.kr/cms/resource/73/1933173_image3_1.jpg,Type3,20070731090000,20260211081009,,,50,130,,,,AC,AC03,AC030100
139856,32,JJ하우스,제주특별자치도 서귀포시 중산간서로 241,,63558,,126.485638865721,33.2605180249098,6,https://tong.visitkorea.or.kr/cms/resource/02/561502_image2_1.jpg,https://tong.visitkorea.or.kr/cms/resource/02/561502_image3_1.jpg,Type3,20070731090000,20260213144808,,,50,130,,,,AC,AC03,AC030100
139860,32,마레보 비치호텔,제주특별자치도 제주시 곽지1길 23 마레보비치호텔,,63034,,126.3041378290,33.4481853609,6,http://tong.visitkorea.or.kr/cms/resource/46/3505946_image2_1.JPG,http://tong.visitkorea.or.kr/cms/resource/46/3505946_image3_1.JPG,Type3,20070801090000,20250801085847,39,4,50,110,B02,B0201,B02010100,AC,AC01,AC010100
140930,15,탐라문화제,제주특별자치도 제주시 일도일동,,63264,064-753-3287,126.527291,33.513208,6,https://tong.visitkorea.or.kr/cms/resource/77/3559977_image2_1.jpg,https://tong.visitkorea.or.kr/cms/resource/77/3559977_image3_1.jpg,Type3,20051011090000,20260224121340,,,50,110,,,,EV,EV01,EV010400
141736,15,서귀포유채꽃축제,제주특별자치도 서귀포시 표선면 녹산로 381-17,조랑말체험공원 일대,63622,064-760-3942,126.73565604485313,33.383447982174964,6,https://tong.visitkorea.or.kr/cms/resource/91/4039191_image2_1.jpg,https://tong.visitkorea.or.kr/cms/resource/91/4039191_image3_1.jpg,Type3,20070409090000,20260331164634,,,50,130,,,,EV,EV01,EV010500
142713,32,제주 스위트호텔,제주특별자치도 서귀포시 중문관광로72번길 67,,63535,,126.4083582278,33.2490784581,6,http://tong.visitkorea.or.kr/cms/resource/05/2848605_image2_1.jpg,http://tong.visitkorea.or.kr/cms/resource/05/2848605_image3_1.jpg,Type3,20030313090000,20250806175410,39,3,50,130,B02,B0201,B02010100,AC,AC01,AC010100
142943,32,제주 퍼시픽 호텔,제주특별자치도 제주시 서사로 20,,63154,,126.518860657615,33.5106616793836,6,,,,20040428090000,20260213161819,,,50,110,,,,AC,AC01,AC010100
142946,32,제주신라호텔,제주특별자치도 서귀포시 중문관광로72번길 75,,63535,,126.4087304418,33.2480035829,6,http://tong.visitkorea.or.kr/cms/resource/93/3538893_image2_1.jpg,http://tong.visitkorea.or.kr/cms/resource/93/3538893_image3_1.jpg,Type3,20031219090000,20251219102550,39,3,50,130,B02,B0201,B02010100,AC,AC01,AC010100
142948,32,씨에스 호텔 앤 리조트,제주특별자치도 서귀포시 중문관광로 198 (중문동),,63547,,126.4202933203,33.2429159184,6,https://tong.visitkorea.or.kr/cms/resource/09/4074209_image2_1.jpg,https://tong.visitkorea.or.kr/cms/resource/09/4074209_image3_1.jpg,Type1,20031226090000,20260612112031,,,50,130,,,,AC,AC01,AC010100
142957,32,메종 글래드 제주,제주특별자치도 제주시 노연로 80,,63132,,126.488902905838,33.4856030073996,6,https://tong.visitkorea.or.kr/cms/resource/39/3512239_image2_1.jpg,https://tong.visitkorea.or.kr/cms/resource/39/3512239_image3_1.jpg,Type3,20030310090000,20260123133549,,,50,110,,,,AC,AC01,AC010100
142965,32,서귀포칼호텔 (서귀포KAL호텔),제주특별자치도 서귀포시 칠십리로 242,,63599,,126.5808072727,33.2443539282,6,http://tong.visitkorea.or.kr/cms/resource/06/3564306_image2_1.jpg,http://tong.visitkorea.or.kr/cms/resource/06/3564306_image3_1.jpg,Type3,20060619090000,20251111093328,39,3,50,130,B02,B0201,B02010100,AC,AC01,AC010100
142968,32,제주로얄호텔,제주특별자치도 제주시 신대로12길 45,,63124,,126.491658139323,33.4884860490187,6,https://tong.visitkorea.or.kr/cms/resource/88/1339888_image2_1.jpg,https://tong.visitkorea.or.kr/cms/resource/88/1339888_image3_1.jpg,Type3,20030806090000,20260206163358,,,50,110,,,,AC,AC01,AC010100
142970,32,제주팔레스호텔,제주특별자치도 제주시 탑동로 9,,63166,,126.5236822892,33.5168749217,6,https://tong.visitkorea.or.kr/cms/resource/18/4073718_image2_1.jpg,https://tong.visitkorea.or.kr/cms/resource/18/4073718_image3_1.jpg,Type1,20030806090000,20260611104935,,,50,110,,,,AC,AC01,AC010100
142972,32,제주 오리엔탈 호텔,제주특별자치도 제주시 탑동로 47,,63166,,126.519796523382,33.5175858876821,6,https://tong.visitkorea.or.kr/cms/resource/58/3522858_image2_1.jpg,https://tong.visitkorea.or.kr/cms/resource/58/3522858_image3_1.jpg,Type3,20031222090000,20260312132618,,,50,110,,,,AC,AC01,AC010100
142976,32,펄호텔제주,제주특별자치도 제주시 신대로20길 49,,63136,,126.4908861012,33.4835616102,6,https://tong.visitkorea.or.kr/cms/resource/11/4073811_image2_1.jpg,https://tong.visitkorea.or.kr/cms/resource/11/4073811_image3_1.jpg,Type1,20031223090000,20260611142350,,,50,110,,,,AC,AC01,AC010100
143025,32,롯데호텔 제주,제주특별자치도 서귀포시 중문관광로72번길 35,,63535,,126.4105247144,33.2487146442,6,http://tong.visitkorea.or.kr/cms/resource/46/3538946_image2_1.jpg,http://tong.visitkorea.or.kr/cms/resource/46/3538946_image3_1.jpg,Type3,20030807090000,20251023143000,39,3,50,130,B02,B0201,B02010100,AC,AC01,AC010100
143036,32,스타즈호텔 헤리티지,제주특별자치도 제주시 관덕로 26 (삼도이동),,63168,,126.5219449008,33.5128580444,6,https://tong.visitkorea.or.kr/cms/resource/52/4077852_image2_1.png,https://tong.visitkorea.or.kr/cms/resource/52/4077852_image3_1.png,Type3,20051124090000,20260622171125,,,50,110,,,,AC,AC01,AC010100
143120,32,오션그랜드호텔제주,제주특별자치도 제주시 조천읍 조함해안로 490,,63333,,126.6651740929,33.5425575414,6,https://tong.visitkorea.or.kr/cms/resource/33/4073833_image2_1.jpg,https://tong.visitkorea.or.kr/cms/resource/33/4073833_image3_1.jpg,Type1,20051010090000,20260611145804,,,50,110,,,,AC,AC01,AC010100
228853,12,용두암,제주특별자치도 제주시 용두암길 15 (용담이동),,63152,,126.5125098697,33.5147812884,6,http://tong.visitkorea.or.kr/cms/resource/68/3011868_image2_1.jpg,http://tong.visitkorea.or.kr/cms/resource/68/3011868_image3_1.jpg,Type1,20030619090000,20251024171202,39,4,50,110,A01,A0101,A01011100,NA,NA02,NA020800
228854,12,용머리해안,제주특별자치도 서귀포시 안덕면 사계리,112-3,63528,,126.3151,33.2317,6,https://tong.visitkorea.or.kr/cms/resource/80/4055080_image2_1.jpg,https://tong.visitkorea.or.kr/cms/resource/80/4055080_image3_1.jpg,Type1,20031121090000,20260602161555,,,50,130,,,,NA,NA02,NA020800
228859,12,수월봉과 차귀해안,제주특별자치도 제주시 한경면 노을해안로 1013-70,,63008,,126.1630063111,33.2941224154,6,http://tong.visitkorea.or.kr/cms/resource/38/3556238_image2_1.jpg,http://tong.visitkorea.or.kr/cms/resource/38/3556238_image3_1.jpg,Type1,20040226090000,20251025225205,39,4,50,110,A01,A0101,A01011100,NA,NA02,NA020800
228864,12,절부암,제주특별자치도 제주시 한경면 용수리,4241-5,63009,,126.1671080750,33.3238275280,6,http://tong.visitkorea.or.kr/cms/resource/30/3555030_image2_1.jpg,http://tong.visitkorea.or.kr/cms/resource/30/3555030_image3_1.jpg,Type1,20040226090000,20251023174842,39,4,50,110,A01,A0102,A01020200,NA,NA03,NA030300
231986,28,세리월드,제주특별자치도 서귀포시 법환상로2번길 97-17 (법환동),,63572,,126.5120270623,33.2470442084,6,http://tong.visitkorea.or.kr/cms/resource/46/3024846_image2_1.jpg,http://tong.visitkorea.or.kr/cms/resource/46/3024846_image3_1.jpg,Type3,20070911090000,20250626103306,39,3,50,130,A03,A0305,A03050100,LS,LS04,LS040100
232284,32,제주애 펜션,제주특별자치도 서귀포시 성산읍 일주동로 5047,,63634,,126.880149430141,33.3851904426305,6,,,,20070912090000,20260213152411,,,50,130,,,,AC,AC03,AC030100
232287,32,소노벨 제주,제주특별자치도 제주시 신북로 577 대명리조트,,63333,,126.6719240000,33.5413130000,6,https://tong.visitkorea.or.kr/cms/resource/16/4071016_image2_1.jpg,https://tong.visitkorea.or.kr/cms/resource/16/4071016_image3_1.jpg,Type3,20071012090000,20260605103704,,,50,110,,,,AC,AC02,AC020100
250412,12,용두암해수랜드,제주특별자치도 제주시 서해안로 630,,63150,,126.5045688690,33.5158588206,6,http://tong.visitkorea.or.kr/cms/resource/49/3055849_image2_1.jpg,http://tong.visitkorea.or.kr/cms/resource/49/3055849_image3_1.jpg,Type3,20071026090000,20250417171800,39,4,50,110,A02,A0202,A02020400,EX,EX05,EX050200
264590,12,한라산 백록담,제주특별자치도 서귀포시 산록남로 2847-37 (상효동),,63577,,126.5860192949,33.3072442933,6,http://tong.visitkorea.or.kr/cms/resource/95/3035595_image2_1.jpg,http://tong.visitkorea.or.kr/cms/resource/95/3035595_image3_1.jpg,Type1,20050318013124,20250811162913,39,3,50,130,A01,A0101,A01010500,NA,NA03,NA030500
309943,12,법화사,제주특별자치도 서귀포시 하원북로35번길 15-28 법화사,,63553,,126.4580035612,33.2652385684,6,http://tong.visitkorea.or.kr/cms/resource/72/3384572_image2_1.jpg,http://tong.visitkorea.or.kr/cms/resource/72/3384572_image3_1.jpg,Type3,20071201003351,20251224150800,39,3,50,130,A02,A0201,A02010800,HS,HS03,HS030100
315926,12,보덕사(제주),제주특별자치도 제주시 독짓골8길 26,,63222,,126.5324919902,33.4917036061,6,http://tong.visitkorea.or.kr/cms/resource/66/3407066_image2_1.jpg,http://tong.visitkorea.or.kr/cms/resource/66/3407066_image3_1.jpg,Type3,20071203192619,20251124170850,39,4,50,110,A02,A0201,A02010800,HS,HS03,HS030100
316058,12,보림사(제주),제주특별자치도 제주시 사라봉동길 61,,63284,,126.5462929822,33.5175093027,6,http://tong.visitkorea.or.kr/cms/resource/12/3477912_image2_1.jpg,http://tong.visitkorea.or.kr/cms/resource/12/3477912_image3_1.jpg,Type3,20071203201421,20250417172604,39,4,50,110,A02,A0201,A02010800,HS,HS03,HS030100
317558,12,불탑사(제주),제주특별자치도 제주시 원당로16길 41,(삼양일동),63316,,126.5978743444,33.5291588377,6,http://tong.visitkorea.or.kr/cms/resource/77/3053877_image2_1.jpg,http://tong.visitkorea.or.kr/cms/resource/77/3053877_image3_1.jpg,Type3,20071204225636,20250416092239,39,4,50,110,A02,A0201,A02010800,HS,HS03,HS030100
318339,12,선광사(제주),제주특별자치도 서귀포시 남원읍 태위로510번길 42,,63620,,126.6995590489,33.2727088904,6,https://tong.visitkorea.or.kr/cms/resource/29/3477329_image2_1.jpg,https://tong.visitkorea.or.kr/cms/resource/29/3477329_image3_1.jpg,Type3,20071206191245,20260605112258,,,50,130,,,,HS,HS03,HS030100
322836,12,휴애리자연생활공원,제주특별자치도 서귀포시 남원읍 신례동로 256,,63608,,126.634418419576,33.3084870516806,6,https://tong.visitkorea.or.kr/cms/resource/87/4066987_image2_1.jpg,https://tong.visitkorea.or.kr/cms/resource/87/4066987_image3_1.jpg,Type1,20071211203035,20260522172416,,,50,130,,,,VE,VE03,VE030500
347233,12,월영사(제주),제주특별자치도 제주시 애월읍 하귀동남2길 40-16,,63057,,126.4140192709,33.4778338147,6,http://tong.visitkorea.or.kr/cms/resource/11/3477811_image2_1.jpg,http://tong.visitkorea.or.kr/cms/resource/11/3477811_image3_1.jpg,Type3,20071222020113,20250411105843,39,4,50,110,A02,A0201,A02010800,HS,HS03,HS030100
347234,12,월정사(제주),제주특별자치도 제주시 아연로 216-5,(오라이동),63147,,126.5100972799,33.4667615657,6,http://tong.visitkorea.or.kr/cms/resource/08/1618608_image2_1.jpg,http://tong.visitkorea.or.kr/cms/resource/08/1618608_image3_1.jpg,Type3,20071222020636,20250415101319,39,4,50,110,A02,A0201,A02010800,HS,HS03,HS030100
397635,32,씨오르리조트,제주특별자치도 서귀포시 이어도로 989,,63572,,126.5185445528,33.2424650896,6,https://tong.visitkorea.or.kr/cms/resource/95/4072895_image2_1.jpg,https://tong.visitkorea.or.kr/cms/resource/95/4072895_image3_1.jpg,Type1,20080124002300,20260610100053,,,50,130,,,,VE,VE05,VE050200
397643,32,C&P리조트,제주특별자치도 서귀포시 성산읍 중산간동로 4328-63,,63635,,126.830831671286,33.3899196479708,6,https://tong.visitkorea.or.kr/cms/resource/55/1933155_image2_1.jpg,https://tong.visitkorea.or.kr/cms/resource/55/1933155_image3_1.jpg,Type3,20080124002345,20260211081009,,,50,130,,,,AC,AC06,AC060100
404121,39,서귀포괸당네,제주특별자치도 서귀포시 칠십리로 123,,63596,,126.567548327187,33.2430769108982,6,https://tong.visitkorea.or.kr/cms/resource/07/401407_image2_1.jpg,https://tong.visitkorea.or.kr/cms/resource/07/401407_image3_1.jpg,Type3,20080120073147,20260304100426,,,50,130,,,,FD,FD01,FD010100
404126,39,굼부리식당,제주특별자치도 서귀포시 표선면 중산간동로 4589,,63624,,126.804733257643,33.3885208456916,6,https://tong.visitkorea.or.kr/cms/resource/15/401415_image2_1.jpg,https://tong.visitkorea.or.kr/cms/resource/15/401415_image3_1.jpg,Type3,20080120073203,20260224121340,,,50,130,,,,FD,FD01,FD010100
404128,39,금강민물장어,제주특별자치도 서귀포시 일주동로 8597,,63589,,126.5695496912,33.2543165395,6,,,,20080120073210,20251202145943,39,3,50,130,A05,A0502,A05020100,FD,FD01,FD010100
404135,39,대우정,제주특별자치도 서귀포시 이어도로 866-37,,63573,,126.506865293603,33.2330187782401,6,,,,20080120073227,20260330091611,,,50,130,,,,FD,FD01,FD010100
404139,39,등경돌식당,제주특별자치도 서귀포시 성산읍 일출로 279,,63643,,126.934587033489,33.4626101102991,6,https://tong.visitkorea.or.kr/cms/resource/14/1934514_image2_1.jpg,https://tong.visitkorea.or.kr/cms/resource/14/1934514_image3_1.jpg,Type3,20080120073239,20260304100426,,,50,130,,,,FD,FD01,FD010100
404141,39,명원가든,제주특별자치도 서귀포시 성산읍 성산등용로 8,,63643,,126.933664848513,33.4646876314932,6,https://tong.visitkorea.or.kr/cms/resource/49/401449_image2_1.jpg,https://tong.visitkorea.or.kr/cms/resource/49/401449_image3_1.jpg,Type3,20080120073244,20260213145241,,,50,130,,,,FD,FD01,FD010100
404151,39,생원전복,제주특별자치도 서귀포시 안덕면 산방로 7,,63530,,126.330759130206,33.2458450530539,6,https://tong.visitkorea.or.kr/cms/resource/64/401464_image2_1.jpg,https://tong.visitkorea.or.kr/cms/resource/64/401464_image3_1.jpg,Type3,20080120073307,20260224121340,,,50,130,,,,FD,FD01,FD010100
404156,39,성읍칠십리식당,제주특별자치도 서귀포시 표선면 성읍정의현로 74,,63624,,126.8013682122,33.3893025655,6,http://tong.visitkorea.or.kr/cms/resource/21/3400321_image2_1.jpg,http://tong.visitkorea.or.kr/cms/resource/21/3400321_image3_1.jpg,Type3,20080120073316,20251027095442,39,3,50,130,A05,A0502,A05020100,FD,FD01,FD010100
404158,39,표선세화해녀의집,제주특별자치도 서귀포시 표선면 민속해안로 40,,63625,,126.8062030805,33.3036426522,6,http://tong.visitkorea.or.kr/cms/resource/63/3024863_image2_1.jpg,http://tong.visitkorea.or.kr/cms/resource/63/3024863_image3_1.jpg,Type3,20080120073322,20250408112230,39,3,50,130,A05,A0502,A05020100,FD,FD01,FD010100
404165,39,왕일번지식당,제주특별자치도 서귀포시 표선면 중산간동로 4610,,63624,,126.8031597057,33.3900830635,6,http://tong.visitkorea.or.kr/cms/resource/17/3024417_image2_1.jpg,http://tong.visitkorea.or.kr/cms/resource/17/3024417_image3_1.jpg,Type3,20080120073339,20250414132204,39,3,50,130,A05,A0502,A05020100,FD,FD01,FD010100
404168,39,오조해녀의집,제주특별자치도 서귀포시 성산읍 한도로 141-13,,63639,,126.9223003307,33.4697761845,6,http://tong.visitkorea.or.kr/cms/resource/35/3382135_image2_1.jpg,http://tong.visitkorea.or.kr/cms/resource/35/3382135_image3_1.jpg,Type3,20080120073343,20251023143000,39,3,50,130,A05,A0502,A05020100,FD,FD01,FD010100
404173,39,장수해장국,제주특별자치도 서귀포시 천제연로 152,,63546,,126.421039485757,33.2525401479201,6,,,,20080120073357,20260209174130,,,50,130,,,,FD,FD01,FD010100
404175,39,제주뚝배기,제주특별자치도 서귀포시 성산읍 일출로 255,,63643,,126.9330912603,33.4611967513,6,http://tong.visitkorea.or.kr/cms/resource/07/3024707_image2_1.jpg,http://tong.visitkorea.or.kr/cms/resource/07/3024707_image3_1.jpg,Type3,20080120073403,20250409100406,39,3,50,130,A05,A0502,A05020100,FD,FD01,FD010100
404180,39,진미명가,제주특별자치도 서귀포시 안덕면 사계남로 167,,63528,,126.3076174292,33.2283513861,6,http://tong.visitkorea.or.kr/cms/resource/66/3024766_image2_1.jpg,http://tong.visitkorea.or.kr/cms/resource/66/3024766_image3_1.jpg,Type3,20080120073413,20250407145936,39,,50,130,A05,A0502,A05020100,FD,FD01,FD010100
404182,39,천제연토속,제주특별자치도 서귀포시 천제연로 45,,63534,,126.410862559514,33.2566950594593,6,https://tong.visitkorea.or.kr/cms/resource/28/401528_image2_1.jpg,https://tong.visitkorea.or.kr/cms/resource/28/401528_image3_1.jpg,Type3,20080120073417,20260224121340,,,50,130,,,,FD,FD01,FD010100
404185,39,하르방밀면,제주특별자치도 서귀포시 대정읍 동일하모로 229,,63508,,126.255799872805,33.225848973466,6,https://tong.visitkorea.or.kr/cms/resource/29/401529_image2_1.jpg,https://tong.visitkorea.or.kr/cms/resource/29/401529_image3_1.jpg,Type3,20080120073425,20260304100426,,,50,130,,,,FD,FD01,FD010100
404187,39,한성식당,제주특별자치도 서귀포시 성산읍 일출로 287,,63643,,126.934998093307,33.4631767178067,6,https://tong.visitkorea.or.kr/cms/resource/34/401534_image2_1.jpg,https://tong.visitkorea.or.kr/cms/resource/34/401534_image3_1.jpg,Type3,20080120073431,20260224121340,,,50,130,,,,FD,FD01,FD010100
404193,39,고관심해장국,제주특별자치도 제주시 한경면 용고로 86,,63008,,126.17954972989,33.3011695738899,6,https://tong.visitkorea.or.kr/cms/resource/42/401542_image2_1.jpg,https://tong.visitkorea.or.kr/cms/resource/42/401542_image3_1.jpg,Type3,20080120073440,20260304100426,,,50,110,,,,FD,FD01,FD010100
404202,39,삼대국수회관,제주특별자치도 제주시 삼성로 41,,63269,,126.5301029645,33.5068657788,6,http://tong.visitkorea.or.kr/cms/resource/22/3396822_image2_1.jpg,http://tong.visitkorea.or.kr/cms/resource/22/3396822_image3_1.jpg,Type3,20080120073457,20250324101822,39,4,50,110,A05,A0502,A05020100,FD,FD01,FD010100
404209,39,어장군,제주특별자치도 제주시 신대로 72,,63125,,126.4962284931,33.4909364471,6,,,,20080120073515,20251202155101,39,4,50,110,A05,A0502,A05020100,FD,FD01,FD010100
404214,39,유빈,제주특별자치도 제주시 탑동로 55,,63167,,126.519002143147,33.5180108254298,6,https://tong.visitkorea.or.kr/cms/resource/80/401580_image2_1.jpg,https://tong.visitkorea.or.kr/cms/resource/80/401580_image3_1.jpg,Type3,20080120073524,20260209174435,,,50,110,,,,FD,FD01,FD010100
404216,39,야자수식당,제주특별자치도 제주시 한림읍 한림로 300,,63011,,126.23941,33.388388,6,https://tong.visitkorea.or.kr/cms/resource/82/401582_image2_1.jpg,https://tong.visitkorea.or.kr/cms/resource/82/401582_image3_1.jpg,Type3,20080120073530,20260224121340,,,50,110,,,,FD,FD01,FD010100
482093,12,천왕사(제주),제주특별자치도 제주시 1100로 2528-111 (노형동),,63080,,126.4939972225,33.4082872226,6,http://tong.visitkorea.or.kr/cms/resource/37/3034437_image2_1.jpg,http://tong.visitkorea.or.kr/cms/resource/37/3034437_image3_1.jpg,Type3,20080222223149,20250407151038,39,4,50,110,A02,A0201,A02010800,HS,HS03,HS030100
506616,15,서귀포칠십리축제,제주특별자치도 서귀포시 서홍동,684 천지연폭포 인근 주차장,63578,064-760-3942,126.560563,33.243863,6,https://tong.visitkorea.or.kr/cms/resource/11/4039211_image2_1.jpg,https://tong.visitkorea.or.kr/cms/resource/11/4039211_image3_1.jpg,Type3,20080307194554,20260311100340,,,50,130,,,,EV,EV01,EV010200
526666,14,제주유리박물관,제주특별자치도 서귀포시 중산간서로 1403,(상예동),63534,,126.3701775526,33.2784468371,6,http://tong.visitkorea.or.kr/cms/resource/33/3024533_image2_1.jpg,http://tong.visitkorea.or.kr/cms/resource/33/3024533_image3_1.jpg,Type3,20080327231036,20251114135633,39,3,50,130,A02,A0206,A02060100,VE,VE07,VE070100
572960,12,용눈이오름,제주특별자치도 제주시 구좌읍 종달논길,,63364,,126.8320410805,33.4587755524,6,https://tong.visitkorea.or.kr/cms/resource_photo/86/2610186_image2_1.jpg,https://tong.visitkorea.or.kr/cms/resource_photo/86/2610186_image3_1.jpg,Type1,20080612061459,20260721150753,,,50,110,,,,NA,NA01,NA010100
572968,12,따라비 오름,제주특별자치도 서귀포시 표선면 가시리,산62,63622,,126.7503310450,33.3859437827,6,http://tong.visitkorea.or.kr/cms/resource/05/3535905_image2_1.jpg,http://tong.visitkorea.or.kr/cms/resource/05/3535905_image3_1.jpg,Type1,20080612061842,20250915112349,39,3,50,130,A01,A0101,A01010400,NA,NA01,NA010100
572973,12,새별오름,제주특별자치도 제주시 애월읍 봉성리 산 59-8,,63039,,126.3576000000,33.3663000000,6,https://tong.visitkorea.or.kr/cms/resource/28/4088628_image2_1.jpg,https://tong.visitkorea.or.kr/cms/resource/28/4088628_image3_1.jpg,Type1,20080612062256,20260722164603,,,50,110,,,,NA,NA01,NA010100
577461,12,다랑쉬오름(월랑봉),제주특별자치도 제주시 구좌읍 세화리 산6,,63361,,126.822816539054,33.4759678473848,6,https://tong.visitkorea.or.kr/cms/resource/09/3527909_image2_1.jpg,https://tong.visitkorea.or.kr/cms/resource/09/3527909_image3_1.jpg,Type3,20080612062256,20260318101005,,,50,110,,,,NA,NA01,NA010100
577899,15,쇠소깍축제,제주특별자치도 서귀포시 쇠소깍로 151-1 (하효동),하효항 및 쇠소깍 일원,63600,064-760-4623<br>010-4614-4281,126.6215230516,33.2505344492,6,http://tong.visitkorea.or.kr/cms/resource/80/3358380_image2_1.jpg,http://tong.visitkorea.or.kr/cms/resource/80/3358380_image3_1.jpg,Type3,20080620221214,20250922175331,39,3,50,130,A02,A0207,A02070200,EV,EV01,EV010200
583141,32,휘닉스 아일랜드,제주특별자치도 서귀포시 성산읍 섭지코지로 107,,63642,,126.9293445634,33.4301729194,6,https://tong.visitkorea.or.kr/cms/resource/51/4076251_image2_1.jpg,https://tong.visitkorea.or.kr/cms/resource/51/4076251_image3_1.jpg,Type1,20080704183519,20260617101103,,,50,130,,,,AC,AC02,AC020100
590415,14,감귤박물관,제주특별자치도 서귀포시 효돈순환로 441,,63605,,126.608077266292,33.2711520767709,6,https://tong.visitkorea.or.kr/cms/resource/33/4001333_image2_1.jpeg,https://tong.visitkorea.or.kr/cms/resource/33/4001333_image3_1.jpeg,Type3,20080719013858,20260319113504,,,50,130,,,,VE,VE07,VE070100
591798,12,하고수동해변,제주특별자치도 제주시 우도면 연평리,,63365,,126.9574573668,33.5142746145,6,http://tong.visitkorea.or.kr/cms/resource/64/3555264_image2_1.jpg,http://tong.visitkorea.or.kr/cms/resource/64/3555264_image3_1.jpg,Type1,20080723010727,20251024104525,39,4,50,110,A01,A0101,A01011200,NA,NA02,NA020900
591866,12,금능해수욕장,제주특별자치도 제주시 한림읍 금능길 119-10,,63010,,126.2360240519,33.3903137402,6,https://tong.visitkorea.or.kr/cms/resource_photo/09/3515409_image2_1.jpg,https://tong.visitkorea.or.kr/cms/resource_photo/09/3515409_image3_1.jpg,Type1,20080723015000,20260619093209,,,50,110,,,,NA,NA02,NA020900
594065,14,방림원,제주특별자치도 제주시 한경면 용금로 864,,63005,,126.268585085705,33.3372862173506,6,https://tong.visitkorea.or.kr/cms/resource/74/3553174_image2_1.jpg,https://tong.visitkorea.or.kr/cms/resource/74/3553174_image3_1.jpg,Type1,20080725014059,20260309093631,,,50,110,,,,VE,VE07,VE070300
596964,14,세계자동차&피아노 박물관,제주특별자치도 서귀포시 안덕면 중산간서로 1610,,63526,,126.3499458641,33.2834376347,6,http://tong.visitkorea.or.kr/cms/resource/03/3548503_image2_1.jpg,http://tong.visitkorea.or.kr/cms/resource/03/3548503_image3_1.jpg,Type1,20080729015233,20251023143000,39,3,50,130,A02,A0206,A02060100,VE,VE07,VE070100
597562,14,제주현대미술관,제주특별자치도 제주시 한경면 저지14길 35,,63005,,126.2656603005,33.3398442069,6,https://tong.visitkorea.or.kr/cms/resource/78/4088678_image2_1.jpg,https://tong.visitkorea.or.kr/cms/resource/78/4088678_image3_1.jpg,Type1,20080729202050,20260722163632,,,50,110,,,,VE,VE07,VE070600
598187,12,선녀와나무꾼,제주특별자치도 제주시 조천읍 선흘리,1997,63341,,126.7037135147,33.4792299475,6,http://tong.visitkorea.or.kr/cms/resource/94/3077594_image2_1.jpg,http://tong.visitkorea.or.kr/cms/resource/94/3077594_image3_1.jpg,Type3,20080730011523,20251128150714,39,4,50,110,A02,A0202,A02020600,VE,VE02,VE020100
598558,12,우도산호해변 홍조단괴 서빈백사,제주특별자치도 제주시 우도면 우도해안길 252,,63365,,126.9437532672,33.5026812286,6,http://tong.visitkorea.or.kr/cms/resource/74/3011874_image2_1.jpg,http://tong.visitkorea.or.kr/cms/resource/74/3011874_image3_1.jpg,Type1,20080730180615,20250509110922,39,4,50,110,A01,A0101,A01011200,NA,NA02,NA020900
598635,12,검멀레해변,제주 제주시 우도면 연평리,,63365,,126.967248,33.497279,6,https://tong.visitkorea.or.kr/cms/resource/91/3481291_image2_1.jpg,https://tong.visitkorea.or.kr/cms/resource/91/3481291_image3_1.jpg,Type3,20080730182623,20260305095851,,,50,110,,,,NA,NA02,NA020900
598696,12,소머리오름(우도봉),제주특별자치도 제주시 우도면 연평리,산23,63365,,126.9651405598,33.4915605829,6,http://tong.visitkorea.or.kr/cms/resource/92/3527092_image2_1.jpg,http://tong.visitkorea.or.kr/cms/resource/92/3527092_image3_1.jpg,Type3,20080730183922,20250826165924,39,4,50,110,A01,A0101,A01010400,NA,NA01,NA010100
599863,39,동복해녀식당,제주특별자치도 제주시 구좌읍 동복로 5,,63347,,126.706894961199,33.5534819438594,6,,,,20080731214613,20260225153422,,,50,110,,,,FD,FD01,FD010100
600584,12,금호리조트 제주아쿠아나,제주특별자치도 서귀포시 남원읍 태위로 522-12,,63620,,126.7028238197,33.2737526275,6,http://tong.visitkorea.or.kr/cms/resource/67/3024967_image2_1.jpg,http://tong.visitkorea.or.kr/cms/resource/67/3024967_image3_1.jpg,Type3,20080801012738,20250808134859,39,3,50,130,A02,A0202,A02020600,VE,VE02,VE020200
601489,12,서귀포해양도립공원,제주특별자치도 서귀포시 남성중로 43 (서홍동),,63594,,126.5582787717,33.2398207377,6,http://tong.visitkorea.or.kr/cms/resource/87/3035387_image2_1.jpg,http://tong.visitkorea.or.kr/cms/resource/87/3035387_image3_1.jpg,Type3,20080801195236,20250404101910,39,3,50,130,A01,A0101,A01010200,NA,NA04,NA040200
635460,12,제주도예촌,제주특별자치도 서귀포시 대정읍 암반수마농로 433,,63502,,126.2353801057,33.2650781575,6,https://tong.visitkorea.or.kr/cms/resource/75/3390175_image2_1.jpg,https://tong.visitkorea.or.kr/cms/resource/75/3390175_image3_1.jpg,Type3,20081010191145,20260624105551,,,50,130,,,,EX,EX02,EX020400
635593,12,갈중이(천연염색체험),제주특별자치도 서귀포시 사계남로216번길 24-61 갈중이,,63528,,126.3136470705,33.2351126968,6,https://tong.visitkorea.or.kr/cms/resource/95/3552495_image2_1.jpg,https://tong.visitkorea.or.kr/cms/resource/95/3552495_image3_1.jpg,Type1,20081010200127,20260624104459,,,50,130,,,,EX,EX01,EX010100
635701,12,신풍 신천 바다목장,제주특별자치도 서귀포시 성산읍 일주동로 5417,,63636,,126.8637960644,33.3559713485,6,https://tong.visitkorea.or.kr/cms/resource/48/3401548_image2_1.jpg,https://tong.visitkorea.or.kr/cms/resource/48/3401548_image3_1.jpg,Type3,20081010203404,20260624105810,,,50,130,,,,NA,NA02,NA020800
635928,12,최남단체험감귤농장,제주특별자치도 서귀포시 남원읍 남위남성로 164,,63619,,126.6937536953,33.2899166171,6,https://tong.visitkorea.or.kr/cms/resource/74/3077574_image2_1.jpg,https://tong.visitkorea.or.kr/cms/resource/74/3077574_image3_1.jpg,Type3,20081010235434,20260624104947,,,50,130,,,,VE,VE03,VE030500
636073,28,다이브랜드,제주특별자치도 서귀포시 보목포로 29 (보목동),,63599,,126.6059699818,33.2408005072,6,https://tong.visitkorea.or.kr/cms/resource/67/3477467_image2_1.jpg,https://tong.visitkorea.or.kr/cms/resource/67/3477467_image3_1.jpg,Type3,20081011011351,20260624103958,,,50,130,,,,LS,LS02,LS020400
636266,12,거문오름,제주특별자치도 제주시 조천읍 선교로 569-36,,63341,,126.7179000000,33.4547000000,6,https://tong.visitkorea.or.kr/cms/resource/85/4074785_image2_1.jpg,https://tong.visitkorea.or.kr/cms/resource/85/4074785_image3_1.jpg,Type1,20081013180519,20260612171834,,,50,110,,,,NA,NA01,NA010100
636393,12,제주선인장마을,제주특별자치도 제주시 한림읍 금능남로 418,,63016,,126.2529225533,33.3542365950,6,https://tong.visitkorea.or.kr/cms/resource/12/3397012_image2_1.jpg,https://tong.visitkorea.or.kr/cms/resource/12/3397012_image3_1.jpg,Type3,20081013191805,20260622133226,,,50,110,,,,EX,EX06,EX061000
637212,12,제주마방목지,제주특별자치도 제주시 516로 2480,,63312,,126.6036880018,33.4275893792,6,https://tong.visitkorea.or.kr/cms/resource/18/3053118_image2_1.jpg,https://tong.visitkorea.or.kr/cms/resource/18/3053118_image3_1.jpg,Type3,20081014013147,20260622132622,,,50,110,,,,EX,EX03,EX030200
637398,28,말 테마파크 골프장 (렛츠런파크 제주),제주특별자치도 제주시 애월읍 평화로 2144,(애월읍),63066,,126.3950910000,33.4075710000,6,https://tong.visitkorea.or.kr/cms/resource/79/4072979_image2_1.jpg,https://tong.visitkorea.or.kr/cms/resource/79/4072979_image3_1.jpg,Type1,20081014185334,20260610104055,,,50,110,,,,LS,LS01,LS010400
653140,28,엘리시안 제주 컨트리클럽,제주특별자치도 제주시 애월읍 평화로 1738-116,,63041,,126.3811530000,33.3724900000,6,https://tong.visitkorea.or.kr/cms/resource/41/4073641_image2_1.jpg,https://tong.visitkorea.or.kr/cms/resource/41/4073641_image3_1.jpg,Type1,20081117233215,20260611094935,,,50,110,,,,LS,LS01,LS010400
655015,39,한라식당,제주특별자치도 제주시 광양9길 19,,63208,,126.5318096859,33.5004630751,6,https://tong.visitkorea.or.kr/cms/resource/08/1937208_image2_1.jpg,https://tong.visitkorea.or.kr/cms/resource/08/1937208_image3_1.jpg,Type3,20081120201951,20260623111055,,,50,110,,,,FD,FD01,FD010100
655543,39,서울뚝배기,제주특별자치도 제주시 아연로 10,,63142,,126.496638408926,33.4807037018467,6,https://tong.visitkorea.or.kr/cms/resource/87/1935187_image2_1.jpg,https://tong.visitkorea.or.kr/cms/resource/87/1935187_image3_1.jpg,Type3,20081121191509,20260225160146,,,50,110,,,,FD,FD01,FD010100
655553,39,신제주삼보식당,제주특별자치도 제주시 신대로16길 10 (연동),,63123,,126.4952980592,33.4869190713,6,https://tong.visitkorea.or.kr/cms/resource/93/3057693_image2_1.jpg,https://tong.visitkorea.or.kr/cms/resource/93/3057693_image3_1.jpg,Type3,20081121192026,20260623110543,,,50,110,,,,FD,FD01,FD010100
660876,32,다인리조트,제주특별자치도 제주시 애월읍 애월해안로 400-9,,63046,,126.35125215049,33.4714441280706,6,https://tong.visitkorea.or.kr/cms/resource/77/666077_image2_1.jpg,https://tong.visitkorea.or.kr/cms/resource/77/666077_image3_1.jpg,Type3,20081202233412,20260213160209,,,50,110,,,,AC,AC03,AC030100
660972,12,하도리 철새도래지,제주특별자치도 제주시 구좌읍 하도리 53-2,,695976,,126.891953,33.504012,6,https://tong.visitkorea.or.kr/cms/resource/79/4067779_image2_1.jpg,https://tong.visitkorea.or.kr/cms/resource/79/4067779_image3_1.jpg,Type1,20081203020332,20260526150312,,,50,110,,,,NA,NA04,NA040500
664081,39,삼성혈해물탕,제주특별자치도 제주시 선덕로5길 20,,63122,,126.4977255785,33.4912225503,6,http://tong.visitkorea.or.kr/cms/resource/45/656845_image2_1.jpg,http://tong.visitkorea.or.kr/cms/resource/45/656845_image3_1.jpg,Type3,20081209181240,20250325095146,39,4,50,110,A05,A0502,A05020100,FD,FD01,FD010100
664154,39,옛날옛적 성산본점,제주특별자치도 서귀포시 성산읍 일주동로 4660,,63633,,126.8999635852,33.4143707081,6,https://tong.visitkorea.or.kr/cms/resource/64/1935264_image2_1.jpg,https://tong.visitkorea.or.kr/cms/resource/64/1935264_image3_1.jpg,Type3,20081209183912,20260623102943,,,50,130,,,,FD,FD01,FD010100
664204,39,해오름,제주특별자치도 서귀포시 성산읍 일출로 260,,63643,,126.9315178337,33.4643320822,6,https://tong.visitkorea.or.kr/cms/resource/37/3034737_image2_1.jpg,https://tong.visitkorea.or.kr/cms/resource/37/3034737_image3_1.jpg,Type3,20081209191125,20260623101517,,,50,130,,,,FD,FD01,FD010100
664223,39,네거리식당,제주특별자치도 서귀포시 서문로29번길 20,,63592,,126.557285194047,33.2517535175317,6,,,,20081209192103,20260304100426,,,50,130,,,,FD,FD01,FD010100
664982,39,서귀포흑돼지명가,제주특별자치도 서귀포시 태평로 122 (호근동),,63571,,126.5363506678,33.2440797906,6,https://tong.visitkorea.or.kr/cms/resource/82/3466482_image2_1.jpg,https://tong.visitkorea.or.kr/cms/resource/82/3466482_image3_1.jpg,Type3,20081210180503,20260623094320,,,50,130,,,,FD,FD01,FD010100
665594,12,더마파크,제주특별자치도 제주시 한림읍 월림7길 155,,63017,,126.2430787305,33.3549226516,6,https://tong.visitkorea.or.kr/cms/resource/60/3556260_image2_1.jpg,https://tong.visitkorea.or.kr/cms/resource/60/3556260_image3_1.jpg,Type1,20081211001353,20260623094016,,,50,110,,,,VE,VE02,VE020100
667418,15,제주들불축제,제주특별자치도 제주시 애월읍 봉성리,산59-8 새별오름 일대,63039,064-728-2753,126.357669,33.366232,6,https://tong.visitkorea.or.kr/cms/resource/15/4061015_image2_1.jpg,https://tong.visitkorea.or.kr/cms/resource/15/4061015_image3_1.jpg,Type3,20081215192853,20260428153737,,,50,110,,,,EV,EV01,EV010400
686399,39,황금어장,제주특별자치도 제주시 사장길 14,,63133,,126.4953440010,33.4843838081,6,,,,20090130184009,20260622112917,,,50,110,,,,FD,FD01,FD010100
687563,39,제주미향,제주특별자치도 서귀포시 천제연로 99,,63534,,126.4163601758,33.2551612466,6,,,,20090204024708,20251126112101,39,3,50,130,A05,A0502,A05020100,FD,FD01,FD010100
687869,39,도남오거리식당,제주특별자치도 제주시 도남로6길 16,,63201,,126.5261257672,33.4965335254,6,,,,20090204222637,20250721161216,39,4,50,110,A05,A0502,A05020100,FD,FD01,FD010100
696841,14,테디베어하우스 테지움,제주특별자치도 제주시 애월읍 평화로 2159,,63037,,126.3935836397,33.4120435500,6,http://tong.visitkorea.or.kr/cms/resource/98/3034398_image2_1.jpg,http://tong.visitkorea.or.kr/cms/resource/98/3034398_image3_1.jpg,Type3,20090220183002,20250404171725,39,4,50,110,A02,A0206,A02060100,VE,VE07,VE070100
719643,32,담앤루리조트,제주특별자치도 서귀포시 이어도로343번길 63,,63543,,126.451545137685,33.2458552972805,6,https://tong.visitkorea.or.kr/cms/resource/84/1341384_image2_1.jpg,https://tong.visitkorea.or.kr/cms/resource/84/1341384_image3_1.jpg,Type3,20090413233924,20260209165025,,,50,130,,,,AC,AC03,AC030100
733414,32,노인과바다,제주특별자치도 서귀포시 남원읍 남태해안로 11-12,,63621,,126.709962176037,33.2750504808085,6,,,,20090513214712,20260206172144,,,50,130,,,,AC,AC03,AC030100
733422,32,롱비치펜션,제주특별자치도 서귀포시 남태해안로 11-16 롱비치펜션,,63621,,126.710764872518,33.275353236351,6,https://tong.visitkorea.or.kr/cms/resource/59/729059_image2_1.jpg,https://tong.visitkorea.or.kr/cms/resource/59/729059_image3_1.jpg,Type3,20090513220120,20260213152604,,,50,130,,,,AC,AC03,AC030100
733516,32,바다에누워 펜션,제주특별자치도 서귀포시 남원읍 위미해안로 60,,63611,,126.6578361411,33.2696884696,6,http://tong.visitkorea.or.kr/cms/resource/97/3477297_image2_1.jpg,http://tong.visitkorea.or.kr/cms/resource/97/3477297_image3_1.jpg,Type3,20090513223655,20250917160245,39,3,50,130,B02,B0201,B02010700,AC,AC03,AC030100
733540,32,보물섬펜션,제주특별자치도 서귀포시 성산읍 한도로242번길 10-11,,63643,,126.9317051480,33.4664517038,6,http://tong.visitkorea.or.kr/cms/resource/71/3477371_image2_1.jpg,http://tong.visitkorea.or.kr/cms/resource/71/3477371_image3_1.jpg,Type3,20090513224637,20250923103532,39,3,50,130,B02,B0201,B02010700,AC,AC03,AC030100
733569,32,뷰티풀하우스,제주특별자치도 서귀포시 이어도로253번길 2,(대포동),63543,,126.446670638164,33.2437165794177,6,https://tong.visitkorea.or.kr/cms/resource/27/729127_image2_1.jpg,https://tong.visitkorea.or.kr/cms/resource/27/729127_image3_1.jpg,Type3,20090513230552,20260213163018,,,50,130,,,,AC,AC03,AC030100
733594,32,제주 써니데이,제주특별자치도 서귀포시 대포로 131,,63544,,126.43581896003,33.239600218665,6,https://tong.visitkorea.or.kr/cms/resource/10/1933710_image2_1.jpg,https://tong.visitkorea.or.kr/cms/resource/10/1933710_image3_1.jpg,Type3,20090513233200,20260209165342,,,50,130,,,,AC,AC03,AC030100
733613,32,아망뜨펜션(제주),제주특별자치도 서귀포시 표선면 민속해안로 11,,63625,,126.8064363380,33.3060923857,6,http://tong.visitkorea.or.kr/cms/resource/19/729219_image2_1.jpg,http://tong.visitkorea.or.kr/cms/resource/19/729219_image3_1.jpg,Type3,20090513233858,20251229141453,39,3,50,130,B02,B0201,B02010700,AC,AC03,AC030100
733622,32,앙끄리에펜션,제주특별자치도 서귀포시 색달로61번길 59-8,,63534,,126.4138213265,33.2632769775,6,http://tong.visitkorea.or.kr/cms/resource/80/3477380_image2_1.jpg,http://tong.visitkorea.or.kr/cms/resource/80/3477380_image3_1.jpg,Type3,20090513234702,20250922154911,39,3,50,130,B02,B0201,B02010700,AC,AC03,AC030100
733684,32,제주바다산책,제주특별자치도 서귀포시 남원읍 남태해안로 11-14,,63621,,126.710426017694,33.2752365777767,6,https://tong.visitkorea.or.kr/cms/resource/11/729311_image2_1.jpg,https://tong.visitkorea.or.kr/cms/resource/11/729311_image3_1.jpg,Type3,20090514002413,20260206172515,,,50,130,,,,AC,AC03,AC030100
733784,32,제주 하이랜드 펜션,제주특별자치도 서귀포시 이어도로 244,(대포동),63543,,126.445206917456,33.2422778343996,6,https://tong.visitkorea.or.kr/cms/resource/21/733221_image2_1.jpg,https://tong.visitkorea.or.kr/cms/resource/21/733221_image3_1.jpg,Type3,20090514010424,20260213144900,,,50,130,,,,AC,AC03,AC030100
733799,32,제주 지삿개풍경,제주특별자치도 서귀포시 이어도로 150,,63544,,126.43823261991,33.239822453362,6,https://tong.visitkorea.or.kr/cms/resource/52/1933752_image2_1.jpg,https://tong.visitkorea.or.kr/cms/resource/52/1933752_image3_1.jpg,Type3,20090514011141,20260212172002,,,50,130,,,,AC,AC03,AC030100
733924,32,해뜨는집 펜션,제주특별자치도 서귀포시 성산읍 한도로 137,,63639,,126.922526890225,33.4690980480006,6,https://tong.visitkorea.or.kr/cms/resource/50/733350_image2_1.jpg,https://tong.visitkorea.or.kr/cms/resource/50/733350_image3_1.jpg,Type3,20090514015957,20260211091715,,,50,130,,,,AC,AC03,AC030100
735314,32,까델아스,제주특별자치도 제주시 애월읍 신엄9길 46,,63047,,126.3666540021,33.4753472289,6,http://tong.visitkorea.or.kr/cms/resource/63/2848463_image2_1.jpg,http://tong.visitkorea.or.kr/cms/resource/63/2848463_image3_1.jpg,Type3,20090515214514,20251125102628,39,4,50,110,B02,B0201,B02010700,AC,AC03,AC030100
735781,32,꼬뜨도르 호텔,제주특별자치도 제주시 구좌읍 일주동로 1724,,63347,,126.716863509389,33.5521572596486,6,https://tong.visitkorea.or.kr/cms/resource/47/1618247_image2_1.jpg,https://tong.visitkorea.or.kr/cms/resource/47/1618247_image3_1.jpg,Type3,20090518200217,20260209165525,,,50,110,,,,AC,AC02,AC020100
741109,12,카멜리아힐,제주특별자치도 서귀포시 안덕면 병악로 166,,63526,,126.368254661009,33.2898683072143,6,https://tong.visitkorea.or.kr/cms/resource/84/4064284_image2_1.jpg,https://tong.visitkorea.or.kr/cms/resource/84/4064284_image3_1.jpg,Type1,20090526200728,20260514082738,,,50,130,,,,NA,NA04,NA040700
745313,12,제주별빛누리공원,제주특별자치도 제주시 선돌목동길 60 (오등동),,63242,,126.5491971626,33.4446063059,6,http://tong.visitkorea.or.kr/cms/resource/20/3308520_image2_1.jpg,http://tong.visitkorea.or.kr/cms/resource/20/3308520_image3_1.jpg,Type3,20090602003938,20250320131929,39,4,50,110,A02,A0202,A02020700,VE,VE03,VE030100
745449,12,다희연,제주특별자치도 제주시 조천읍 선교로 266-4,,63341,,126.7006637850,33.4789799258,6,http://tong.visitkorea.or.kr/cms/resource/02/3411202_image2_1.jpg,http://tong.visitkorea.or.kr/cms/resource/02/3411202_image3_1.jpg,Type3,20090602193830,20251126101252,39,4,50,110,A02,A0204,A02040800,EX,EX06,EX061000
759595,14,제주특별자치도립미술관,제주특별자치도 제주시 1100로 2894-78,,63079,,126.4897521473,33.4525489265,6,http://tong.visitkorea.or.kr/cms/resource/70/3053670_image2_1.jpg,http://tong.visitkorea.or.kr/cms/resource/70/3053670_image3_1.jpg,Type3,20090629193422,20250415104404,39,4,50,110,A02,A0206,A02060500,VE,VE07,VE070600
770036,14,성산포 해녀물질공연장,제주특별자치도 서귀포시 성산읍 일출로 284-34,,63643,,126.9388907191,33.4628688824,6,http://tong.visitkorea.or.kr/cms/resource/46/3024646_image2_1.jpg,http://tong.visitkorea.or.kr/cms/resource/46/3024646_image3_1.jpg,Type3,20090724005557,20250414133514,39,3,50,130,A02,A0206,A02060600,VE,VE06,VE060100
778296,12,광명사(제주),제주특별자치도 서귀포시 중문상로17번길 51,,63546,,126.4190286405,33.2490155255,6,https://tong.visitkorea.or.kr/cms/resource/36/3477436_image2_1.jpg,https://tong.visitkorea.or.kr/cms/resource/36/3477436_image3_1.jpg,Type3,20090814005637,20260727171521,,,50,130,,,,HS,HS03,HS030100
780778,12,이상한나라의 앨리스,제주특별자치도 서귀포시 안덕면 중산간서로 1881,,63522,,126.3218259602,33.2889726923,6,http://tong.visitkorea.or.kr/cms/resource/22/3024622_image2_1.jpg,http://tong.visitkorea.or.kr/cms/resource/22/3024622_image3_1.jpg,Type3,20090819195250,20250730105531,39,3,50,130,A02,A0203,A02030400,EX,EX07,EX070200
782905,28,한라산컨트리클럽,제주특별자치도 제주시 선돌목동길 56-46,,63242,,126.544829204325,33.4441837258157,6,https://tong.visitkorea.or.kr/cms/resource/50/1950650_image2_1.jpg,https://tong.visitkorea.or.kr/cms/resource/50/1950650_image3_1.jpg,Type3,20090824190544,20260203113424,,,50,110,,,,LS,LS01,LS010400
801097,12,제주 명도암참살이마을,제주특별자치도 제주시 명림로 268-71,,63313,,126.5948706883,33.4916790001,6,https://tong.visitkorea.or.kr/cms/resource/39/3400739_image2_1.jpg,https://tong.visitkorea.or.kr/cms/resource/39/3400739_image3_1.jpg,Type3,20090910230538,20260618103549,,,50,110,,,,EX,EX03,EX030100
802844,12,한라생태숲,제주특별자치도 제주시 516로 2596,,63312,,126.5982320810,33.4319418220,6,http://tong.visitkorea.or.kr/cms/resource/23/3027023_image2_1.jpg,http://tong.visitkorea.or.kr/cms/resource/23/3027023_image3_1.jpg,Type3,20090915015638,20250915111333,39,4,50,110,A01,A0101,A01010700,NA,NA04,NA040700
819583,14,조안베어뮤지엄,제주특별자치도 서귀포시 대포로 113,(대포동),63544,,126.4347575117,33.2401550889,6,https://tong.visitkorea.or.kr/cms/resource/69/4074669_image2_1.jpg,https://tong.visitkorea.or.kr/cms/resource/69/4074669_image3_1.jpg,Type1,20091014185423,20260612161330,,,50,130,,,,VE,VE07,VE070100
820822,39,돌하르방식당,제주특별자치도 제주시 한림읍 한림로 300,,63011,,126.239731030268,33.3901712730352,6,https://tong.visitkorea.or.kr/cms/resource/03/818803_image2_1.jpg,https://tong.visitkorea.or.kr/cms/resource/03/818803_image3_1.jpg,Type3,20091015214004,20260203141623,,,50,110,,,,FD,FD01,FD010100
820903,39,대관원,제주특별자치도 제주시 신대로13길 3,,63122,,126.497449283825,33.4877556712491,6,https://tong.visitkorea.or.kr/cms/resource/95/818995_image2_1.jpg,https://tong.visitkorea.or.kr/cms/resource/95/818995_image3_1.jpg,Type3,20091015230429,20260203142518,,,50,110,,,,FD,FD02,FD020100
824619,28,한라산 트레킹,제주특별자치도 제주시 1100로 2070-61,,63077,,126.4948724979,33.3927306237,6,http://tong.visitkorea.or.kr/cms/resource/32/3034532_image2_1.jpg,http://tong.visitkorea.or.kr/cms/resource/32/3034532_image3_1.jpg,Type3,20091022025202,20250710175358,39,4,50,110,A03,A0302,A03022700,LS,LS01,LS011900
824811,32,늘송파크텔,제주특별자치도 제주시 원노형5길 22 (노형동),,63081,,126.48317097304901,33.48756381446048,6,https://tong.visitkorea.or.kr/cms/resource/23/824923_image2_1.jpg,https://tong.visitkorea.or.kr/cms/resource/23/824923_image3_1.jpg,Type3,20091022191351,20260205141241,,,50,110,,,,AC,AC04,AC040100
879234,12,새연교,제주특별자치도 서귀포시 서홍동,,63578,,126.5596120340,33.2378293118,6,http://tong.visitkorea.or.kr/cms/resource/09/3011809_image2_1.jpg,http://tong.visitkorea.or.kr/cms/resource/09/3011809_image3_1.jpg,Type1,20091127184614,20251211170400,39,3,50,130,A02,A0205,A02050100,VE,VE01,VE010300
879633,12,물드리네,제주특별자치도 제주시 한경면 낙산로 4-28,,63004,,126.2269445635,33.3227424721,6,http://tong.visitkorea.or.kr/cms/resource/15/3556215_image2_1.jpg,http://tong.visitkorea.or.kr/cms/resource/15/3556215_image3_1.jpg,Type1,20091127223042,20251025003202,39,4,50,110,A02,A0203,A02030200,EX,EX01,EX010100
904802,32,제주 추억여행,제주특별자치도 서귀포시 태평로92번길 21,,63571,,126.53225161668,33.2423764293297,6,https://tong.visitkorea.or.kr/cms/resource/56/1933756_image2_1.jpg,https://tong.visitkorea.or.kr/cms/resource/56/1933756_image3_1.jpg,Type3,20091223192724,20260211092651,,,50,130,,,,AC,AC03,AC030100
905600,32,제주 뉴오션리조트,제주특별자치도 제주시 애월읍 고내로13길 59,,63046,,126.3455948543,33.4694947659,6,,,,20091224183224,20251229141338,39,4,50,110,B02,B0201,B02010700,AC,AC03,AC030100
906173,32,제주 씨에코비치,제주특별자치도 제주시 조천읍 신흥관전길 89-5,,63332,,126.647189524311,33.5482038153383,6,,,,20091224233902,20260213162035,,,50,110,,,,AC,AC03,AC030100
921281,15,서귀포 유채꽃 국제걷기대회,제주특별자치도 서귀포시 월드컵로 33,,63572,064-739-7201,126.509231443459,33.246211728483,6,https://tong.visitkorea.or.kr/cms/resource/94/4039194_image2_1.jpg,https://tong.visitkorea.or.kr/cms/resource/94/4039194_image3_1.jpg,Type3,20100113200222,20260311100340,,,50,130,,,,EV,EV03,EV030400
930345,12,한수풀 해녀학교,제주특별자치도 제주시 한림읍 한림해안로 623-6,,63024,,126.279165058509,33.4430935099646,6,,,,20100120222156,20260209112609,,,50,110,,,,VE,VE09,VE090600
935073,32,라헨느리조트,제주특별자치도 제주시 명림로 384,,63313,,126.615233587256,33.4522505840842,6,https://tong.visitkorea.or.kr/cms/resource/97/1994497_image2_1.jpg,https://tong.visitkorea.or.kr/cms/resource/97/1994497_image3_1.jpg,Type3,20100122190546,20260213155736,,,50,110,,,,VE,VE05,VE050200
970675,32,스프링힐 리조트,제주특별자치도 서귀포시 천제연로 292,,63544,,126.436838056051,33.2508989224841,6,https://tong.visitkorea.or.kr/cms/resource/29/1341429_image2_1.jpg,https://tong.visitkorea.or.kr/cms/resource/29/1341429_image3_1.jpg,Type3,20100310233139,20260211092855,,,50,130,,,,AC,AC03,AC030100
971331,32,오션하우스,제주특별자치도 서귀포시 안덕면 사계남로216번길 42,,63528,,126.31017795513,33.2348043445519,6,https://tong.visitkorea.or.kr/cms/resource/99/1620199_image2_1.jpg,https://tong.visitkorea.or.kr/cms/resource/99/1620199_image3_1.jpg,Type3,20100311234000,20260212172211,,,50,130,,,,AC,AC03,AC030100
972415,32,밀레니엄빌,제주특별자치도 서귀포시 보목로64번길 196,,63599,,126.589940647982,33.245163137418,6,https://tong.visitkorea.or.kr/cms/resource/43/1933343_image2_1.jpg,https://tong.visitkorea.or.kr/cms/resource/43/1933343_image3_1.jpg,Type3,20100312011924,20260213161418,,,50,130,,,,AC,AC03,AC030100
973990,32,씨에나펜션,제주특별자치도 서귀포시 예래로 267,,63538,,126.385720776512,33.242110244525,6,https://tong.visitkorea.or.kr/cms/resource/35/1933435_image2_1.jpg,https://tong.visitkorea.or.kr/cms/resource/35/1933435_image3_1.jpg,Type3,20100315194413,20260211092954,,,50,130,,,,AC,AC03,AC030100
976820,38,"제주시민속오일시장 (2, 7일)",제주특별자치도 제주시 오일장서길 26,,63116,,126.4758023552,33.4969271258,6,http://tong.visitkorea.or.kr/cms/resource/08/3585608_image2_1.jpg,http://tong.visitkorea.or.kr/cms/resource/08/3585608_image3_1.jpg,Type1,20100316231750,20251217152807,39,4,50,110,A04,A0401,A04010100,SH,SH06,SH060100
977101,32,애월해안누리(구 하얀둥지),제주특별자치도 제주시 애월읍 애월해안로 298,,63046,,126.3416562839,33.4705668076,6,http://tong.visitkorea.or.kr/cms/resource/75/2611075_image2_1.JPG,http://tong.visitkorea.or.kr/cms/resource/75/2611075_image3_1.JPG,Type3,20100317010919,20250924091527,39,4,50,110,B02,B0201,B02010700,AC,AC03,AC030100
978165,32,포시즌펜션,제주특별자치도 서귀포시 칠십리로285번길 3,,63598,,126.583496723658,33.2485848594624,6,https://tong.visitkorea.or.kr/cms/resource/07/3521707_image2_1.jpg,https://tong.visitkorea.or.kr/cms/resource/07/3521707_image3_1.jpg,Type3,20100317225305,20260312130734,,,50,130,,,,AC,AC03,AC030100
978214,32,제주썬레이크빌,제주특별자치도 서귀포시 성산읍 한도로 49,,63639,,126.913352778529,33.4674925294132,6,https://tong.visitkorea.or.kr/cms/resource/27/1933427_image2_1.jpg,https://tong.visitkorea.or.kr/cms/resource/27/1933427_image3_1.jpg,Type3,20100317231358,20260211093107,,,50,130,,,,AC,AC03,AC030100
978343,32,샤뜰레 펜션,제주특별자치도 서귀포시 서호호근로46번길 68,,63569,,126.528851796991,33.2483617913023,6,https://tong.visitkorea.or.kr/cms/resource/87/1933387_image2_1.jpg,https://tong.visitkorea.or.kr/cms/resource/87/1933387_image3_1.jpg,Type3,20100318001313,20260211093251,,,50,130,,,,AC,AC03,AC030100
980356,32,제주펜션 향림원,제주특별자치도 서귀포시 칠십리로394번길 8-3,,63599,,126.593198711708,33.243727245052,6,https://tong.visitkorea.or.kr/cms/resource/83/1933783_image2_1.jpg,https://tong.visitkorea.or.kr/cms/resource/83/1933783_image3_1.jpg,Type3,20100319013843,20260211093405,,,50,130,,,,AC,AC03,AC030100
983958,32,엘리시안 제주,제주특별자치도 제주시 애월읍 평화로 1738-116,,63041,,126.3825710000,33.3730700000,6,https://tong.visitkorea.or.kr/cms/resource/89/4073889_image2_1.jpg,https://tong.visitkorea.or.kr/cms/resource/89/4073889_image3_1.jpg,Type1,20100324005329,20260611154542,,,50,110,,,,AC,AC02,AC020100
984523,32,제주 블랙스톤,제주특별자치도 제주시 한림읍 한창로 925-122,,63020,,126.3124118005,33.3377949264,6,http://tong.visitkorea.or.kr/cms/resource/85/3478185_image2_1.jpg,http://tong.visitkorea.or.kr/cms/resource/85/3478185_image3_1.jpg,Type3,20100324200308,20250804173216,39,4,50,110,B02,B0201,B02010100,AC,AC01,AC010100
984562,32,타미우스골프&빌리지,제주특별자치도 제주시 애월읍 화전길 201,,63040,,126.3802668112,33.3469894223,6,http://tong.visitkorea.or.kr/cms/resource/34/3478034_image2_1.jpg,http://tong.visitkorea.or.kr/cms/resource/34/3478034_image3_1.jpg,Type3,20100324202041,20251124181813,39,4,50,110,B02,B0201,B02010500,AC,AC02,AC020100
984611,32,라온호텔 앤 리조트,제주특별자치도 제주시 한림읍 금능남로 127,,63015,,126.2396062771,33.3796752710,6,https://tong.visitkorea.or.kr/cms/resource/66/4074866_image2_1.jpg,https://tong.visitkorea.or.kr/cms/resource/66/4074866_image3_1.jpg,Type1,20100324220906,20260615092934,,,50,110,,,,VE,VE05,VE050200
985385,32,아침의향기,제주특별자치도 서귀포시 색달중앙로 122,,63534,,126.414464803593,33.2655663080959,6,https://tong.visitkorea.or.kr/cms/resource/42/1933442_image2_1.jpg,https://tong.visitkorea.or.kr/cms/resource/42/1933442_image3_1.jpg,Type3,20100325202025,20260209165712,,,50,130,,,,AC,AC03,AC030100
987913,12,점보빌리지,제주특별자치도 서귀포시 안덕면 평화로319번길 31-11,,63521,,126.3055443214,33.2763404987,6,http://tong.visitkorea.or.kr/cms/resource/43/3402943_image2_1.jpg,http://tong.visitkorea.or.kr/cms/resource/43/3402943_image3_1.jpg,Type3,20100329201913,20250710171620,39,3,50,130,A02,A0202,A02020600,VE,VE02,VE020100
988207,14,서귀포천문과학문화관,제주특별자치도 서귀포시 1100로 506-1 천문과학문화관,,63553,,126.4604111560,33.2888776636,6,http://tong.visitkorea.or.kr/cms/resource/54/3477154_image2_1.jpg,http://tong.visitkorea.or.kr/cms/resource/54/3477154_image3_1.jpg,Type3,20100330003625,20250414134354,39,3,50,130,A02,A0206,A02060300,VE,VE07,VE070300
988238,28,제주 블랙스톤 골프클럽,제주특별자치도 제주시 한림읍 한창로 925-122,,63020,,126.3124118005,33.3377949264,6,,,,20100330010916,20251224172449,39,4,50,110,A03,A0302,A03020700,LS,LS01,LS010400
988441,12,선임교,제주특별자치도 서귀포시 중문로105번길 37,,63539,,126.5547483594,33.2470559950,6,http://tong.visitkorea.or.kr/cms/resource/47/3477147_image2_1.jpg,http://tong.visitkorea.or.kr/cms/resource/47/3477147_image3_1.jpg,Type3,20100330024951,20250424182032,39,3,50,130,A02,A0205,A02050100,VE,VE01,VE010300
989025,28,라온골프클럽,제주특별자치도 제주시 한경면 용금로 998,,63005,,126.27428728426,33.3394666091849,6,https://tong.visitkorea.or.kr/cms/resource/90/1950490_image2_1.jpg,https://tong.visitkorea.or.kr/cms/resource/90/1950490_image3_1.jpg,Type3,20100330191105,20260203132555,,,50,110,,,,LS,LS01,LS010400
989206,28,아난티 클럽 제주,제주특별자치도 제주시 구좌읍 선유로 445-55,,63348,,126.738606663097,33.5205474040773,6,,,,20100330222744,20260304100426,,,50,110,,,,LS,LS01,LS010400
989242,28,에버리스골프리조트,제주특별자치도 제주시 애월읍 평화로 1693-75,,63038,,126.362092135678,33.3782245995623,6,https://tong.visitkorea.or.kr/cms/resource/64/1950564_image2_1.jpg,https://tong.visitkorea.or.kr/cms/resource/64/1950564_image3_1.jpg,Type3,20100330224956,20260213160130,,,50,110,,,,LS,LS01,LS010400
992261,38,"세화민속오일시장(5일, 0일)",제주특별자치도 제주시 구좌읍 해맞이해안로 1412,,63361,,126.8573407727,33.5261772305,6,http://tong.visitkorea.or.kr/cms/resource/52/3410552_image2_1.jpg,http://tong.visitkorea.or.kr/cms/resource/52/3410552_image3_1.jpg,Type3,20100406015222,20250324100019,39,4,50,110,A04,A0401,A04010100,SH,SH06,SH060100
992309,38,보성시장,제주특별자치도 제주시 동광로1길 32,,63197,,126.5279698982,33.5032716982,6,http://tong.visitkorea.or.kr/cms/resource/50/3053550_image2_1.jpg,http://tong.visitkorea.or.kr/cms/resource/50/3053550_image3_1.jpg,Type3,20100406022400,20250626092335,39,4,50,110,A04,A0401,A04010200,SH,SH06,SH060200
993224,38,한림민속오일시장,제주특별자치도 제주시 한림읍 한수풀로4길 10,,63026,,126.2745604816,33.4198102588,6,http://tong.visitkorea.or.kr/cms/resource/29/3477729_image2_1.jpg,http://tong.visitkorea.or.kr/cms/resource/29/3477729_image3_1.jpg,Type3,20100407184844,20250728090144,39,4,50,110,A04,A0401,A04010100,SH,SH06,SH060100
993261,38,서문공설시장,제주특별자치도 제주시 서문로4길 13-2,,63154,,126.5179483634,33.5113734195,6,http://tong.visitkorea.or.kr/cms/resource/49/3477949_image2_1.jpg,http://tong.visitkorea.or.kr/cms/resource/49/3477949_image3_1.jpg,Type3,20100407192728,20250425091938,39,4,50,110,A04,A0401,A04010200,SH,SH06,SH060200
1013246,38,동문재래시장,제주특별자치도 제주시 관덕로14길 20,,63192,,126.5260587646,33.5115624162,6,http://tong.visitkorea.or.kr/cms/resource/38/2678438_image2_1.jpg,http://tong.visitkorea.or.kr/cms/resource/38/2678438_image3_1.jpg,Type3,20100503194230,20250730120051,39,4,50,110,A04,A0401,A04010200,SH,SH06,SH060200
1013258,38,서귀포매일올레시장,제주특별자치도 서귀포시 서귀동,340,63595,,126.5641113997,33.2487281813,6,http://tong.visitkorea.or.kr/cms/resource/66/3546866_image2_1.jpg,http://tong.visitkorea.or.kr/cms/resource/66/3546866_image3_1.jpg,Type1,20100503194829,20251023143000,39,3,50,130,A04,A0401,A04010200,SH,SH06,SH060200
1013289,38,이제주숍,제주특별자치도 제주시 연삼로 473,,63217,,126.5405800026,33.4993528886,6,http://tong.visitkorea.or.kr/cms/resource/21/3396921_image2_1.jpg,http://tong.visitkorea.or.kr/cms/resource/21/3396921_image3_1.jpg,Type3,20100503202536,20250324155932,39,4,50,110,A04,A0401,A04010900,SH,SH05,SH050300
1014672,38,제주 중앙지하상가,제주특별자치도 제주시 중앙로 60,,63168,,126.5248,33.5129,6,https://tong.visitkorea.or.kr/cms/resource/22/3527922_image2_1.jpg,https://tong.visitkorea.or.kr/cms/resource/22/3527922_image3_1.jpg,Type3,20100505014249,20260318101005,,,50,110,,,,SH,SH05,SH050200
1018723,39,하영 흑돼지구이집,제주특별자치도 서귀포시 천제연로 101,,63534,,126.4165962685,33.2550751487,6,http://tong.visitkorea.or.kr/cms/resource/12/3477212_image2_1.jpg,http://tong.visitkorea.or.kr/cms/resource/12/3477212_image3_1.jpg,Type3,20100511224847,20250411111717,39,3,50,130,A05,A0502,A05020100,FD,FD01,FD010100
1019491,39,흑돈가 제주,제주특별자치도 제주시 한라대학로 11,,63088,,126.4735529330,33.4800372929,6,,,,20100512193829,20250724142808,39,4,50,110,A05,A0502,A05020100,FD,FD01,FD010100
1019521,39,진주식당,제주특별자치도 서귀포시 태평로 353,,63592,,126.559151803706,33.2466152550036,6,https://tong.visitkorea.or.kr/cms/resource/37/1023937_image2_1.jpg,https://tong.visitkorea.or.kr/cms/resource/37/1023937_image3_1.jpg,Type3,20100512195115,20260204174712,,,50,130,,,,FD,FD01,FD010100
1019773,15,제주레저힐링축제,제주특별자치도 제주시 조천읍 조함해안로 525,,63333,064-728-2757,126.6690845131,33.5427390309,6,http://tong.visitkorea.or.kr/cms/resource/96/3576396_image2_1.JPG,http://tong.visitkorea.or.kr/cms/resource/96/3576396_image3_1.JPG,Type3,20100512233337,20251128164024,39,4,50,110,A02,A0207,A02070200,EV,EV01,EV010200
1064572,28,김녕요트투어,제주특별자치도 제주시 구좌읍 구좌해안로 229-16,,63348,,126.737175369368,33.5582318813904,6,,,,20100724013813,20260211081009,,,50,110,,,,LS,LS02,LS020300
1069144,12,사라봉,제주특별자치도 제주시 사라봉동길 61,(건입동),63284,,126.5461513246,33.5176259547,6,http://tong.visitkorea.or.kr/cms/resource/99/3053499_image2_1.jpg,http://tong.visitkorea.or.kr/cms/resource/99/3053499_image3_1.jpg,Type3,20100805030515,20250416094835,39,4,50,110,A01,A0101,A01010400,NA,NA01,NA010100
1069292,12,별도봉,제주특별자치도 제주시 화북일동,,63296,,126.5531117946,33.5192286663,6,http://tong.visitkorea.or.kr/cms/resource/05/3527105_image2_1.jpg,http://tong.visitkorea.or.kr/cms/resource/05/3527105_image3_1.jpg,Type3,20100805191358,20250826171713,39,4,50,110,A01,A0101,A01010400,NA,NA01,NA010100
1069322,12,산지천,제주특별자치도 제주시 건입동,,"690-050,1",,126.5299483887,33.5161751038,6,https://tong.visitkorea.or.kr/cms/resource/75/4074275_image2_1.jpg,https://tong.visitkorea.or.kr/cms/resource/75/4074275_image3_1.jpg,Type1,20100805195206,20260626172548,,,50,110,,,,NA,NA01,NA010400
1146121,12,에코랜드테마파크,제주특별자치도 제주시 조천읍 번영로 1278-169,,63346,,126.6670616591,33.4564874302,6,http://tong.visitkorea.or.kr/cms/resource/43/3396943_image2_1.jpg,http://tong.visitkorea.or.kr/cms/resource/43/3396943_image3_1.jpg,Type3,20101215010113,20250324112822,39,4,50,110,A02,A0202,A02020600,VE,VE02,VE020100
1162240,12,제주도 국가지질공원,제주특별자치도 제주시 조천읍 선교로 569-36,,63341,,126.7142575546,33.4569020299,6,http://tong.visitkorea.or.kr/cms/resource/85/3433085_image2_1.jpg,http://tong.visitkorea.or.kr/cms/resource/85/3433085_image3_1.jpg,Type1,20110105184426,20250812095108,39,4,50,110,A01,A0101,A01010500,NA,NA04,NA040400
1206420,12,제주힐링명상테마파크,제주특별자치도 제주시 애월읍 어음13길 196,,63038,,126.3610557300,33.3955670091,6,https://tong.visitkorea.or.kr/cms/resource/58/4073358_image2_1.jpg,https://tong.visitkorea.or.kr/cms/resource/58/4073358_image3_1.jpg,Type1,20110217003600,20260610162841,,,50,110,,,,EX,EX07,EX070200
1215292,12,사라오름,제주특별자치도 서귀포시 남원읍 신례리 산 2-1,,63608,,126.6050441353,33.3642521899,6,http://tong.visitkorea.or.kr/cms/resource/60/3523460_image2_1.jpg,http://tong.visitkorea.or.kr/cms/resource/60/3523460_image3_1.jpg,Type3,20110224193342,20250819155315,39,3,50,130,A01,A0101,A01010400,NA,NA01,NA010100
1220821,14,세계조가비박물관,제주특별자치도 서귀포시 태평로 284,,63594,,126.5516736169,33.2474447916,6,http://tong.visitkorea.or.kr/cms/resource/10/3548310_image2_1.jpg,http://tong.visitkorea.or.kr/cms/resource/10/3548310_image3_1.jpg,Type1,20110302222201,20251023143000,39,3,50,130,A02,A0206,A02060100,VE,VE07,VE070100
1305270,39,수희식당,제주특별자치도 서귀포시 태평로 377,,63595,,126.5612617215,33.2453646181,6,,,,20110613201500,20251127095336,39,3,50,130,A05,A0502,A05020100,FD,FD01,FD010100
1308810,39,해진횟집,제주특별자치도 제주시 서부두길 22-1,,63276,,126.52848458614,33.5183581593197,6,https://tong.visitkorea.or.kr/cms/resource/26/1937226_image2_1.jpg,https://tong.visitkorea.or.kr/cms/resource/26/1937226_image3_1.jpg,Type3,20110615194010,20260213161702,,,50,110,,,,FD,FD01,FD010100
1329201,12,메이즈랜드,제주특별자치도 제주시 구좌읍 비자림로 2134-47,,63351,,126.8006766329,33.4887187821,4,https://tong.visitkorea.or.kr/cms/resource/38/4078338_image2_1.jpg,https://tong.visitkorea.or.kr/cms/resource/38/4078338_image3_1.jpg,Type3,20110712224139,20260624092855,,,50,110,,,,VE,VE02,VE020100
1348840,32,예래펜션,제주특별자치도 서귀포시 예래해안로 527,(상예동),63536,,126.400244162306,33.2539618754123,6,https://tong.visitkorea.or.kr/cms/resource/62/1933462_image2_1.jpg,https://tong.visitkorea.or.kr/cms/resource/62/1933462_image3_1.jpg,Type3,20110803184237,20260211093527,,,50,130,,,,AC,AC03,AC030100
1351196,12,"저지오름(닥몰오름,새오름)",제주특별자치도 제주시 한경면 중산간서로,,63007,,126.2517754921,33.3338221918,6,http://tong.visitkorea.or.kr/cms/resource/30/3400730_image2_1.jpg,http://tong.visitkorea.or.kr/cms/resource/30/3400730_image3_1.jpg,Type3,20110805001957,20250324131809,39,4,50,110,A01,A0101,A01010400,NA,NA01,NA010100
1351320,12,아부오름,제주특별자치도 제주시 구좌읍 송당리,산164-1,63355,,126.7776133886,33.4473291064,6,http://tong.visitkorea.or.kr/cms/resource/27/3011827_image2_1.jpg,http://tong.visitkorea.or.kr/cms/resource/27/3011827_image3_1.jpg,Type1,20110805004638,20250513171547,39,4,50,110,A01,A0101,A01010400,NA,NA01,NA010100
1403482,32,오션스위츠 제주호텔,제주특별자치도 제주시 탑동해안로 74,,63165,,126.523112864166,33.5183414084125,6,,,,20111014190000,20260224121340,,,50,110,,,,AC,AC01,AC010100
1404293,39,바그다드,제주특별자치도 제주시 관덕로8길 34,,63169,,126.5232423720,33.5103069552,6,,,,20111015001240,20250321162508,39,4,50,110,A05,A0502,A05020700,FD,FD02,FD020400
1405489,39,라지마할,제주특별자치도 제주시 신광로 43,,63124,,126.4902735165,33.4882477612,6,,,,20111017230051,20251229104551,39,4,50,110,A05,A0502,A05020700,FD,FD02,FD020400
1420586,39,해녀횟집,제주특별자치도 제주시 탑동로 35 (삼도이동),,63166,,126.52097567798324,33.51754291819985,6,,,,20111028183349,20260213170638,,,50,110,,,,FD,FD01,FD010100
1544730,14,제주돌문화공원,제주특별자치도 제주시 조천읍 남조로 2023,,63345,,126.6639928720,33.4466214020,6,https://tong.visitkorea.or.kr/cms/resource/94/4094994_image2_1.jpg,https://tong.visitkorea.or.kr/cms/resource/94/4094994_image3_1.jpg,Type1,20120127203005,20260803162014,,,50,110,,,,VE,VE07,VE070100
1556005,14,그리스신화박물관,제주특별자치도 제주시 한림읍 광산로 942,,63021,,126.357654338361,33.3480724819537,6,https://tong.visitkorea.or.kr/cms/resource/71/3053171_image2_1.jpg,https://tong.visitkorea.or.kr/cms/resource/71/3053171_image3_1.jpg,Type3,20120220190244,20260309093631,,,50,110,,,,VE,VE07,VE070100
1620863,12,양금석가옥,제주특별자치도 서귀포시 남원읍 신례로298번길 3-6,,63608,,126.628597127791,33.2913111755089,6,,,,20120502230316,20260416151620,,,50,130,,,,HS,HS01,HS010400
1620883,12,하모해변,제주특별자치도 서귀포시 대정읍 하모리,279-2,63509,,126.2605635569,33.2113219743,6,http://tong.visitkorea.or.kr/cms/resource/22/3391622_image2_1.jpg,http://tong.visitkorea.or.kr/cms/resource/22/3391622_image3_1.jpg,Type3,20120502233106,20251224143356,39,3,50,130,A01,A0101,A01011200,NA,NA02,NA020900
1620936,12,이중섭거리,제주특별자치도 서귀포시 이중섭로 29 (서귀동),,63595,,126.5644697732,33.2455202067,6,http://tong.visitkorea.or.kr/cms/resource/36/3403036_image2_1.jpg,http://tong.visitkorea.or.kr/cms/resource/36/3403036_image3_1.jpg,Type3,20120503005234,20250730103005,39,3,50,130,A02,A0203,A02030600,VE,VE04,VE040100
1620988,28,이어도 승마장,제주특별자치도 서귀포시 성산읍 서성일로 269,,63632,,126.8209644499,33.4075552393,6,,,,20120503011344,20260611092326,,,50,130,,,,LS,LS01,LS010700
1620997,12,하멜기념비,제주특별자치도 서귀포시 안덕면 사계리 112-3,,63528,,126.3146500324,33.2337481229,6,http://tong.visitkorea.or.kr/cms/resource/24/3551524_image2_1.jpg,http://tong.visitkorea.or.kr/cms/resource/24/3551524_image3_1.jpg,Type1,20120503012500,20251023143000,39,3,50,130,A02,A0205,A02050200,HS,HS02,HS020100
1621032,12,평화통일 불사리탑,제주특별자치도 제주시 조천읍 일주동로 884,(조천읍),63335,,126.6362431688,33.5319646966,6,http://tong.visitkorea.or.kr/cms/resource/18/3384918_image2_1.jpg,http://tong.visitkorea.or.kr/cms/resource/18/3384918_image3_1.jpg,Type3,20120503020614,20250324131552,39,4,50,110,A02,A0201,A02010800,HS,HS03,HS030100
1621045,12,신촌향사,제주특별자치도 제주시 조천읍 신촌5길 27,,63337,,126.6206833050,33.5365417182,6,http://tong.visitkorea.or.kr/cms/resource/44/3555044_image2_1.jpg,http://tong.visitkorea.or.kr/cms/resource/44/3555044_image3_1.jpg,Type1,20120503021644,20251023175909,39,4,50,110,A02,A0201,A02010700,HS,HS01,HS010900
1621059,12,구시물,제주특별자치도 제주시 애월읍 상귀리,884,63057,,126.4097117919,33.4565305490,6,http://tong.visitkorea.or.kr/cms/resource/06/3403406_image2_1.jpg,http://tong.visitkorea.or.kr/cms/resource/06/3403406_image3_1.jpg,Type3,20120503023036,20251224112133,39,4,50,110,A01,A0101,A01011000,NA,NA01,NA010500
1621077,12,세화해수욕장,제주특별자치도 제주시 구좌읍 세화길,(구좌읍),63361,,126.861237,33.525289,6,https://tong.visitkorea.or.kr/cms/resource/21/3481321_image2_1.jpg,https://tong.visitkorea.or.kr/cms/resource/21/3481321_image3_1.jpg,Type3,20120503024033,20260305095851,,,50,110,,,,NA,NA02,NA020900
1621118,12,제주해녀항일운동기념탑,제주특별자치도 제주시 구좌읍 해녀박물관길 26,,63362,,126.8639930584,33.5225027447,,http://tong.visitkorea.or.kr/cms/resource/07/3384607_image2_1.jpg,http://tong.visitkorea.or.kr/cms/resource/07/3384607_image3_1.jpg,Type3,20120503030149,20250324111829,39,4,50,110,A02,A0205,A02050200,HS,HS02,HS020100
1621147,12,정의향교,제주특별자치도 서귀포시 표선면 성읍서문로 14,,63624,,126.8000850448,33.3869055872,6,http://tong.visitkorea.or.kr/cms/resource/53/3384553_image2_1.jpg,http://tong.visitkorea.or.kr/cms/resource/53/3384553_image3_1.jpg,Type3,20120503031750,20251224152029,39,3,50,130,A02,A0201,A02010700,HS,HS01,HS010900
1621155,12,제주 성읍마을 고평오 고택,제주특별자치도 서귀포시 표선면 성읍정의현로34번길 5-3,,63624,,126.8018154715,33.3859918271,6,http://tong.visitkorea.or.kr/cms/resource/37/3551937_image2_1.jpg,http://tong.visitkorea.or.kr/cms/resource/37/3551937_image3_1.jpg,Type1,20120503032641,20251023143000,39,3,50,130,A02,A0201,A02010400,HS,HS01,HS010400
1621161,12,제주 성읍마을 고창환 고택,제주특별자치도 서귀포시 표선면 성읍서문로 4-7,,63624,,126.8001350317,33.3872944340,6,http://tong.visitkorea.or.kr/cms/resource/93/3552193_image2_1.jpg,http://tong.visitkorea.or.kr/cms/resource/93/3552193_image3_1.jpg,Type1,20120503033403,20251023143000,39,3,50,130,A02,A0201,A02010400,HS,HS01,HS010400
1621165,12,정의현성,제주특별자치도 서귀포시 표선면 성읍리,성읍민속마을 공영주차장 인근,63624,,126.8021126853,33.3852280274,6,http://tong.visitkorea.or.kr/cms/resource/50/3551950_image2_1.jpg,http://tong.visitkorea.or.kr/cms/resource/50/3551950_image3_1.jpg,Type1,20120503034422,20251023143000,39,3,50,130,A02,A0201,A02010200,HS,HS01,HS010200
1621175,12,대정향교,제주특별자치도 서귀포시 안덕면 향교로 165-17,,63528,,126.2883840008,33.2395439887,6,https://tong.visitkorea.or.kr/cms/resource/27/4078327_image2_1.jpg,https://tong.visitkorea.or.kr/cms/resource/27/4078327_image3_1.jpg,Type3,20120503035321,20260623152652,,,50,130,,,,HS,HS01,HS010900
1672315,12,제주 노루생태관찰원,제주특별자치도 제주시 명림로 520,,63313,,126.6266209993,33.4444547805,,http://tong.visitkorea.or.kr/cms/resource/67/3389767_image2_1.jpg,http://tong.visitkorea.or.kr/cms/resource/67/3389767_image3_1.jpg,Type3,20120718013358,20250324164726,39,4,50,110,A01,A0101,A01010500,NA,NA04,NA040500
1690237,15,산지천축제,제주특별자치도 제주시 중앙로3길 36 (일도일동),,63277,064-728-4652,126.5283445957,33.5151787191,6,http://tong.visitkorea.or.kr/cms/resource/22/3529822_image2_1.jpg,http://tong.visitkorea.or.kr/cms/resource/22/3529822_image3_1.jpg,Type3,20120811004351,20250924171103,39,4,50,110,A02,A0207,A02070200,EV,EV01,EV010200
1737497,14,초콜릿랜드,제주특별자치도 서귀포시 중문관광로110번길 15,,63535,,126.4133188934,33.2497673500,6,http://tong.visitkorea.or.kr/cms/resource/17/3023917_image2_1.jpg,http://tong.visitkorea.or.kr/cms/resource/17/3023917_image3_1.jpg,Type3,20121023011904,20250407094501,39,3,50,130,A02,A0206,A02060100,VE,VE07,VE070100
1755101,28,제주승마공원,제주특별자치도 제주시 애월읍 녹고메길 152-1,(애월읍),63066,,126.4061271508,33.4050889621,6,http://tong.visitkorea.or.kr/cms/resource/65/3477665_image2_1.jpg,http://tong.visitkorea.or.kr/cms/resource/65/3477665_image3_1.jpg,Type3,20121121022006,20250417175935,39,4,50,110,A03,A0302,A03021100,LS,LS01,LS010700
1755350,28,탑 승마클럽,제주특별자치도 제주시 명림로 278,(봉개동),63313,,126.6118329775,33.4627608528,6,http://tong.visitkorea.or.kr/cms/resource/70/3477770_image2_1.jpg,http://tong.visitkorea.or.kr/cms/resource/70/3477770_image3_1.jpg,Type3,20121121193303,20250416102047,39,4,50,110,A03,A0302,A03021100,LS,LS01,LS010700
1755806,14,제주아트센터,제주특별자치도 제주시 오남로 231 제주아트센터,,63147,,126.5155327293,33.4751107281,6,http://tong.visitkorea.or.kr/cms/resource/56/3400756_image2_1.jpg,http://tong.visitkorea.or.kr/cms/resource/56/3400756_image3_1.jpg,Type3,20121122015907,20250729155454,39,4,50,110,A02,A0206,A02060600,VE,VE06,VE060100
1769266,14,제주 세계자연유산센터,제주특별자치도 제주시 조천읍 선교로 569-36,,63341,,126.7147186830,33.4568849822,6,https://tong.visitkorea.or.kr/cms/resource/97/4073497_image2_1.jpg,https://tong.visitkorea.or.kr/cms/resource/97/4073497_image3_1.jpg,Type1,20121218230938,20260610172913,,,50,110,,,,VE,VE07,VE070200
1798082,14,본태박물관,제주특별자치도 서귀포시 안덕면 산록남로762번길 69,(안덕면),63525,,126.3925450000,33.3040100000,6,https://tong.visitkorea.or.kr/cms/resource/07/4073607_image2_1.jpg,https://tong.visitkorea.or.kr/cms/resource/07/4073607_image3_1.jpg,Type1,20130301010209,20260611093734,,,50,130,,,,VE,VE07,VE070100
1812994,12,조랑말체험공원,제주특별자치도 서귀포시 표선면 녹산로 381-17,,63622,,126.7356684832,33.3834771540,6,http://tong.visitkorea.or.kr/cms/resource/62/3071962_image2_1.jpg,http://tong.visitkorea.or.kr/cms/resource/62/3071962_image3_1.jpg,Type1,20130524020417,20250718102627,39,3,50,130,A02,A0203,A02030400,EX,EX07,EX070200
1821483,32,제주올레하우스,제주특별자치도 제주시 구좌읍 덕행로 450-23,,63349,,126.7784506914,33.5133329329,6,http://tong.visitkorea.or.kr/cms/resource/88/3546888_image2_1.jpg,http://tong.visitkorea.or.kr/cms/resource/88/3546888_image3_1.jpg,Type3,20130620020530,20251023143000,39,4,50,110,B02,B0201,B02010700,AC,AC03,AC030100
1823088,39,서귀포시축협 축산물플라자,제주특별자치도 서귀포시 일주동로 8421,,63598,,126.588468289905,33.2571978278387,6,https://tong.visitkorea.or.kr/cms/resource/94/1786494_image2_1.jpg,https://tong.visitkorea.or.kr/cms/resource/94/1786494_image3_1.jpg,Type3,20130625182625,20260211081009,,,50,130,,,,FD,FD01,FD010100
1827714,39,올래국수,제주특별자치도 제주시 귀아랑길 24,,63119,,126.4972061735,33.4914891794,6,,,,20130712222841,20251202142131,39,4,50,110,A05,A0502,A05020100,FD,FD01,FD010100
1827790,39,돈사돈,제주특별자치도 제주시 우평로 19,,63107,,126.4640748143,33.4788450641,6,,,,20130712234017,20260626140526,,,50,110,,,,FD,FD01,FD010100
1828308,39,소라횟집,제주특별자치도 제주시 구좌읍 해맞이해안로 1240-3,,63360,,126.8463054731,33.5325096853,6,http://tong.visitkorea.or.kr/cms/resource/21/1827421_image2_1.jpg,http://tong.visitkorea.or.kr/cms/resource/21/1827421_image3_1.jpg,Type3,20130726030020,20250728140529,39,4,50,110,A05,A0502,A05020100,FD,FD01,FD010100
1828395,39,순옥이네명가,제주특별자치도 제주시 도공로 8,,63113,,126.465018565223,33.5054447582115,6,,,,20130717003723,20260226162433,,,50,110,,,,FD,FD01,FD010100
1834279,15,2026 하영 빛나는 서귀포,제주특별자치도 서귀포시 칠십리로 120-12 (서귀동),,63596,064-760-2654,126.566848427225,33.2414415056443,6,https://tong.visitkorea.or.kr/cms/resource/25/4066025_image2_1.jpg,https://tong.visitkorea.or.kr/cms/resource/25/4066025_image3_1.jpg,Type3,20130806195520,20260520095942,,,50,130,,,,EV,EV03,EV030400
1839451,28,[제주올레 1코스] 시흥-광치기 올레,제주특별자치도 서귀포시 성산읍 시흥상동로 113,,63638,,126.8955024257,33.4796218839,6,http://tong.visitkorea.or.kr/cms/resource/82/3550482_image2_1.jpg,http://tong.visitkorea.or.kr/cms/resource/82/3550482_image3_1.jpg,Type1,20130821185227,20251023143000,39,3,50,130,A03,A0302,A03022700,LS,LS01,LS011900
1839477,28,[제주올레 2코스] 광치기-온평 올레,제주특별자치도 서귀포시 성산읍 고성리 224-33,(성산읍),63640,,126.9233728803,33.4515532149,6,http://tong.visitkorea.or.kr/cms/resource/02/3550002_image2_1.jpg,http://tong.visitkorea.or.kr/cms/resource/02/3550002_image3_1.jpg,Type1,20130821200023,20251023143000,39,3,50,130,A03,A0302,A03022700,LS,LS01,LS011900
1839491,28,[제주올레 3코스] 온평-표선 올레 (A),제주특별자치도 서귀포시 성산읍 온평리 1001-6,(성산읍),63633,,126.9039284074,33.4052580126,6,http://tong.visitkorea.or.kr/cms/resource/16/3550516_image2_1.jpg,http://tong.visitkorea.or.kr/cms/resource/16/3550516_image3_1.jpg,Type1,20130821203434,20251023143000,39,3,50,130,A03,A0302,A03022700,LS,LS01,LS011900
1839536,28,[제주올레 4코스] 표선-남원 올레,제주특별자치도 서귀포시 표선면 민속해안로 594,,63629,,126.8424411126,33.3254852694,6,http://tong.visitkorea.or.kr/cms/resource/91/3549791_image2_1.jpg,http://tong.visitkorea.or.kr/cms/resource/91/3549791_image3_1.jpg,Type1,20130821235216,20251023143000,39,3,50,130,A03,A0302,A03022700,LS,LS01,LS011900
1839552,28,[제주올레 5코스] 남원-쇠소깍 올레,제주특별자치도 서귀포시 남원읍 남태해안로 137-1,,63621,,126.7197694755,33.2781357482,6,http://tong.visitkorea.or.kr/cms/resource/20/3550220_image2_1.jpg,http://tong.visitkorea.or.kr/cms/resource/20/3550220_image3_1.jpg,Type1,20130822002228,20251023143000,39,3,50,130,A03,A0302,A03022700,LS,LS01,LS011900
1839621,28,[제주올레 6코스] 쇠소깍-제주올레 여행자센터 올레,제주특별자치도 서귀포시 하효동 995-4,(하효동),63600,,126.6234034054,33.2522676207,6,http://tong.visitkorea.or.kr/cms/resource/33/3550333_image2_1.jpg,http://tong.visitkorea.or.kr/cms/resource/33/3550333_image3_1.jpg,Type1,20130822014730,20251023143000,39,3,50,130,A03,A0302,A03022700,LS,LS01,LS011900
1839630,28,[제주올레 7코스] 제주올레 여행자센터 - 월평 올레,제주특별자치도 서귀포시 서홍동 780-4,(서홍동),63594,,126.5470408308,33.2409343257,6,http://tong.visitkorea.or.kr/cms/resource/69/3549769_image2_1.jpg,http://tong.visitkorea.or.kr/cms/resource/69/3549769_image3_1.jpg,Type1,20130822022933,20251023143000,39,3,50,130,A03,A0302,A03022700,LS,LS01,LS011900
1839701,28,[제주올레 8코스] 월평-대평 올레,제주특별자치도 서귀포시 월평동 741-3,(월평동),63562,,126.4585928819,33.2436298517,6,http://tong.visitkorea.or.kr/cms/resource/15/3549815_image2_1.jpg,http://tong.visitkorea.or.kr/cms/resource/15/3549815_image3_1.jpg,Type1,20130822181510,20251023143000,39,3,50,130,A03,A0302,A03022700,LS,LS01,LS011900
1839709,28,[제주올레 9코스] 대평-화순 올레,제주특별자치도 서귀포시 안덕면 감산리 982-3,(안덕면),63531,,126.3614958945,33.2370318290,6,http://tong.visitkorea.or.kr/cms/resource/60/3549960_image2_1.jpg,http://tong.visitkorea.or.kr/cms/resource/60/3549960_image3_1.jpg,Type1,20130822194309,20251023143000,39,3,50,130,A03,A0302,A03022700,LS,LS01,LS011900
1839713,28,[제주올레 10코스] 화순-모슬포 올레,제주특별자치도 서귀포시 안덕면 화순해안로 85,,63530,,126.3346120570,33.2397144441,6,http://tong.visitkorea.or.kr/cms/resource/37/3549637_image2_1.jpg,http://tong.visitkorea.or.kr/cms/resource/37/3549637_image3_1.jpg,Type1,20130822195643,20251023143000,39,3,50,130,A03,A0302,A03022700,LS,LS01,LS011900
1839727,28,[제주올레 11코스] 모슬포-무릉 올레,제주특별자치도 서귀포시 대정읍 최남단해안로29번길 14,,63513,,126.2527390756,33.2185988261,6,http://tong.visitkorea.or.kr/cms/resource/72/3549972_image2_1.jpg,http://tong.visitkorea.or.kr/cms/resource/72/3549972_image3_1.jpg,Type1,20130822220618,20251023143000,39,3,50,130,A03,A0302,A03022700,LS,LS01,LS011900
1839772,28,[제주올레 12코스] 무릉-용수 올레,제주특별자치도 서귀포시 중산간서로 2852,,63501,,126.2368225485,33.2747034922,6,http://tong.visitkorea.or.kr/cms/resource/84/3550384_image2_1.jpg,http://tong.visitkorea.or.kr/cms/resource/84/3550384_image3_1.jpg,Type1,20130822233101,20251023143000,39,3,50,130,A03,A0302,A03022700,LS,LS01,LS011900
1839784,28,[제주올레 13코스] 용수-저지 올레,제주특별자치도 제주시 한경면 용수리 4241-7,,63009,,126.1660609434,33.3238525087,6,http://tong.visitkorea.or.kr/cms/resource/23/3554423_image2_1.jpg,http://tong.visitkorea.or.kr/cms/resource/23/3554423_image3_1.jpg,Type1,20130823002157,20251023141212,39,4,50,110,A03,A0302,A03022700,LS,LS01,LS011900
1839801,28,[제주올레 14코스] 저지-한림 올레,제주특별자치도 제주시 한경면 저지리 1851-5,(한경면),63005,,126.2558862752,33.3325196218,6,http://tong.visitkorea.or.kr/cms/resource/02/3554302_image2_1.jpg,http://tong.visitkorea.or.kr/cms/resource/02/3554302_image3_1.jpg,Type1,20130823004505,20251023133520,39,4,50,110,A03,A0302,A03022700,LS,LS01,LS011900
1839833,28,[제주올레 15코스] 한림-고내 올레 (A),제주특별자치도 제주시 한림읍 한림해안로 196,,63031,,126.2625365394,33.4193184574,6,http://tong.visitkorea.or.kr/cms/resource/96/3554196_image2_1.jpg,http://tong.visitkorea.or.kr/cms/resource/96/3554196_image3_1.jpg,Type1,20130823020341,20251023125852,39,4,50,110,A03,A0302,A03022700,LS,LS01,LS011900
1839864,28,[제주올레 16코스] 고내-광령 올레,제주특별자치도 제주시 애월읍 고내리 1111-2,(애월읍),63045,,126.3379094700,33.4669310396,6,http://tong.visitkorea.or.kr/cms/resource/23/3554323_image2_1.jpg,http://tong.visitkorea.or.kr/cms/resource/23/3554323_image3_1.jpg,Type1,20130823182008,20251023134638,39,4,50,110,A03,A0302,A03022700,LS,LS01,LS011900
1839866,28,[제주올레 17코스] 광령-제주원도심 올레,제주특별자치도 제주시 애월읍 광령리 1271-5,(애월읍),63062,,126.4392563501,33.4607694370,6,http://tong.visitkorea.or.kr/cms/resource/06/3554106_image2_1.jpg,http://tong.visitkorea.or.kr/cms/resource/06/3554106_image3_1.jpg,Type1,20130823192008,20251023105447,39,4,50,110,A03,A0302,A03022700,LS,LS01,LS011900
1840777,28,[제주올레 18코스] 제주원도심-조천 올레,제주특별자치도 제주시 산지로 7 (건입동),,63278,,126.5304027336,33.5159036718,6,http://tong.visitkorea.or.kr/cms/resource/10/3554210_image2_1.jpg,http://tong.visitkorea.or.kr/cms/resource/10/3554210_image3_1.jpg,Type1,20130829181125,20251023130653,39,4,50,110,A03,A0302,A03022700,LS,LS01,LS011900
1840837,28,[제주올레 19코스] 조천-김녕 올레,제주특별자치도 제주시 조천읍 조천리 1209-1,(조천읍),63335,,126.6412842181,33.5398027986,6,http://tong.visitkorea.or.kr/cms/resource/19/3554119_image2_1.jpg,http://tong.visitkorea.or.kr/cms/resource/19/3554119_image3_1.jpg,Type1,20130829194147,20251023110911,39,4,50,110,A03,A0302,A03022700,LS,LS01,LS011900
1840882,28,[제주올레 20코스] 김녕-하도 올레,제주특별자치도 제주시 구좌읍 김녕리 4069,(구좌읍),63348,,126.745241300572,33.5576098624802,6,https://tong.visitkorea.or.kr/cms/resource/54/3554454_image2_1.jpg,https://tong.visitkorea.or.kr/cms/resource/54/3554454_image3_1.jpg,Type1,20130829222547,20260209124505,,,50,110,,,,LS,LS01,LS011900
1840913,28,[제주올레 21코스] 하도-종달 올레,제주특별자치도 제주시 구좌읍 해녀박물관길 26,,63362,,126.8634125272,33.5236276110,6,http://tong.visitkorea.or.kr/cms/resource/56/3554256_image2_1.jpg,http://tong.visitkorea.or.kr/cms/resource/56/3554256_image3_1.jpg,Type1,20130829232349,20251023132442,39,4,50,110,A03,A0302,A03022700,LS,LS01,LS011900
1841003,28,[제주올레 1-1코스] 우도-올레,제주특별자치도 제주시 우도면 연평리 1737-1,(우도면),63365,,126.9516416919,33.4931851843,6,http://tong.visitkorea.or.kr/cms/resource/75/3554375_image2_1.jpg,http://tong.visitkorea.or.kr/cms/resource/75/3554375_image3_1.jpg,Type1,20130830004658,20251107094413,39,4,50,110,A03,A0302,A03022700,LS,LS01,LS011900
1841056,28,[제주올레 7-1코스] 서귀포 버스터미널 - 제주올레 여행자센터 올레,제주특별자치도 서귀포시 일주동로 9217 (법환동),,63572,,126.5082329024,33.2490217077,6,http://tong.visitkorea.or.kr/cms/resource/01/3549901_image2_1.jpg,http://tong.visitkorea.or.kr/cms/resource/01/3549901_image3_1.jpg,Type1,20130830015827,20251023143000,39,3,50,130,A03,A0302,A03022700,LS,LS01,LS011900
1841279,28,[제주올레 10-1코스] 가파도 올레,제주특별자치도 서귀포시 대정읍 가파로 243,,63514,,126.2707995994,33.1742484480,6,http://tong.visitkorea.or.kr/cms/resource/86/3549886_image2_1.jpg,http://tong.visitkorea.or.kr/cms/resource/86/3549886_image3_1.jpg,Type1,20130830195128,20251023143000,39,3,50,130,A03,A0302,A03022700,LS,LS01,LS011900
1841313,28,[제주올레 14-1코스] 저지-서광 올레,제주특별자치도 제주시 한경면 저지리 1851-5,(한경면),63005,,126.2563223464,33.3326057306,6,http://tong.visitkorea.or.kr/cms/resource/52/3554152_image2_1.jpg,http://tong.visitkorea.or.kr/cms/resource/52/3554152_image3_1.jpg,Type1,20130830224158,20251023112543,39,4,50,110,A03,A0302,A03022700,LS,LS01,LS011900
1844163,28,[제주올레 18-1코스] 추자도 올레,제주특별자치도 제주시 추자면 추자로 39,,63000,,126.2960768262,33.9637057377,6,http://tong.visitkorea.or.kr/cms/resource/15/3554515_image2_1.jpg,http://tong.visitkorea.or.kr/cms/resource/15/3554515_image3_1.jpg,Type1,20130910190319,20251023150516,39,4,50,110,A03,A0302,A03022700,LS,LS01,LS011900
1846473,32,신신호텔 제주오션,제주특별자치도 서귀포시 중앙로 14 (서귀동),,63595,,126.56233627717475,33.24595724709794,6,https://tong.visitkorea.or.kr/cms/resource/49/3521549_image2_1.jpg,https://tong.visitkorea.or.kr/cms/resource/49/3521549_image3_1.jpg,Type3,20130925020249,20260312110317,,,50,130,,,,AC,AC01,AC010100
1847757,39,해녀촌,제주특별자치도 제주시 구좌읍 동복로 33,,63347,,126.7098946061,33.5536884744,6,http://tong.visitkorea.or.kr/cms/resource/12/3466512_image2_1.jpg,http://tong.visitkorea.or.kr/cms/resource/12/3466512_image3_1.jpg,Type3,20130930200032,20250909173100,39,4,50,110,A05,A0502,A05020100,FD,FD01,FD010100
1853848,32,바다하우스,제주특별자치도 제주시 애월읍 애월해안로 218,,63045,,126.3356596732,33.4665921534,6,http://tong.visitkorea.or.kr/cms/resource/20/3478020_image2_1.jpg,http://tong.visitkorea.or.kr/cms/resource/20/3478020_image3_1.jpg,Type3,20131026020822,20251124163624,39,4,50,110,B02,B0201,B02010700,AC,AC03,AC030100
1861280,39,은희네해장국,제주특별자치도 제주시 고마로13길 8,,63253,,126.5407381130,33.5085574275,6,,,,20131121232432,20250730111616,39,4,50,110,A05,A0502,A05020100,FD,FD01,FD010100
1861333,39,비지곶식당,제주특별자치도 제주시 구좌읍 일주동로 3002,,63360,,126.8420753877,33.5280378892,6,,,,20131122000035,20250321172602,39,4,50,110,A05,A0502,A05020100,FD,FD01,FD010100
1861336,39,광양해장국집,제주특별자치도 제주시 광양13길 25 (이도이동),,63209,,126.5326251248,33.4999471402,6,http://tong.visitkorea.or.kr/cms/resource/06/3408106_image2_1.jpg,http://tong.visitkorea.or.kr/cms/resource/06/3408106_image3_1.jpg,Type3,20131122000916,20251023143000,39,4,50,110,A05,A0502,A05020100,FD,FD01,FD010100
1861360,39,모이세해장국,제주특별자치도 제주시 연북로 221,,63145,,126.5051390387,33.4817126104,6,http://tong.visitkorea.or.kr/cms/resource/99/3396899_image2_1.jpg,http://tong.visitkorea.or.kr/cms/resource/99/3396899_image3_1.jpg,Type3,20131122003556,20250324113126,39,4,50,110,A05,A0502,A05020100,FD,FD01,FD010100
1861656,12,1100고지습지,제주특별자치도 서귀포시 1100로 1555,,63554,,126.4630149420,33.3576728826,6,http://tong.visitkorea.or.kr/cms/resource/07/3314907_image2_1.jpg,http://tong.visitkorea.or.kr/cms/resource/07/3314907_image3_1.jpg,Type1,20131122020353,20250415105549,39,3,50,130,A01,A0101,A01010500,NA,NA03,NA030400
1862763,38,더 아일랜더,제주특별자치도 제주시 관덕로4길 7,,63168,,126.5213603854,33.5123948509,6,https://tong.visitkorea.or.kr/cms/resource/49/4074849_image2_1.jpg,https://tong.visitkorea.or.kr/cms/resource/49/4074849_image3_1.jpg,Type1,20131126011622,20260612174920,,,50,110,,,,SH,SH05,SH050300
1863246,38,바당수산,제주특별자치도 제주시 임항로 49,,63276,,126.5300249638,33.5169924336,6,http://tong.visitkorea.or.kr/cms/resource/35/3396935_image2_1.jpg,http://tong.visitkorea.or.kr/cms/resource/35/3396935_image3_1.jpg,Type3,20131126221628,20250324145656,39,4,50,110,A04,A0401,A04010600,SH,SH05,SH050200
1864828,38,제일토산품,제주특별자치도 제주시 관덕로 24,,63168,,126.52184643878,33.5129420171628,6,,,,20131128201754,20260213145055,,,50,110,,,,SH,SH05,SH050300
1865762,39,삼다도횟집,제주특별자치도 제주시 서해안로 572,,63114,,126.4993275871,33.5189945013,6,http://tong.visitkorea.or.kr/cms/resource/49/3396849_image2_1.jpg,http://tong.visitkorea.or.kr/cms/resource/49/3396849_image3_1.jpg,Type3,20131203002332,20250324162140,39,4,50,110,A05,A0502,A05020100,FD,FD01,FD010100
1866904,39,가시식당,제주특별자치도 서귀포시 표선면 가시로565번길 24,,63623,,126.7713633064,33.3530172003,6,http://tong.visitkorea.or.kr/cms/resource/76/3389976_image2_1.jpg,http://tong.visitkorea.or.kr/cms/resource/76/3389976_image3_1.jpg,Type3,20131204015159,20251023143000,39,3,50,130,A05,A0502,A05020100,FD,FD01,FD010100
1866954,39,감나무집,제주특별자치도 제주시 오남로 12,,63191,,126.51954708216,33.4941441700543,6,,,,20131204030755,20260224121340,,,50,110,,,,FD,FD01,FD010100
1867129,38,제주민속식품(사월의 꿩),제주특별자치도 제주시 구좌읍 번영로 2178,,63355,,126.750977093973,33.4279139380959,6,,,,20131204224626,20260409145332,,,50,110,,,,SH,SH05,SH050200
1867998,39,고불락,제주특별자치도 제주시 애월읍 고내로7길 45-12,,63045,,126.3366095862,33.4667893686,6,http://tong.visitkorea.or.kr/cms/resource/50/3396850_image2_1.jpg,http://tong.visitkorea.or.kr/cms/resource/50/3396850_image3_1.jpg,Type3,20131206203154,20250324160813,39,4,50,110,A05,A0502,A05020100,FD,FD01,FD010100
1868009,39,골막식당,제주특별자치도 제주시 천수로 12,,63215,,126.538434024914,33.5024185092047,6,,,,20131206221658,20260323170158,,,50,110,,,,FD,FD01,FD010100
1869305,32,나.미.송,제주특별자치도 제주시 애월읍 평화로 2476-10,,63065,,126.41768930667116,33.4302838053939,6,https://tong.visitkorea.or.kr/cms/resource/15/2560115_image2_1.jpg,https://tong.visitkorea.or.kr/cms/resource/15/2560115_image3_1.jpg,Type3,20131210233833,20260206173016,,,50,110,,,,AC,AC03,AC030100
1871024,38,제주칠성로상점가,제주특별자치도 제주시 관덕로13길 12 (일도일동),,63277,,126.5261253693,33.5140565855,6,http://tong.visitkorea.or.kr/cms/resource/72/3396972_image2_1.jpg,http://tong.visitkorea.or.kr/cms/resource/72/3396972_image3_1.jpg,Type3,20131213222240,20250324154538,39,4,50,110,A04,A0401,A04010600,SH,SH05,SH050200
1871028,38,중문농수산물직판장,제주특별자치도 서귀포시 천제연로 355 (회수동),,63540,,126.4423968665,33.2524564006,6,http://tong.visitkorea.or.kr/cms/resource/69/3403269_image2_1.jpg,http://tong.visitkorea.or.kr/cms/resource/69/3403269_image3_1.jpg,Type3,20131213223519,20251203104610,39,3,50,130,A04,A0401,A04010600,SH,SH05,SH050200
1872476,39,그옛맛,제주특별자치도 제주시 서사로24길 12,,63185,,126.5185930442,33.4984915228,6,,,,20131218014924,20250321170012,39,4,50,110,A05,A0502,A05020100,FD,FD01,FD010100
1874612,12,지속가능환경교육센터,제주특별자치도 제주시 송이길 226 (회천동),,63330,,126.62930257715661,33.462080972123374,6,,,,20131220203815,20260209135508,,,50,110,,,,EX,EX06,EX061000
1876804,39,금바우흑돼지참숯구이,제주특별자치도 서귀포시 태평로371번길 4,,63595,,126.561026654739,33.2455126351554,6,,,,20131228020943,20260224121340,,,50,130,,,,FD,FD01,FD010100
1876813,39,김대감숯불갈비,제주특별자치도 서귀포시 동홍중앙로 67,,63588,,126.571850399499,33.256630961501,6,,,,20131228023459,20260224121340,,,50,130,,,,FD,FD01,FD010100
1876822,39,깜돈 흑돼지,제주특별자치도 제주시 삼무로3길 6,,63125,,126.495282757239,33.4904525446527,6,,,,20131228025004,20260224121340,,,50,110,,,,FD,FD01,FD010100
1876994,39,낭뜰에쉼팡,제주특별자치도 제주시 조천읍 남조로 2343,,63344,,126.6571482427,33.4735270537,6,http://tong.visitkorea.or.kr/cms/resource/58/3578858_image2_1.jpg,http://tong.visitkorea.or.kr/cms/resource/58/3578858_image3_1.jpg,Type3,20141230202403,20251205093728,39,4,50,110,A05,A0502,A05020100,FD,FD01,FD010100
1876996,39,내가 찾은 맛고을,제주특별자치도 제주시 진남로8길 39,,63290,,126.566442078607,33.5221555488305,6,,,,20131230204153,20260226163252,,,50,110,,,,FD,FD01,FD010100
1877056,39,다래향,제주특별자치도 제주시 조천읍 조함해안로 428-4,,63333,,126.6607351684,33.5457941142,6,http://tong.visitkorea.or.kr/cms/resource/53/3396953_image2_1.jpg,http://tong.visitkorea.or.kr/cms/resource/53/3396953_image3_1.jpg,Type3,20141230233308,20250324144711,39,4,50,110,A05,A0502,A05020400,FD,FD02,FD020100
1877081,39,다미회,제주특별자치도 제주시 동광로2길 9-4,,63208,,126.531234740894,33.5003964070051,6,,,,20131230235731,20260213175717,,,50,110,,,,FD,FD02,FD020200
1880892,32,제주카사블랑카,제주특별자치도 서귀포시 학수암로 107 (호근동),,63575,,126.5278475592,33.2704426473,6,https://tong.visitkorea.or.kr/cms/resource/41/4090841_image2_1.jpg,https://tong.visitkorea.or.kr/cms/resource/41/4090841_image3_1.jpg,Type3,20140104001649,20260722135722,,,50,130,,,,AC,AC03,AC030100
1881664,39,독개물항,제주특별자치도 제주시 한림읍 한림로 478,,63012,,126.2516239880,33.4019146568,6,http://tong.visitkorea.or.kr/cms/resource/29/3397029_image2_1.jpg,http://tong.visitkorea.or.kr/cms/resource/29/3397029_image3_1.jpg,Type3,20140104021109,20250730141329,39,4,50,110,A05,A0502,A05020100,FD,FD01,FD010100
1882201,39,돈향기,제주특별자치도 제주시 관덕로15길 30,,63277,,126.527057000526,33.5157639942051,6,,,,20140106195859,20260224121340,,,50,110,,,,FD,FD01,FD010100
1882274,12,벵가스테이,제주특별자치도 서귀포시 성산읍 일주동로4120번길 23-20,,63639,,126.9100849593,33.4594882342,6,http://tong.visitkorea.or.kr/cms/resource/59/3477459_image2_1.jpg,http://tong.visitkorea.or.kr/cms/resource/59/3477459_image3_1.jpg,Type3,20140106224049,20251124152435,39,3,50,130,A02,A0202,A02020200,VE,VE05,VE050200
1882353,39,둠비정원,제주특별자치도 서귀포시 신중로13번길 20,(강정동),63565,,126.507867434617,33.2571437705706,6,,,,20140106233216,20260305095851,,,50,130,,,,FD,FD01,FD010100
1882504,32,킴스캐빈,제주특별자치도 서귀포시 성산읍 시흥상동로53번길 88-54,,63638,,126.8866773139,33.4744579511549,6,,,,20140107020258,20260205151946,,,50,130,,,,AC,AC03,AC030100
1883573,39,마돈,제주특별자치도 서귀포시 성산읍 섭지코지로 56,,63641,,126.9218594458,33.4375075193,6,http://tong.visitkorea.or.kr/cms/resource/10/3396210_image2_1.jpg,http://tong.visitkorea.or.kr/cms/resource/10/3396210_image3_1.jpg,Type3,20140109201840,20251023143000,39,3,50,130,A05,A0502,A05020100,FD,FD01,FD010100
1883622,39,만부정,제주특별자치도 제주시 사장길 38,,63136,,126.4945566049,33.4826040098,6,http://tong.visitkorea.or.kr/cms/resource/99/3396599_image2_1.jpg,http://tong.visitkorea.or.kr/cms/resource/99/3396599_image3_1.jpg,Type3,20140109231558,20250324134950,39,4,50,110,A05,A0502,A05020300,FD,FD02,FD020200
1883646,39,만세국수,제주특별자치도 제주시 오라로 152,(오라일동),63191,,126.5187959033,33.4941364520,6,,,,20140109233821,20250730094823,39,4,50,110,A05,A0502,A05020100,FD,FD01,FD010100
1883815,14,박물관은살아있다 제주,제주특별자치도 서귀포시 중문관광로 42,,63535,,126.4092858005,33.2546667452,6,http://tong.visitkorea.or.kr/cms/resource/96/3548296_image2_1.jpg,http://tong.visitkorea.or.kr/cms/resource/96/3548296_image3_1.jpg,Type1,20140110182434,20251023143000,39,3,50,130,A02,A0206,A02060100,VE,VE07,VE070100
1884191,12,가마오름,제주특별자치도 제주시 한경면 청수리,1205,63007,,126.2466098987,33.3057279944,6,http://tong.visitkorea.or.kr/cms/resource/72/3477972_image2_1.jpg,http://tong.visitkorea.or.kr/cms/resource/72/3477972_image3_1.jpg,Type3,20140113184533,20250430134222,39,4,50,110,A01,A0101,A01010400,NA,NA01,NA010100
1884505,12,가문이오름(감은이오름),제주특별자치도 서귀포시 표선면 가시리,,63623,,126.6876111209,33.4018299117,6,http://tong.visitkorea.or.kr/cms/resource/92/3477392_image2_1.jpg,http://tong.visitkorea.or.kr/cms/resource/92/3477392_image3_1.jpg,Type3,20140114192329,20250522111143,39,3,50,130,A01,A0101,A01010400,NA,NA01,NA010100
1884521,12,가새기오름,제주특별자치도 제주시 오라삼동,2848,63148,,126.5038611983,33.4893700755,6,http://tong.visitkorea.or.kr/cms/resource/82/3477882_image2_1.jpg,http://tong.visitkorea.or.kr/cms/resource/82/3477882_image3_1.jpg,Type3,20140114193335,20251230161028,39,4,50,110,A01,A0101,A01010400,NA,NA01,NA010100
1885746,12,가세오름,제주특별자치도 서귀포시 표선면 녹산로 554,,63622,,126.7231832338,33.3931758821,6,http://tong.visitkorea.or.kr/cms/resource/61/3477261_image2_1.jpg,http://tong.visitkorea.or.kr/cms/resource/61/3477261_image3_1.jpg,Type3,20140116182858,20250520165953,39,3,50,130,A01,A0101,A01010400,NA,NA01,NA010100
1885754,12,가시오름,제주특별자치도 서귀포시 대정읍 하모이삼로21번길 1,,63507,,126.2500169782,33.2236315617,6,http://tong.visitkorea.or.kr/cms/resource/13/3477513_image2_1.jpg,http://tong.visitkorea.or.kr/cms/resource/13/3477513_image3_1.jpg,Type3,20140116185151,20250905110259,39,3,50,130,A01,A0101,A01010400,NA,NA01,NA010100
1887368,12,각시바위오름,제주특별자치도 서귀포시 호근동,2124,63569,,126.5259918298,33.2777271543,6,http://tong.visitkorea.or.kr/cms/resource/64/3477364_image2_1.jpg,http://tong.visitkorea.or.kr/cms/resource/64/3477364_image3_1.jpg,Type3,20140121002153,20250513172327,39,3,50,130,A01,A0101,A01010400,NA,NA01,NA010100
1887381,12,갈마못(갈뫼못),제주특별자치도 서귀포시 표선면 성읍리,,63624,,126.8116979172,33.3873529469,6,http://tong.visitkorea.or.kr/cms/resource/31/3477231_image2_1.jpg,http://tong.visitkorea.or.kr/cms/resource/31/3477231_image3_1.jpg,Type3,20140121004604,20250820113210,39,3,50,130,A01,A0101,A01010500,NA,NA02,NA020400
1887493,12,감낭오름,제주특별자치도 서귀포시 안덕면 동광리,산41,63523,,126.3497088457,33.3250274801,6,http://tong.visitkorea.or.kr/cms/resource/06/3477406_image2_1.jpg,http://tong.visitkorea.or.kr/cms/resource/06/3477406_image3_1.jpg,Type3,20140121191403,20250513174151,39,3,50,130,A01,A0101,A01010400,NA,NA01,NA010100
1887546,32,프레리아 커플 독채펜션,제주특별자치도 제주시 애월읍 유수암평화5길 34-29,,63067,,126.4050490077,33.4254894659,6,http://tong.visitkorea.or.kr/cms/resource/14/3552914_image2_1.jpg,http://tong.visitkorea.or.kr/cms/resource/14/3552914_image3_1.jpg,Type3,20140121224515,20251023143000,39,4,50,110,B02,B0201,B02010700,AC,AC03,AC030100
1887866,12,갑선이오름,제주특별자치도 서귀포시 표선면 가시리,,63623,,126.7818122232,33.3608276172,6,http://tong.visitkorea.or.kr/cms/resource/45/3523545_image2_1.jpg,http://tong.visitkorea.or.kr/cms/resource/45/3523545_image3_1.jpg,Type3,20140122185007,20250819162426,39,3,50,130,A01,A0101,A01010400,NA,NA01,NA010100
1887873,12,개오름,제주특별자치도 서귀포시 표선면 성읍이리로57번길 162,,63624,,126.7682286281,33.4238621040,6,http://tong.visitkorea.or.kr/cms/resource/94/3526894_image2_1.jpg,http://tong.visitkorea.or.kr/cms/resource/94/3526894_image3_1.jpg,Type3,20140122185835,20250826110229,39,3,50,130,A01,A0101,A01010400,NA,NA01,NA010100
1888034,32,소랑호젠,제주특별자치도 서귀포시 남원읍 태위로 545,,63620,,126.705237596791,33.2758030952569,6,https://tong.visitkorea.or.kr/cms/resource/83/4010183_image2_1.jpg,https://tong.visitkorea.or.kr/cms/resource/83/4010183_image3_1.jpg,Type3,20140123014835,20260203153813,,,50,130,,,,AC,AC03,AC030100
1889809,12,개오리오름,제주특별자치도 제주시 봉개동,,63313,,126.6125115262,33.4262287923,6,http://tong.visitkorea.or.kr/cms/resource/47/3478047_image2_1.jpg,http://tong.visitkorea.or.kr/cms/resource/47/3478047_image3_1.jpg,Type3,20140128184602,20250520170724,39,4,50,110,A01,A0101,A01010400,NA,NA01,NA010100
1889833,12,갯거리오름,제주특별자치도 서귀포시 대포동,,63540,,126.4578470138,33.3101086116,6,http://tong.visitkorea.or.kr/cms/resource/00/3585200_image2_1.jpg,http://tong.visitkorea.or.kr/cms/resource/00/3585200_image3_1.jpg,Type1,20140128185607,20251217130428,39,3,50,130,A01,A0101,A01010400,NA,NA01,NA010100
1890152,12,거린사슴,제주특별자치도 서귀포시 1100로 823,,63554,,126.4543696003,33.3073171985,6,http://tong.visitkorea.or.kr/cms/resource/97/3477397_image2_1.jpg,http://tong.visitkorea.or.kr/cms/resource/97/3477397_image3_1.jpg,Type3,20140129181922,20250422090347,39,3,50,130,A01,A0101,A01010400,NA,NA01,NA010100
1890177,12,동검은이오름,제주특별자치도 제주시 구좌읍 종달리 산70,,695976,,126.8047000000,33.4494000000,6,,,,20140129184140,20260615174507,,,50,110,,,,NA,NA01,NA010100
1890343,38,동부농원,제주특별자치도 서귀포시 성산읍 서성일로 1007,,63630,,126.8862290743,33.4429313439,6,http://tong.visitkorea.or.kr/cms/resource/05/3477505_image2_1.jpg,http://tong.visitkorea.or.kr/cms/resource/05/3477505_image3_1.jpg,Type3,20140129223236,20250814103556,39,3,50,130,A04,A0401,A04010600,SH,SH05,SH050200
1890872,12,뒤굽은이오름,제주특별자치도 제주시 구좌읍 송당리,,63355,,126.7671135570,33.4797309110,6,http://tong.visitkorea.or.kr/cms/resource/22/3526922_image2_1.jpg,http://tong.visitkorea.or.kr/cms/resource/22/3526922_image3_1.jpg,Type3,20140204190058,20250826113218,39,4,50,110,A01,A0101,A01010400,NA,NA01,NA010100
1891566,12,와이리조트 제주,제주특별자치도 서귀포시 안덕면 화순중앙로124번길 75,,63530,,126.3278570231,33.2426334601,6,http://tong.visitkorea.or.kr/cms/resource/53/3552753_image2_1.jpg,http://tong.visitkorea.or.kr/cms/resource/53/3552753_image3_1.jpg,Type3,20140206015701,20251023143000,39,3,50,130,A02,A0202,A02020200,VE,VE05,VE050200
1891943,39,맛있는 집,제주특별자치도 서귀포시 중앙로 110,,63585,,126.561137557689,33.2542671760391,6,,,,20140207185643,20260226163600,,,50,130,,,,FD,FD01,FD010100
1891955,39,명문가시리식당,제주특별자치도 서귀포시 표선면 중산간동로 5218,,63623,,126.7707355863,33.3528672076,6,http://tong.visitkorea.or.kr/cms/resource/49/3403349_image2_1.jpg,http://tong.visitkorea.or.kr/cms/resource/49/3403349_image3_1.jpg,Type3,20140207190617,20251023143000,39,3,50,130,A05,A0502,A05020100,FD,FD01,FD010100
1892305,39,몽생이,제주특별자치도 제주시 한경면 녹차분재로 628,,63005,,126.2605082705,33.3246538979,6,http://tong.visitkorea.or.kr/cms/resource/79/3396979_image2_1.jpg,http://tong.visitkorea.or.kr/cms/resource/79/3396979_image3_1.jpg,Type3,20140210200636,20250324134705,39,4,50,110,A05,A0502,A05020100,FD,FD01,FD010100
1892321,39,무인카페 산책,제주특별자치도 제주시 애월읍 고내로7길 49,,63045,,126.3369206678,33.4668838075,6,http://tong.visitkorea.or.kr/cms/resource/58/3396858_image2_1.jpg,http://tong.visitkorea.or.kr/cms/resource/58/3396858_image3_1.jpg,Type3,20140210202625,20250324111615,39,4,50,110,A05,A0502,A05020900,FD,FD05,FD050100
1893137,32,펠리스타운,제주특별자치도 서귀포시 성산읍 시흥하동로50번길 23,,63638,,126.9081014524,33.4744809898,6,,,,20140212012426,20241127145812,39,3,50,130,B02,B0201,B02010600,AC,AC06,AC060100
1893993,32,하얀언덕,제주특별자치도 서귀포시 표선면 민속해안로 351,,63629,,126.83397098104282,33.3114940302193,6,https://tong.visitkorea.or.kr/cms/resource/10/3516110_image2_1.jpg,https://tong.visitkorea.or.kr/cms/resource/10/3516110_image3_1.jpg,Type3,20140213011840,20260312131946,,,50,130,,,,AC,AC03,AC030100
1894943,32,포도호텔,제주특별자치도 서귀포시 안덕면 상천리,,63525,,126.3875196113,33.3178733106,6,http://tong.visitkorea.or.kr/cms/resource/01/3569801_image2_1.jpg,http://tong.visitkorea.or.kr/cms/resource/01/3569801_image3_1.jpg,Type3,20140215011459,20251203174321,39,3,50,130,B02,B0201,B02010900,AC,AC04,AC040100
1895611,12,천아오름,제주특별자치도 제주시 애월읍 광령리,,63062,,126.4499096413,33.3969294468,6,http://tong.visitkorea.or.kr/cms/resource/93/3526993_image2_1.jpg,http://tong.visitkorea.or.kr/cms/resource/93/3526993_image3_1.jpg,Type3,20140218183450,20250826151928,39,4,50,110,A01,A0101,A01010400,NA,NA01,NA010100
1895633,12,비양봉,제주특별자치도 제주시 한림읍 협재리,,63011,,126.2271120833,33.4085746459,6,http://tong.visitkorea.or.kr/cms/resource/71/3585371_image2_1.jpg,http://tong.visitkorea.or.kr/cms/resource/71/3585371_image3_1.jpg,Type1,20140218190934,20251217141339,39,4,50,110,A01,A0101,A01010400,NA,NA01,NA010100
1895793,39,바다잔치,제주특별자치도 제주시 탑동로 79,,63167,,126.516869015496,33.5176969388984,6,,,,20140218222736,20260206162544,,,50,110,,,,FD,FD01,FD010100
1896032,32,가름게스트하우스,제주특별자치도 서귀포시 법환하로9번길 10,,63573,,126.512325818449,33.2365573431858,6,https://tong.visitkorea.or.kr/cms/resource/88/3516088_image2_1.JPG,https://tong.visitkorea.or.kr/cms/resource/88/3516088_image3_1.JPG,Type3,20140219003733,20260312133810,,,50,130,,,,AC,AC03,AC030100
1896087,39,범섬앞어촌계횟집,제주특별자치도 서귀포시 막숙포로 61 (법환동),,63573,,126.5150881596,33.2358010530,6,http://tong.visitkorea.or.kr/cms/resource/98/3466498_image2_1.jpg,http://tong.visitkorea.or.kr/cms/resource/98/3466498_image3_1.jpg,Type3,20140219005854,20250610165346,39,3,50,130,A05,A0502,A05020100,FD,FD01,FD010100
1896538,39,오라숲소리,제주특별자치도 제주시 오라로 80,,63148,,126.5117825919,33.4955500733,6,http://tong.visitkorea.or.kr/cms/resource/28/3396928_image2_1.jpg,http://tong.visitkorea.or.kr/cms/resource/28/3396928_image3_1.jpg,Type3,20140219185548,20250324183059,39,4,50,110,A05,A0502,A05020100,FD,FD01,FD010100
1896585,39,금뽕똘,제주특별자치도 제주시 번영로 500,,63313,,126.594862392249,33.4900875185698,6,,,,20140219191926,20260205100725,,,50,110,,,,FD,FD01,FD010100
1896649,39,본가 1호점,제주특별자치도 제주시 도남로 101,,63221,,126.528546311951,33.4912113226067,6,,,,20140219221238,20260224121340,,,50,110,,,,FD,FD01,FD010100
1897905,32,노을담은뜨락,제주특별자치도 서귀포시 대정읍 노을해안로 416,,63501,,126.1903769911,33.2562936895,6,http://tong.visitkorea.or.kr/cms/resource/64/3562864_image2_1.jpg,http://tong.visitkorea.or.kr/cms/resource/64/3562864_image3_1.jpg,Type3,20140221195800,20251106174614,39,3,50,130,B02,B0201,B02010700,AC,AC03,AC030100
1898255,32,호텔제이엠,제주특별자치도 제주시 삼무로1길 10-7,,63125,,126.488747256192,33.49036633896,6,,,,20140222022431,20260209140106,,,50,110,,,,AC,AC04,AC040100
1898484,12,붉은오름자연휴양림,제주특별자치도 서귀포시 표선면 남조로 1487-73,,63622,,126.6742707606,33.3952748674,6,http://tong.visitkorea.or.kr/cms/resource/70/3023770_image2_1.jpg,http://tong.visitkorea.or.kr/cms/resource/70/3023770_image3_1.jpg,Type3,20140224184127,20250711104906,39,3,50,130,A01,A0101,A01010600,NA,NA04,NA040600
1898906,12,엉알해안,제주특별자치도 제주시 한경면 고산리,3671-1,63008,,126.1676196819,33.2994219009,6,http://tong.visitkorea.or.kr/cms/resource/01/3556301_image2_1.jpg,http://tong.visitkorea.or.kr/cms/resource/01/3556301_image3_1.jpg,Type1,20140225023237,20251026113149,39,4,50,110,A01,A0101,A01011100,NA,NA02,NA020800
1899959,12,도리미오름,제주특별자치도 제주시 구좌읍 송당리,산 255-1,63355,,126.7697172117,33.4315668324,6,http://tong.visitkorea.or.kr/cms/resource/80/3585580_image2_1.jpg,http://tong.visitkorea.or.kr/cms/resource/80/3585580_image3_1.jpg,Type1,20140228011659,20251217150456,39,4,50,110,A01,A0101,A01010400,NA,NA01,NA010100
1905280,32,THE BAY 제주리조트 (더베이 제주리조트),제주특별자치도 서귀포시 문필로35번길 46,,63599,,126.593484853543,33.2411969877814,6,,,,20140314021912,20260211093958,,,50,130,,,,AC,AC02,AC020100
1905844,32,비울채울,제주특별자치도 서귀포시 검은여로130번길 73,(보목동),63599,,126.589621140833,33.2492432142182,6,,,,20140318000520,20260211094141,,,50,130,,,,AC,AC03,AC030100
1906127,32,샤론의집,제주특별자치도 서귀포시 성산읍 금백조로131번길 177-1,,63631,,126.844154497431,33.4305734727705,6,,,,20140318220802,20260213152815,,,50,130,,,,AC,AC03,AC030100
1906195,12,동백동산,제주특별자치도 제주시 조천읍 동백로 77,,63340,,126.7155,33.5098,6,https://tong.visitkorea.or.kr/cms/resource/79/2585079_image2_1.jpg,https://tong.visitkorea.or.kr/cms/resource/79/2585079_image3_1.jpg,Type3,20140318234430,20260211081009,,,50,110,,,,NA,NA04,NA040500
1906211,12,두맹이골목,제주특별자치도 제주시 동문로16길 17-4 (일도이동),,63265,,126.5349218725,33.5120458378,6,http://tong.visitkorea.or.kr/cms/resource/20/3384820_image2_1.jpg,http://tong.visitkorea.or.kr/cms/resource/20/3384820_image3_1.jpg,Type3,20140319001305,20250325112311,39,4,50,110,A02,A0203,A02030600,VE,VE04,VE040100
1907801,12,제주4·3평화공원,제주특별자치도 제주시 명림로 430,,63313,,126.6177472981,33.4498231292,6,https://tong.visitkorea.or.kr/cms/resource/72/4094972_image2_1.jpg,https://tong.visitkorea.or.kr/cms/resource/72/4094972_image3_1.jpg,Type1,20140325194836,20260803162314,,,50,110,,,,VE,VE03,VE030500
1909258,39,수다뜰,제주특별자치도 제주시 명림로 164,,63313,,126.610128052093,33.4720843045889,6,,,,20140328233557,20260224093150,,,50,110,,,,FD,FD01,FD010100
1909319,39,종달수다뜰,제주특별자치도 제주시 구좌읍 용눈이오름로 8,,63354,,126.8931273496,33.4918621597,6,,,,20140329005136,20250626101954,39,4,50,110,A05,A0502,A05020100,FD,FD01,FD010100
1911160,14,헬로키티아일랜드,제주특별자치도 서귀포시 안덕면 한창로 340,,63526,,126.3521344149,33.2900841569,6,http://tong.visitkorea.or.kr/cms/resource/80/3548380_image2_1.jpg,http://tong.visitkorea.or.kr/cms/resource/80/3548380_image3_1.jpg,Type1,20140404202111,20251023143000,39,3,50,130,A02,A0206,A02060300,VE,VE07,VE070300
1918413,12,지미봉,제주특별자치도 제주시 구좌읍 종달리,,63354,,126.9020069661,33.4992031582,6,http://tong.visitkorea.or.kr/cms/resource/85/3523585_image2_1.jpg,http://tong.visitkorea.or.kr/cms/resource/85/3523585_image3_1.jpg,Type3,20140513000731,20250819163717,39,4,50,110,A01,A0101,A01010400,NA,NA01,NA010100
1918417,12,제지기오름,제주특별자치도 서귀포시 보목동,275-1,63599,,126.6095687240,33.2419935340,6,http://tong.visitkorea.or.kr/cms/resource/21/3527121_image2_1.jpg,http://tong.visitkorea.or.kr/cms/resource/21/3527121_image3_1.jpg,Type3,20140513001618,20250826173518,39,3,50,130,A01,A0101,A01010400,NA,NA01,NA010100
1918421,12,폭낭오름,제주특별자치도 제주시 애월읍 봉성리,,63039,,126.3822415228,33.3522277635,6,http://tong.visitkorea.or.kr/cms/resource/39/3478039_image2_1.jpg,http://tong.visitkorea.or.kr/cms/resource/39/3478039_image3_1.jpg,Type3,20140513003159,20250905110255,39,4,50,110,A01,A0101,A01010400,NA,NA01,NA010100
1918639,12,월정리해변(월정리해수욕장),제주특별자치도 제주시 구좌읍 해맞이해안로 485,,63358,,126.7982299577,33.5550461413,6,https://tong.visitkorea.or.kr/cms/resource/93/4075293_image2_1.jpg,https://tong.visitkorea.or.kr/cms/resource/93/4075293_image3_1.jpg,Type1,20140513194334,20260629103606,,,50,110,,,,NA,NA02,NA020900
1918643,12,한대오름,제주 제주시 애월읍 봉성리,,695916,,126.426735,33.357249,6,,,,20140513202424,20260224093950,,,50,110,,,,NA,NA01,NA010100
1918646,12,거슨새미오름,제주특별자치도 제주시 구좌읍 송당리,산145,63355,,126.7610119406,33.4521283086,6,http://tong.visitkorea.or.kr/cms/resource/04/3477804_image2_1.jpg,http://tong.visitkorea.or.kr/cms/resource/04/3477804_image3_1.jpg,Type3,20140513203324,20250514102952,39,4,50,110,A01,A0101,A01010400,NA,NA01,NA010100
1918950,12,괴오름,제주특별자치도 제주시 애월읍 봉성리 산41,,63039,,126.3754586925,33.3560883410,6,http://tong.visitkorea.or.kr/cms/resource/40/3585540_image2_1.jpg,http://tong.visitkorea.or.kr/cms/resource/40/3585540_image3_1.jpg,Type1,20140514221643,20251217144302,39,4,50,110,A01,A0101,A01010400,NA,NA01,NA010100
1918965,12,걸서악(걸세오름),제주특별자치도 서귀포시 남원읍 하례리 산 127-2,,699946,,126.619945,33.282155,6,https://tong.visitkorea.or.kr/cms/resource/12/3478012_image2_1.jpg,https://tong.visitkorea.or.kr/cms/resource/12/3478012_image3_1.jpg,Type3,20140514224440,20260520174330,,,50,110,,,,NA,NA01,NA010100
1918984,12,구두리오름,제주특별자치도 서귀포시 표선면 가시리,산 158-2,63623,,126.6885413552,33.4124065362,6,http://tong.visitkorea.or.kr/cms/resource/75/3585175_image2_1.jpg,http://tong.visitkorea.or.kr/cms/resource/75/3585175_image3_1.jpg,Type1,20140514230244,20251217112054,39,3,50,130,A01,A0101,A01010400,NA,NA01,NA010100
1923590,12,하늬복이오름,제주특별자치도 서귀포시 안덕면 상천리,산89-1,63525,,126.3932189204,33.3266196561,6,http://tong.visitkorea.or.kr/cms/resource/41/3477441_image2_1.jpg,http://tong.visitkorea.or.kr/cms/resource/41/3477441_image3_1.jpg,Type3,20140604021023,20250520171854,39,3,50,130,A01,A0101,A01010400,NA,NA01,NA010100
1925362,12,어영공원,제주특별자치도 제주시 서해안로 451 (용담삼동),,63114,,126.4875702904,33.5183749384,6,http://tong.visitkorea.or.kr/cms/resource/14/3053314_image2_1.jpg,http://tong.visitkorea.or.kr/cms/resource/14/3053314_image3_1.jpg,Type3,20140612223856,20250425100504,39,4,50,110,A02,A0202,A02020700,VE,VE03,VE030200
1925366,12,열안지오름(오라동),제주특별자치도 제주시 산록북로,(오라이동),63144,,126.5207167107,33.4265967334,6,http://tong.visitkorea.or.kr/cms/resource/06/3556206_image2_1.jpg,http://tong.visitkorea.or.kr/cms/resource/06/3556206_image3_1.jpg,Type1,20140612224752,20251025001910,39,4,50,110,A01,A0101,A01010400,NA,NA01,NA010100
1925369,12,열안지오름(봉개동),제주특별자치도 제주시 봉개동,778-2,63313,,126.6055499659,33.4726124405,6,http://tong.visitkorea.or.kr/cms/resource/61/3477961_image2_1.jpg,http://tong.visitkorea.or.kr/cms/resource/61/3477961_image3_1.jpg,Type3,20140612225840,20251124172343,39,4,50,110,A01,A0101,A01010400,NA,NA01,NA010100
1926354,12,오백나한,제주특별자치도 서귀포시 하원동,,63554,,126.5027115669,33.3545294146,6,http://tong.visitkorea.or.kr/cms/resource/72/3528372_image2_1.jpg,http://tong.visitkorea.or.kr/cms/resource/72/3528372_image3_1.jpg,Type3,20140618002229,20250828095642,39,3,50,130,A01,A0101,A01010400,NA,NA01,NA010100
1926369,12,정물알오름,제주특별자치도 제주시 한림읍 금악리,,63021,,126.3249106803,33.3393282866,6,http://tong.visitkorea.or.kr/cms/resource/43/3585443_image2_1.jpg,http://tong.visitkorea.or.kr/cms/resource/43/3585443_image3_1.jpg,Type1,20140618011337,20251217142752,39,4,50,110,A01,A0101,A01010400,NA,NA01,NA010100
1926379,12,정물오름,제주특별자치도 제주시 한림읍 금악리,산52-1,63021,,126.3302158047,33.3380257364,6,http://tong.visitkorea.or.kr/cms/resource/89/3077589_image2_1.jpg,http://tong.visitkorea.or.kr/cms/resource/89/3077589_image3_1.jpg,Type3,20140618011726,20250509112825,39,4,50,110,A01,A0101,A01010400,NA,NA01,NA010100
1926601,12,모구리오름,제주특별자치도 서귀포시 성산읍 난산리,2960-1,63632,,126.8290126084,33.4081287094,6,http://tong.visitkorea.or.kr/cms/resource/96/3477496_image2_1.jpg,http://tong.visitkorea.or.kr/cms/resource/96/3477496_image3_1.jpg,Type3,20140619002803,20250430134729,39,3,50,130,A01,A0101,A01010400,NA,NA01,NA010100
1928045,12,모지오름,제주특별자치도 서귀포시 표선면 성읍리,산22,63624,,126.7728760781,33.3962624499,6,http://tong.visitkorea.or.kr/cms/resource/83/3477483_image2_1.jpg,http://tong.visitkorea.or.kr/cms/resource/83/3477483_image3_1.jpg,Type3,20140625022034,20250425101850,39,3,50,130,A01,A0101,A01010400,NA,NA01,NA010100
1928421,12,다려도,제주특별자치도 제주시 조천읍 북촌리,,63339,,126.6953319009,33.5572322923,6,http://tong.visitkorea.or.kr/cms/resource/99/3565199_image2_1.jpg,http://tong.visitkorea.or.kr/cms/resource/99/3565199_image3_1.jpg,Type1,20140626003657,20251118183200,39,4,50,110,A01,A0101,A01011300,NA,NA02,NA020500
1928430,12,도너리오름,제주특별자치도 서귀포시 안덕면 한창로 775,일대,63523,,126.3320881680,33.3243994944,6,http://tong.visitkorea.or.kr/cms/resource/70/3477170_image2_1.jpg,http://tong.visitkorea.or.kr/cms/resource/70/3477170_image3_1.jpg,Type3,20140626004349,20250812111023,39,3,50,130,A01,A0101,A01010400,NA,NA01,NA010100
1932636,32,제주 메이플호텔,제주특별자치도 제주시 원노형3길 41 메이플호텔,,63081,,126.4817104098,33.4865589227,6,http://tong.visitkorea.or.kr/cms/resource/30/2688230_image2_1.jpg,http://tong.visitkorea.or.kr/cms/resource/30/2688230_image3_1.jpg,Type3,20140708222958,20251023143000,39,4,50,110,B02,B0201,B02010100,AC,AC01,AC010100
1933208,12,둔지봉,제주특별자치도 제주시 구좌읍 한동리,산 40,63350,,126.7973021108,33.5012456847,6,http://tong.visitkorea.or.kr/cms/resource/39/3527439_image2_1.jpg,http://tong.visitkorea.or.kr/cms/resource/39/3527439_image3_1.jpg,Type3,20140710220713,20250827101728,39,4,50,110,A01,A0101,A01010400,NA,NA01,NA010100
1933217,12,바늘오름,제주특별자치도 제주시 조천읍 교래리,산 108,63346,,126.6540100777,33.4537041957,6,http://tong.visitkorea.or.kr/cms/resource/44/3477944_image2_1.jpg,http://tong.visitkorea.or.kr/cms/resource/44/3477944_image3_1.jpg,Type3,20140710222239,20250520172358,39,4,50,110,A01,A0101,A01010400,NA,NA01,NA010100
1936039,12,서건도,제주특별자치도 서귀포시 강정동,,63564,,126.4927119133,33.2540292433,6,http://tong.visitkorea.or.kr/cms/resource/36/3026836_image2_1.jpg,http://tong.visitkorea.or.kr/cms/resource/36/3026836_image3_1.jpg,Type3,20140722022837,20250404135821,39,3,50,130,A01,A0101,A01011300,NA,NA02,NA020500
1936339,12,제주 청수리마을,제주특별자치도 제주시 한경면 대한로 1036,,63006,,126.247673674219,33.3175650318651,6,https://tong.visitkorea.or.kr/cms/resource/39/2754539_image2_1.jpg,https://tong.visitkorea.or.kr/cms/resource/39/2754539_image3_1.jpg,Type3,20140723233424,20260520170223,,,50,110,,,,EX,EX03,EX030100
1937744,14,소심한 책방,제주특별자치도 제주시 구좌읍 종달동길 36-10,,63364,,126.90265167417601,33.490276261417776,6,https://tong.visitkorea.or.kr/cms/resource/18/3507618_image2_1.JPG,https://tong.visitkorea.or.kr/cms/resource/18/3507618_image3_1.JPG,Type3,20140729230750,20260311100340,,,50,110,,,,VE,VE12,VE120100
1939078,14,조천읍도서관,제주특별자치도 제주시 조천읍 일주동로 1189,,63333,,126.6676791949,33.5377090094,6,http://tong.visitkorea.or.kr/cms/resource/88/3553088_image2_1.jpg,http://tong.visitkorea.or.kr/cms/resource/88/3553088_image3_1.jpg,Type1,20140805185821,20251023143000,39,4,50,110,A02,A0206,A02060900,VE,VE09,VE090300
1939093,14,삼매봉도서관,제주특별자치도 서귀포시 남성중로153번길 15 (서홍동),,63594,,126.5519736490,33.2448561932,6,http://tong.visitkorea.or.kr/cms/resource/49/3383849_image2_1.jpg,http://tong.visitkorea.or.kr/cms/resource/49/3383849_image3_1.jpg,Type3,20140805190856,20251224161927,39,3,50,130,A02,A0206,A02060900,VE,VE09,VE090300
1939121,14,법환동 청소년문화의집,제주특별자치도 서귀포시 막숙포로 70-1,,63573,,126.5141867807,33.2355047172,6,https://tong.visitkorea.or.kr/cms/resource/37/4072637_image2_1.jpg,https://tong.visitkorea.or.kr/cms/resource/37/4072637_image3_1.jpg,Type1,20140805193127,20260610083438,,,50,130,,,,VE,VE12,VE120300
1941153,12,삼의악오름,제주특별자치도 제주시 아라일동,산 24-2,63237,,126.5620989268,33.4398681468,6,http://tong.visitkorea.or.kr/cms/resource/72/3527472_image2_1.jpg,http://tong.visitkorea.or.kr/cms/resource/72/3527472_image3_1.jpg,Type3,20140814015837,20250827104223,39,4,50,110,A01,A0101,A01010400,NA,NA01,NA010100
1945208,12,수악(물오름),제주특별자치도 서귀포시 남원읍 516로 1042,,63607,,126.6094946439,33.3246677430,6,http://tong.visitkorea.or.kr/cms/resource/92/3477492_image2_1.jpg,http://tong.visitkorea.or.kr/cms/resource/92/3477492_image3_1.jpg,Type3,20140829022350,20250520172952,39,3,50,130,A01,A0101,A01010400,NA,NA01,NA010100
1945394,12,손지오름,제주특별자치도 제주시 구좌읍 종달리,산 52,63354,,126.8195400994,33.4564732156,6,http://tong.visitkorea.or.kr/cms/resource/92/3565192_image2_1.jpg,http://tong.visitkorea.or.kr/cms/resource/92/3565192_image3_1.jpg,Type1,20140830011222,20251118181738,39,4,50,110,A01,A0101,A01010400,NA,NA01,NA010100
1945414,12,새신오름,제주특별자치도 제주시 한경면 청수리,3361,63007,,126.2379580475,33.2978565065,6,http://tong.visitkorea.or.kr/cms/resource/85/3477985_image2_1.jpg,http://tong.visitkorea.or.kr/cms/resource/85/3477985_image3_1.jpg,Type3,20140830014825,20250522113319,39,4,50,110,A01,A0101,A01010400,NA,NA01,NA010100
1945578,12,소남머리,제주특별자치도 서귀포시 칠십리로 145 (서귀동),,63596,,126.5689416339,33.2443787372,6,http://tong.visitkorea.or.kr/cms/resource/84/3477284_image2_1.jpg,http://tong.visitkorea.or.kr/cms/resource/84/3477284_image3_1.jpg,Type3,20140902014920,20250411131848,39,3,50,130,A01,A0101,A01011100,NA,NA02,NA020800
1945592,12,송아오름,제주특별자치도 제주시 한경면 용금로 545,,63004,,126.2381599336,33.3372049375,6,http://tong.visitkorea.or.kr/cms/resource/88/3477988_image2_1.jpg,http://tong.visitkorea.or.kr/cms/resource/88/3477988_image3_1.jpg,Type3,20140902021858,20250808142340,39,4,50,110,A01,A0101,A01010400,NA,NA01,NA010100
1945768,12,군산오름,제주특별자치도 서귀포시 안덕면 창천리,564,63533,,126.3707,33.2532,6,https://tong.visitkorea.or.kr/cms/resource/48/3035448_image2_1.jpg,https://tong.visitkorea.or.kr/cms/resource/48/3035448_image3_1.jpg,Type1,20140903014216,20260209103727,,,50,130,,,,NA,NA01,NA010100
1952520,28,차귀도요트,제주특별자치도 제주시 한경면 한경해안로 156,,63009,,126.1660310357,33.3239750414,6,https://tong.visitkorea.or.kr/cms/resource/91/4073091_image2_1.jpg,https://tong.visitkorea.or.kr/cms/resource/91/4073091_image3_1.jpg,Type1,20140927002215,20260610111643,,,50,110,,,,LS,LS02,LS020300
1957971,12,제주도 관광특구,제주특별자치도,,63208,,126.4961418675,33.3911585950,6,http://tong.visitkorea.or.kr/cms/resource/21/3556321_image2_1.jpg,http://tong.visitkorea.or.kr/cms/resource/21/3556321_image3_1.jpg,Type1,20141021181656,20251026114624,39,,50,110,A02,A0202,A02020200,VE,VE05,VE050100
1960087,12,귤림서원,제주특별자치도 제주시 이도일동,1438,63194,,126.5276032002,33.5060574951,6,http://tong.visitkorea.or.kr/cms/resource/52/3477852_image2_1.jpg,http://tong.visitkorea.or.kr/cms/resource/52/3477852_image3_1.jpg,Type3,20141025000355,20250416104532,39,4,50,110,A02,A0201,A02010700,HS,HS01,HS010900
1964460,39,바당국수,제주특별자치도 서귀포시 중앙로48번길 43,,63590,,126.565659448919,33.2503565911511,6,,,,20141111192308,20260205091719,,,50,130,,,,FD,FD01,FD010100
1964507,39,놀맨,제주특별자치도 제주시 애월읍 애월로1길 24,,63043,,126.3102064238,33.4625033154,6,http://tong.visitkorea.or.kr/cms/resource/22/3466522_image2_1.jpg,http://tong.visitkorea.or.kr/cms/resource/22/3466522_image3_1.jpg,Type3,20141111202815,20250909173100,39,4,50,110,A05,A0502,A05020100,FD,FD01,FD010100
1965800,12,높은오름,제주특별자치도 제주시 구좌읍 송당리,,63355,,126.7928118419,33.4573282459,6,http://tong.visitkorea.or.kr/cms/resource/04/3527004_image2_1.jpg,http://tong.visitkorea.or.kr/cms/resource/04/3527004_image3_1.jpg,Type3,20141119011124,20250826153915,39,4,50,110,A01,A0101,A01010400,NA,NA01,NA010100
1966821,39,모드락572,제주특별자치도 서귀포시 표선면 가시로 572,,63623,,126.7737630658,33.3544670791,6,,,,20141120233155,20251023143000,39,3,50,130,A05,A0502,A05020900,FD,FD05,FD050100
1973369,12,윗세오름,제주특별자치도 제주시 애월읍 광령리,,63062,,126.5199599283,33.3608206597,6,http://tong.visitkorea.or.kr/cms/resource/14/3527014_image2_1.jpg,http://tong.visitkorea.or.kr/cms/resource/14/3527014_image3_1.jpg,Type3,20141212014749,20250826155815,39,4,50,110,A01,A0101,A01010400,NA,NA01,NA010100
1979715,32,호텔레오,제주특별자치도 제주시 삼무로 14 (연동),,63129,,126.48824294335,33.4897327673577,6,https://tong.visitkorea.or.kr/cms/resource/55/4067855_image2_1.jpg,https://tong.visitkorea.or.kr/cms/resource/55/4067855_image3_1.jpg,Type3,20141226200508,20260526163819,,,50,110,,,,AC,AC01,AC010100
1981890,32,베니키아 호텔 제주,제주특별자치도 제주시 애월읍 애월해안로 554-6,,63047,,126.3622292992,33.4776268602,6,https://tong.visitkorea.or.kr/cms/resource/83/4075383_image2_1.jpg,https://tong.visitkorea.or.kr/cms/resource/83/4075383_image3_1.jpg,Type1,20150105201002,20260615174941,,,50,110,,,,AC,AC01,AC010100
1984133,39,바다는안보여요,제주특별자치도 제주시 구좌읍 종달로5길 31-1,,63364,,126.89943372691202,33.49337385481413,6,https://tong.visitkorea.or.kr/cms/resource/67/3504867_image2_1.jpg,https://tong.visitkorea.or.kr/cms/resource/67/3504867_image3_1.jpg,Type3,20150114192913,20260309170529,,,50,110,,,,FD,FD05,FD050100
1984236,39,백기해녀의집,제주특별자치도 서귀포시 성산읍 일출로 88-19,,63641,,126.9223591149,33.4499867050,6,http://tong.visitkorea.or.kr/cms/resource/06/3466506_image2_1.jpg,http://tong.visitkorea.or.kr/cms/resource/06/3466506_image3_1.jpg,Type3,20150115182445,20250610165726,39,3,50,130,A05,A0502,A05020100,FD,FD01,FD010100
1984251,39,삼복가든,제주특별자치도 제주시 조천읍 비자림로 653,,63346,,126.676522693967,33.4367033800553,6,https://tong.visitkorea.or.kr/cms/resource/09/1937909_image2_1.jpg,https://tong.visitkorea.or.kr/cms/resource/09/1937909_image3_1.jpg,Type3,20150115193031,20260226170807,,,50,110,,,,FD,FD01,FD010100
1984252,39,새둥지,제주특별자치도 제주시 동광로4길 11,,63208,,126.531723578656,33.5006436082752,6,https://tong.visitkorea.or.kr/cms/resource/17/1937917_image2_1.jpg,https://tong.visitkorea.or.kr/cms/resource/17/1937917_image3_1.jpg,Type3,20150115194755,20260226171229,,,50,110,,,,FD,FD01,FD010100
1984253,39,성미가든,제주특별자치도 제주시 조천읍 교래1길 2,,63346,,126.676867087123,33.4375449543765,6,https://tong.visitkorea.or.kr/cms/resource/18/1937918_image2_1.jpg,https://tong.visitkorea.or.kr/cms/resource/18/1937918_image3_1.jpg,Type3,20150115195342,20260209141109,,,50,110,,,,FD,FD01,FD010100
1984276,39,오늘은 회,제주특별자치도 서귀포시 예래로 468,,63538,,126.368411424677,33.2353163155223,6,https://tong.visitkorea.or.kr/cms/resource/39/1937939_image2_1.jpg,https://tong.visitkorea.or.kr/cms/resource/39/1937939_image3_1.jpg,Type3,20150115234726,20260224100624,,,50,130,,,,FD,FD01,FD010100
1984286,39,용두암해촌,제주특별자치도 제주시 서해안로 614,,63150,,126.50274812487,33.5169329126285,6,https://tong.visitkorea.or.kr/cms/resource/49/1937949_image2_1.jpg,https://tong.visitkorea.or.kr/cms/resource/49/1937949_image3_1.jpg,Type3,20150116002515,20260226171447,,,50,110,,,,FD,FD01,FD010100
1984486,39,오름가든,제주특별자치도 제주시 조천읍 비자림로 657,,63346,,126.67666711901,33.436964463124,6,https://tong.visitkorea.or.kr/cms/resource/42/1937942_image2_1.jpg,https://tong.visitkorea.or.kr/cms/resource/42/1937942_image3_1.jpg,Type3,20150116185229,20260226171809,,,50,110,,,,FD,FD01,FD010100
1986683,39,청운식당,제주특별자치도 서귀포시 성산읍 일출로 285,,63643,,126.934875885195,33.4630572852514,6,,,,20150129012801,20260226172501,,,50,130,,,,FD,FD01,FD010100
1993734,12,녹산로 유채꽃도로,제주특별자치도 서귀포시 표선면 가시로565번길 20,,63623,,126.7716354990,33.3532755098,6,http://tong.visitkorea.or.kr/cms/resource/69/3588469_image2_1.jpg,http://tong.visitkorea.or.kr/cms/resource/69/3588469_image3_1.jpg,Type1,20150401014315,20251224111410,39,3,50,130,A02,A0203,A02030100,EX,EX03,EX030100
2007416,32,루체빌리조트,제주특별자치도 서귀포시 안덕면 산록남로 786,,63525,,126.385169081851,33.3198734200885,6,https://tong.visitkorea.or.kr/cms/resource/90/2007390_image2_1.jpg,https://tong.visitkorea.or.kr/cms/resource/90/2007390_image3_1.jpg,Type3,20150603184905,20260305095851,,,50,130,,,,VE,VE05,VE050200
2019719,32,제주알(R)호텔,제주특별자치도 제주시 서광로14길 5,,63185,,126.5179180807,33.4994636267,6,http://tong.visitkorea.or.kr/cms/resource/38/3457838_image2_1.jpg,http://tong.visitkorea.or.kr/cms/resource/38/3457838_image3_1.jpg,Type3,20150721031259,20251023143000,39,4,50,110,B02,B0201,B02010900,AC,AC04,AC040100
2021434,32,산들애풀하우스,제주특별자치도 서귀포시 성산읍 서성일로 689-8,,63631,,126.857189417486,33.4297904422993,6,https://tong.visitkorea.or.kr/cms/resource/03/2021403_image2_1.jpg,https://tong.visitkorea.or.kr/cms/resource/03/2021403_image3_1.jpg,Type3,20150728193241,20260213141001,,,50,130,,,,AC,AC03,AC030100
2023328,12,하도어촌체험마을,제주특별자치도 제주시 구좌읍 해맞이해안로,1897-27,63363,,126.9040729746,33.5199453433,6,http://tong.visitkorea.or.kr/cms/resource/91/3412991_image2_1.jpg,http://tong.visitkorea.or.kr/cms/resource/91/3412991_image3_1.jpg,Type3,20150811184610,20251226095900,39,4,50,110,A02,A0203,A02030100,EX,EX03,EX030400
2023350,12,제주 동백마을,제주특별자치도 서귀포시 남원읍 한신로531번길 22-1,,63616,,126.7451829828,33.3203953813,6,http://tong.visitkorea.or.kr/cms/resource/45/3543045_image2_1.jpg,http://tong.visitkorea.or.kr/cms/resource/45/3543045_image3_1.jpg,Type3,20150811204012,20250923172730,39,3,50,130,A02,A0203,A02030100,EX,EX03,EX030100
2027184,12,금룡사(제주),제주특별자치도 제주시 구좌읍 김녕로 148-11,,63357,,126.7536019143,33.5539724801,6,http://tong.visitkorea.or.kr/cms/resource/35/3408135_image2_1.jpg,http://tong.visitkorea.or.kr/cms/resource/35/3408135_image3_1.jpg,Type3,20150903232315,20250731094045,39,4,50,110,A02,A0201,A02010800,HS,HS03,HS030100
2027203,12,백제사,제주특별자치도 제주시 애월읍 광령남6길 54,(애월읍),63062,,126.4243079199,33.4488149673,6,http://tong.visitkorea.or.kr/cms/resource/31/3477831_image2_1.jpg,http://tong.visitkorea.or.kr/cms/resource/31/3477831_image3_1.jpg,Type3,20150904001113,20250422093033,39,4,50,110,A02,A0201,A02010800,HS,HS03,HS030100
2031663,14,김만덕기념관,제주특별자치도 제주시 산지로 7,,63278,,126.5304138429,33.5159064490,6,http://tong.visitkorea.or.kr/cms/resource/30/3396630_image2_1.jpg,http://tong.visitkorea.or.kr/cms/resource/30/3396630_image3_1.jpg,Type3,20151001235033,20250324162526,39,4,50,110,A02,A0206,A02060200,VE,VE07,VE070200
2035397,39,오름나그네,제주특별자치도 제주시 조천읍 선교로 525,,63341,,126.712063323898,33.4590652411562,6,,,,20151023013020,20260305095851,,,50,110,,,,FD,FD01,FD010100
2038553,32,베니키아 중문호텔,제주특별자치도 서귀포시 천제연로 166,,63546,,126.4223838202,33.2518791349,6,https://tong.visitkorea.or.kr/cms/resource/85/4074085_image2_1.jpg,https://tong.visitkorea.or.kr/cms/resource/85/4074085_image3_1.jpg,Type1,20151106185823,20260612091644,,,50,130,,,,AC,AC01,AC010100
2045014,12,유수암마을,제주특별자치도 제주시 애월읍 유수암평화길 14,(애월읍),63067,,126.4030877096,33.4413793435,6,http://tong.visitkorea.or.kr/cms/resource/25/3477725_image2_1.jpg,http://tong.visitkorea.or.kr/cms/resource/25/3477725_image3_1.jpg,Type3,20151203013826,20250403103623,39,4,50,110,A02,A0203,A02030100,EX,EX03,EX030100
2046954,32,롯데시티호텔 제주,제주특별자치도 제주시 도령로 83,,63127,,126.4865391224,33.4906246069,6,https://tong.visitkorea.or.kr/cms/resource/18/3577918_image2_1.jpg,https://tong.visitkorea.or.kr/cms/resource/18/3577918_image3_1.jpg,Type3,20151208182525,20260611104221,,,50,110,,,,AC,AC01,AC010100
2048059,12,아쿠아플라넷 제주,제주특별자치도 서귀포시 성산읍 섭지코지로 95,,63642,,126.9278590339,33.4328331325,6,http://tong.visitkorea.or.kr/cms/resource/80/2986980_image2_1.jpg,http://tong.visitkorea.or.kr/cms/resource/80/2986980_image3_1.jpg,Type3,20151210043233,20250509131049,39,3,50,130,A02,A0202,A02020600,VE,VE02,VE020400
2358196,32,동박생이,제주특별자치도 제주시 구좌읍 월정1길 89,,63358,,126.79277297432,33.5584438708315,6,https://tong.visitkorea.or.kr/cms/resource/88/2358188_image2_1.JPG,https://tong.visitkorea.or.kr/cms/resource/88/2358188_image3_1.JPG,Type3,20160104191726,20260213141244,,,50,110,,,,AC,AC03,AC030100
2359165,39,검은여닭도가니,제주특별자치도 서귀포시 토평동,,63580,,126.5821,33.2439,6,https://tong.visitkorea.or.kr/cms/resource/96/2046596_image2_1.jpg,https://tong.visitkorea.or.kr/cms/resource/96/2046596_image3_1.jpg,Type3,20160106201006,20260211081009,,,50,130,,,,FD,FD01,FD010100
2359168,39,안거리 밖거리,제주특별자치도 서귀포시 솔동산로 6-1,,63596,,126.5640615038,33.2442786707,6,,,,20160106202212,20251202135448,39,3,50,130,A05,A0502,A05020100,FD,FD01,FD010100
2359240,39,88돼지,제주특별자치도 제주시 제원길 7,,63129,,126.489606,33.489329,6,https://tong.visitkorea.or.kr/cms/resource/79/2046579_image2_1.jpg,https://tong.visitkorea.or.kr/cms/resource/79/2046579_image3_1.jpg,Type3,20160106233222,20260226174730,,,50,110,,,,FD,FD01,FD010100
2363045,39,와랑와랑,제주특별자치도 서귀포시 남원읍 위미중앙로300번길 28,,63610,,126.676529228064,33.2722336039511,6,,,,20160118233243,20260224121340,,,50,130,,,,FD,FD05,FD050100
2370834,28,산방산‧용머리해안 지질트레일,제주특별자치도 서귀포시 안덕면 사계북로41번길 192,,63528,,126.2985816429,33.2490739567,6,http://tong.visitkorea.or.kr/cms/resource/37/2369537_image2_1.jpg,http://tong.visitkorea.or.kr/cms/resource/37/2369537_image2_1.jpg,Type3,20160226182146,20251127163008,39,3,50,130,A03,A0302,A03022700,LS,LS01,LS011900
2371631,15,제30회 제주국제관광마라톤축제,제주특별자치도 제주시 김녕로 209,,63357,064-741-8739,126.760117733532,33.5559658509894,6,https://tong.visitkorea.or.kr/cms/resource/41/4041141_image2_1.jpg,https://tong.visitkorea.or.kr/cms/resource/41/4041141_image3_1.jpg,Type3,20160303225542,20260319094959,,,50,110,,,,EV,EV03,EV030400
2374023,32,샘모루펜션,제주특별자치도 서귀포시 염돈로28번길 11 (강정동),,63558,,126.4948845163,33.2531418843,6,https://tong.visitkorea.or.kr/cms/resource/29/4072329_image2_1.jpg,https://tong.visitkorea.or.kr/cms/resource/29/4072329_image3_1.jpg,Type3,20160322181227,20260610083438,,,50,130,,,,AC,AC03,AC030100
2374199,39,나운터횟집,제주특별자치도 서귀포시 칠십리로 42,,63596,,126.561393391195,33.2409187298908,6,https://tong.visitkorea.or.kr/cms/resource/86/2374186_image2_1.jpg,https://tong.visitkorea.or.kr/cms/resource/86/2374186_image3_1.jpg,Type3,20160323015548,20260209141919,,,50,130,,,,FD,FD01,FD010100
2382246,32,제이뷰호텔,제주특별자치도 서귀포시 중산간서로 935,,63534,,126.416506299047,33.2647497686725,6,https://tong.visitkorea.or.kr/cms/resource/00/2382200_image2_1.jpg,https://tong.visitkorea.or.kr/cms/resource/00/2382200_image3_1.jpg,Type3,20160503190036,20260206155643,,,50,130,,,,AC,AC04,AC040100
2384971,39,지오아라,제주특별자치도 서귀포시 안덕면 사계로114번길 54-86,,63528,,126.3078283451,33.2363505061,6,,,,20160524222617,20250923165956,39,3,50,130,A05,A0502,A05020900,FD,FD05,FD050100
2384996,39,젠하이드어웨이,제주특별자치도 서귀포시 안덕면 사계남로 186-8,,63528,,126.30858378365,33.2292077474358,6,,,,20160524232039,20260226181654,,,50,130,,,,FD,FD05,FD050100
2385005,39,카페코지,제주특별자치도 서귀포시 성산읍 한도로 200,2층,63643,,126.929276284755,33.4682121500707,6,,,,20160524234916,20260227111713,,,50,130,,,,FD,FD05,FD050100
2390111,12,동광리농촌체험마을,제주특별자치도 서귀포시 안덕면 동광로 126,,63523,,126.3399267501,33.3076403586,6,http://tong.visitkorea.or.kr/cms/resource/15/3024315_image2_1.jpg,http://tong.visitkorea.or.kr/cms/resource/15/3024315_image3_1.jpg,Type3,20160627223546,20250910132733,39,3,50,130,A02,A0203,A02030100,EX,EX03,EX030100
2405466,32,카이로스,제주특별자치도 제주시 애월읍 장유길 49-43,,63055,,126.400311977936,33.4491308411055,6,https://tong.visitkorea.or.kr/cms/resource/47/2405447_image2_1.jpg,https://tong.visitkorea.or.kr/cms/resource/47/2405447_image3_1.jpg,Type3,20160826020518,20260211081009,,,50,110,,,,AC,AC03,AC030100
2405964,32,팜밸리 풀빌라,제주특별자치도 서귀포시 중산간서로 193,,63558,,126.490755088572,33.2591432659799,6,,,,20160830003849,20260226182030,,,50,130,,,,VE,VE05,VE050200
2406368,32,더럭펜션,제주특별자치도 제주시 애월읍 상가북2길 14-3,,63036,,126.341459092384,33.4504547511148,6,,,,20160830193345,20260211094344,,,50,110,,,,AC,AC03,AC030100
2406460,14,제주 추사관,제주특별자치도 서귀포시 대정읍 추사로 44,,63517,,126.2785639201,33.2498068953,6,http://tong.visitkorea.or.kr/cms/resource/71/3548271_image2_1.jpg,http://tong.visitkorea.or.kr/cms/resource/71/3548271_image3_1.jpg,Type1,20160830225526,20251023143000,39,3,50,130,A02,A0206,A02060300,VE,VE07,VE070300
2411625,32,호텔리젠트마린 제주,제주특별자치도 제주시 서부두2길 20,,63276,,126.526673662979,33.517508229284,6,https://tong.visitkorea.or.kr/cms/resource/75/4065675_image2_1.jpg,https://tong.visitkorea.or.kr/cms/resource/75/4065675_image3_1.jpg,Type3,20160907222404,20260519144309,,,50,110,,,,AC,AC01,AC010100
2414812,12,신산공원,제주특별자치도 제주시 신산로 92-12,,63270,,126.5337915690,33.5052799020,6,http://tong.visitkorea.or.kr/cms/resource/34/3554934_image2_1.jpg,http://tong.visitkorea.or.kr/cms/resource/34/3554934_image3_1.jpg,Type1,20160909235812,20251103175728,39,4,50,110,A02,A0202,A02020700,VE,VE03,VE030100
2414827,28,사려니숲길,제주특별자치도 서귀포시 표선면 가시리,붉은오름 입구,63623,,126.6792747000,33.3989394000,6,https://tong.visitkorea.or.kr/cms/resource/18/4072718_image2_1.jpg,https://tong.visitkorea.or.kr/cms/resource/18/4072718_image3_1.jpg,Type1,20160910000254,20260610083438,,,50,130,,,,LS,LS01,LS011900
2418778,12,다이나믹 메이즈 제주,제주특별자치도 서귀포시 표선면 번영로 2644,,63624,,126.7847499840,33.3990984383,6,http://tong.visitkorea.or.kr/cms/resource/06/3390006_image2_1.jpg,http://tong.visitkorea.or.kr/cms/resource/06/3390006_image3_1.jpg,Type3,20160920200212,20250312161553,39,3,50,130,A02,A0202,A02020600,VE,VE02,VE020100
2433925,12,물영아리오름,제주특별자치도 서귀포시 남원읍 태수로 552,,63615,,126.7169963890,33.3268525509,6,http://tong.visitkorea.or.kr/cms/resource/64/3552664_image2_1.jpg,http://tong.visitkorea.or.kr/cms/resource/64/3552664_image3_1.jpg,Type1,20161012001456,20251023143000,39,3,50,130,A01,A0101,A01010400,NA,NA01,NA010100
2434545,15,새연교 주말 문화공연 '금토금토 새연쇼',제주특별자치도 서귀포시 남성중로 40 (서홍동),,63594,064-760-2654,126.5584238742126,33.239201142544914,6,https://tong.visitkorea.or.kr/cms/resource/22/4051822_image2_1.png,https://tong.visitkorea.or.kr/cms/resource/22/4051822_image3_1.png,Type3,20161013182151,20260326092041,,,50,130,,,,EV,EV03,EV030400
2469467,12,맥파이 브루어리,제주특별자치도 제주시 동회천1길 23,,63329,,126.6172288105,33.5031897997,6,http://tong.visitkorea.or.kr/cms/resource/88/3396588_image2_1.jpg,http://tong.visitkorea.or.kr/cms/resource/88/3396588_image3_1.jpg,Type3,20161224020256,20250324180113,39,4,50,110,A02,A0204,A02040600,EX,EX06,EX060800
2472824,12,넥슨컴퓨터박물관,제주특별자치도 제주시 1100로 3198-8,(노형동),63091,,126.4857714937,33.4721633588,6,http://tong.visitkorea.or.kr/cms/resource/73/2721573_image2_1.png,http://tong.visitkorea.or.kr/cms/resource/73/2721573_image2_1.png,Type3,20170106184650,20250410110502,39,4,50,110,A02,A0204,A02040900,EX,EX06,EX060200
2479639,12,제주불빛정원,제주특별자치도 제주시 애월읍 평화로 2346,,63066,,126.4089792859,33.4226259562,6,http://tong.visitkorea.or.kr/cms/resource/79/3555479_image2_1.jpg,http://tong.visitkorea.or.kr/cms/resource/79/3555479_image3_1.jpg,Type1,20170208003906,20251024134053,39,4,50,110,A01,A0101,A01010700,NA,NA04,NA040700
2481642,39,사해방흑돼지,제주특별자치도 서귀포시 천제연로 263,,63540,,126.432727313043,33.2514987875865,6,,,,20170220194325,20260206164755,,,50,130,,,,FD,FD01,FD010100
2498637,32,용산 제주유스호스텔,제주특별자치도 서귀포시 이어도로 297 (하원동),,63542,,126.4509341451,33.2434191225,6,https://tong.visitkorea.or.kr/cms/resource/54/4091254_image2_1.jpg,https://tong.visitkorea.or.kr/cms/resource/54/4091254_image3_1.jpg,Type3,20170704000832,20260723095719,,,50,130,,,,AC,AC06,AC060100
2498698,28,제주빅볼랜드,제주특별자치도 제주시 구좌읍 금백조로 951,,63355,,126.7757136499,33.4431100975,6,http://tong.visitkorea.or.kr/cms/resource/79/3408279_image2_1.jpg,http://tong.visitkorea.or.kr/cms/resource/79/3408279_image3_1.jpg,Type3,20170704183539,20251126135344,39,4,50,110,A03,A0305,A03050100,LS,LS04,LS040100
2498717,28,월정 투명카약,제주특별자치도 제주시 구좌읍 월정리 1400-33,,63043,,126.7786574948,33.5638235704,6,https://tong.visitkorea.or.kr/cms/resource/87/2498687_image2_1.jpg,https://tong.visitkorea.or.kr/cms/resource/87/2498687_image3_1.jpg,Type3,20170704184905,20260807084524,,,50,110,,,,LS,LS02,LS020200
2499031,32,WE호텔,제주특별자치도 서귀포시 1100로 453-95,,63551,,126.443928273446,33.2860616164329,6,https://tong.visitkorea.or.kr/cms/resource/29/3585229_image2_1.jpg,https://tong.visitkorea.or.kr/cms/resource/29/3585229_image3_1.jpg,Type3,20170706224716,20260602154449,,,50,130,,,,AC,AC01,AC010100
2499713,39,송당나무,제주특별자치도 제주시 구좌읍 송당5길 68-140,,63355,,126.7890922698,33.4769510167,6,,,,20170713193856,20250923171424,39,4,50,110,A05,A0502,A05020900,FD,FD05,FD050100
2503694,12,제주맥주,제주특별자치도 제주시 한림읍 금능농공길 62-11,(한림읍),63016,,126.2412647465,33.3584804108,6,,,,20170823023636,20250320135340,39,4,50,110,A02,A0204,A02040600,EX,EX06,EX060800
2516416,12,낙타트레킹,제주특별자치도 서귀포시 표선면 번영로 2564-21,(포니밸리) 내 낙타트레킹,63624,,126.7786837609,33.4026812788,6,http://tong.visitkorea.or.kr/cms/resource/27/3551827_image2_1.jpg,http://tong.visitkorea.or.kr/cms/resource/27/3551827_image3_1.jpg,Type1,20171121004156,20251023143000,39,3,50,130,A02,A0203,A02030100,EX,EX03,EX030200
2522221,28,제주레포츠랜드,제주특별자치도 제주시 조천읍 와흘상서2길 47,,63344,,126.63856704374975,33.48179049429083,6,,,,20171214022343,20260206095606,,,50,110,,,,LS,LS04,LS040100
2528102,32,꿈꾸는 노마드,제주특별자치도 서귀포시 선반로 54 (강정동),,63560,,126.49955690409932,33.241697160018305,6,https://tong.visitkorea.or.kr/cms/resource/14/4067514_image2_1.jpg,https://tong.visitkorea.or.kr/cms/resource/14/4067514_image3_1.jpg,Type3,20180103202552,20260526112251,,,50,130,,,,AC,AC03,AC030100
2552837,32,제주 스카브로호텔,제주특별자치도 서귀포시 예래해안로 15,,63538,,126.369930755285,33.2340998141877,6,https://tong.visitkorea.or.kr/cms/resource/95/2552795_image2_1.jpg,https://tong.visitkorea.or.kr/cms/resource/95/2552795_image3_1.jpg,Type3,20180706004456,20260227112903,,,50,130,,,,AC,AC01,AC010100
2553685,12,수목원테마파크(아이스뮤지엄),제주특별자치도 제주시 은수길 69,,63141,,126.4879352279,33.4706885565,6,http://tong.visitkorea.or.kr/cms/resource/89/3372289_image2_1.jpg,http://tong.visitkorea.or.kr/cms/resource/89/3372289_image3_1.jpg,Type3,20180714004246,20250321155355,39,4,50,110,A02,A0202,A02020600,VE,VE02,VE020100
2554570,12,제주샘주 양조장,제주특별자치도 제주시 애월읍 애원로 283,,63036,,126.3374100177,33.4444696300,,http://tong.visitkorea.or.kr/cms/resource/12/3556312_image2_1.jpg,http://tong.visitkorea.or.kr/cms/resource/12/3556312_image3_1.jpg,Type1,20180719222445,20251026114115,39,4,50,110,A02,A0204,A02040600,EX,EX06,EX060800
2556500,32,제주마중,제주특별자치도 제주시 한림읍 금능9길 10-1,,63010,,126.230354146635,33.3892240132097,6,https://tong.visitkorea.or.kr/cms/resource/79/2556479_image2_1.JPG,https://tong.visitkorea.or.kr/cms/resource/79/2556479_image3_1.JPG,Type3,20180806192621,20260211094845,,,50,110,,,,AC,AC03,AC030100
2561880,32,제주신화월드 호텔 앤 리조트 랜딩관,제주특별자치도 서귀포시 안덕면 신화역사로304번길 38,,63522,,126.31973665348082,33.30723203976931,6,https://tong.visitkorea.or.kr/cms/resource/61/2561861_image2_1.jpg,https://tong.visitkorea.or.kr/cms/resource/61/2561861_image3_1.jpg,Type3,20181002230450,20260416173247,,,50,130,,,,AC,AC01,AC010100
2561909,32,제주신화월드 호텔 앤 리조트 메리어트관,제주특별자치도 서귀포시 안덕면 신화역사로304번길 38,,63522,,126.31973665348082,33.30723203976931,6,https://tong.visitkorea.or.kr/cms/resource/03/2561903_image2_1.jpg,https://tong.visitkorea.or.kr/cms/resource/03/2561903_image3_1.jpg,Type3,20181003000018,20260416173332,,,50,130,,,,AC,AC01,AC010100
2561932,32,제주신화월드 호텔 앤 리조트 서머셋,제주특별자치도 서귀포시 안덕면 신화역사로304번길 89,(안덕면),63522,,126.317536859966,33.302888213569,6,https://tong.visitkorea.or.kr/cms/resource/65/2562265_image2_1.jpg,https://tong.visitkorea.or.kr/cms/resource/65/2562265_image3_1.jpg,Type3,20181003011625,20260416173407,,,50,130,,,,AC,AC01,AC010100
2562214,12,신화테마파크,제주특별자치도 서귀포시 안덕면 신화역사로304번길 98,,63521,,126.3076045827,33.3065177523,6,http://tong.visitkorea.or.kr/cms/resource/41/3550541_image2_1.jpg,http://tong.visitkorea.or.kr/cms/resource/41/3550541_image3_1.jpg,Type1,20181005190158,20251023143000,39,3,50,130,A02,A0204,A02040800,EX,EX06,EX061000
2562239,12,신화워터파크,제주특별자치도 서귀포시 신화역사로304번길 38,,63522,,126.3197365582,33.3072294102,6,https://tong.visitkorea.or.kr/cms/resource/51/4078551_image2_1.jpg,https://tong.visitkorea.or.kr/cms/resource/51/4078551_image3_1.jpg,Type3,20181005193519,20260624100906,,,50,130,,,,EX,EX06,EX061000
2562475,39,동해미락,제주특별자치도 서귀포시 칠십리로 133,,63596,,126.568259360243,33.2436129711259,6,https://tong.visitkorea.or.kr/cms/resource/70/2562470_image2_1.jpg,https://tong.visitkorea.or.kr/cms/resource/70/2562470_image3_1.jpg,Type3,20181010234223,20260226182744,,,50,130,,,,FD,FD02,FD020200
2563236,39,향원복집,제주특별자치도 서귀포시 부두로 43,,63596,,126.5648726139,33.2411790255,6,,,,20181016025636,20251127092701,39,3,50,130,A05,A0502,A05020300,FD,FD02,FD020200
2564158,12,광치기해변,제주특별자치도 서귀포시 성산읍 고성리,224-33,63640,,126.9246505478,33.4515393485,6,http://tong.visitkorea.or.kr/cms/resource/75/3400775_image2_1.jpg,http://tong.visitkorea.or.kr/cms/resource/75/3400775_image3_1.jpg,Type3,20181025030306,20251224104825,39,3,50,130,A01,A0101,A01011200,NA,NA02,NA020900
2571240,28,제이엠그랑블루요트,제주특별자치도 서귀포시 대포로 172-7,(대포동),63543,,126.4396057595,33.2382440357,6,http://tong.visitkorea.or.kr/cms/resource/49/2571149_image2_1.bmp,http://tong.visitkorea.or.kr/cms/resource/49/2571149_image3_1.bmp,Type3,20181129232703,20250626105420,39,3,50,130,A03,A0303,A03030300,LS,LS02,LS020300
2594519,32,엘린호텔,제주특별자치도 제주시 은남1길 4 (연동),,63124,,126.4954452638,33.4893532766,6,http://tong.visitkorea.or.kr/cms/resource/68/2596268_image2_1.jpg,http://tong.visitkorea.or.kr/cms/resource/68/2596268_image2_1.jpg,Type3,20190402232835,20250905172908,39,4,50,110,B02,B0201,B02010100,AC,AC01,AC010100
2602741,12,종달리 해안도로,제주특별자치도 제주시 구좌읍 종달리,630-1,63354,,126.9017240330,33.4829243983,6,http://tong.visitkorea.or.kr/cms/resource/71/3368571_image2_1.jpg,http://tong.visitkorea.or.kr/cms/resource/71/3368571_image3_1.jpg,Type1,20190522003845,20250321174733,39,4,50,110,A01,A0101,A01010500,NA,NA05,NA050100
2602774,12,쉼한모금,제주특별자치도 서귀포시 산록남로 1258 (색달동),,63549,,126.4224782273,33.2937431939,6,http://tong.visitkorea.or.kr/cms/resource/36/3391736_image2_1.jpg,http://tong.visitkorea.or.kr/cms/resource/36/3391736_image3_1.jpg,Type3,20190522191523,20251126104622,39,3,50,130,A02,A0202,A02020700,VE,VE03,VE030500
2605527,32,에코그린리조트,제주특별자치도 제주시 한림읍 귀덕6길 94,,63024,,126.2914763879,33.4352922897,6,https://tong.visitkorea.or.kr/cms/resource/66/4073866_image2_1.jpg,https://tong.visitkorea.or.kr/cms/resource/66/4073866_image3_1.jpg,Type1,20190610180920,20260611151503,,,50,110,,,,VE,VE05,VE050200
2606209,12,화조원,제주특별자치도 제주시 애월읍 애원로 804,,63035,,126.3720160859,33.4113377321,6,http://tong.visitkorea.or.kr/cms/resource/15/3587015_image2_1.jpg,http://tong.visitkorea.or.kr/cms/resource/15/3587015_image3_1.jpg,Type3,20190613004918,20251222130009,39,4,50,110,A02,A0202,A02020600,VE,VE02,VE020100
2606211,14,피규어뮤지엄제주,제주특별자치도 서귀포시 안덕면 한창로 243,,63526,,126.3553982011,33.2819712150,6,http://tong.visitkorea.or.kr/cms/resource/66/3548566_image2_1.jpg,http://tong.visitkorea.or.kr/cms/resource/66/3548566_image3_1.jpg,Type1,20190613005143,20251023143000,39,3,50,130,A02,A0206,A02060100,VE,VE07,VE070100
2606214,28,윈드1947 카트테마파크,제주특별자치도 서귀포시 토평공단로 78-27,,63582,,126.5888258578,33.2895163027,6,https://tong.visitkorea.or.kr/cms/resource/91/4073291_image2_1.jpg,https://tong.visitkorea.or.kr/cms/resource/91/4073291_image3_1.jpg,Type1,20190613005434,20260610151106,,,50,130,,,,LS,LS01,LS010300
2606298,12,성이시돌목장,제주특별자치도 제주시 한림읍 산록남로 53,,63021,,126.3267463901,33.3501687835,6,http://tong.visitkorea.or.kr/cms/resource/31/3350731_image2_1.jpg,http://tong.visitkorea.or.kr/cms/resource/31/3350731_image3_1.jpg,Type3,20190613181700,20250321112958,39,4,50,110,A02,A0203,A02030100,EX,EX03,EX030200
2606611,14,자연사랑미술관,제주특별자치도 서귀포시 표선면 가시로613번길 46,,63623,,126.7719520840,33.3556696951,6,http://tong.visitkorea.or.kr/cms/resource/93/3547993_image2_1.jpg,http://tong.visitkorea.or.kr/cms/resource/93/3547993_image3_1.jpg,Type1,20190614232728,20251023143000,39,3,50,130,A02,A0206,A02060500,VE,VE07,VE070600
2606690,14,왈종미술관,제주특별자치도 서귀포시 칠십리로214번길 30,(동홍동),63597,,126.5736773135,33.2453287076,6,http://tong.visitkorea.or.kr/cms/resource/93/3548093_image2_1.jpg,http://tong.visitkorea.or.kr/cms/resource/93/3548093_image3_1.jpg,Type1,20190615003056,20251023143000,39,3,50,130,A02,A0206,A02060500,VE,VE07,VE070600
2606696,12,제주대 벚꽃길,제주특별자치도 제주시 제주대학로 102,,63243,,126.5624123787,33.4579467077,6,http://tong.visitkorea.or.kr/cms/resource/93/3477793_image2_1.jpg,http://tong.visitkorea.or.kr/cms/resource/93/3477793_image3_1.jpg,Type3,20190615004100,20250416110004,39,4,50,110,A01,A0101,A01010500,NA,NA05,NA050100
2609373,28,9.81 파크 제주,제주특별자치도 제주시 애월읍 천덕로 880-24,,63038,,126.3665198188,33.3900649983,6,http://tong.visitkorea.or.kr/cms/resource/85/3408185_image2_1.png,http://tong.visitkorea.or.kr/cms/resource/85/3408185_image3_1.png,Type1,20190704191713,20251119154603,39,4,50,110,A03,A0302,A03020600,LS,LS01,LS010300
2615028,12,서귀포 하논분화구,제주특별자치도 서귀포시 일주동로 8823,(하논분화구방문자센터),63570,,126.5462294883,33.2543967165,6,http://tong.visitkorea.or.kr/cms/resource/81/3025081_image2_1.jpg,http://tong.visitkorea.or.kr/cms/resource/81/3025081_image3_1.jpg,Type1,20190813231005,20250812133807,39,3,50,130,A01,A0101,A01010500,NA,NA03,NA030500
2621853,32,돈내코힐 리조트,제주특별자치도 서귀포시 돈내코로 180,(상효동),63582,,126.5785144865,33.3029335392,,,,,20190930223222,20241126130853,39,3,50,130,B02,B0201,B02011100,AC,AC06,AC060200
2621914,12,마라도 가파도 정기여객선,제주특별자치도 서귀포시 대정읍 최남단해안로 120,,63513,,126.2583887734,33.2100942980,6,http://tong.visitkorea.or.kr/cms/resource/79/3552479_image2_1.jpg,http://tong.visitkorea.or.kr/cms/resource/79/3552479_image3_1.jpg,Type1,20191001000023,20251023143000,39,3,50,130,A02,A0202,A02020800,EX,EX07,EX070100
2621955,32,바다해호텔,제주특별자치도 서귀포시 천지연로 3-1,(서귀동),63596,,126.5656503182,33.2414512305,,,,,20191001020729,20241126150507,39,3,50,130,B02,B0201,B02011100,AC,AC06,AC060200
2621969,32,펜션연리,제주특별자치도 서귀포시 논짓물로 50,(하예동),63538,,126.3859881372,33.2405179405,,,,,20191001022511,20241127145750,39,3,50,130,B02,B0201,B02011100,AC,AC06,AC060200
2623005,32,백패커스홈,제주특별자치도 서귀포시 중정로 24-7,(서귀동),63592,,126.5589896584,33.2470449521,,,,,20191005020036,20241126150915,39,3,50,130,B02,B0201,B02011100,AC,AC06,AC060200
2623014,32,브릭216,제주특별자치도 서귀포시 이어도로 216,(대포동),63543,,126.4434470348,33.2408771391,,,,,20191005021333,20241125130356,39,3,50,130,B02,B0201,B02011100,AC,AC06,AC060200
2623579,32,틸다하우스,제주특별자치도 제주시 한경면 중산간서로 3367-1,,63007,,126.2377058264125,33.311061068705584,6,https://tong.visitkorea.or.kr/cms/resource/09/4067609_image2_1.jpg,https://tong.visitkorea.or.kr/cms/resource/09/4067609_image3_1.jpg,Type3,20191009003000,20260526135316,,,50,110,,,,AC,AC03,AC030100
2623827,32,엠버리조트,제주특별자치도 제주시 1100로 2671-51,(노형동),63078,,126.4890611940,33.4236160047,,,,,20191010222922,20241127112343,39,4,50,110,B02,B0201,B02011100,AC,AC06,AC060200
2624249,32,취다선리조트(취다선 리조트 Tea&Meditation),제주특별자치도 서귀포시 성산읍 해맞이해안로 2688,,63639,,126.9127177787,33.4718785742,6,http://tong.visitkorea.or.kr/cms/resource/63/2715063_image2_1.jpg,http://tong.visitkorea.or.kr/cms/resource/63/2715063_image3_1.jpg,Type3,20191012023136,20241127143854,39,3,50,130,B02,B0201,B02011100,AC,AC06,AC060200
2626055,32,나이스호텔,제주특별자치도 제주시 논세길 96-38,(내도동),63074,,126.4423833539,33.4830031363,,,,,20191017015408,20241126113932,39,4,50,110,B02,B0201,B02011100,AC,AC06,AC060200
2626708,32,해성파크텔,제주특별자치도 서귀포시 천제연로 158-4,(중문동),63546,,126.4213570284,33.2523116402,,,,,20191017231845,20241127154456,39,3,50,130,B02,B0201,B02011100,AC,AC06,AC060200
2626800,32,오션힐스테이,제주특별자치도 서귀포시 안덕면 사계북로 208,,63528,,126.3088143604,33.2368032498,,,,,20191018003102,20241127115527,39,3,50,130,B02,B0201,B02011100,AC,AC06,AC060200
2627229,32,천지연크리스탈호텔,제주특별자치도 서귀포시 천지연로 39,(서귀동),63596,,126.5620756071,33.2423732942,,,,,20191019004715,20241127142652,39,3,50,130,B02,B0201,B02011100,AC,AC06,AC060200
2627908,32,칠십리호텔,제주특별자치도 서귀포시 태평로353번길 22-3,(서귀동),63595,,126.5612422374,33.2472116357,,,,,20191021222445,20241127144219,39,3,50,130,B02,B0201,B02011100,AC,AC06,AC060200
2627965,32,제주브릭스,제주특별자치도 서귀포시 태평로 121,(호근동),63571,,126.5357833901,33.2446420718,,,,,20191021224237,20241125144608,39,3,50,130,B02,B0201,B02011100,AC,AC06,AC060200
2633955,12,서프라이즈 테마파크,제주특별자치도 제주시 조천읍 남조로 2243,,63345,,126.6596065516,33.4652169011,6,http://tong.visitkorea.or.kr/cms/resource/96/3332496_image2_1.jpg,http://tong.visitkorea.or.kr/cms/resource/96/3332496_image3_1.jpg,Type3,20191107225841,20250320132954,39,4,50,110,A02,A0202,A02020600,VE,VE02,VE020100
2634320,32,아인스 호스텔,제주특별자치도 서귀포시 태평로 432,(서귀동),63595,,126.5663918312,33.2454341363,,,,,20191108221500,20251104150341,39,3,50,130,B02,B0201,B02011100,AC,AC06,AC060200
2638440,14,고흐의정원,제주특별자치도 서귀포시 삼달신풍로 126-5,,63635,,126.8440863784,33.3734078924,6,https://tong.visitkorea.or.kr/cms/resource/15/4072515_image2_1.jpg,https://tong.visitkorea.or.kr/cms/resource/15/4072515_image3_1.jpg,Type1,20191123012440,20260610083438,,,50,130,,,,VE,VE07,VE070300
2638441,12,제주탐나라공화국,제주특별자치도 제주시 한림읍 한창로 897,,63020,,126.3256857208,33.3345121647,6,http://tong.visitkorea.or.kr/cms/resource/95/2676395_image2_1.JPG,http://tong.visitkorea.or.kr/cms/resource/95/2676395_image3_1.JPG,Type3,20191123012729,20250324174626,39,4,50,110,A02,A0203,A02030400,EX,EX07,EX070200
2652545,12,닭머르해안길,제주특별자치도 제주시 조천읍 신촌북3길 62-1,,63338,,126.613251253838,33.5378017018462,6,https://tong.visitkorea.or.kr/cms/resource/94/4001794_image2_1.jpg,https://tong.visitkorea.or.kr/cms/resource/94/4001794_image3_1.jpg,Type1,20200414225113,20260120084307,,,50,110,,,,NA,NA05,NA050100
2660122,14,제주라프,제주특별자치도 제주시 조천읍 선교로 115-1,,63341,,126.7069548264,33.4868202622,6,https://tong.visitkorea.or.kr/cms/resource/49/3477649_image2_1.jpg,https://tong.visitkorea.or.kr/cms/resource/49/3477649_image3_1.jpg,Type3,20200617200453,20260806144539,,,50,110,,,,VE,VE07,VE070300
2660763,12,서귀포 치유의 숲,제주특별자치도 서귀포시 산록남로 2271,,63576,,126.5261000000,33.2944000000,6,https://tong.visitkorea.or.kr/cms/resource/78/4043678_image2_1.jpg,https://tong.visitkorea.or.kr/cms/resource/78/4043678_image3_1.jpg,Type1,20200623194739,20260611131246,,,50,130,,,,EX,EX05,EX050600
2660802,14,오설록 티뮤지엄,제주특별자치도 서귀포시 안덕면 신화역사로 15,,63521,,126.289392182586,33.3060818422347,6,https://tong.visitkorea.or.kr/cms/resource/57/3497257_image2_1.jpg,https://tong.visitkorea.or.kr/cms/resource/57/3497257_image3_1.jpg,Type3,20200623231536,20260319094959,,,50,130,,,,VE,VE07,VE070300
2661407,14,제주항공우주박물관,제주특별자치도 서귀포시 안덕면 녹차분재로 218,,63521,,126.2996275451,33.3043706422,6,http://tong.visitkorea.or.kr/cms/resource/84/3546884_image2_1.jpg,http://tong.visitkorea.or.kr/cms/resource/84/3546884_image3_1.jpg,Type3,20200629202726,20251023143000,39,3,50,130,A02,A0206,A02060100,VE,VE07,VE070100
2661514,12,휴림,제주특별자치도 제주시 애월읍 광령남서길 40,,63062,,126.4287872275,33.4437791402,6,https://tong.visitkorea.or.kr/cms/resource/64/3017664_image2_1.jpg,https://tong.visitkorea.or.kr/cms/resource/64/3017664_image3_1.jpg,Type3,20200630184110,20260806133522,,,50,110,,,,VE,VE02,VE020100
2661519,12,고살리 숲길,제주특별자치도 서귀포시 남원읍,산 54-2,699946,,126.5974860000,33.3166580000,6,https://tong.visitkorea.or.kr/cms/resource/94/4072494_image2_1.jpg,https://tong.visitkorea.or.kr/cms/resource/94/4072494_image3_1.jpg,Type1,20200630185547,20260610083438,,,50,130,,,,NA,NA01,NA010200
2661523,12,북촌마을 4·3길,제주특별자치도 제주시 조천읍 북촌3길 3,,63339,,126.6886829380,33.5460214070,6,https://tong.visitkorea.or.kr/cms/resource/80/3069280_image2_1.jpg,https://tong.visitkorea.or.kr/cms/resource/80/3069280_image3_1.jpg,Type3,20200630190741,20260806134243,,,50,110,,,,NA,NA05,NA050100
2661821,12,신풍리 밭담길,제주특별자치도 서귀포시 성산읍 신풍하동로 39,,63636,,126.8405765535,33.3619034434,6,http://tong.visitkorea.or.kr/cms/resource/46/3024046_image2_1.jpg,http://tong.visitkorea.or.kr/cms/resource/46/3024046_image3_1.jpg,Type3,20200702231819,20250403161426,39,3,50,130,A02,A0203,A02030600,VE,VE04,VE040100
2661848,28,[한라산 둘레길 1구간] 천아숲길,제주특별자치도 제주시 애월읍 광령리,천아숲길입구(천아계곡)~보림농장 삼거리,63062,,126.4600000000,33.3971450000,6,https://tong.visitkorea.or.kr/cms/resource/38/3545738_image2_1.jpg,https://tong.visitkorea.or.kr/cms/resource/38/3545738_image3_1.jpg,Type3,20200702234113,20260605113311,,,50,110,,,,LS,LS01,LS011900
2662724,28,머체왓숲길,제주특별자치도 서귀포시 남원읍 서성로 755,,63614,,126.6738998203,33.3305225861,6,https://tong.visitkorea.or.kr/cms/resource/28/4075728_image2_1.jpg,https://tong.visitkorea.or.kr/cms/resource/28/4075728_image3_1.jpg,Type3,20200708203631,20260616112030,,,50,130,,,,LS,LS01,LS011900
2662743,12,엉덩물계곡,제주특별자치도 서귀포시 색달동,,63534,,126.4139105501,33.2479286727,6,http://tong.visitkorea.or.kr/cms/resource/48/3523648_image2_1.jpg,http://tong.visitkorea.or.kr/cms/resource/48/3523648_image3_1.jpg,Type3,20200708223624,20250819171551,39,3,50,130,A01,A0101,A01010900,NA,NA01,NA010400
2663244,12,방주교회,제주특별자치도 서귀포시 안덕면 산록남로762번길 113,,63525,,126.3877920933,33.3051886051,,http://tong.visitkorea.or.kr/cms/resource/71/3400771_image2_1.jpg,http://tong.visitkorea.or.kr/cms/resource/71/3400771_image3_1.jpg,Type3,20200711003507,20251127093839,39,3,50,130,A02,A0201,A02010900,HS,HS03,HS030200
2663250,12,신창풍차해안도로,제주특별자치도 제주시 한경면 한경해안로 485,,63002,,126.1721349880,33.3431254722,6,http://tong.visitkorea.or.kr/cms/resource/24/3354424_image2_1.jpg,http://tong.visitkorea.or.kr/cms/resource/24/3354424_image3_1.jpg,Type3,20200711005006,20251027142526,39,4,50,110,A01,A0101,A01010500,NA,NA05,NA050100
2664574,39,허니문하우스,제주특별자치도 서귀포시 토평동 511,,63599,,126.5780296770,33.2469591520,6,http://tong.visitkorea.or.kr/cms/resource/69/3389969_image2_1.jpg,http://tong.visitkorea.or.kr/cms/resource/69/3389969_image3_1.jpg,Type3,20200722201729,20250807151628,39,3,50,130,A05,A0502,A05020900,FD,FD05,FD050100
2666735,39,해녀의 부엌,제주특별자치도 제주시 구좌읍 해맞이해안로 2265,,63364,,126.9123061050,33.4978173678,6,http://tong.visitkorea.or.kr/cms/resource/92/3578892_image2_1.jpg,http://tong.visitkorea.or.kr/cms/resource/92/3578892_image3_1.jpg,Type3,20200810231512,20251205100719,39,4,50,110,A05,A0502,A05020100,FD,FD01,FD010100
2667498,32,에덴호스텔,제주특별자치도 제주시 서해안로 456-12,(용담삼동),63114,,126.4891868158,33.5184027384,,,,,20200818201757,20241127111822,39,4,50,110,B02,B0201,B02011100,AC,AC06,AC060200
2667643,32,카이 호스텔,제주특별자치도 제주시 한림읍 협재2길 10,,63011,,126.2412473291,33.3922238993,,,,,20200818235818,20241127144449,39,4,50,110,B02,B0201,B02011100,AC,AC06,AC060200
2674014,12,비체올린,제주특별자치도 제주시 한경면 판조로 253-6,,63003,,126.2182391712,33.3494560488,6,http://tong.visitkorea.or.kr/cms/resource/26/3554826_image2_1.jpg,http://tong.visitkorea.or.kr/cms/resource/26/3554826_image3_1.jpg,Type1,20200924002928,20251023163434,39,4,50,110,A02,A0203,A02030400,EX,EX07,EX070200
2675039,28,[한라산 둘레길 2구간] 돌오름길,제주특별자치도 서귀포시 1100로 1187 (중문동),,63554,,126.4593269522,33.3319173366,6,http://tong.visitkorea.or.kr/cms/resource/25/2675025_image2_1.JPG,http://tong.visitkorea.or.kr/cms/resource/25/2675025_image2_1.JPG,Type3,20201007053048,20251124140614,39,3,50,130,A03,A0302,A03022700,LS,LS01,LS011900
2699343,32,솔트,제주특별자치도 제주시 애월읍 애월해안로 226,,63045,,126.3363346046,33.4670365589,,,,,20201217033352,20241126160239,39,4,50,110,B02,B0201,B02011100,AC,AC06,AC060200
2699863,32,호텔 서귀피안,제주특별자치도 서귀포시 보목로64번길 178,(보목동),63599,,126.5905592043,33.2444207422,,,,,20201219001509,20241127155023,39,3,50,130,B02,B0201,B02011100,AC,AC06,AC060200
2704232,12,성불오름,제주특별자치도 제주시 구좌읍 중산간동로 2532,,63355,,126.8086881941,33.4594588218,6,http://tong.visitkorea.or.kr/cms/resource/23/3527023_image2_1.jpg,http://tong.visitkorea.or.kr/cms/resource/23/3527023_image3_1.jpg,Type3,20210119014126,20250826161243,39,4,50,110,A01,A0101,A01010400,NA,NA01,NA010100
2704242,12,해품은체험농장,제주특별자치도 서귀포시 성산읍 서성일로 1073,,63630,,126.8933089807,33.4445035069,6,http://tong.visitkorea.or.kr/cms/resource/34/3577234_image2_1.jpg,http://tong.visitkorea.or.kr/cms/resource/34/3577234_image3_1.jpg,Type3,20210119015410,20251202111614,39,3,50,130,A02,A0204,A02040800,EX,EX06,EX061000
2704351,12,영주산,제주특별자치도 서귀포시 표선면 성읍리,,63624,,12.79737228191,33.4042093891,6,http://tong.visitkorea.or.kr/cms/resource/68/3528268_image2_1.jpg,http://tong.visitkorea.or.kr/cms/resource/68/3528268_image3_1.jpg,Type3,20210120021931,20250828092154,39,3,50,130,A01,A0101,A01010400,NA,NA01,NA010100
2704352,28,번영로 명품도로,제주특별자치도 서귀포시 표선면 성읍리 3294,,699912,,126.788521729324,33.3889246335733,6,https://tong.visitkorea.or.kr/cms/resource/91/4068891_image2_1.jpg,https://tong.visitkorea.or.kr/cms/resource/91/4068891_image3_1.jpg,Type1,20210120022720,20260528155234,,,50,130,,,,LS,LS01,LS011900
2704353,12,신비의도로,제주특별자치도 제주시 1100로 2894-63 (노형동),,63079,,126.48750098794329,33.45128821389299,6,https://tong.visitkorea.or.kr/cms/resource/81/3396581_image2_1.jpg,https://tong.visitkorea.or.kr/cms/resource/81/3396581_image3_1.jpg,Type3,20210120021819,20260406094239,,,50,110,,,,EX,EX07,EX070200
2704407,12,명월성지,제주특별자치도 제주시 한림읍 명월리 2236,,695926,,126.2603927584,33.4007537003,6,https://tong.visitkorea.or.kr/cms/resource/22/4074022_image2_1.jpg,https://tong.visitkorea.or.kr/cms/resource/22/4074022_image3_1.jpg,Type1,20210121185302,20260611165812,,,50,110,,,,HS,HS01,HS010200
2704412,12,아침미소목장,제주특별자치도 제주시 첨단동길 160-30 (월평동),,63311,,126.587420689818,33.453285210694,6,,,,20210121190456,20260305095851,,,50,110,,,,EX,EX06,EX061000
2704435,12,하도해변,제주특별자치도 제주시 구좌읍 해맞이해안로 1973,,63363,,126.8988152454,33.5135348561,6,http://tong.visitkorea.or.kr/cms/resource/92/3100092_image2_1.jpg,http://tong.visitkorea.or.kr/cms/resource/92/3100092_image3_1.jpg,Type1,20210121202742,20251027153140,39,4,50,110,A01,A0101,A01011200,NA,NA02,NA020900
2704447,12,당케포구,제주특별자치도 서귀포시 표선면 민속해안로 566-1,,63629,,126.8451186744,33.3247853896,6,http://tong.visitkorea.or.kr/cms/resource/92/3389992_image2_1.jpg,http://tong.visitkorea.or.kr/cms/resource/92/3389992_image3_1.jpg,Type3,20210121235727,20251224135413,39,3,50,130,A01,A0101,A01011400,NA,NA02,NA020700
2704452,28,표선세화해안도로,제주특별자치도 서귀포시 표선면 세화리,,63625,,126.8087,33.3033,6,https://tong.visitkorea.or.kr/cms/resource/49/3528449_image2_1.jpg,https://tong.visitkorea.or.kr/cms/resource/49/3528449_image3_1.jpg,Type3,20210122002901,20260318101005,,,50,130,,,,LS,LS01,LS011900
2704456,12,노리매공원,제주특별자치도 서귀포시 대정읍 중산간서로 2260-15,,63519,,126.2873513183,33.2825728584,6,http://tong.visitkorea.or.kr/cms/resource/86/3390386_image2_1.jpg,http://tong.visitkorea.or.kr/cms/resource/86/3390386_image3_1.jpg,Type3,20210122004635,20251126094304,39,3,50,130,A02,A0202,A02020700,VE,VE03,VE030100
2704703,12,당산봉,제주특별자치도 제주시 한경면 고산리,산 15,63008,,126.1727968238,33.3078071658,6,http://tong.visitkorea.or.kr/cms/resource/84/3477884_image2_1.jpg,http://tong.visitkorea.or.kr/cms/resource/84/3477884_image3_1.jpg,Type3,20210128010707,20250428154431,39,4,50,110,A01,A0101,A01010400,NA,NA01,NA010100
2705296,12,물뫼힐링팜,제주특별자치도 제주시 애월읍 예원로 51,,63057,,126.3965683162,33.4642655959,6,http://tong.visitkorea.or.kr/cms/resource/45/3553545_image2_1.jpg,http://tong.visitkorea.or.kr/cms/resource/45/3553545_image3_1.jpg,Type1,20210203232918,20251023143000,39,4,50,110,A02,A0203,A02030400,EX,EX07,EX070200
2705373,28,제주레일바이크,제주특별자치도 제주시 구좌읍 용눈이오름로 641,,63354,,126.8366273253,33.4643587312,6,,,,20210204021911,20251028142009,39,4,50,110,A03,A0302,A03022700,LS,LS01,LS011900
2707417,32,서툰가족,제주특별자치도 서귀포시 안덕면 사계중앙로 41-15,,63528,,126.2980682613,33.2282179181,6,http://tong.visitkorea.or.kr/cms/resource/36/2707436_image2_1.jpg,http://tong.visitkorea.or.kr/cms/resource/36/2707436_image2_1.jpg,Type3,20210226225311,20250924140644,39,3,50,130,B02,B0201,B02011000,AC,AC03,AC030300
2707930,12,소인국테마파크,제주특별자치도 서귀포시 안덕면 화순서동로 347,,63522,,126.33207574662586,33.28158936731043,6,https://tong.visitkorea.or.kr/cms/resource/17/3502717_image2_1.jpg,https://tong.visitkorea.or.kr/cms/resource/17/3502717_image3_1.jpg,Type3,20210303223436,20260311100340,,,50,130,,,,VE,VE02,VE020100
2708336,38,제주관광공사 중문면세점,제주특별자치도 서귀포시 중문관광로 224,(중문동),63547,,126.4244653377,33.2413184576,6,http://tong.visitkorea.or.kr/cms/resource/13/3477413_image2_1.jpg,http://tong.visitkorea.or.kr/cms/resource/13/3477413_image3_1.jpg,Type3,20210309013655,20250410113523,39,3,50,130,A04,A0401,A04010400,SH,SH04,SH040200
2708338,39,더클리프,제주특별자치도 서귀포시 중문관광로 154-17,(색달동),63535,,126.4156104662,33.2450679043,,,,,20210309020409,20251027160905,39,3,50,130,A05,A0502,A05020200,FD,FD02,FD020300
2708692,39,색달해녀의집,제주특별자치도 서귀포시 중문관광로 154-17,,63535,,126.4156104662,33.2450679043,6,,,,20210310023453,20251203132033,39,3,50,130,A05,A0502,A05020700,FD,FD02,FD020500
2709579,12,위미동백나무군락,제주특별자치도 서귀포시 남원읍 위미중앙로300번길 15,,63610,,126.67499910688764,33.27287477995361,6,https://tong.visitkorea.or.kr/cms/resource/76/3557976_image2_1.jpg,https://tong.visitkorea.or.kr/cms/resource/76/3557976_image3_1.jpg,Type1,20210311195047,20260120084307,,,50,130,,,,NA,NA04,NA040500
2710029,28,[제주올레 3코스] 온평-표선 올레 (B),제주특별자치도 서귀포시 성산읍 온평리 1001-6,,63633,,126.9028285482,33.4032609931,,http://tong.visitkorea.or.kr/cms/resource/66/3550266_image2_1.jpg,http://tong.visitkorea.or.kr/cms/resource/66/3550266_image3_1.jpg,Type1,20210318010026,20251023143000,39,3,50,130,A03,A0302,A03022700,LS,LS01,LS011900
2710165,28,[제주올레 15코스] 한림-고내 올레 (B),제주특별자치도 제주시 한림읍 한림해안로 196,,63031,,126.2625365394,33.4193184574,6,http://tong.visitkorea.or.kr/cms/resource/83/3554483_image2_1.jpg,http://tong.visitkorea.or.kr/cms/resource/83/3554483_image3_1.jpg,Type1,20210318230107,20251023144117,39,4,50,110,A03,A0302,A03022700,LS,LS01,LS011900
2710264,28,옷귀마테마타운,제주특별자치도 서귀포시 남원읍 서성로 955-117,,63614,,126.68342981118,33.3404480149004,6,,,,20210319025252,20260220151054,,,50,130,,,,LS,LS01,LS010700
2711404,28,내창트레킹,제주특별자치도 서귀포시 남원읍 하례중앙로 95,,63613,,126.625347931884,33.269169250149,6,,,,20210325230930,20260224105437,,,50,130,,,,LS,LS01,LS011900
2713583,14,제주도립김창열미술관,제주특별자치도 제주시 용금로 883-5 김창열미술관,,63017,,126.26867175806325,33.339071304841084,6,https://tong.visitkorea.or.kr/cms/resource/99/3553099_image2_1.jpg,https://tong.visitkorea.or.kr/cms/resource/99/3553099_image3_1.jpg,Type1,20210412230526,20260519150814,,,50,110,,,,VE,VE07,VE070600
2713585,12,왕이메오름,제주특별자치도 서귀포시 안덕면 광평리,산 79,63524,,126.3750562608,33.3421787614,6,,,,20210412230619,20250912151230,39,3,50,130,A01,A0101,A01010400,NA,NA01,NA010100
2714222,12,스누피가든,제주특별자치도 제주시 구좌읍 금백조로 930,,63355,,126.77860501008234,33.44337164886826,6,https://tong.visitkorea.or.kr/cms/resource/87/3354387_image2_1.jpg,https://tong.visitkorea.or.kr/cms/resource/87/3354387_image3_1.jpg,Type3,20210421235959,20260422102339,,,50,110,,,,VE,VE02,VE020100
2714241,12,아르떼뮤지엄 제주,제주특별자치도 제주시 애월읍 어림비로 478,,63038,,126.344976644835,33.3966944005763,6,,,,20210422015634,20260514093817,,,50,110,,,,VE,VE07,VE070600
2714306,12,제주 무지개해안도로,제주특별자치도 제주시 도두일동 1734,,,,126.4724622276,33.5093583102,6,https://tong.visitkorea.or.kr/cms/resource/07/4094007_image2_1.jpg,https://tong.visitkorea.or.kr/cms/resource/07/4094007_image3_1.jpg,Type1,20210423011924,20260729141307,,,50,110,,,,NA,NA05,NA050100
2714659,12,보롬왓,제주특별자치도 서귀포시 번영로 2350-104,,63624,,126.752493951494,33.4134934171129,6,https://tong.visitkorea.or.kr/cms/resource/38/3551438_image2_1.jpg,https://tong.visitkorea.or.kr/cms/resource/38/3551438_image3_1.jpg,Type1,20210427201647,20260422103527,,,50,130,,,,EX,EX06,EX061000
2714826,12,수산봉,제주특별자치도 제주시 애월읍 수산리 산1-1,,,,126.3828359615,33.4738476510,6,http://tong.visitkorea.or.kr/cms/resource/26/3527226_image2_1.jpg,http://tong.visitkorea.or.kr/cms/resource/26/3527226_image3_1.jpg,Type3,20210429021029,20250826180813,39,4,50,110,A01,A0101,A01010400,NA,NA01,NA010100
2715354,39,새빌,제주특별자치도 제주시 애월읍 평화로 1529,,63039,,126.3636734821,33.3615847697,6,http://tong.visitkorea.or.kr/cms/resource/08/3576308_image2_1.jpg,http://tong.visitkorea.or.kr/cms/resource/08/3576308_image3_1.jpg,Type3,20210506195558,20251128154807,39,4,50,110,A05,A0502,A05020900,FD,FD05,FD050100
2715648,12,발자국화석공원,제주특별자치도 서귀포시 대정읍 형제해안로 192,,63512,,126.2931467063,33.2173857035,6,http://tong.visitkorea.or.kr/cms/resource/81/3024681_image2_1.jpg,http://tong.visitkorea.or.kr/cms/resource/81/3024681_image3_1.jpg,Type3,20210508012706,20250408132116,39,3,50,130,A01,A0102,A01020200,NA,NA03,NA030300
2715650,12,사계해변,제주특별자치도 서귀포시 안덕면 사계리,2147-35,63528,,126.3084395842,33.2282014158,6,http://tong.visitkorea.or.kr/cms/resource/36/3421436_image2_1.jpg,http://tong.visitkorea.or.kr/cms/resource/36/3421436_image3_1.jpg,Type1,20210508013853,20250409103754,39,3,50,130,A01,A0101,A01011200,NA,NA02,NA020900
2715651,12,섯알오름,제주특별자치도 서귀포시 대정읍 상모리 1618,,,,126.2815563372,33.2042091988,6,http://tong.visitkorea.or.kr/cms/resource/62/3383862_image2_1.jpg,http://tong.visitkorea.or.kr/cms/resource/62/3383862_image3_1.jpg,Type3,20210508014034,20251224153825,39,3,50,130,A01,A0101,A01010400,NA,NA01,NA010100
2716736,32,신라스테이 제주,제주특별자치도 제주시 노연로 100,,63133,,126.4910512883,33.4855175198,6,http://tong.visitkorea.or.kr/cms/resource/42/2716742_image2_1.jpg,http://tong.visitkorea.or.kr/cms/resource/42/2716742_image2_1.jpg,Type3,20210512233746,20250801114047,39,4,50,110,B02,B0201,B02010100,AC,AC01,AC010100
2717330,14,유민 아르누보 뮤지엄,제주특별자치도 서귀포시 성산읍 섭지코지로 107,,63642,,126.9246787370,33.4335552242,6,http://tong.visitkorea.or.kr/cms/resource/11/3548711_image2_1.jpg,http://tong.visitkorea.or.kr/cms/resource/11/3548711_image3_1.jpg,Type1,20210515022654,20251027163622,39,3,50,130,A02,A0206,A02060500,VE,VE07,VE070600
2718006,32,벤티모 호텔 앤 레지던스 제주,제주특별자치도 제주시 연삼로 14 (연동),,63118,,126.4937564282,33.4934583510,6,http://tong.visitkorea.or.kr/cms/resource/21/3514421_image2_1.jpg,http://tong.visitkorea.or.kr/cms/resource/21/3514421_image3_1.jpg,Type3,20210525185958,20250730102200,39,4,50,110,B02,B0201,B02010100,AC,AC01,AC010100
2718541,38,재주도좋아·반짝반짝 지구상회,제주특별자치도 제주시 한림읍 귀덕6길 192,,63025,,126.2894700944,33.4288317168,,http://tong.visitkorea.or.kr/cms/resource/42/3539042_image2_1.jpg,http://tong.visitkorea.or.kr/cms/resource/42/3539042_image3_1.jpg,Type3,20210527023646,20250917193156,39,4,50,110,A04,A0401,A04010700,SH,SH05,SH050100
2718799,28,제로포인트트레일,제주특별자치도 제주시 산지로 25 (건입동),,63278,,126.5292195284,33.5147676675,6,http://tong.visitkorea.or.kr/cms/resource/01/2718801_image2_1.jpg,http://tong.visitkorea.or.kr/cms/resource/01/2718801_image2_1.jpg,Type3,20210528032520,20250820160540,39,4,50,110,A03,A0302,A03022700,LS,LS01,LS011900
2723542,12,한담해변,제주특별자치도 제주시 애월읍 애월로1길 26-4,,63043,,126.3101064260,33.4627838378,6,http://tong.visitkorea.or.kr/cms/resource/93/3413993_image2_1.jpg,http://tong.visitkorea.or.kr/cms/resource/93/3413993_image3_1.jpg,Type3,20210625233324,20251224175308,39,4,50,110,A01,A0101,A01011200,NA,NA02,NA020900
2723555,12,평대해변,제주특별자치도 제주시 구좌읍 평대리 1994-20,,,,126.8406003954,33.5332400681,6,http://tong.visitkorea.or.kr/cms/resource/61/3396561_image2_1.jpg,http://tong.visitkorea.or.kr/cms/resource/61/3396561_image3_1.jpg,Type3,20210625235940,20250324105406,39,4,50,110,A01,A0101,A01011200,NA,NA02,NA020900
2723689,12,서귀다원,제주특별자치도 서귀포시 516로 717 (상효동),,63582,,126.5966821327,33.3128299569,6,http://tong.visitkorea.or.kr/cms/resource/78/3400178_image2_1.jpg,http://tong.visitkorea.or.kr/cms/resource/78/3400178_image3_1.jpg,Type3,20210629185302,20251127175141,39,3,50,130,A02,A0204,A02040800,EX,EX06,EX061000
2724387,12,안돌오름,제주특별자치도 제주시 구좌읍 송당리 산 66-2,,63355,,126.7560844718,33.4573054352,6,http://tong.visitkorea.or.kr/cms/resource/57/3523657_image2_1.jpg,http://tong.visitkorea.or.kr/cms/resource/57/3523657_image3_1.jpg,Type3,20210705200821,20250819173243,39,4,50,110,A01,A0101,A01010400,NA,NA01,NA010100
2726291,39,떡하니문어떡볶이,제주특별자치도 제주시 구좌읍 행원로9길 9-5,,63358,,126.80782723931,33.5537724374858,6,,,,20210719195427,20260206172356,,,50,110,,,,FD,FD03,FD030400
2726675,28,관음사야영장,제주특별자치도 제주시 산록북로 588 (오등동),,63242,,126.5505904000,33.4219399000,6,https://tong.visitkorea.or.kr/cms/resource/31/4074431_image2_1.jpg,https://tong.visitkorea.or.kr/cms/resource/31/4074431_image3_1.jpg,Type1,20210722202746,20260612144412,,,50,110,,,,AC,AC05,AC050100
2726704,28,자연인캠핑장,제주특별자치도 제주시 아란서길 110 (아라일동),,63239,,126.5399668613,33.4687562651,6,http://tong.visitkorea.or.kr/cms/resource/85/2727085_image2_1.jpg,http://tong.visitkorea.or.kr/cms/resource/85/2727085_image2_1.jpg,Type3,20210722230915,20250903132337,39,4,50,110,A03,A0302,A03021700,AC,AC05,AC050100
2728613,15,귀몽 제주신화월드,제주특별자치도 서귀포시 안덕면 신화역사로304번길 98,,63521,1670-1188,126.3151497973,33.3049276506,6,https://tong.visitkorea.or.kr/cms/resource/60/4081660_image2_1.png,https://tong.visitkorea.or.kr/cms/resource/60/4081660_image3_1.png,Type3,20210729201334,20260713130338,,,50,130,,,,EV,EV03,EV030400
2729335,28,돌하르방캠핑장,제주특별자치도 제주시 한경면 낙수로 271-40,,63006,,126.2389573829,33.3238814232,6,http://tong.visitkorea.or.kr/cms/resource/40/2729840_image2_1.jpg,http://tong.visitkorea.or.kr/cms/resource/40/2729840_image2_1.jpg,Type3,20210802224657,20250909094840,39,4,50,110,A03,A0302,A03021700,AC,AC05,AC050100
2730822,28,제주벨리타캠핑장,제주특별자치도 제주시 조천읍 중산간동로 1194,,63340,,126.6978161445,33.5080683294,6,http://tong.visitkorea.or.kr/cms/resource/03/2731003_image2_1.jpg,http://tong.visitkorea.or.kr/cms/resource/03/2731003_image3_1.jpg,Type3,20210804200853,20250904101316,39,4,50,110,A03,A0302,A03021700,AC,AC05,AC050100
2730830,28,제주플래티늄카라반,제주특별자치도 제주시 애월읍 하귀미수포길 5-8,,63051,,126.4013896858,33.4834913217,6,http://tong.visitkorea.or.kr/cms/resource/14/2731014_image2_1.jpg,http://tong.visitkorea.or.kr/cms/resource/14/2731014_image2_1.jpg,Type3,20210804201303,20250904101659,39,4,50,110,A03,A0302,A03021700,AC,AC05,AC050300
2731801,12,백약이오름,제주특별자치도 서귀포시 표선면 성읍리 산1,,699912,,126.7901843521,33.4372051592,6,https://tong.visitkorea.or.kr/cms/resource/33/4078433_image2_1.jpg,https://tong.visitkorea.or.kr/cms/resource/33/4078433_image3_1.jpg,Type3,20210807002156,20260624094650,,,50,130,,,,NA,NA01,NA010100
2734081,28,어라운드폴리,제주특별자치도 서귀포시 성산읍 서성일로 433,,63632,,126.8359611545,33.4157889471,6,https://tong.visitkorea.or.kr/cms/resource/30/4073230_image2_1.jpg,https://tong.visitkorea.or.kr/cms/resource/30/4073230_image3_1.jpg,Type1,20210817230646,20260610141700,,,50,130,,,,AC,AC05,AC050100
2734909,28,귤빛캠핑장,제주특별자치도 제주시 조천읍 함와로 428,,63343,,126.6738044342,33.5039628424,6,http://tong.visitkorea.or.kr/cms/resource/02/2797902_image2_1.jpg,http://tong.visitkorea.or.kr/cms/resource/02/2797902_image3_1.jpg,Type3,20210818224436,20250115140411,39,4,50,110,A03,A0302,A03021700,AC,AC05,AC050100
2737284,39,커피프렌즈촬영지,제주특별자치도 서귀포시 안덕면 중산간서로 2026,,63521,,126.3072216792,33.2886863834,6,http://tong.visitkorea.or.kr/cms/resource/42/2737542_image2_1.jpg,http://tong.visitkorea.or.kr/cms/resource/42/2737542_image3_1.jpg,Type3,20210830184906,20250827100128,39,3,50,130,A05,A0502,A05020900,FD,FD05,FD050100
2737330,38,동문수산시장,제주특별자치도 제주시 이도일동 1349-60,,63192,,126.525718313675,33.5123754786102,6,https://tong.visitkorea.or.kr/cms/resource/23/4067923_image2_1.jpg,https://tong.visitkorea.or.kr/cms/resource/23/4067923_image3_1.jpg,Type1,20210830223205,20260526170631,,,50,110,,,,SH,SH06,SH060200
2738653,12,토토아뜰리에,제주특별자치도 제주시 애월읍 고성북길 112,,63057,,126.4131000861,33.4698485725,6,http://tong.visitkorea.or.kr/cms/resource/30/3585130_image2_1.jpg,http://tong.visitkorea.or.kr/cms/resource/30/3585130_image3_1.jpg,Type1,20210901185646,20251217104049,39,4,50,110,A02,A0203,A02030400,EX,EX07,EX070200
2738659,12,구엄포구,제주특별자치도 제주시 애월읍 구엄리,,63049,,126.3764112840,33.4843297214,6,http://tong.visitkorea.or.kr/cms/resource/13/3553813_image2_1.jpg,http://tong.visitkorea.or.kr/cms/resource/13/3553813_image3_1.jpg,Type1,20210901190125,20251023091715,39,4,50,110,A01,A0101,A01011400,NA,NA02,NA020700
2738665,12,도두봉,제주특별자치도 제주시 도두항길 4-17 (도두일동),,63112,,126.4672362102,33.5067925638,6,http://tong.visitkorea.or.kr/cms/resource/14/3523614_image2_1.jpg,http://tong.visitkorea.or.kr/cms/resource/14/3523614_image3_1.jpg,Type3,20210901190619,20250819165344,39,4,50,110,A01,A0101,A01010400,NA,NA01,NA010100
2738671,28,서우봉둘레길,제주특별자치도 제주시 조천읍 함덕12길 16,,63333,,126.6641460999,33.5407280629,6,http://tong.visitkorea.or.kr/cms/resource/53/2740453_image2_1.jpg,http://tong.visitkorea.or.kr/cms/resource/53/2740453_image2_1.jpg,Type3,20210901190924,20251111162602,39,4,50,110,A03,A0302,A03022700,LS,LS01,LS011900
2738675,12,선운정사,제주특별자치도 제주시 애월읍 구몰동길 65,,63039,,126.3071574318,33.4293874894,6,http://tong.visitkorea.or.kr/cms/resource/59/3399959_image2_1.jpg,http://tong.visitkorea.or.kr/cms/resource/59/3399959_image3_1.jpg,Type3,20210901191635,20250324103001,39,4,50,110,A02,A0201,A02010800,HS,HS03,HS030100
2738683,12,연대포구,제주특별자치도 제주시 외도이동,,63068,,126.4267094451,33.4950293341,6,http://tong.visitkorea.or.kr/cms/resource/36/3553736_image2_1.jpg,http://tong.visitkorea.or.kr/cms/resource/36/3553736_image3_1.jpg,Type1,20210901192406,20251023143000,39,4,50,110,A01,A0101,A01011400,NA,NA02,NA020700
2738692,12,용연구름다리,제주특별자치도 제주시 용담이동,2581,63164,,126.5143124879,33.5149285237,6,http://tong.visitkorea.or.kr/cms/resource/81/3527081_image2_1.jpg,http://tong.visitkorea.or.kr/cms/resource/81/3527081_image3_1.jpg,Type3,20210901193331,20250826164534,39,4,50,110,A02,A0205,A02050100,VE,VE01,VE010300
2738701,12,월정리해안도로,제주특별자치도 제주시 구좌읍 월정리 652-4,,,,126.7949343757,33.5566117438,6,http://tong.visitkorea.or.kr/cms/resource/02/3553602_image2_1.jpg,http://tong.visitkorea.or.kr/cms/resource/02/3553602_image3_1.jpg,Type1,20210901194344,20251023143000,39,4,50,110,A01,A0101,A01010500,NA,NA05,NA050100
2738705,12,용담해안도로,제주특별자치도 제주시 서해안로 687-8 (용담이동),,63152,,126.5121043316,33.5155784156,6,http://tong.visitkorea.or.kr/cms/resource/29/3556229_image2_1.jpg,http://tong.visitkorea.or.kr/cms/resource/29/3556229_image3_1.jpg,Type1,20210901194855,20251025223502,39,4,50,110,A01,A0101,A01010500,NA,NA05,NA050100
2738709,28,제주카약올레,제주특별자치도 제주시 애월읍 애월로1길 22,,63043,,126.3104869587,33.4623616693,6,http://tong.visitkorea.or.kr/cms/resource/33/2740633_image2_1.jpg,http://tong.visitkorea.or.kr/cms/resource/33/2740633_image3_1.jpg,Type3,20210901195437,20251111163214,39,4,50,110,A03,A0303,A03030200,LS,LS02,LS020200
2738712,12,큰노꼬메오름,제주특별자치도 제주시 애월읍 유수암리,산138,695910,,126.410403,33.38944,6,https://tong.visitkorea.or.kr/cms/resource/52/3527352_image2_1.jpg,https://tong.visitkorea.or.kr/cms/resource/52/3527352_image3_1.jpg,Type3,20210901195941,20260323095249,,,50,110,,,,NA,NA01,NA010100
2738714,12,대포포구,제주특별자치도 서귀포시 대포동,,63543,,126.4392113608,33.2377274199,6,http://tong.visitkorea.or.kr/cms/resource/26/3550926_image2_1.jpg,http://tong.visitkorea.or.kr/cms/resource/26/3550926_image3_1.jpg,Type1,20210901200528,20251023143000,39,3,50,130,A01,A0101,A01011400,NA,NA02,NA020700
2738715,12,신도포구,제주특별자치도 서귀포시 대정읍 신도리 3046-2,,,,126.1707,33.2767,6,https://tong.visitkorea.or.kr/cms/resource/88/3552588_image2_1.jpg,https://tong.visitkorea.or.kr/cms/resource/88/3552588_image3_1.jpg,Type1,20210901200641,20260514082738,,,50,130,,,,NA,NA02,NA020700
2738721,12,미천굴,제주특별자치도 서귀포시 성산읍 중산간동로 4150-30,,63635,,126.8415509789,33.3833177616,6,http://tong.visitkorea.or.kr/cms/resource/61/3401661_image2_1.jpg,http://tong.visitkorea.or.kr/cms/resource/61/3401661_image3_1.jpg,Type3,20210901201107,20251202161409,39,3,50,130,A01,A0101,A01011900,NA,NA03,NA030100
2738724,12,자구리문화예술공원(자구리공원),제주특별자치도 서귀포시 칠십리로 120-12 (서귀동),,63596,,126.5675084795,33.2419428720,6,http://tong.visitkorea.or.kr/cms/resource/72/3463972_image2_1.jpg,http://tong.visitkorea.or.kr/cms/resource/72/3463972_image3_1.jpg,Type3,20210901201750,20251202154504,39,3,50,130,A02,A0202,A02020700,VE,VE03,VE030500
2738726,12,중문미로파크,제주특별자치도 서귀포시 상예동 3592-5,,697301,,126.382401161238,33.2634799314062,6,https://tong.visitkorea.or.kr/cms/resource/81/2740481_image2_1.jpg,https://tong.visitkorea.or.kr/cms/resource/81/2740481_image3_1.jpg,Type3,20210901202301,20260211095216,,,50,130,,,,VE,VE02,VE020100
2738728,12,법환포구,제주특별자치도 서귀포시 법환동,,63573,,126.5157102960,33.2372286829,6,http://tong.visitkorea.or.kr/cms/resource/11/3550911_image2_1.jpg,http://tong.visitkorea.or.kr/cms/resource/11/3550911_image3_1.jpg,Type1,20210901202241,20251023143000,39,3,50,130,A01,A0101,A01011400,NA,NA02,NA020700
2738730,12,화순곶자왈 생태탐방숲길,제주특별자치도 서귀포시 안덕면 화순서동로 151,,63529,,126.3323756109,33.2635062261,6,http://tong.visitkorea.or.kr/cms/resource/90/3370590_image2_1.jpg,http://tong.visitkorea.or.kr/cms/resource/90/3370590_image3_1.jpg,Type1,20210901214609,20250422100125,39,3,50,130,A01,A0101,A01010700,NA,NA04,NA040700
2738734,12,상효원수목원,제주특별자치도 서귀포시 산록남로 2847-37,(상효동),63577,,126.5860192949,33.3072442933,6,http://tong.visitkorea.or.kr/cms/resource/13/3533613_image2_1.jpg,http://tong.visitkorea.or.kr/cms/resource/13/3533613_image3_1.jpg,Type1,20210901220507,20250910092128,39,3,50,130,A01,A0101,A01010700,NA,NA04,NA040700
2738742,12,보목포구,제주특별자치도 서귀포시 보목포로 46 (보목동),,63599,,126.6067745830,33.2392465705,6,http://tong.visitkorea.or.kr/cms/resource/92/3550692_image2_1.jpg,http://tong.visitkorea.or.kr/cms/resource/92/3550692_image3_1.jpg,Type1,20210901221803,20251023143000,39,3,50,130,A01,A0101,A01011400,NA,NA02,NA020700
2738761,12,동일리포구,제주특별자치도 서귀포시 대정읍 동일하모로98번길 14-32,,63506,,126.2401122413,33.2254895350,6,http://tong.visitkorea.or.kr/cms/resource/01/3552201_image2_1.jpg,http://tong.visitkorea.or.kr/cms/resource/01/3552201_image3_1.jpg,Type1,20210901223016,20251023143000,39,3,50,130,A01,A0101,A01011400,NA,NA02,NA020700
2738763,12,박수기정,제주특별자치도 서귀포시 안덕면 난드르로 90-25,,63531,,126.3587400593,33.2371548380,6,https://tong.visitkorea.or.kr/cms/resource/25/4078425_image2_1.jpg,https://tong.visitkorea.or.kr/cms/resource/25/4078425_image3_1.jpg,Type3,20210901223411,20260624093815,,,50,130,,,,NA,NA02,NA020800
2739395,28,골체오름캠핑,제주특별자치도 제주시 조천읍 번영로 1648-41,,63346,,126.7043529744,33.4518024351,6,http://tong.visitkorea.or.kr/cms/resource/74/2739574_image2_1.jpg,http://tong.visitkorea.or.kr/cms/resource/74/2739574_image2_1.jpg,Type3,20210902201940,20251125100633,39,4,50,110,A03,A0302,A03021700,AC,AC05,AC050100
2739407,28,캠파제주,제주특별자치도 서귀포시 516로 574-23 (상효동),,63602,,126.6005876695,33.2986704711,6,http://tong.visitkorea.or.kr/cms/resource/72/2739872_image2_1.jpg,http://tong.visitkorea.or.kr/cms/resource/72/2739872_image2_1.jpg,Type3,20210902222819,20251125100922,39,3,50,130,A03,A0302,A03021700,AC,AC05,AC050100
2740014,14,노형수퍼마켙,제주특별자치도 제주시 노형로 89,,63061,,126.4552187560,33.4650081095,6,http://tong.visitkorea.or.kr/cms/resource/82/3350682_image2_1.jpg,http://tong.visitkorea.or.kr/cms/resource/82/3350682_image3_1.jpg,Type3,20210904003303,20250321092415,39,4,50,110,A02,A0206,A02060500,VE,VE07,VE070600
2740047,12,논짓물,제주특별자치도 서귀포시 예래해안로 256 (하예동),,63538,,126.3887657618,33.2365767524,6,http://tong.visitkorea.or.kr/cms/resource/44/3550644_image2_1.jpg,http://tong.visitkorea.or.kr/cms/resource/44/3550644_image3_1.jpg,Type1,20210906191734,20251023143000,39,3,50,130,A01,A0101,A01011200,NA,NA02,NA020900
2740052,12,예래포구,제주특별자치도 서귀포시 예래해안로 97,,63538,,126.3745753937,33.2335157559,6,http://tong.visitkorea.or.kr/cms/resource/54/3550554_image2_1.jpg,http://tong.visitkorea.or.kr/cms/resource/54/3550554_image3_1.jpg,Type1,20210906193304,20251023143000,39,3,50,130,A01,A0101,A01011400,NA,NA02,NA020700
2740056,12,산방산 유람선,제주특별자치도 서귀포시 안덕면 화순해안로106번길 16,,63530,,126.3352176189,33.2370675236,6,http://tong.visitkorea.or.kr/cms/resource/58/3552058_image2_1.jpg,http://tong.visitkorea.or.kr/cms/resource/58/3552058_image3_1.jpg,Type1,20210906194347,20251117170639,39,3,50,130,A02,A0202,A02020800,EX,EX07,EX070100
2740067,12,5.16 도로숲터널,제주특별자치도 서귀포시 남원읍 신례천로 267-110,,63608,,126.6304291801,33.3140386947,6,http://tong.visitkorea.or.kr/cms/resource/99/3400599_image2_1.jpg,http://tong.visitkorea.or.kr/cms/resource/99/3400599_image3_1.jpg,Type3,20210906195623,20250918155612,39,3,50,130,A02,A0205,A02050500,VE,VE01,VE010600
2740123,12,이승이오름 (이승악),제주특별자치도 서귀포시 남원읍 신례리 산2-1,,699943,,126.6229000000,33.3402000000,6,https://tong.visitkorea.or.kr/cms/resource_photo/12/4070012_image2_1.jpg,https://tong.visitkorea.or.kr/cms/resource_photo/12/4070012_image3_1.jpg,Type1,20210906215141,20260619093209,,,50,130,,,,NA,NA01,NA010100
2740127,12,느지리오름,제주특별자치도 제주시 한림읍 봉수대길 5,,63018,,126.2607962828,33.3629135599,6,http://tong.visitkorea.or.kr/cms/resource/56/3585556_image2_1.jpg,http://tong.visitkorea.or.kr/cms/resource/56/3585556_image3_1.jpg,Type1,20210906220223,20251217145233,39,4,50,110,A01,A0101,A01010400,NA,NA01,NA010100
2740129,12,위미항,제주특별자치도 서귀포시 남원읍 위미중앙로196번길 6-13,,63610,,126.6623912660,33.2713050304,6,http://tong.visitkorea.or.kr/cms/resource/57/3390157_image2_1.jpg,http://tong.visitkorea.or.kr/cms/resource/57/3390157_image3_1.jpg,Type3,20210906215838,20251224143822,39,3,50,130,A01,A0101,A01011400,NA,NA02,NA020700
2740130,12,문도지오름,제주특별자치도 제주시 한림읍 금악리 3444,,63020,,126.29447180157,33.3268156218965,6,,,,20210906220452,20260305095851,,,50,110,,,,NA,NA01,NA010100
2740133,12,아끈다랑쉬 오름,제주특별자치도 제주시 구좌읍 세화리 2593,,63352,,126.8302942866,33.4754212946,6,http://tong.visitkorea.or.kr/cms/resource/32/3528332_image2_1.jpg,http://tong.visitkorea.or.kr/cms/resource/32/3528332_image3_1.jpg,Type3,20210906221048,20250828093600,39,4,50,110,A01,A0101,A01010400,NA,NA01,NA010100
2740135,12,알작지,제주특별자치도 제주시 테우해안로 60,,63074,,126.4412414879,33.4962044339,6,http://tong.visitkorea.or.kr/cms/resource/54/3555454_image2_1.jpg,http://tong.visitkorea.or.kr/cms/resource/54/3555454_image3_1.jpg,Type1,20210906221629,20251024133059,39,4,50,110,A01,A0101,A01011200,NA,NA02,NA020900
2741532,28,제주 베스트힐 글램핑&펜션,제주특별자치도 제주시 조천읍 남조로 2109-36,,63345,,126.6579180711,33.4537542527,6,http://tong.visitkorea.or.kr/cms/resource/82/2741782_image2_1.jpg,http://tong.visitkorea.or.kr/cms/resource/82/2741782_image2_1.jpg,Type3,20210908193621,20251125101203,39,4,50,110,A03,A0302,A03021700,AC,AC05,AC050100
2742256,12,오조포구,제주특별자치도 서귀포시 성산읍 오조로 33,,63639,,126.9149845836,33.4573829903,6,http://tong.visitkorea.or.kr/cms/resource/05/3552705_image2_1.jpg,http://tong.visitkorea.or.kr/cms/resource/05/3552705_image3_1.jpg,Type1,20210909224651,20251023143000,39,3,50,130,A01,A0101,A01011400,NA,NA02,NA020700
2742257,12,월평포구,제주특별자치도 서귀포시 말질로 462,(월평동),63562,,126.4634590000,33.2344450000,6,https://tong.visitkorea.or.kr/cms/resource/96/4073296_image2_1.jpg,https://tong.visitkorea.or.kr/cms/resource/96/4073296_image3_1.jpg,Type1,20210909224804,20260610154218,,,50,130,,,,NA,NA02,NA020700
2742267,12,용수항,제주특별자치도 제주시 한경면 용수리,,63009,,126.1664000000,33.3233000000,6,https://tong.visitkorea.or.kr/cms/resource/33/4073533_image2_1.jpg,https://tong.visitkorea.or.kr/cms/resource/33/4073533_image3_1.jpg,Type1,20210909225730,20260610173748,,,50,110,,,,NA,NA02,NA020700
2742297,12,월령포구,제주특별자치도 제주시 한림읍 월령리 317-1,,63010,,126.2163109139,33.3785527991,6,http://tong.visitkorea.or.kr/cms/resource/79/3553679_image2_1.jpg,http://tong.visitkorea.or.kr/cms/resource/79/3553679_image3_1.jpg,Type1,20210909230254,20251023143000,39,4,50,110,A01,A0101,A01011400,NA,NA02,NA020700
2742301,12,형제해안도로,제주특별자치도 서귀포시 안덕면 사계리 3682,,63528,,126.3157581698,33.2382615310,6,http://tong.visitkorea.or.kr/cms/resource/77/3552077_image2_1.jpg,http://tong.visitkorea.or.kr/cms/resource/77/3552077_image3_1.jpg,Type1,20210909230637,20251023143000,39,3,50,130,A01,A0101,A01010500,NA,NA05,NA050100
2742307,12,싱계물공원,제주특별자치도 제주시 한경면 신창리 1322-1,,63002,,126.1738937595,33.3434173465,6,https://tong.visitkorea.or.kr/cms/resource/70/4070570_image2_1.jpg,https://tong.visitkorea.or.kr/cms/resource/70/4070570_image3_1.jpg,Type1,20210909231622,20260605084251,,,50,110,,,,NA,NA04,NA040500
2742344,12,새별프렌즈,제주특별자치도 제주시 애월읍 평화로 1529,,63039,,126.3636734821,33.3615847697,6,http://tong.visitkorea.or.kr/cms/resource/02/3577302_image2_1.jpg,http://tong.visitkorea.or.kr/cms/resource/02/3577302_image3_1.jpg,Type3,20210909234156,20251202114135,39,4,50,110,A02,A0203,A02030100,EX,EX03,EX030200
2742357,12,월령 선인장군락지,제주특별자치도 제주시 한림읍 월령리,359-3,63010,,126.2157082002,33.3780278479,6,http://tong.visitkorea.or.kr/cms/resource/84/3399984_image2_1.jpg,http://tong.visitkorea.or.kr/cms/resource/84/3399984_image3_1.jpg,Type3,20210909234530,20250324102144,39,4,50,110,A01,A0101,A01010500,NA,NA04,NA040500
2742373,12,청수곶자왈,제주특별자치도 제주시 한경면 연명로 348,,63006,,126.2590505609,33.3022924580,6,http://tong.visitkorea.or.kr/cms/resource/74/3524874_image2_1.jpg,http://tong.visitkorea.or.kr/cms/resource/74/3524874_image3_1.jpg,Type1,20210909235151,20251023143000,39,4,50,110,A01,A0101,A01010400,NA,NA01,NA010200
2744499,28,에어그라운드,제주특별자치도 서귀포시 남원읍 남태해안로 439,,63617,,126.7465527498,33.2820517698,6,https://tong.visitkorea.or.kr/cms/resource/47/4073247_image2_1.jpg,https://tong.visitkorea.or.kr/cms/resource/47/4073247_image3_1.jpg,Type1,20210914230555,20260610144520,,,50,130,,,,AC,AC05,AC050100
2746268,28,삼다수숲길,제주특별자치도 제주시 조천읍 교래리,산70-24,63346,,126.6666100000,33.4209040000,6,https://tong.visitkorea.or.kr/cms/resource/08/4073008_image2_1.jpg,https://tong.visitkorea.or.kr/cms/resource/08/4073008_image3_1.jpg,Type1,20210916223032,20260610105446,,,50,110,,,,LS,LS01,LS011900
2747494,28,에코힐글램핑,제주특별자치도 제주시 애월읍 광령평화8길 22,,63064,,126.4410367756,33.4499464979,6,https://tong.visitkorea.or.kr/cms/resource/66/4095966_image2_1.jpg,https://tong.visitkorea.or.kr/cms/resource/66/4095966_image3_1.jpg,Type3,20210923191439,20260804161240,,,50,110,,,,AC,AC05,AC050400
2747514,28,제주도파인비치 펜션,제주특별자치도 서귀포시 남원읍 태위로 976-10,,63617,,126.7488667422,33.2875796161,6,http://tong.visitkorea.or.kr/cms/resource/55/2748055_image2_1.jpg,http://tong.visitkorea.or.kr/cms/resource/55/2748055_image2_1.jpg,Type3,20210923192055,20251125105248,39,3,50,130,A03,A0302,A03021700,AC,AC05,AC050300
2748154,28,무거카라반,제주특별자치도 제주시 조천읍 조함해안로 352,,63332,,126.6549081861,33.5488012969,6,https://tong.visitkorea.or.kr/cms/resource/92/4075792_image2_1.jpg,https://tong.visitkorea.or.kr/cms/resource/92/4075792_image3_1.jpg,Type3,20210924010822,20260616142200,,,50,110,,,,AC,AC05,AC050300
2751836,14,바이나흐튼 크리스마스박물관,제주특별자치도 서귀포시 안덕면 평화로 654,,63522,,126.3278198313,33.2913419690,6,http://tong.visitkorea.or.kr/cms/resource/82/3548182_image2_1.jpg,http://tong.visitkorea.or.kr/cms/resource/82/3548182_image3_1.jpg,Type1,20210930183004,20251023143000,39,3,50,130,A02,A0206,A02060100,VE,VE07,VE070100
2751843,14,제주해양동물박물관,제주특별자치도 서귀포시 성산읍 서성일로 689-21,,63631,,126.8551404096,33.4295156573,6,http://tong.visitkorea.or.kr/cms/resource/47/3548447_image2_1.jpg,http://tong.visitkorea.or.kr/cms/resource/47/3548447_image3_1.jpg,Type1,20210930183555,20251023143000,39,3,50,130,A02,A0206,A02060100,VE,VE07,VE070100
2751848,28,국제리더스클럽,제주특별자치도 제주시 조천읍 조함해안로 321-21,,63332,,126.6524885311,33.5515627877,6,http://tong.visitkorea.or.kr/cms/resource/43/2751943_image2_1.jpg,http://tong.visitkorea.or.kr/cms/resource/43/2751943_image2_1.jpg,Type3,20210930184136,20241014170051,39,4,50,110,A03,A0303,A03030300,LS,LS02,LS020300
2751854,12,도치돌 알파카목장,제주특별자치도 제주시 애월읍 도치돌길 303,,63035,,126.3667721330,33.4097517134,6,http://tong.visitkorea.or.kr/cms/resource/08/3555308_image2_1.jpg,http://tong.visitkorea.or.kr/cms/resource/08/3555308_image3_1.jpg,Type1,20210930184816,20251024110905,39,4,50,110,A02,A0203,A02030100,EX,EX03,EX030200
2751860,32,더쉼팡스파앤풀빌라,제주특별자치도 서귀포시 표선면 세성로 67-10,,63625,,126.80309653699,33.311989488845,6,https://tong.visitkorea.or.kr/cms/resource/16/4065416_image2_1.jpg,https://tong.visitkorea.or.kr/cms/resource/16/4065416_image3_1.jpg,Type3,20210930185654,20260519095833,,,50,130,,,,AC,AC03,AC030100
2751986,12,포레스트 공룡사파리,제주특별자치도 제주시 조천읍 선교로 474-1,,63341,,126.7095828183,33.4630929367,6,http://tong.visitkorea.or.kr/cms/resource/43/3553643_image2_1.jpg,http://tong.visitkorea.or.kr/cms/resource/43/3553643_image3_1.jpg,Type1,20210930213259,20251023143000,39,4,50,110,A02,A0202,A02020600,VE,VE02,VE020300
2752277,28,선양빌리지돔,제주특별자치도 제주시 조천읍 와흘로 350,,63344,,126.6438660364,33.4746739361,6,http://tong.visitkorea.or.kr/cms/resource/13/2752213_image2_1.jpg,http://tong.visitkorea.or.kr/cms/resource/13/2752213_image2_1.jpg,Type3,20211001022116,20250103091625,39,4,50,110,A03,A0302,A03021700,AC,AC05,AC050100
2752730,38,바이제주,제주특별자치도 제주시 서해안로 626 (용담삼동),A동~B동,63150,,126.5040357700,33.5167164274,6,https://tong.visitkorea.or.kr/cms/resource/98/3579098_image2_1.jpg,https://tong.visitkorea.or.kr/cms/resource/98/3579098_image3_1.jpg,Type3,20211005191624,20260727131205,,,50,110,,,,SH,SH05,SH050300
2752733,28,제라진어드벤쳐,제주특별자치도 제주시 조천읍 선교로 33,,63341,,126.7159844893,33.4872070398,6,http://tong.visitkorea.or.kr/cms/resource/63/2754963_image2_1.jpg,http://tong.visitkorea.or.kr/cms/resource/63/2754963_image2_1.jpg,Type3,20211005192004,20250114112415,39,4,50,110,A03,A0302,A03022300,LS,LS01,LS011700
2752761,28,별헤는밤글램핑,제주특별자치도 제주시 애월읍 광상로 348,,63067,,126.3965576779,33.4433012497,6,http://tong.visitkorea.or.kr/cms/resource/96/2753696_image2_1.jpg,http://tong.visitkorea.or.kr/cms/resource/96/2753696_image2_1.jpg,Type3,20211005193208,20251125112110,39,4,50,110,A03,A0302,A03021700,AC,AC05,AC050100
2752772,14,성김대건신부표착기념관,제주특별자치도 제주시 한경면 용수1길 108,,63009,,126.1677385965,33.3228915301,6,http://tong.visitkorea.or.kr/cms/resource/88/3396988_image2_1.jpg,http://tong.visitkorea.or.kr/cms/resource/88/3396988_image3_1.jpg,Type3,20211005193646,20250324143949,39,4,50,110,A02,A0206,A02060200,VE,VE07,VE070200
2752778,38,모이소,"제주특별자치도 제주시 신광로8길 14 (연동, 송네하우스)",,63131,,126.488524753214,33.4870970448797,6,https://tong.visitkorea.or.kr/cms/resource/38/3591238_image2_1.png,https://tong.visitkorea.or.kr/cms/resource/38/3591238_image3_1.png,Type3,20211005194001,20260305164744,,,50,110,,,,SH,SH05,SH050100
2752816,28,문서프,제주특별자치도 제주시 애월읍 곽지7길 1,,63034,,126.3083982906,33.4500542732,6,https://tong.visitkorea.or.kr/cms/resource/82/4096782_image2_1.JPG,https://tong.visitkorea.or.kr/cms/resource/82/4096782_image3_1.JPG,Type3,20211005195515,20260807134305,,,50,110,,,,LS,LS02,LS020100
2753021,39,국수바다 본점,제주특별자치도 서귀포시 일주서로 580 (대포동),,63540,,126.447206757009,33.2529864261731,6,https://tong.visitkorea.or.kr/cms/resource/65/4007165_image2_1.jpg,https://tong.visitkorea.or.kr/cms/resource/65/4007165_image3_1.jpg,Type3,20211005232912,20260127093607,,,50,130,,,,FD,FD01,FD010100
2753037,39,대기정,제주특별자치도 서귀포시 이어도로 41 (대포동),,63544,,126.4285622273,33.2403019678,6,http://tong.visitkorea.or.kr/cms/resource/61/2753561_image2_1.jpg,http://tong.visitkorea.or.kr/cms/resource/61/2753561_image3_1.jpg,Type3,20211005233423,20251105095159,39,3,50,130,A05,A0502,A05020100,FD,FD01,FD010100
2753045,39,카페서연의집,제주특별자치도 서귀포시 남원읍 위미해안로 86,,63611,,126.6555891188,33.2694523481,6,http://tong.visitkorea.or.kr/cms/resource/38/2753538_image2_1.jpg,http://tong.visitkorea.or.kr/cms/resource/38/2753538_image3_1.jpg,Type3,20211005234011,20250102093144,39,3,50,130,A05,A0502,A05020900,FD,FD05,FD050100
2753082,12,파더스가든,제주특별자치도 서귀포시 안덕면 병악로 44-33,,63526,,126.3647390979,33.2801410085,6,http://tong.visitkorea.or.kr/cms/resource/61/3368161_image2_1.jpg,http://tong.visitkorea.or.kr/cms/resource/61/3368161_image3_1.jpg,Type3,20211006000558,20250728143735,39,3,50,130,A01,A0101,A01010700,NA,NA04,NA040700
2755000,39,돈이랑,제주특별자치도 서귀포시 일주서로 953,(색달동),63534,,126.4091024145,33.2577414031,6,http://tong.visitkorea.or.kr/cms/resource/26/2755126_image2_1.jpg,http://tong.visitkorea.or.kr/cms/resource/26/2755126_image2_1.jpg,Type3,20211008195551,20250102141444,39,3,50,130,A05,A0502,A05020100,FD,FD01,FD010100
2755006,39,만덕이네,제주특별자치도 서귀포시 표선면 서성일로 16,,63624,,126.8011014756,33.3933743337,6,http://tong.visitkorea.or.kr/cms/resource/37/2755137_image2_1.jpg,http://tong.visitkorea.or.kr/cms/resource/37/2755137_image3_1.jpg,Type3,20211008195920,20251105101646,39,3,50,130,A05,A0502,A05020100,FD,FD01,FD010100
2755023,38,모슬포중앙시장,제주특별자치도 서귀포시 대정읍 영서중로13번길 9-8,,63510,,126.25451259853804,33.22198030751,6,https://tong.visitkorea.or.kr/cms/resource/83/4065383_image2_1.jpg,https://tong.visitkorea.or.kr/cms/resource/83/4065383_image3_1.jpg,Type3,20211008200851,20260518182826,,,50,130,,,,SH,SH06,SH060200
2755049,12,유채꽃프라자,제주특별자치도 서귀포시 표선면 녹산로 464-65,,63622,,126.731765773426,33.3937314906265,6,https://tong.visitkorea.or.kr/cms/resource/31/4064231_image2_1.jpg,https://tong.visitkorea.or.kr/cms/resource/31/4064231_image3_1.jpg,Type1,20211008202308,20260514082738,,,50,130,,,,EX,EX03,EX030100
2755053,39,가람돌솥밥,제주특별자치도 서귀포시 중문관광로 332 (대포동),,63544,,126.4313090015,33.2496926417,6,http://tong.visitkorea.or.kr/cms/resource/47/2755047_image2_1.jpg,http://tong.visitkorea.or.kr/cms/resource/47/2755047_image3_1.jpg,Type3,20211008202759,20251104141249,39,3,50,130,A05,A0502,A05020100,FD,FD01,FD010100
2755444,39,난드르바당,제주특별자치도 서귀포시 하예하동로16번길 11-1,(하예동),63538,,126.3709895690,33.2346461302,6,http://tong.visitkorea.or.kr/cms/resource/02/2755602_image2_1.jpg,http://tong.visitkorea.or.kr/cms/resource/02/2755602_image3_1.jpg,Type3,20211012182134,20250102141028,39,3,50,130,A05,A0502,A05020100,FD,FD01,FD010100
2755445,39,드르쿰다,제주특별자치도 서귀포시 성산읍 섭지코지로25번길 64,,63641,,126.9191261882,33.4444983695,6,http://tong.visitkorea.or.kr/cms/resource/88/2755588_image2_1.jpg,http://tong.visitkorea.or.kr/cms/resource/88/2755588_image2_1.jpg,Type3,20211012182449,20251119175932,39,3,50,130,A05,A0502,A05020900,FD,FD05,FD050100
2755457,39,제주오성갈치조림,제주특별자치도 서귀포시 중문관광로 27 (색달동),,63534,,126.41466647566499,33.255702683049684,6,https://tong.visitkorea.or.kr/cms/resource/96/4007196_image2_1.jpg,https://tong.visitkorea.or.kr/cms/resource/96/4007196_image3_1.jpg,Type3,20211012184005,20260127092033,,,50,130,,,,FD,FD01,FD010100
2755458,39,중문칠돈가,제주특별자치도 서귀포시 중문관광로 8 (색달동),,63534,,126.4144741763,33.2574915152,6,http://tong.visitkorea.or.kr/cms/resource/38/2755638_image2_1.jpg,http://tong.visitkorea.or.kr/cms/resource/38/2755638_image2_1.jpg,Type3,20211012184351,20251104160951,39,3,50,130,A05,A0502,A05020100,FD,FD01,FD010100
2755466,39,코코마마,제주특별자치도 서귀포시 성산읍 일출로 258-11,,63643,,126.9343189349,33.4610523426,6,http://tong.visitkorea.or.kr/cms/resource/52/2755652_image2_1.jpg,http://tong.visitkorea.or.kr/cms/resource/52/2755652_image3_1.jpg,Type3,20211012184756,20250626133711,39,3,50,130,A05,A0502,A05020200,FD,FD02,FD020300
2755469,28,에코그린캠핑장,제주특별자치도 제주시 애월읍 중산간서로 5587,,63035,,126.3335353593,33.4442751457,6,http://tong.visitkorea.or.kr/cms/resource/40/2756240_image2_1.jpg,http://tong.visitkorea.or.kr/cms/resource/40/2756240_image2_1.jpg,Type3,20211012185037,20251125112920,39,4,50,110,A03,A0302,A03021700,AC,AC05,AC050100
2755470,39,해왓,제주특별자치도 서귀포시 성산읍 신고로 30-1,,63641,,126.9171792715,33.4385517727,6,http://tong.visitkorea.or.kr/cms/resource/58/2755658_image2_1.jpg,http://tong.visitkorea.or.kr/cms/resource/58/2755658_image3_1.jpg,Type3,20211012185300,20250909173100,39,3,50,130,A05,A0502,A05020100,FD,FD01,FD010100
2755492,12,제주자연생태공원,제주특별자치도 서귀포시 성산읍 금백조로 448,,63630,,126.8227318948,33.4387918874,6,http://tong.visitkorea.or.kr/cms/resource/87/3401487_image2_1.jpg,http://tong.visitkorea.or.kr/cms/resource/87/3401487_image3_1.jpg,Type3,20211012192247,20251126182428,39,3,50,130,A01,A0101,A01010500,NA,NA04,NA040500
2755497,32,베이힐풀앤빌라,제주특별자치도 서귀포시 예래로 424 (하예동),,63538,,126.3727607465,33.2362586241,6,https://tong.visitkorea.or.kr/cms/resource/99/4079599_image2_1.jpg,https://tong.visitkorea.or.kr/cms/resource/99/4079599_image3_1.jpg,Type3,20211012192632,20260629104837,,,50,130,,,,AC,AC02,AC020100
2755870,39,바다위에코끼리,제주특별자치도 제주시 한림읍 협재1길 27-6,,63011,,126.2429414999,33.3978677462,6,http://tong.visitkorea.or.kr/cms/resource/13/2756013_image2_1.jpg,http://tong.visitkorea.or.kr/cms/resource/13/2756013_image3_1.jpg,Type3,20211013015212,20250114171400,39,4,50,110,A05,A0502,A05020900,FD,FD05,FD050100
2755879,39,스마일러,제주특별자치도 제주시 애월읍 상고길 47,,63059,,126.4158748424,33.4699597157,6,http://tong.visitkorea.or.kr/cms/resource/14/2756014_image2_1.jpg,http://tong.visitkorea.or.kr/cms/resource/14/2756014_image2_1.jpg,Type3,20211013015639,20250106153956,39,4,50,110,A05,A0502,A05020900,FD,FD05,FD050100
2755895,39,아트인명도암,제주특별자치도 제주시 봉개동,290-1,63313,,126.6113106873,33.4677297391,6,http://tong.visitkorea.or.kr/cms/resource/27/2756027_image2_1.jpg,http://tong.visitkorea.or.kr/cms/resource/27/2756027_image2_1.jpg,Type3,20211013020551,20251104162311,39,4,50,110,A05,A0502,A05020900,FD,FD05,FD050100
2755913,39,하우스레서피,제주특별자치도 제주시 한림읍 일주서로 5892,,63024,,126.2954247979,33.4437523808,6,http://tong.visitkorea.or.kr/cms/resource/37/2756037_image2_1.jpg,http://tong.visitkorea.or.kr/cms/resource/37/2756037_image2_1.jpg,Type3,20211013021209,20250102171440,39,4,50,110,A05,A0502,A05020900,FD,FD05,FD050100
2756099,39,봉순이네흑돼지,제주특별자치도 서귀포시 대정읍 영어도시로 64,,63519,,126.2795632114,33.2778093738,6,http://tong.visitkorea.or.kr/cms/resource/93/2756093_image2_1.jpg,http://tong.visitkorea.or.kr/cms/resource/93/2756093_image2_1.jpg,Type3,20211013185409,20250103095435,39,3,50,130,A05,A0502,A05020100,FD,FD01,FD010100
2756100,39,오전열한시,제주특별자치도 서귀포시 상예로 248,,63534,,126.3942757212,33.2667762829,6,http://tong.visitkorea.or.kr/cms/resource/70/2756070_image2_1.jpg,http://tong.visitkorea.or.kr/cms/resource/70/2756070_image3_1.jpg,Type3,20211013185659,20251104162910,39,3,50,130,A05,A0502,A05020100,FD,FD01,FD010100
2757210,32,플레이스 캠프 제주(Playce camp Jeju),제주특별자치도 서귀포시 성산읍 동류암로 20,,63640,,126.9182122544,33.4498866488,6,,,,20211014193628,20251023143000,39,3,50,130,B02,B0201,B02010500,AC,AC02,AC020100
2758836,39,경미네집,제주특별자치도 서귀포시 성산읍 일출로 259,,63643,,126.9334967787,33.4612828593,6,http://tong.visitkorea.or.kr/cms/resource/16/2758916_image2_1.jpg,http://tong.visitkorea.or.kr/cms/resource/16/2758916_image2_1.jpg,Type3,20211019185820,20251104180040,39,3,50,130,A05,A0502,A05020100,FD,FD01,FD010100
2758837,39,복자씨연탄구이,제주특별자치도 서귀포시 성산읍 해맞이해안로 2764,,63639,,126.9197672298,33.4692039841,6,http://tong.visitkorea.or.kr/cms/resource/05/2758905_image2_1.jpg,http://tong.visitkorea.or.kr/cms/resource/05/2758905_image3_1.jpg,Type3,20211019190117,20251104180359,39,3,50,130,A05,A0502,A05020100,FD,FD01,FD010100
2758844,39,중문해녀의집,제주특별자치도 서귀포시 중문관광로 194,(중문동),63547,,126.4191518851,33.2424043651,6,http://tong.visitkorea.or.kr/cms/resource/92/2758892_image2_1.jpg,http://tong.visitkorea.or.kr/cms/resource/92/2758892_image2_1.jpg,Type3,20211019190342,20250106154320,39,3,50,130,A05,A0502,A05020100,FD,FD01,FD010100
2758848,39,부두식당 / (주)부두식당,제주특별자치도 서귀포시 대정읍 하모항구로 62,,63506,,126.2510586602,33.2188543277,6,http://tong.visitkorea.or.kr/cms/resource/95/2758895_image2_1.jpg,http://tong.visitkorea.or.kr/cms/resource/95/2758895_image2_1.jpg,Type3,20211019191050,20250102105113,39,3,50,130,A05,A0502,A05020100,FD,FD01,FD010100
2758855,39,해녀잠수촌,제주특별자치도 제주시 서해안로 498 (용담삼동),,63114,,126.4921643149,33.5192638011,6,http://tong.visitkorea.or.kr/cms/resource/97/2759097_image2_1.jpg,http://tong.visitkorea.or.kr/cms/resource/97/2759097_image3_1.jpg,Type3,20211019191455,20251105110052,39,4,50,110,A05,A0502,A05020100,FD,FD01,FD010100
2758859,39,협재해녀의집,제주특별자치도 제주시 한림읍 협재3길 19,,63011,,126.2439108383,33.3988648733,6,http://tong.visitkorea.or.kr/cms/resource/08/2759108_image2_1.jpg,http://tong.visitkorea.or.kr/cms/resource/08/2759108_image2_1.jpg,Type3,20211019191719,20251105110344,39,4,50,110,A05,A0502,A05020100,FD,FD01,FD010100
2758900,39,제주광해 애월점,제주특별자치도 제주시 애월읍 애월해안로 867,,63050,,126.3904433191,33.4877767845,6,http://tong.visitkorea.or.kr/cms/resource/76/2758876_image2_1.jpg,http://tong.visitkorea.or.kr/cms/resource/76/2758876_image3_1.jpg,Type3,20211019193754,20251105111534,39,4,50,110,A05,A0502,A05020100,FD,FD01,FD010100
2758924,39,미스칠,제주특별자치도 제주시 일주서로 7831 (연동),,63116,,126.4833684316,33.4939470207,6,http://tong.visitkorea.or.kr/cms/resource/04/2758904_image2_1.jpg,http://tong.visitkorea.or.kr/cms/resource/04/2758904_image3_1.jpg,Type3,20211019194756,20251105111939,39,4,50,110,A05,A0502,A05020100,FD,FD01,FD010100
2758939,39,도두해녀의집,제주특별자치도 제주시 도두항길 16 (도두일동),,63112,,126.4666418301,33.5062259504,6,http://tong.visitkorea.or.kr/cms/resource/31/2758931_image2_1.jpg,http://tong.visitkorea.or.kr/cms/resource/31/2758931_image2_1.jpg,Type3,20211019195404,20251023143000,39,4,50,110,A05,A0502,A05020100,FD,FD01,FD010100
2759036,12,도시해녀,제주특별자치도 제주시 애월읍 하귀미수포길 16-1,,63051,,126.4025480925,33.4842537573,6,https://tong.visitkorea.or.kr/cms/resource/59/4072959_image2_1.jpg,https://tong.visitkorea.or.kr/cms/resource/59/4072959_image3_1.jpg,Type1,20211019201814,20260610102018,,,50,110,,,,EX,EX03,EX030100
2759061,39,고이정,제주특별자치도 제주시 애월읍 애월로 6,,63043,,126.3113536176,33.4593342400,6,http://tong.visitkorea.or.kr/cms/resource/08/2759208_image2_1.jpg,http://tong.visitkorea.or.kr/cms/resource/08/2759208_image3_1.jpg,Type3,20211019221526,20250114164833,39,4,50,110,A05,A0502,A05020100,FD,FD01,FD010100
2759091,39,구이사이,제주특별자치도 제주시 애월읍 신엄9길 2,,63047,,126.3685427963,33.4722559343,6,http://tong.visitkorea.or.kr/cms/resource/29/2759229_image2_1.jpg,http://tong.visitkorea.or.kr/cms/resource/29/2759229_image2_1.jpg,Type3,20211019222951,20250103160731,39,4,50,110,A05,A0502,A05020100,FD,FD01,FD010100
2759096,39,곰막식당/곰막,제주특별자치도 제주시 구좌읍 구좌해안로 64,,63347,,126.7205186105,33.5568605164,6,http://tong.visitkorea.or.kr/cms/resource/21/2759221_image2_1.jpg,http://tong.visitkorea.or.kr/cms/resource/21/2759221_image2_1.jpg,Type3,20211019223213,20250102161719,39,4,50,110,A05,A0502,A05020100,FD,FD01,FD010100
2759120,12,고스트타운,제주특별자치도 제주시 애월읍 부룡수길 35-14,,63047,,126.3568659412,33.4763969581,6,http://tong.visitkorea.or.kr/cms/resource/81/3396881_image2_1.jpg,http://tong.visitkorea.or.kr/cms/resource/81/3396881_image3_1.jpg,Type3,20211019223912,20250324113832,39,4,50,110,A02,A0202,A02020600,VE,VE02,VE020100
2759603,39,교래손칼국수(원조교래손칼국수),제주특별자치도 제주시 조천읍 비자림로 645,,63346,,126.6760057906,33.4361675979,6,http://tong.visitkorea.or.kr/cms/resource/92/2759692_image2_1.jpg,http://tong.visitkorea.or.kr/cms/resource/92/2759692_image2_1.jpg,Type3,20211020185659,20250106141011,39,4,50,110,A05,A0502,A05020100,FD,FD01,FD010100
2759608,39,삼무국수,제주특별자치도 제주시 삼무로3길 46-1,(연동),63125,,126.4909789569,33.4905891798,6,http://tong.visitkorea.or.kr/cms/resource/07/2759707_image2_1.jpg,http://tong.visitkorea.or.kr/cms/resource/07/2759707_image3_1.jpg,Type3,20211020190008,20250106103908,39,4,50,110,A05,A0502,A05020100,FD,FD01,FD010100
2759610,39,손맛촌,제주특별자치도 제주시 조천읍 비자림로 661,,63346,,126.677347603146,33.4373227657493,6,https://tong.visitkorea.or.kr/cms/resource/13/2759713_image2_1.jpg,https://tong.visitkorea.or.kr/cms/resource/13/2759713_image3_1.jpg,Type3,20211020190251,20260304100426,,,50,110,,,,FD,FD01,FD010100
2759614,39,은혜전복,제주특별자치도 제주시 애월읍 애월로1길 24-3,,63043,,126.3101758592,33.4630171465,6,http://tong.visitkorea.or.kr/cms/resource/18/2759718_image2_1.jpg,http://tong.visitkorea.or.kr/cms/resource/18/2759718_image3_1.jpg,Type3,20211020190646,20250909173100,39,4,50,110,A05,A0502,A05020100,FD,FD01,FD010100
2759616,39,이춘옥 원조 고등어쌈밥,제주특별자치도 제주시 애월읍 일주서로 7213,,63053,,126.4187130541,33.4890243164,6,http://tong.visitkorea.or.kr/cms/resource/34/2759734_image2_1.jpg,http://tong.visitkorea.or.kr/cms/resource/34/2759734_image3_1.jpg,Type3,20211020190945,20250106091734,39,4,50,110,A05,A0502,A05020100,FD,FD01,FD010100
2759624,12,도련 감귤나무 숲,제주특별자치도 제주시 도련남3길 81,,63328,,126.5871323220,33.5002806517,6,,,,20211020192012,20260623175837,,,50,110,,,,EX,EX07,EX070200
2759849,39,임금님밥상,제주특별자치도 제주시 오광로 128,(노형동),63106,,126.4609483627,33.4849337731,6,http://tong.visitkorea.or.kr/cms/resource/09/2760109_image2_1.jpg,http://tong.visitkorea.or.kr/cms/resource/09/2760109_image2_1.jpg,Type3,20211020223004,20250114144004,39,4,50,110,A05,A0502,A05020100,FD,FD01,FD010100
2763504,28,서건도카라반,제주특별자치도 서귀포시 이어도로 826-51,,63564,,126.5001881481,33.2324465162,6,https://tong.visitkorea.or.kr/cms/resource/92/4074992_image2_1.jpg,https://tong.visitkorea.or.kr/cms/resource/92/4074992_image3_1.jpg,Type1,20211027192727,20260615103313,,,50,130,,,,AC,AC05,AC050300
2763726,12,제주 스위스마을,제주특별자치도 제주시 조천읍 함와로 566-27,,63342,,126.6767932932,33.4939389994,6,http://tong.visitkorea.or.kr/cms/resource/64/3396964_image2_1.jpg,http://tong.visitkorea.or.kr/cms/resource/64/3396964_image3_1.jpg,Type3,20211027225832,20250324154803,39,4,50,110,A02,A0203,A02030100,VE,VE04,VE040200
2763739,12,제주 교래자연휴양림,제주특별자치도 제주시 조천읍 남조로 2023,,63345,,126.6667,33.4418,6,https://tong.visitkorea.or.kr/cms/resource/30/3525130_image2_1.jpg,https://tong.visitkorea.or.kr/cms/resource/30/3525130_image3_1.jpg,Type1,20211027230312,20260318101005,,,50,110,,,,NA,NA04,NA040600
2763746,39,카페 말로,제주특별자치도 제주시 조천읍 남조로 1785-12,,63345,,126.672112203897,33.427482159361,6,,,,20211027230452,20260227103845,,,50,110,,,,FD,FD05,FD050100
2763762,39,구좌상회,제주특별자치도 제주시 조천읍 선교로 198-5,,63340,,126.6988860073,33.4857235955,6,http://tong.visitkorea.or.kr/cms/resource/04/2773404_image2_1.jpg,http://tong.visitkorea.or.kr/cms/resource/04/2773404_image2_1.jpg,Type3,20211027231055,20250103160205,39,4,50,110,A05,A0502,A05020900,FD,FD05,FD050100
2763767,39,바다를본돼지,제주특별자치도 제주시 한경면 판포1길 16,,63003,,126.1979322434,33.3656706031,6,http://tong.visitkorea.or.kr/cms/resource/06/2764006_image2_1.jpg,http://tong.visitkorea.or.kr/cms/resource/06/2764006_image2_1.jpg,Type3,20211027231350,20251023143000,39,4,50,110,A05,A0502,A05020100,FD,FD01,FD010100
2763771,39,바다속고등어쌈밥,제주특별자치도 제주시 애월읍 일주서로 7089,,63053,,126.4067836428,33.4842996510,6,http://tong.visitkorea.or.kr/cms/resource/17/2764017_image2_1.jpg,http://tong.visitkorea.or.kr/cms/resource/17/2764017_image2_1.jpg,Type3,20211027231618,20250114134445,39,4,50,110,A05,A0502,A05020100,FD,FD01,FD010100
2763796,39,착한집,제주특별자치도 제주시 서광로 98,(오라삼동),63149,,126.5070162384,33.5000133921,6,http://tong.visitkorea.or.kr/cms/resource/60/2764060_image2_1.jpg,http://tong.visitkorea.or.kr/cms/resource/60/2764060_image2_1.jpg,Type3,20211027232547,20250107090951,39,4,50,110,A05,A0502,A05020100,FD,FD01,FD010100
2763806,39,토끼와거북이,"제주특별자치도 제주시 서해안로 498-6 (용담삼동, 블루문)",,63114,,126.4921365493,33.5188499582,6,http://tong.visitkorea.or.kr/cms/resource/63/2764063_image2_1.jpg,http://tong.visitkorea.or.kr/cms/resource/63/2764063_image3_1.jpg,Type3,20211027233121,20251023143000,39,4,50,110,A05,A0502,A05020100,FD,FD01,FD010100
2763820,12,아날로그감귤밭,제주특별자치도 제주시 해안마을5길 124-85 (해안동),,63077,,126.4633015454,33.4579895705,6,http://tong.visitkorea.or.kr/cms/resource/81/3549281_image2_1.jpeg,http://tong.visitkorea.or.kr/cms/resource/81/3549281_image3_1.jpeg,Type3,20211027233556,20251023143000,39,4,50,110,A02,A0203,A02030100,EX,EX03,EX030300
2763826,14,세계술박물관,제주특별자치도 서귀포시 표선면 한마음초등로 431,,63627,,126.8176170566,33.3540041617,6,https://tong.visitkorea.or.kr/cms/resource/89/3548789_image2_1.jpg,https://tong.visitkorea.or.kr/cms/resource/89/3548789_image3_1.jpg,Type1,20211027234251,20260806092556,,,50,130,,,,VE,VE07,VE070100
2765208,39,슬슬슬로우,제주특별자치도 제주시 구좌읍 덕행로 207,,63349,,126.793043043946,33.5303943633672,6,,,,20211101183300,20260227104133,,,50,110,,,,FD,FD01,FD010100
2765209,39,아서원,제주특별자치도 서귀포시 칠십리로 699 (하효동),,63600,,126.6171816748,33.2543617354,6,,,,20211101183315,20251202144230,39,3,50,130,A05,A0502,A05020400,FD,FD02,FD020100
2765211,39,윈드스톤,제주특별자치도 제주시 애월읍 광성로 272,,63062,,126.436091724548,33.4604773121508,6,,,,20211101183844,20260224130624,,,50,110,,,,FD,FD05,FD050100
2765214,39,올레안뜰,제주특별자치도 서귀포시 법환로 24,(법환동),63573,,126.5128244343,33.2372591895,6,,,,20211101183850,20250410130749,39,3,50,130,A05,A0502,A05020300,FD,FD02,FD020200
2765215,39,제주돗,제주특별자치도 제주시 한경면 조수2길 34,,63004,,126.2308467693,33.3332080432,6,,,,20211101184111,20251202152441,39,4,50,110,A05,A0502,A05020100,FD,FD01,FD010100
2765218,39,돈카츠 서황,제주특별자치도 제주시 애월읍 장소로 205-2,,63037,,126.3796037976,33.4343908561,6,,,,20211101184120,20251202133448,39,4,50,110,A05,A0502,A05020100,FD,FD01,FD010100
2765223,12,미악산,제주특별자치도 서귀포시 인정오름로 387-63,,63576,,126.5542194241,33.3005945221,6,http://tong.visitkorea.or.kr/cms/resource/54/3585154_image2_1.jpg,http://tong.visitkorea.or.kr/cms/resource/54/3585154_image3_1.jpg,Type1,20211101184740,20251217104831,39,3,50,130,A01,A0101,A01010400,NA,NA01,NA010100
2765227,12,바리메오름,제주특별자치도 제주시 애월읍 어음리 산1,,,,126.3752995443,33.3930648051,6,http://tong.visitkorea.or.kr/cms/resource/66/3523666_image2_1.jpg,http://tong.visitkorea.or.kr/cms/resource/66/3523666_image3_1.jpg,Type3,20211101185029,20250819175743,39,4,50,110,A01,A0101,A01010400,NA,NA01,NA010100
2765233,12,용수성지,제주특별자치도 제주시 한경면 용수1길 108,,63009,,126.1677385965,33.3228915301,6,http://tong.visitkorea.or.kr/cms/resource/00/3553800_image2_1.jpg,http://tong.visitkorea.or.kr/cms/resource/00/3553800_image3_1.jpg,Type1,20211101185539,20251023090737,39,4,50,110,A02,A0201,A02010900,HS,HS03,HS030200
2765234,12,궷물오름,제주특별자치도 제주시 애월읍 유수암리,,63067,,126.4075105427,33.3971037558,6,http://tong.visitkorea.or.kr/cms/resource/15/3531515_image2_1.jpg,http://tong.visitkorea.or.kr/cms/resource/15/3531515_image3_1.jpg,Type3,20211101185727,20250903183156,39,4,50,110,A01,A0101,A01010400,NA,NA01,NA010100
2765237,12,송악산전망대,제주특별자치도 서귀포시 대정읍 상모리 2-13,,,,126.2943831374,33.1981045181,6,http://tong.visitkorea.or.kr/cms/resource/64/3400264_image2_1.jpg,http://tong.visitkorea.or.kr/cms/resource/64/3400264_image3_1.jpg,Type3,20211101190036,20251127174928,39,3,50,130,A02,A0205,A02050600,VE,VE01,VE010200
2765240,12,천주교 대정성지,제주특별자치도 서귀포시 대정읍 추사로247번길 102,,63505,,126.2607820469,33.2535839778,6,http://tong.visitkorea.or.kr/cms/resource/03/3391703_image2_1.jpg,http://tong.visitkorea.or.kr/cms/resource/03/3391703_image3_1.jpg,Type3,20211101190532,20251127181453,39,3,50,130,A02,A0201,A02010200,HS,HS01,HS010200
2765245,12,송악산 진지동굴,제주특별자치도 서귀포시 대정읍 상모리 238,,,,126.2935109685,33.1991210589,6,http://tong.visitkorea.or.kr/cms/resource/22/3400222_image2_1.jpg,http://tong.visitkorea.or.kr/cms/resource/22/3400222_image3_1.jpg,Type3,20211101190942,20251224135650,39,3,50,130,A01,A0101,A01011900,NA,NA03,NA030100
2765248,12,삼양해안도로,제주특별자치도 제주시 삼양삼동 2582-1,,63320,,126.5788233094,33.5253395110,6,http://tong.visitkorea.or.kr/cms/resource/73/3553473_image2_1.jpg,http://tong.visitkorea.or.kr/cms/resource/73/3553473_image3_1.jpg,Type1,20211101191324,20251023143000,39,4,50,110,A01,A0101,A01010500,NA,NA05,NA050100
2765252,12,새미은총의동산,제주특별자치도 제주시 한림읍 새미소길 15,,63021,,126.3237602632,33.3482746995,6,https://tong.visitkorea.or.kr/cms/resource/17/4088617_image2_1.jpg,https://tong.visitkorea.or.kr/cms/resource/17/4088617_image3_1.jpg,Type1,20211101191713,20260722164229,,,50,110,,,,HS,HS03,HS030200
2765254,28,송악카트체험장,제주특별자치도 서귀포시 대정읍 송악관광로 404,,63513,,126.289399915208,33.2085265144768,6,,,,20211101191919,20260414093042,,,50,130,,,,LS,LS01,LS010300
2765268,12,저지문화예술인마을,제주특별자치도 제주시 한경면 저지14길 28-4,,63005,,126.2671268084,33.3395412444,6,http://tong.visitkorea.or.kr/cms/resource/29/3400929_image2_1.jpg,http://tong.visitkorea.or.kr/cms/resource/29/3400929_image3_1.jpg,Type3,20211101193630,20250324095810,39,4,50,110,A02,A0203,A02030100,VE,VE04,VE040200
2765280,12,하례감귤체험농장,제주특별자치도 서귀포시 남원읍 하례로 504,,63607,,126.6165503401,33.2913520887,6,,,,20211101194215,20250313213403,39,3,50,130,A02,A0203,A02030100,EX,EX03,EX030300
2765293,12,귤향기 감귤체험농장,제주특별자치도 제주시 1100로 3118,(노형동),63091,,126.4857633249,33.4649252707,6,,,,20211101194604,20250626135736,39,4,50,110,A02,A0203,A02030100,EX,EX03,EX030300
2765319,38,서부두수산시장,제주특별자치도 제주시 임항로 49,(건입동),63276,,126.5300138523,33.5170396509,6,http://tong.visitkorea.or.kr/cms/resource/68/3585668_image2_1.jpg,http://tong.visitkorea.or.kr/cms/resource/68/3585668_image3_1.jpg,Type1,20211101195154,20251217155935,39,4,50,110,A04,A0401,A04010200,SH,SH06,SH060200
2765334,38,한림매일시장,제주특별자치도 제주시 한림읍 한림로 687,,63031,,126.2649364013,33.4161382914,6,http://tong.visitkorea.or.kr/cms/resource/26/3585626_image2_1.jpg,http://tong.visitkorea.or.kr/cms/resource/26/3585626_image3_1.jpg,Type1,20211101195438,20251217154038,39,4,50,110,A04,A0401,A04010200,SH,SH06,SH060200
2765345,38,함덕민속오일시장,제주특별자치도 제주시 조천읍 함덕16길 15-13,,63333,,126.667962776492,33.5402106376301,6,https://tong.visitkorea.or.kr/cms/resource/22/3527522_image2_1.jpg,https://tong.visitkorea.or.kr/cms/resource/22/3527522_image3_1.jpg,Type3,20211101195721,20260318101005,,,50,110,,,,SH,SH06,SH060100
2766752,12,제주아이브리조트,제주특별자치도 서귀포시 산록남로 1966-34 (영남동),,63556,,126.4976384869,33.2887088265,6,http://tong.visitkorea.or.kr/cms/resource/77/2767077_image2_1.jpg,http://tong.visitkorea.or.kr/cms/resource/77/2767077_image2_1.jpg,Type3,20211102231008,20250905102356,39,3,50,130,A02,A0202,A02020200,VE,VE05,VE050200
2766781,32,비스타리조트,제주특별자치도 제주시 서해안로 74 (이호일동),,63108,,126.4575849705,33.5030453857,6,https://tong.visitkorea.or.kr/cms/resource/26/4075026_image2_1.jpg,https://tong.visitkorea.or.kr/cms/resource/26/4075026_image3_1.jpg,Type1,20211102232112,20260615111216,,,50,110,,,,VE,VE05,VE050200
2767589,39,안녕전복,제주특별자치도 제주시 오일장중길 89-16 (도두일동),,63116,,126.4759245195,33.4989963433,6,http://tong.visitkorea.or.kr/cms/resource/94/2767594_image2_1.JPG,http://tong.visitkorea.or.kr/cms/resource/94/2767594_image3_1.JPG,Type3,20211103191410,20250731115142,39,4,50,110,A05,A0502,A05020100,FD,FD01,FD010100
2767627,12,새섬공원,제주특별자치도 서귀포시 남성중로 43,(서홍동),63594,,126.5588092829,33.2397485318,6,http://tong.visitkorea.or.kr/cms/resource/05/3551805_image2_1.jpg,http://tong.visitkorea.or.kr/cms/resource/05/3551805_image3_1.jpg,Type1,20211103214005,20251023143000,39,3,50,130,A02,A0202,A02020700,VE,VE03,VE030100
2767628,39,맛나식당,제주특별자치도 서귀포시 성산읍 동류암로 41,,63640,,126.916005750279,33.4485364431296,6,,,,20211103214312,20260227104450,,,50,130,,,,FD,FD01,FD010100
2767629,39,당케올레국수,제주특별자치도 서귀포시 표선면 민속해안로 584,,63629,,126.8433465940,33.3253241907,6,http://tong.visitkorea.or.kr/cms/resource/05/3564105_image2_1.jpg,http://tong.visitkorea.or.kr/cms/resource/05/3564105_image3_1.jpg,Type3,20211103215828,20251110180750,39,3,50,130,A05,A0502,A05020100,FD,FD01,FD010100
2767638,39,소금바치순이네,제주특별자치도 제주시 구좌읍 해맞이해안로 2196,,63364,,126.9126503843,33.5036972787,6,http://tong.visitkorea.or.kr/cms/resource/61/3578861_image2_1.jpg,http://tong.visitkorea.or.kr/cms/resource/61/3578861_image3_1.jpg,Type3,20211103220154,20251205094306,39,4,50,110,A05,A0502,A05020100,FD,FD01,FD010100
2767663,39,제주곰집,제주특별자치도 서귀포시 이어도로 733 (강정동),(강정동),63564,,126.493556559773,33.2357788031315,6,,,,20211103221413,20260220135311,,,50,130,,,,FD,FD01,FD010100
2767694,39,신설오름,제주특별자치도 제주시 고마로17길 2,,63255,,126.541578109031,33.5053848808039,6,,,,20211103221443,20260220135645,,,50,110,,,,FD,FD01,FD010100
2767695,12,큰사슴이오름,제주특별자치도 서귀포시 표선면 가시리,,63623,,126.7292,33.3987,6,https://tong.visitkorea.or.kr/cms/resource/49/3495649_image2_1.jpg,https://tong.visitkorea.or.kr/cms/resource/49/3495649_image3_1.jpg,Type1,20211103222319,20260309153822,,,50,130,,,,NA,NA01,NA010100
2767696,39,국수만찬,제주특별자치도 제주시 은남3길 1,(연동),63123,,126.4955008644,33.4871618534,6,,,,20211103222558,20250106132147,39,4,50,110,A05,A0502,A05020100,FD,FD01,FD010100
2767704,39,백리향,제주특별자치도 제주시 조천읍 신북로 244,,63331,,126.638426708699,33.5369855363059,6,,,,20211103222935,20260220140202,,,50,110,,,,FD,FD01,FD010100
2767722,39,해심가든,제주특별자치도 서귀포시 천제연로 203-4 (중문동),,63545,,126.42652339167373,33.25192300183686,6,,,,20211103224050,20260220140538,,,50,130,,,,FD,FD01,FD010100
2767778,12,황우지해안열두굴,제주특별자치도 서귀포시 서홍동,764-1,63594,,126.5607118442,33.2420288662,6,http://tong.visitkorea.or.kr/cms/resource/37/3399937_image2_1.jpg,http://tong.visitkorea.or.kr/cms/resource/37/3399937_image3_1.jpg,Type3,20211103230302,20251224131037,39,3,50,130,A01,A0101,A01011900,NA,NA03,NA030100
2767779,39,태광식당,제주특별자치도 제주시 탑동로 144,(용담일동),63153,,126.518796730181,33.5126086737507,6,,,,20211103230340,20260220140904,,,50,110,,,,FD,FD01,FD010100
2767786,39,짬뽕에취한날,제주특별자치도 제주시 귀아랑2길 4,,63119,,126.497821392822,33.4912024979454,6,,,,20211103230617,20260227105321,,,50,110,,,,FD,FD02,FD020100
2767790,12,답다니탑망대,제주특별자치도 제주시 우도면 연평리,,63365,,126.9526464263,33.5249205816,6,http://tong.visitkorea.or.kr/cms/resource/79/3411179_image2_1.jpg,http://tong.visitkorea.or.kr/cms/resource/79/3411179_image3_1.jpg,Type3,20211103230548,20251126104406,39,4,50,110,A02,A0205,A02050600,VE,VE01,VE010200
2767799,28,중문카트체험장,제주특별자치도 서귀포시 일주서로 1114,(상예동),63534,,126.3945600000,33.2641810000,6,https://tong.visitkorea.or.kr/cms/resource/19/4074619_image2_1.jpg,https://tong.visitkorea.or.kr/cms/resource/19/4074619_image3_1.jpg,Type1,20211103230947,20260612155235,,,50,130,,,,LS,LS01,LS010300
2767814,39,쌍둥이횟집본점,제주특별자치도 서귀포시 중정로62번길 14,(서귀동),63595,,126.562909788944,33.2465958727772,6,,,,20211103231622,20260204101609,,,50,130,,,,FD,FD01,FD010100
2767884,12,우도천진항,제주특별자치도 제주시 우도면 연평리 1737-15,,63365,,126.950434879884,33.4919930639295,6,,,,20211103235528,20260305095851,,,50,110,,,,NA,NA02,NA020700
2767885,12,하우목동항,제주특별자치도 제주시 우도면 우도해안길 352,,63365,,126.9435281264,33.5095971276,6,http://tong.visitkorea.or.kr/cms/resource/56/3553456_image2_1.jpg,http://tong.visitkorea.or.kr/cms/resource/56/3553456_image3_1.jpg,Type1,20211104000005,20251023143000,39,4,50,110,A01,A0101,A01011400,NA,NA02,NA020700
2767900,12,용담공원,제주특별자치도 제주시 용담일동,373-5,63153,,126.5150125811,33.5081292873,6,http://tong.visitkorea.or.kr/cms/resource/60/3554960_image2_1.jpg,http://tong.visitkorea.or.kr/cms/resource/60/3554960_image3_1.jpg,Type1,20211104003530,20251023173522,39,4,50,110,A02,A0202,A02020700,VE,VE03,VE030100
2773755,12,제주에너지누리마당,제주특별자치도 제주시 구좌읍 해맞이해안로 712-3,,63358,,126.818655162866,33.559311665911,6,https://tong.visitkorea.or.kr/cms/resource/77/3350777_image2_1.JPG,https://tong.visitkorea.or.kr/cms/resource/77/3350777_image3_1.JPG,Type3,20211112184110,20260410175045,,,50,110,,,,EX,EX07,EX070200
2774278,12,선흘2리마을,제주특별자치도 제주시 조천읍 선교로 569-36,,63341,,126.7142936617,33.4569075855,6,http://tong.visitkorea.or.kr/cms/resource/62/3400662_image2_1.jpg,http://tong.visitkorea.or.kr/cms/resource/62/3400662_image3_1.jpg,Type3,20211115183304,20250324142959,39,4,50,110,A02,A0203,A02030100,VE,VE04,VE040200
2774821,28,오늘은 카트레이싱,제주특별자치도 서귀포시 표선면 중산간동로 4776,,63624,,126.7905188680,33.3815694039,6,https://tong.visitkorea.or.kr/cms/resource/65/4073265_image2_1.jpg,https://tong.visitkorea.or.kr/cms/resource/65/4073265_image3_1.jpg,Type1,20211117000715,20260610145424,,,50,130,,,,LS,LS01,LS010300
2774868,39,영실국수,제주특별자치도 서귀포시 일주서로 470,(하원동),63541,,126.4583815477,33.2544508767,6,http://tong.visitkorea.or.kr/cms/resource/38/2774938_image2_1.jpg,http://tong.visitkorea.or.kr/cms/resource/38/2774938_image3_1.jpg,Type3,20211117002323,20250106110307,39,3,50,130,A05,A0502,A05020100,FD,FD01,FD010100
2774884,39,운정이네,제주특별자치도 서귀포시 중산간서로 726 (중문동),,63550,,126.4377636869,33.2635773213,6,http://tong.visitkorea.or.kr/cms/resource/50/2774950_image2_1.jpg,http://tong.visitkorea.or.kr/cms/resource/50/2774950_image2_1.jpg,Type3,20211117002542,20250905101928,39,3,50,130,A05,A0502,A05020100,FD,FD01,FD010100
2774895,39,목장카페드르쿰다,제주특별자치도 서귀포시 표선면 번영로 2454,,63624,,126.7698788286,33.4088221258,6,http://tong.visitkorea.or.kr/cms/resource/33/2774933_image2_1.jpg,http://tong.visitkorea.or.kr/cms/resource/33/2774933_image2_1.jpg,Type3,20211117002807,20250905102346,39,3,50,130,A05,A0502,A05020900,FD,FD05,FD050100
2777791,39,인디고트리,제주특별자치도 서귀포시 남원읍 하례망장포로 4,,63613,,126.6348410430,33.2638248613,6,http://tong.visitkorea.or.kr/cms/resource/23/3552623_image2_1.jpg,http://tong.visitkorea.or.kr/cms/resource/23/3552623_image3_1.jpg,Type1,20211123024608,20251117174016,39,3,50,130,A05,A0502,A05020900,FD,FD05,FD050100
2778044,12,전농로 벚꽃거리,제주특별자치도 제주시 삼도일동,,63173,,126.5171791396,33.5045936021,6,http://tong.visitkorea.or.kr/cms/resource/66/3523366_image2_1.jpg,http://tong.visitkorea.or.kr/cms/resource/66/3523366_image3_1.jpg,Type3,20211123193332,20250819150534,39,4,50,110,A01,A0101,A01010500,NA,NA05,NA050100
2778809,12,제주 글라스하우스,제주특별자치도 서귀포시 성산읍 고성리,46,63640,,126.9340141417,33.4291280857,6,http://tong.visitkorea.or.kr/cms/resource/77/3096277_image2_1.jpg,http://tong.visitkorea.or.kr/cms/resource/77/3096277_image3_1.jpg,Type1,20211124230532,20251117190616,39,3,50,130,A02,A0205,A02050600,VE,VE01,VE010100
2778874,39,춘미향,제주특별자치도 서귀포시 산방로 378,,63528,,126.2965127692,33.2314342058,6,http://tong.visitkorea.or.kr/cms/resource/19/2800419_image2_1.jpg,http://tong.visitkorea.or.kr/cms/resource/19/2800419_image2_1.jpg,Type3,20211124233125,20250117111930,39,3,50,130,A05,A0502,A05020100,FD,FD01,FD010100
2778890,12,노을해안로,제주특별자치도 서귀포시 대정읍 영락리,,,,126.2027620245,33.2563744294,6,http://tong.visitkorea.or.kr/cms/resource/64/3552564_image2_1.jpg,http://tong.visitkorea.or.kr/cms/resource/64/3552564_image3_1.jpg,Type1,20211124233435,20251023143000,39,3,50,130,A01,A0101,A01010500,NA,NA05,NA050100
2778897,12,안성리수국길,제주특별자치도 서귀포시 대정읍 안성리,,63520,,126.2837741374,33.2696992239,6,http://tong.visitkorea.or.kr/cms/resource/77/3585277_image2_1.jpg,http://tong.visitkorea.or.kr/cms/resource/77/3585277_image3_1.jpg,Type1,20211124233746,20251217133800,39,3,50,130,A01,A0101,A01010500,NA,NA05,NA050100
2778905,12,해맞이해안로,제주특별자치도 제주시 구좌읍 김녕리,,,,126.7427251632,33.5504226979,6,http://tong.visitkorea.or.kr/cms/resource/89/3555389_image2_1.jpg,http://tong.visitkorea.or.kr/cms/resource/89/3555389_image3_1.jpg,Type1,20211124234026,20251024130725,39,4,50,110,A01,A0101,A01010500,NA,NA05,NA050100
2778915,14,나이롱책방,제주특별자치도 제주시 관덕로8길 17 (이도일동),,63168,,126.5234377233,33.5116662086,6,https://tong.visitkorea.or.kr/cms/resource/14/3553414_image2_1.jpg,https://tong.visitkorea.or.kr/cms/resource/14/3553414_image3_1.jpg,Type1,20211124234510,20260807085607,,,50,110,,,,VE,VE12,VE120100
2778916,39,제주살롱,제주특별자치도 제주시 구좌읍 송당2길 7-1,,63355,,126.7825901914,33.4710460093,6,http://tong.visitkorea.or.kr/cms/resource/78/2794178_image2_1.jpg,http://tong.visitkorea.or.kr/cms/resource/78/2794178_image2_1.jpg,Type3,20211124234717,20251117174948,39,4,50,110,A05,A0502,A05020900,FD,FD05,FD050100
2778939,14,밤수지맨드라미,제주특별자치도 제주시 우도면 우도해안길 530,,63365,,126.9484786287,33.5207140039,6,https://tong.visitkorea.or.kr/cms/resource/00/3553400_image2_1.jpg,https://tong.visitkorea.or.kr/cms/resource/00/3553400_image3_1.jpg,Type1,20211124235840,20260807085348,,,50,110,,,,VE,VE12,VE120100
2779435,39,월정리갈비밥,제주특별자치도 제주시 구좌읍 월정7길 46,,63358,,126.7968120307,33.5548925198,6,http://tong.visitkorea.or.kr/cms/resource/43/2799743_image2_1.jpg,http://tong.visitkorea.or.kr/cms/resource/43/2799743_image3_1.jpg,Type3,20211125183218,20250106110223,39,4,50,110,A05,A0502,A05020100,FD,FD01,FD010100
2779449,12,비밀의 숲,제주특별자치도 제주시 구좌읍 송당리 2173,,,,126.7552818445,33.4537780343,6,http://tong.visitkorea.or.kr/cms/resource/87/3354187_image2_1.jpg,http://tong.visitkorea.or.kr/cms/resource/87/3354187_image3_1.jpg,Type3,20211125184331,20251117154507,39,4,50,110,A01,A0101,A01010400,NA,NA01,NA010200
2779454,12,종달리 수국길,제주특별자치도 제주시 구좌읍 종달리,,63354,,126.9111143136,33.5077301412,6,http://tong.visitkorea.or.kr/cms/resource/58/2799758_image2_1.jpg,http://tong.visitkorea.or.kr/cms/resource/58/2799758_image3_1.jpg,Type3,20211125184853,20250522114032,39,4,50,110,A01,A0101,A01010500,NA,NA05,NA050100
2779457,12,종달리해변,제주특별자치도 제주시 구좌읍 종달리,565-72,63364,,126.9097146979,33.4963286013,6,http://tong.visitkorea.or.kr/cms/resource/36/3553836_image2_1.jpg,http://tong.visitkorea.or.kr/cms/resource/36/3553836_image3_1.jpg,Type1,20211125185219,20251224130448,39,4,50,110,A01,A0101,A01011200,NA,NA02,NA020900
2779462,12,종달항(두문포항),제주특별자치도 제주시 구좌읍 종달리 484-10,,63364,,126.910660686374,33.4965502173871,6,https://tong.visitkorea.or.kr/cms/resource/04/4067804_image2_1.jpg,https://tong.visitkorea.or.kr/cms/resource/04/4067804_image3_1.jpg,Type1,20211125185600,20260526151833,,,50,110,,,,NA,NA02,NA020700
2779517,12,강정포구,제주특별자치도 서귀포시 말질로 291,,63563,,126.4750196034,33.2271624839,6,http://tong.visitkorea.or.kr/cms/resource/95/3552095_image2_1.jpg,http://tong.visitkorea.or.kr/cms/resource/95/3552095_image3_1.jpg,Type1,20211125194127,20251023143000,39,3,50,130,A01,A0101,A01011400,NA,NA02,NA020700
2779522,12,고산일과해안도로,제주특별자치도 서귀포시 대정읍 영락하동로 9-6,,63502,,126.2099419548,33.2564245360,6,http://tong.visitkorea.or.kr/cms/resource/27/3551727_image2_1.jpg,http://tong.visitkorea.or.kr/cms/resource/27/3551727_image3_1.jpg,Type1,20211125194503,20251105172935,39,3,50,130,A01,A0101,A01010500,NA,NA05,NA050100
2779527,12,구엄리 돌염전,제주특별자치도 제주시 애월읍 구엄리,,,,126.3812109878,33.4789303956,6,http://tong.visitkorea.or.kr/cms/resource/29/3555529_image2_1.jpg,http://tong.visitkorea.or.kr/cms/resource/29/3555529_image3_1.jpg,Type1,20211125194645,20251024135716,39,4,50,110,A01,A0101,A01011800,NA,NA02,NA020600
2780230,39,애월튀김간,제주특별자치도 제주시 애월읍 애월로 118,,63043,,126.3197749933,33.4643977009,6,http://tong.visitkorea.or.kr/cms/resource/91/2792991_image2_1.jpg,http://tong.visitkorea.or.kr/cms/resource/91/2792991_image2_1.jpg,Type3,20211126002229,20250905102934,39,4,50,110,A05,A0502,A05020100,FD,FD01,FD010100
2780263,39,꽃밥,제주특별자치도 제주시 애월읍 일주서로 6059,,63034,,126.3084871383,33.4515152155,6,https://tong.visitkorea.or.kr/cms/resource/34/3548234_image2_1.jpg,https://tong.visitkorea.or.kr/cms/resource/34/3548234_image3_1.jpg,Type3,20211126002717,20260805163239,,,50,110,,,,FD,FD01,FD010100
2781324,39,모슬포한라전복 본점,제주특별자치도 서귀포시 대정읍 대한로 33,,63506,,126.2452033549,33.2305112828,6,http://tong.visitkorea.or.kr/cms/resource/39/2800239_image2_1.jpg,http://tong.visitkorea.or.kr/cms/resource/39/2800239_image3_1.jpg,Type3,20211126035212,20250905103253,39,3,50,130,A05,A0502,A05020100,FD,FD01,FD010100
2781325,39,홍성방,제주특별자치도 서귀포시 대정읍 하모항구로 76,,63506,,126.2517224623,33.2201653043,6,http://tong.visitkorea.or.kr/cms/resource/87/2800487_image2_1.jpg,http://tong.visitkorea.or.kr/cms/resource/87/2800487_image2_1.jpg,Type3,20211126035907,20250724153821,39,3,50,130,A05,A0502,A05020400,FD,FD02,FD020100
2781326,12,김녕항,제주특별자치도 제주시 구좌읍 김녕항1길 50-13,,63357,,126.7400446641,33.5580773628,6,http://tong.visitkorea.or.kr/cms/resource/58/3555158_image2_1.jpg,http://tong.visitkorea.or.kr/cms/resource/58/3555158_image3_1.jpg,Type1,20211126040623,20251024093853,39,4,50,110,A01,A0101,A01011400,NA,NA02,NA020700
2781327,12,운진항,제주특별자치도 서귀포시 대정읍 하모리,,63513,,126.2583110141,33.2095276929,6,http://tong.visitkorea.or.kr/cms/resource/09/3551609_image2_1.jpg,http://tong.visitkorea.or.kr/cms/resource/09/3551609_image3_1.jpg,Type1,20211126041106,20251023143000,39,3,50,130,A01,A0101,A01011400,NA,NA02,NA020700
2781375,39,공천포식당,제주특별자치도 서귀포시 남원읍 공천포로 89,,63612,,126.6425958686,33.2664163660,6,http://tong.visitkorea.or.kr/cms/resource/94/2800294_image2_1.jpg,http://tong.visitkorea.or.kr/cms/resource/94/2800294_image2_1.jpg,Type3,20211126183359,20250905103546,39,3,50,130,A05,A0502,A05020100,FD,FD01,FD010100
2781386,12,세천포구,제주특별자치도 서귀포시 남원읍 위미리 799-2,,63610,,126.6741708395,33.2696137381,6,http://tong.visitkorea.or.kr/cms/resource/46/3552546_image2_1.jpg,http://tong.visitkorea.or.kr/cms/resource/46/3552546_image3_1.jpg,Type1,20211126183938,20251023143000,39,3,50,130,A01,A0101,A01011400,NA,NA02,NA020700
2781394,12,구두미포구,제주특별자치도 서귀포시 보목동,,63599,,126.5965116372,33.2368272299,6,http://tong.visitkorea.or.kr/cms/resource/76/3550576_image2_1.jpg,http://tong.visitkorea.or.kr/cms/resource/76/3550576_image3_1.jpg,Type1,20211126184227,20251023143000,39,3,50,130,A01,A0101,A01011400,NA,NA02,NA020700
2781401,12,소천지,제주특별자치도 서귀포시 칠십리로485번길 2 (보목동),,63599,,126.6027220992,33.2417795599,6,http://tong.visitkorea.or.kr/cms/resource/92/3551992_image2_1.jpg,http://tong.visitkorea.or.kr/cms/resource/92/3551992_image3_1.jpg,Type1,20211126184428,20251023143000,39,3,50,130,A01,A0101,A01011100,NA,NA02,NA020800
2781422,12,대포해안,제주특별자치도 서귀포시 이어도로 36-30,(중문동),63547,,126.4260597168,33.2380216246,6,http://tong.visitkorea.or.kr/cms/resource/55/3550955_image2_1.jpg,http://tong.visitkorea.or.kr/cms/resource/55/3550955_image3_1.jpg,Type1,20211126185131,20251023143000,39,3,50,130,A01,A0101,A01011100,NA,NA02,NA020800
2781427,39,만지식당,제주특별자치도 제주시 애월읍 고내로 13-1,,63045,,126.3390761161,33.4633147917,6,http://tong.visitkorea.or.kr/cms/resource/77/2795477_image2_1.jpg,http://tong.visitkorea.or.kr/cms/resource/77/2795477_image3_1.jpg,Type3,20211126185221,20250905105306,39,4,50,110,A05,A0502,A05020300,FD,FD02,FD020200
2781431,39,삼보식당,제주특별자치도 서귀포시 중정로 25 (서귀동),,63592,,126.5590868593,33.2476448874,6,http://tong.visitkorea.or.kr/cms/resource/63/2800363_image2_1.jpg,http://tong.visitkorea.or.kr/cms/resource/63/2800363_image3_1.jpg,Type3,20211126185335,20250905105523,39,3,50,130,A05,A0502,A05020100,FD,FD01,FD010100
2781493,39,키친아루요,제주특별자치도 제주시 애월읍 유수암평화5길 15-8,,63067,,126.4052962464,33.4237924354,6,http://tong.visitkorea.or.kr/cms/resource/30/2795030_image2_1.jpg,http://tong.visitkorea.or.kr/cms/resource/30/2795030_image2_1.jpg,Type3,20211126191243,20250905105933,39,4,50,110,A05,A0502,A05020300,FD,FD02,FD020200
2782843,39,슬로보트,제주특별자치도 제주시 애월읍 하귀2길 46-16,,63053,,126.4143856280,33.4901296811,6,http://tong.visitkorea.or.kr/cms/resource/68/2783168_image2_1.jpg,http://tong.visitkorea.or.kr/cms/resource/68/2783168_image3_1.jpg,Type3,20211129231200,20250115161831,39,4,50,110,A05,A0502,A05020900,FD,FD05,FD050100
2782858,39,카페모알보알 제주점,제주특별자치도 제주시 구좌읍 구좌해안로 141,,63348,,126.7279651224,33.5595964443,6,http://tong.visitkorea.or.kr/cms/resource/63/2783163_image2_1.jpg,http://tong.visitkorea.or.kr/cms/resource/63/2783163_image2_1.jpg,Type3,20211129231843,20250905110626,39,4,50,110,A05,A0502,A05020900,FD,FD05,FD050100
2782867,39,커피템플,제주특별자치도 제주시 영평길 269 (월평동),,63311,,126.56962756590664,33.47821166287695,6,https://tong.visitkorea.or.kr/cms/resource/58/4053758_image2_1.JPG,https://tong.visitkorea.or.kr/cms/resource/58/4053758_image3_1.JPG,Type3,20211129232111,20260330091611,,,50,110,,,,FD,FD05,FD050100
2783304,39,갈치왕,제주특별자치도 서귀포시 일주서로 1146 (상예동),,63534,,126.3907705168,33.2646820142,6,http://tong.visitkorea.or.kr/cms/resource/03/2783703_image2_1.jpg,http://tong.visitkorea.or.kr/cms/resource/03/2783703_image2_1.jpg,Type3,20211130182304,20250905111243,39,3,50,130,A05,A0502,A05020100,FD,FD01,FD010100
2783376,39,순천미향 제주산방산본점,제주특별자치도 서귀포시 안덕면 사계남로216번길 24-73,,63528,,126.3124946210,33.2357006510,6,http://tong.visitkorea.or.kr/cms/resource/83/2784583_image2_1.jpg,http://tong.visitkorea.or.kr/cms/resource/83/2784583_image3_1.jpg,Type3,20211130190455,20250905111508,39,3,50,130,A05,A0502,A05020100,FD,FD01,FD010100
2783381,39,예원이네 은갈치조림,제주특별자치도 서귀포시 색달중앙로 49 (색달동),,63534,,126.4133072446,33.2598069608,6,https://tong.visitkorea.or.kr/cms/resource/75/4005575_image2_1.jpg,https://tong.visitkorea.or.kr/cms/resource/75/4005575_image3_1.jpg,Type3,20211130190743,20260806154253,,,50,130,,,,FD,FD01,FD010100
2783385,39,제주로운청해원,제주특별자치도 서귀포시 성산읍 신양로 101,,63641,,126.9206595666,33.4367798025,6,http://tong.visitkorea.or.kr/cms/resource/94/2784594_image2_1.jpg,http://tong.visitkorea.or.kr/cms/resource/94/2784594_image2_1.jpg,Type3,20211130191022,20250905112220,39,3,50,130,A05,A0502,A05020100,FD,FD01,FD010100
2783386,39,카페 아오오,제주특별자치도 서귀포시 성산읍 환해장성로 75,,63634,,126.8799727482,33.3791188448,6,http://tong.visitkorea.or.kr/cms/resource/98/2784598_image2_1.jpg,http://tong.visitkorea.or.kr/cms/resource/98/2784598_image3_1.jpg,Type3,20211130191316,20250905112519,39,3,50,130,A05,A0502,A05020900,FD,FD05,FD050100
2783393,39,크래커스,제주특별자치도 서귀포시 대정읍 보성구억로126번길 34,,63520,,126.2797079652,33.2633165320,6,http://tong.visitkorea.or.kr/cms/resource/05/2784605_image2_1.jpg,http://tong.visitkorea.or.kr/cms/resource/05/2784605_image2_1.jpg,Type3,20211130191709,20250905112723,39,3,50,130,A05,A0502,A05020900,FD,FD05,FD050100
2783400,39,논짓물식당,제주특별자치도 제주시 성화로9길 10 (용담이동),,63158,,126.5044161774,33.5126591724,6,http://tong.visitkorea.or.kr/cms/resource/08/2784608_image2_1.jpg,http://tong.visitkorea.or.kr/cms/resource/08/2784608_image3_1.jpg,Type3,20211130192040,20250905113037,39,4,50,110,A05,A0502,A05020100,FD,FD01,FD010100
2783406,39,델문도,제주특별자치도 제주시 조천읍 조함해안로 519-10,,63333,,126.6687289685,33.5436111507,6,http://tong.visitkorea.or.kr/cms/resource/13/2784613_image2_1.jpg,http://tong.visitkorea.or.kr/cms/resource/13/2784613_image3_1.jpg,Type3,20211130192623,20250905113258,39,4,50,110,A05,A0502,A05020900,FD,FD05,FD050100
2783430,39,마루나키친,제주특별자치도 제주시 한경면 금등4길 11,,63003,,126.1958075111,33.3619682017,6,http://tong.visitkorea.or.kr/cms/resource/25/2784625_image2_1.jpg,http://tong.visitkorea.or.kr/cms/resource/25/2784625_image3_1.jpg,Type3,20211130193759,20250117101355,39,4,50,110,A05,A0502,A05020700,FD,FD02,FD020500
2783440,39,에오마르,제주특별자치도 제주시 선사로8길 13-6 (삼양일동),,63314,,126.5865781812,33.5257673656,6,http://tong.visitkorea.or.kr/cms/resource/27/2784627_image2_1.jpg,http://tong.visitkorea.or.kr/cms/resource/27/2784627_image3_1.jpg,Type3,20211130194333,20250905113542,39,4,50,110,A05,A0502,A05020900,FD,FD05,FD050100
2785301,39,제주순메밀막국수,제주특별자치도 서귀포시 안덕면 녹차분재로 60,,63521,,126.3019248585,33.2913082326,6,http://tong.visitkorea.or.kr/cms/resource/04/2785304_image2_1.jpg,http://tong.visitkorea.or.kr/cms/resource/04/2785304_image3_1.jpg,Type3,20211202225130,20250905151624,39,3,50,130,A05,A0502,A05020100,FD,FD01,FD010100
2785320,39,휴일로,제주특별자치도 서귀포시 안덕면 난드르로 49-65,,63533,,126.3665955587,33.2322657684,6,http://tong.visitkorea.or.kr/cms/resource/23/2785323_image2_1.jpg,http://tong.visitkorea.or.kr/cms/resource/23/2785323_image3_1.jpg,Type3,20211202225801,20250905151920,39,3,50,130,A05,A0502,A05020900,FD,FD05,FD050100
2785326,39,월정리 달이뜨는식탁 (달이뜨는식탁),제주특별자치도 제주시 구좌읍 월정1길 14,,63358,,126.7908070350,33.5531870564,6,http://tong.visitkorea.or.kr/cms/resource/28/2785328_image2_1.jpg,http://tong.visitkorea.or.kr/cms/resource/28/2785328_image2_1.jpg,Type3,20211202230346,20250905152217,39,4,50,110,A05,A0502,A05020100,FD,FD01,FD010100
2785334,39,카페리,제주특별자치도 제주시 구좌읍 평대2길 39,,63360,,126.8396671263,33.5339816371,6,http://tong.visitkorea.or.kr/cms/resource/37/2785337_image2_1.jpg,http://tong.visitkorea.or.kr/cms/resource/37/2785337_image2_1.jpg,Type3,20211202230859,20250905152604,39,4,50,110,A05,A0502,A05020900,FD,FD05,FD050100
2785869,12,판포포구,제주특별자치도 제주시 한경면 판포리 2877-3,,63003,,126.1996321009,33.3654401002,6,http://tong.visitkorea.or.kr/cms/resource/61/3352661_image2_1.jpg,http://tong.visitkorea.or.kr/cms/resource/61/3352661_image3_1.jpg,Type3,20211206183430,20251028155120,39,4,50,110,A01,A0101,A01011400,NA,NA02,NA020700
2785877,38,팰롱팰롱 빛나는,제주특별자치도 제주시 애월읍 애월로 27-2,,63043,,126.3116281057,33.4614695357,6,,,,20211206184122,20260707085329,,,50,110,,,,SH,SH05,SH050300
2785883,39,아날로그사운즈,제주특별자치도 제주시 구좌읍 하도9길 72,,63363,,126.8903215808,33.5116682578,6,http://tong.visitkorea.or.kr/cms/resource/76/2792076_image2_1.jpg,http://tong.visitkorea.or.kr/cms/resource/76/2792076_image3_1.jpg,Type3,20211206184340,20250120180444,39,4,50,110,A05,A0502,A05020900,FD,FD05,FD050100
2786082,39,그초록,제주특별자치도 제주시 구좌읍 행원로7길 23-16,,63358,,126.8062778418,33.5563369572,6,http://tong.visitkorea.or.kr/cms/resource/59/2792559_image2_1.jpg,http://tong.visitkorea.or.kr/cms/resource/59/2792559_image3_1.jpg,Type3,20211206200243,20250905152848,39,4,50,110,A05,A0502,A05020900,FD,FD05,FD050100
2788115,38,제주기념품가게 올레파머스 함덕점,제주특별자치도 제주시 조천읍 조함해안로 528,,63333,,126.669245937563,33.5425076130339,6,,,,20211208011924,20260312155442,,,50,110,,,,SH,SH05,SH050300
2788436,12,탑동광장,제주특별자치도 제주시 중앙로 1,,63276,,126.5265650000,33.5180700000,6,https://tong.visitkorea.or.kr/cms/resource/07/4073107_image2_1.jpg,https://tong.visitkorea.or.kr/cms/resource/07/4073107_image3_1.jpg,Type1,20211208023959,20260610113755,,,50,110,,,,VE,VE03,VE030500
2788879,39,해성도뚜리,제주특별자치도 제주시 애월읍 애월해안로 682,,63049,,126.3749809108,33.4817883141,6,http://tong.visitkorea.or.kr/cms/resource/62/2796262_image2_1.jpg,http://tong.visitkorea.or.kr/cms/resource/62/2796262_image3_1.jpg,Type3,20211208182955,20250905153612,39,4,50,110,A05,A0502,A05020100,FD,FD01,FD010100
2788882,39,문개항아리 조천본점,제주특별자치도 제주시 조천읍 조함해안로 217-1,,63332,,126.6440031125,33.5535346551,6,http://tong.visitkorea.or.kr/cms/resource/40/2796240_image2_1.jpg,http://tong.visitkorea.or.kr/cms/resource/40/2796240_image2_1.jpg,Type3,20211208183629,20250115155438,39,4,50,110,A05,A0502,A05020100,FD,FD01,FD010100
2789355,38,바람,제주특별자치도 제주시 구좌읍 월정1길 46-9,,63358,,126.7927818175,33.5551951990,6,http://tong.visitkorea.or.kr/cms/resource/35/2792035_image2_1.jpg,http://tong.visitkorea.or.kr/cms/resource/35/2792035_image2_1.jpg,Type3,20211208215648,20250120180654,39,4,50,110,A04,A0401,A04010900,SH,SH05,SH050300
2789378,12,제주신흥해수욕장,제주특별자치도 제주시 조천읍 조함해안로 273-35,,63332,,126.648530979961,33.5519478452539,6,https://tong.visitkorea.or.kr/cms/resource/79/4001879_image2_1.jpg,https://tong.visitkorea.or.kr/cms/resource/79/4001879_image3_1.jpg,Type1,20211208221219,20260318101005,,,50,110,,,,NA,NA02,NA020900
2789395,39,제주태백산본점,제주특별자치도 제주시 도공로 154-12 (이호이동),,63108,,126.4672142621,33.4947688948,6,http://tong.visitkorea.or.kr/cms/resource/63/2800563_image2_1.jpg,http://tong.visitkorea.or.kr/cms/resource/63/2800563_image3_1.jpg,Type3,20211208221736,20250905155205,39,4,50,110,A05,A0502,A05020100,FD,FD01,FD010100
2789609,12,대평포구,제주특별자치도 서귀포시 안덕면 창천리 914-5,,63531,,126.3620208614,33.2365152273,6,http://tong.visitkorea.or.kr/cms/resource/64/3551164_image2_1.jpg,http://tong.visitkorea.or.kr/cms/resource/64/3551164_image3_1.jpg,Type1,20211208235258,20251023143000,39,3,50,130,A01,A0101,A01011400,NA,NA02,NA020700
2789652,12,순례자의 교회,제주특별자치도 제주시 한경면 일주서로 3960-24,,63009,,126.1805486613,33.3198309570,6,http://tong.visitkorea.or.kr/cms/resource/52/3585352_image2_1.jpg,http://tong.visitkorea.or.kr/cms/resource/52/3585352_image3_1.jpg,Type1,20211209000837,20251217140140,39,4,50,110,A02,A0201,A02010900,HS,HS03,HS030200
2790487,39,제주돌창고,제주특별자치도 제주시 한경면 조수7길 8,,63004,,126.2335770008,33.3371215416,6,http://tong.visitkorea.or.kr/cms/resource/02/2792102_image2_1.jpg,http://tong.visitkorea.or.kr/cms/resource/02/2792102_image2_1.jpg,Type3,20211209195602,20250905155440,39,4,50,110,A05,A0502,A05020900,FD,FD05,FD050100
2790670,39,사일리커피,제주특별자치도 서귀포시 대정읍 최남단해안로 412,,63513,,126.2757874827,33.2001734425,6,http://tong.visitkorea.or.kr/cms/resource/57/2790957_image2_1.jpg,http://tong.visitkorea.or.kr/cms/resource/57/2790957_image2_1.jpg,Type3,20211209232833,20251023143000,39,3,50,130,A05,A0502,A05020900,FD,FD05,FD050100
2791194,39,어니스트밀크 본점,제주특별자치도 서귀포시 성산읍 중산간동로 3147-7,,63630,,126.8718968106,33.4504413940,6,http://tong.visitkorea.or.kr/cms/resource/00/2791200_image2_1.jpg,http://tong.visitkorea.or.kr/cms/resource/00/2791200_image2_1.jpg,Type3,20211210014144,20250905155744,39,3,50,130,A05,A0502,A05020900,FD,FD05,FD050100
2791213,39,오늘은녹차한잔,제주특별자치도 서귀포시 표선면 중산간동로 4772,,63624,,126.7912859405,33.3810894210,6,http://tong.visitkorea.or.kr/cms/resource/22/2791222_image2_1.jpg,http://tong.visitkorea.or.kr/cms/resource/22/2791222_image3_1.jpg,Type3,20211210014723,20250905160141,39,3,50,130,A05,A0502,A05020900,FD,FD05,FD050100
2791230,39,카페 이스틀리,제주특별자치도 서귀포시 성산읍 산성효자로114번길 131-1,,63639,,126.9084129597,33.4561052475,6,http://tong.visitkorea.or.kr/cms/resource/40/2791240_image2_1.jpg,http://tong.visitkorea.or.kr/cms/resource/40/2791240_image3_1.jpg,Type3,20211210015230,20250106102811,39,3,50,130,A05,A0502,A05020900,FD,FD05,FD050100
2791425,39,중문수두리보말칼국수,제주특별자치도 서귀포시 천제연로 192,(중문동),63546,,126.4250095051,33.2516062199,6,http://tong.visitkorea.or.kr/cms/resource/96/2800696_image2_1.jpg,http://tong.visitkorea.or.kr/cms/resource/96/2800696_image3_1.jpg,Type3,20211210181201,20250522092107,39,3,50,130,A05,A0502,A05020100,FD,FD01,FD010100
2791430,38,불란지야시장,제주특별자치도 서귀포시 중문상로17번길 4 (중문동),,63546,,126.4240090737,33.2502965427,6,https://tong.visitkorea.or.kr/cms/resource/88/2800688_image2_1.jpg,https://tong.visitkorea.or.kr/cms/resource/88/2800688_image3_1.jpg,Type3,20211210181959,20260729093320,,,50,130,,,,SH,SH06,SH060200
2791433,12,고내포구,제주특별자치도 제주시 애월읍 고내리 1111-4,,63045,,126.3379150223,33.4670588041,6,http://tong.visitkorea.or.kr/cms/resource/19/3589219_image2_1.jpg,http://tong.visitkorea.or.kr/cms/resource/19/3589219_image3_1.jpg,Type1,20211210182337,20251230092732,39,4,50,110,A01,A0101,A01011400,NA,NA02,NA020700
2791440,39,제주한라국수,제주특별자치도 서귀포시 천제연로188번길 17,(중문동),63546,,126.4244290287,33.2503119092,6,http://tong.visitkorea.or.kr/cms/resource/76/2800476_image2_1.jpg,http://tong.visitkorea.or.kr/cms/resource/76/2800476_image3_1.jpg,Type3,20211210182436,20250905161326,39,3,50,130,A05,A0502,A05020100,FD,FD01,FD010100
2791450,12,성산세화해안도로,제주특별자치도 제주시 구좌읍 종달리 112-1,시작점,63364,,126.9065285449,33.5100909170,6,http://tong.visitkorea.or.kr/cms/resource/31/3355631_image2_1.jpg,http://tong.visitkorea.or.kr/cms/resource/31/3355631_image3_1.jpg,Type1,20211210182821,20250321105218,39,4,50,110,A01,A0101,A01010500,NA,NA05,NA050100
2791473,14,제주커피박물관 바움,제주특별자치도 서귀포시 성산읍 서성일로1168번길 89-17,,63641,,126.8991519589,33.4398649542,6,https://tong.visitkorea.or.kr/cms/resource/83/3548483_image2_1.jpg,https://tong.visitkorea.or.kr/cms/resource/83/3548483_image3_1.jpg,Type1,20211210183715,20260804154810,,,50,130,,,,VE,VE07,VE070100
2791481,39,가시아방국수,제주특별자치도 서귀포시 성산읍 섭지코지로 10,,63641,,126.9180930788,33.4386573313,6,http://tong.visitkorea.or.kr/cms/resource/08/2800608_image2_1.jpg,http://tong.visitkorea.or.kr/cms/resource/08/2800608_image3_1.jpg,Type3,20211210183846,20250905161836,39,3,50,130,A05,A0502,A05020100,FD,FD01,FD010100
2791501,12,애월해안도로,제주특별자치도 제주시 애월읍 구엄리,,63049,,126.3754000000,33.4825000000,6,https://tong.visitkorea.or.kr/cms/resource/43/4073543_image2_1.jpg,https://tong.visitkorea.or.kr/cms/resource/43/4073543_image3_1.jpg,Type1,20211210184402,20260610174750,,,50,110,,,,NA,NA05,NA050100
2791505,12,서귀포항,제주특별자치도 서귀포시 칠십리로72번길 14,(서귀동),63596,,126.5648726592,33.2391598040,6,http://tong.visitkorea.or.kr/cms/resource/46/3550946_image2_1.jpg,http://tong.visitkorea.or.kr/cms/resource/46/3550946_image3_1.jpg,Type1,20211210184353,20251023143000,39,3,50,130,A01,A0101,A01011400,NA,NA02,NA020700
2791511,12,제주항,제주특별자치도 제주시 임항로 111,(건입동),63280,,126.5342384162,33.5200699382,6,http://tong.visitkorea.or.kr/cms/resource/13/3554913_image2_1.jpg,http://tong.visitkorea.or.kr/cms/resource/13/3554913_image3_1.jpg,Type1,20211210184626,20251023170817,39,4,50,110,A01,A0101,A01011400,NA,NA02,NA020700
2791523,12,제주양떼목장,제주특별자치도 제주시 애월읍 도치돌길 289-13,,63035,,126.3653060000,33.4112380000,6,https://tong.visitkorea.or.kr/cms/resource/29/4073429_image2_1.jpg,https://tong.visitkorea.or.kr/cms/resource/29/4073429_image3_1.jpg,Type1,20211210184920,20260610170304,,,50,110,,,,EX,EX03,EX030200
2792522,39,면뽑는선생 만두빚는아내,제주특별자치도 제주시 한림읍 일주서로 5608,1층,63026,,126.27762467046958,33.42757969913289,6,,,,20211213180444,20260304100426,,,50,110,,,,FD,FD01,FD010100
2792533,39,버드나무집,제주특별자치도 제주시 조천읍 신북로 540,,63333,,126.6673958034,33.5413197163,6,http://tong.visitkorea.or.kr/cms/resource/01/2799701_image2_1.jpg,http://tong.visitkorea.or.kr/cms/resource/01/2799701_image2_1.jpg,Type3,20211213181001,20250106170338,39,4,50,110,A05,A0502,A05020100,FD,FD01,FD010100
2792535,39,선흘곶,제주특별자치도 제주시 조천읍 선흘서2길 22,,63340,,126.6901500792,33.5108928938,6,http://tong.visitkorea.or.kr/cms/resource/08/2799608_image2_1.jpg,http://tong.visitkorea.or.kr/cms/resource/08/2799608_image3_1.jpg,Type3,20211213181221,20250905163039,39,4,50,110,A05,A0502,A05020100,FD,FD01,FD010100
2792536,39,안녕협재씨,제주특별자치도 제주시 한림읍 금능길 12,,63010,,126.2249905356,33.3865992669,6,http://tong.visitkorea.or.kr/cms/resource/20/2799720_image2_1.jpg,http://tong.visitkorea.or.kr/cms/resource/20/2799720_image3_1.jpg,Type3,20211213181535,20250905164746,39,4,50,110,A05,A0502,A05020100,FD,FD01,FD010100
2792539,39,한림칼국수 제주본점,제주특별자치도 제주시 한림읍 한림해안로 141,,63032,,126.2615172662,33.4155966307,6,http://tong.visitkorea.or.kr/cms/resource/03/2800503_image2_1.jpg,http://tong.visitkorea.or.kr/cms/resource/03/2800503_image2_1.jpg,Type3,20211213182121,20250905165111,39,4,50,110,A05,A0502,A05020100,FD,FD01,FD010100
2792543,39,협재 수우동,제주특별자치도 제주시 한림읍 협재1길 11,,63011,,126.2424860137,33.3965428856,6,http://tong.visitkorea.or.kr/cms/resource/36/2800436_image2_1.jpg,http://tong.visitkorea.or.kr/cms/resource/36/2800436_image2_1.jpg,Type3,20211213182344,20250905165937,39,4,50,110,A05,A0502,A05020300,FD,FD02,FD020200
2792565,12,이호테우 말 등대,제주특별자치도 제주시 서해안로 58 (이호일동),,63108,,126.4520660000,33.5018840000,6,https://tong.visitkorea.or.kr/cms/resource/48/4073448_image2_1.jpg,https://tong.visitkorea.or.kr/cms/resource/48/4073448_image3_1.jpg,Type1,20211213183557,20260610171702,,,50,110,,,,VE,VE01,VE010800
2792568,12,조천함덕해안도로,제주특별자치도 제주시 조천읍 조함해안로 525,,63333,,126.6690845131,33.5427390309,6,http://tong.visitkorea.or.kr/cms/resource/92/3553692_image2_1.jpg,http://tong.visitkorea.or.kr/cms/resource/92/3553692_image3_1.jpg,Type1,20211213183815,20251023143000,39,4,50,110,A01,A0101,A01010500,NA,NA05,NA050100
2792595,12,자구내포구,제주특별자치도 제주시 한경면 노을해안로 1161,,63008,,126.1651502316,33.3093902050,6,http://tong.visitkorea.or.kr/cms/resource/16/3553716_image2_1.jpg,http://tong.visitkorea.or.kr/cms/resource/16/3553716_image3_1.jpg,Type1,20211213185148,20251023143000,39,4,50,110,A01,A0101,A01011400,NA,NA02,NA020700
2792599,12,한림항,제주특별자치도 제주시 한림읍 한림해안로 192,,63031,,126.2625726517,33.4190907055,6,http://tong.visitkorea.or.kr/cms/resource/65/3554865_image2_1.jpg,http://tong.visitkorea.or.kr/cms/resource/65/3554865_image3_1.jpg,Type1,20211213185507,20251216165222,39,4,50,110,A01,A0101,A01011400,NA,NA02,NA020700
2792603,12,협재포구,제주특별자치도 제주시 한림읍 협재리,,63011,,126.2431108927,33.3995286760,6,http://tong.visitkorea.or.kr/cms/resource/75/3553775_image2_1.jpg,http://tong.visitkorea.or.kr/cms/resource/75/3553775_image3_1.jpg,Type1,20211213185713,20251023143000,39,4,50,110,A01,A0101,A01011400,NA,NA02,NA020700
2794659,12,도두항,제주특별자치도 제주시 도공로 2,(도두일동),63113,,126.4650003076,33.5061675974,6,http://tong.visitkorea.or.kr/cms/resource/41/3553941_image2_1.jpg,http://tong.visitkorea.or.kr/cms/resource/41/3553941_image3_1.jpg,Type1,20211214032629,20251023094449,39,4,50,110,A01,A0101,A01011400,NA,NA02,NA020700
2794667,12,사수항,제주특별자치도 제주시 서해안로 319 (도두이동),,63112,,126.4795239664,33.5096313338,6,http://tong.visitkorea.or.kr/cms/resource/47/3553747_image2_1.jpg,http://tong.visitkorea.or.kr/cms/resource/47/3553747_image3_1.jpg,Type1,20211214032835,20251023143000,39,4,50,110,A01,A0101,A01011400,NA,NA02,NA020700
2794971,39,일통이반,제주특별자치도 제주시 중앙로2길 25 (삼도이동),,63166,,126.5220923173,33.5171006294,6,http://tong.visitkorea.or.kr/cms/resource/48/2798548_image2_1.JPG,http://tong.visitkorea.or.kr/cms/resource/48/2798548_image3_1.JPG,Type3,20211214180016,20250905170737,39,4,50,110,A05,A0502,A05020100,FD,FD01,FD010100
2796715,12,베릿네오름,제주특별자치도 서귀포시 중문동 2314-2,,,,126.4220098576,33.2474788502,6,http://tong.visitkorea.or.kr/cms/resource/07/3552607_image2_1.jpg,http://tong.visitkorea.or.kr/cms/resource/07/3552607_image3_1.jpg,Type1,20211215003309,20251023143000,39,3,50,130,A01,A0101,A01010400,NA,NA01,NA010100
2796937,32,제주드림타워 복합리조트,제주특별자치도 제주시 노연로 12 (노형동),,63082,,126.48145945976125,33.485262303475146,6,,,,20211215012357,20260305095851,,,50,110,,,,VE,VE05,VE050200
2798027,14,전이수갤러리 걸어가는늑대들,제주특별자치도 제주시 연북로 707 (이도이동),1-2,63228,,126.551308069414,33.4950007521436,6,https://tong.visitkorea.or.kr/cms/resource/53/3553053_image2_1.jpg,https://tong.visitkorea.or.kr/cms/resource/53/3553053_image3_1.jpg,Type1,20211215183650,20260317101258,,,50,110,,,,VE,VE07,VE070600
2798036,39,숙성도 제주본점,제주특별자치도 제주시 제원길 30 (연동),"2, 3층",63131,,126.4888958794,33.4873145093,6,http://tong.visitkorea.or.kr/cms/resource/38/2800138_image2_1.jpg,http://tong.visitkorea.or.kr/cms/resource/38/2800138_image3_1.jpg,Type3,20211215183839,20251117191057,39,4,50,110,A05,A0502,A05020100,FD,FD01,FD010100
2798046,14,김택화 미술관,제주특별자치도 제주시 조천읍 신흥로 1,,63332,,126.6531779586,33.5437572078,6,https://tong.visitkorea.or.kr/cms/resource/71/3552971_image2_1.jpg,https://tong.visitkorea.or.kr/cms/resource/71/3552971_image3_1.jpg,Type1,20211215183913,20260804150329,,,50,110,,,,VE,VE07,VE070600
2798131,12,성산포JC공원,제주특별자치도 서귀포시 성산읍 고성리,,63641,,126.9262142246,33.4548306763,6,http://tong.visitkorea.or.kr/cms/resource/86/3550586_image2_1.jpg,http://tong.visitkorea.or.kr/cms/resource/86/3550586_image3_1.jpg,Type1,20211215190526,20251023143000,39,3,50,130,A02,A0202,A02020700,VE,VE03,VE030500
2798703,12,성산포성당,제주특별자치도 서귀포시 성산읍 고성오조로 120,,63639,,126.913641954744,33.4539607740169,6,,,,20211215220559,20260312160019,,,50,130,,,,HS,HS03,HS030200
2798709,28,제주피싱테마파크,제주특별자치도 제주시 조천읍 조함해안로 247-2,,63332,,126.6469422547,33.5512617884,6,,,,20211215221049,20260703132709,,,50,110,,,,LS,LS02,LS020600
2798882,12,제주 우도 천진항 대합실,제주특별자치도 제주시 우도면 우도해안길 70,,63365,,126.9515555965,33.4928352215,6,http://tong.visitkorea.or.kr/cms/resource/24/3556224_image2_1.jpg,http://tong.visitkorea.or.kr/cms/resource/24/3556224_image3_1.jpg,Type1,20211215224432,20251025222932,39,4,50,110,A02,A0202,A02020800,EX,EX07,EX070100
2798892,12,화북포구,제주특별자치도 제주시 화북1동,,63286,,126.5645634332,33.5255364838,6,http://tong.visitkorea.or.kr/cms/resource/93/3555293_image2_1.jpg,http://tong.visitkorea.or.kr/cms/resource/93/3555293_image3_1.jpg,Type1,20211215224947,20251024105547,39,4,50,110,A01,A0101,A01011400,NA,NA02,NA020700
2799740,12,비양도선착장,제주특별자치도 제주시 한림읍 한림해안로 192,,63031,,126.262561589665,33.4190599358847,6,https://tong.visitkorea.or.kr/cms/resource/68/3556268_image2_1.jpg,https://tong.visitkorea.or.kr/cms/resource/68/3556268_image3_1.jpg,Type1,20211216011420,20260512112639,,,50,110,,,,NA,NA02,NA020700
2800664,12,제주 성산항,제주특별자치도 서귀포시 성산읍 성산등용로 129-21,,63643,,126.9299218287,33.4725482235,6,http://tong.visitkorea.or.kr/cms/resource/00/3550600_image2_1.jpg,http://tong.visitkorea.or.kr/cms/resource/00/3550600_image3_1.jpg,Type1,20211216194112,20251023143000,39,3,50,130,A01,A0101,A01011400,NA,NA02,NA020700
2801936,39,집의기록상점,제주특별자치도 제주시 한림읍 귀덕11길 60,,63024,,126.297218856119,33.4465017321381,6,,,,20211220231149,20260122163000,,,50,110,,,,FD,FD05,FD050100
2801985,32,다람쥐민박,제주특별자치도 제주시 조천읍 함덕14길 20-2,,63333,,126.6652963486,33.5406077705,6,https://tong.visitkorea.or.kr/cms/resource/64/4079364_image2_1.jpg,https://tong.visitkorea.or.kr/cms/resource/64/4079364_image3_1.jpg,Type3,20211221004743,20260625173232,,,50,110,,,,AC,AC03,AC030300
2802732,39,카페 귤꽃다락,제주특별자치도 서귀포시 이어도로1027번길 34,,63571,,126.5225233880,33.2464388857,6,http://tong.visitkorea.or.kr/cms/resource/11/3564111_image2_1.jpg,http://tong.visitkorea.or.kr/cms/resource/11/3564111_image3_1.jpg,Type3,20211224003819,20251110182706,39,3,50,130,A05,A0502,A05020900,FD,FD05,FD050100
2804378,39,효은디저트,제주특별자치도 서귀포시 안덕면 화순해안로 189,,63530,,126.3388976667,33.2455333133,6,http://tong.visitkorea.or.kr/cms/resource/92/3574992_image2_1.jpg,http://tong.visitkorea.or.kr/cms/resource/92/3574992_image3_1.jpg,Type3,20221231003712,20251127101914,39,3,50,130,A05,A0502,A05020900,FD,FD05,FD050100
2805240,39,가파도별미식당,제주특별자치도 서귀포시 대정읍 영서중로 59,,63510,,126.26004038779146,33.22150872289134,6,,,,20220126112035,20260227144602,,,50,130,,,,FD,FD01,FD010100
2805243,39,몰래물밥상,제주특별자치도 제주시  도두항서길 (65),,63113,,126.463696495422,33.5041559983384,6,,,,20220126135226,20260227145434,,,50,110,,,,FD,FD01,FD010100
2805320,39,착한제주고등어,제주특별자치도 제주시 동문로11길 5 (건입동),,63278,,126.531219729389,33.513586902013,6,,,,20220126163956,20260227130307,,,50,110,,,,FD,FD01,FD010100
2805415,39,백록집,제주특별자치도 제주시 조천읍 함덕로 24,,63333,,126.6727147762,33.5417447548,6,,,,20220126105118,20251203151348,39,4,50,110,A05,A0502,A05020100,FD,FD01,FD010100
2805483,39,올티스,제주특별자치도 제주시 조천읍 거문오름길 (23-58),,63341,,126.717426623728,33.4630176457729,6,https://tong.visitkorea.or.kr/cms/resource/88/3505188_image2_1.png,https://tong.visitkorea.or.kr/cms/resource/88/3505188_image3_1.png,Type3,20220126180940,20260312090840,,,50,110,,,,FD,FD05,FD050200
2806020,39,삼다숯불갈비,제주특별자치도 서귀포시  명동로 (43),,63595,,126.5664511015,33.2477319085163,6,,,,20220204103558,20260227145859,,,50,130,,,,FD,FD01,FD010100
2806043,12,동백포레스트,제주특별자치도 서귀포시 남원읍 생기악로 53-38,,63608,,126.6362150996,33.3003486310,6,,,,20220204140943,20251105160735,39,3,50,130,A01,A0101,A01010700,NA,NA04,NA040700
2806115,12,제주동백수목원,제주특별자치도 서귀포시 남원읍 태위로 288,,63610,,126.678,33.2753,6,https://tong.visitkorea.or.kr/cms/resource/38/3582838_image2_1.JPG,https://tong.visitkorea.or.kr/cms/resource/38/3582838_image3_1.JPG,Type3,20220204174358,20260205171318,,,50,130,,,,NA,NA04,NA040700
2806554,28,[하영올레] 1코스,"제주특별자치도 서귀포시  중앙로 (105, 서귀포시청)",,63584,,126.5597977665,33.2539525361,6,http://tong.visitkorea.or.kr/cms/resource/67/3585167_image2_1.jpg,http://tong.visitkorea.or.kr/cms/resource/67/3585167_image3_1.jpg,Type1,20220209151019,20251217110644,39,3,50,130,A03,A0302,A03022700,LS,LS01,LS011900
2806555,28,[하영올레] 2코스,"제주특별자치도 서귀포시  중앙로 (105, 서귀포시청)",,63584,,126.5597977665,33.2539525361,6,http://tong.visitkorea.or.kr/cms/resource/87/3585187_image2_1.jpg,http://tong.visitkorea.or.kr/cms/resource/87/3585187_image3_1.jpg,Type1,20220209152623,20251217113006,39,3,50,130,A03,A0302,A03022700,LS,LS01,LS011900
2806561,28,[하영올레] 3코스,"제주특별자치도 서귀포시  중앙로 (105, 서귀포시청)",,63584,,126.5597849132,33.2539227500,6,https://tong.visitkorea.or.kr/cms/resource/70/4074070_image2_1.jpg,https://tong.visitkorea.or.kr/cms/resource/70/4074070_image3_1.jpg,Type1,20220209155100,20260611174636,,,50,130,,,,LS,LS01,LS011900
2806871,39,도토리키친,제주특별자치도 제주시 북성로 59 (삼도이동),,63167,,126.5186148802,33.5154174266,6,http://tong.visitkorea.or.kr/cms/resource/55/3556355_image2_1.png,http://tong.visitkorea.or.kr/cms/resource/55/3556355_image3_1.png,Type3,20220210160734,20251029160758,39,4,50,110,A05,A0502,A05020700,FD,FD02,FD020500
2807119,39,고서방 짬뽕,제주특별자치도 제주시 인다5길 11-5 (아라일동),,63247,,126.5481604303,33.4759667087,6,,,,20220214174339,20251202131953,39,4,50,110,A05,A0502,A05020400,FD,FD02,FD020100
2807124,39,채훈이네해장국,제주특별자치도 제주시 한림읍 한림상로 29,,63012,,126.25864990083487,33.405408270718816,6,https://tong.visitkorea.or.kr/cms/resource/47/2806847_image2_1.jpg,https://tong.visitkorea.or.kr/cms/resource/47/2806847_image3_1.jpg,Type1,20220215135535,20260227094209,,,50,110,,,,FD,FD01,FD010100
2807387,39,커뮤니테이블,제주특별자치도 서귀포시  월평로 (15),,63562,,126.459288887123,33.2448027647023,6,,,,20220216153311,20260227151052,,,50,130,,,,FD,FD02,FD020300
2807920,39,달페이지,제주특별자치도 서귀포시 색달로64번길 51,,63534,,126.413928872755,33.2597558635739,6,,,,20220222131901,20260220160706,,,50,130,,,,FD,FD02,FD020300
2808037,39,원앤온리,제주특별자치도 서귀포시 산방로 141 원앤온리,,63528,,126.319188130684,33.2392234176341,6,,,,20220222165625,20260227141405,,,50,130,,,,FD,FD05,FD050300
2808238,39,청춘부부,제주특별자치도 서귀포시 대정읍 추사로38번길 181,,63520,,126.27910964046517,33.26592644715277,6,https://tong.visitkorea.or.kr/cms/resource/08/3510608_image2_1.jpeg,https://tong.visitkorea.or.kr/cms/resource/08/3510608_image3_1.jpeg,Type3,20220224111809,20260311100340,,,50,130,,,,FD,FD05,FD050100
2808937,39,오드랑베이커리,제주특별자치도 제주시 조함해안로 552-3,,63333,,126.6715954192,33.5421641344,6,,,,20220228163220,20251203133220,39,4,50,110,A05,A0502,A05020900,FD,FD05,FD050100
2809900,39,묘한식당,제주특별자치도 제주시 녹차분재로 601,,63005,,126.262127681162,33.3226211550477,6,https://tong.visitkorea.or.kr/cms/resource/98/2809898_image2_1.jpg,https://tong.visitkorea.or.kr/cms/resource/98/2809898_image3_1.jpg,Type1,20220310100627,20260227095316,,,50,110,,,,FD,FD02,FD020300
2809970,39,바다밥상,제주특별자치도 서귀포시 천지연로 16,,63596,,126.564643068488,33.2418631165543,6,,,,20220310145235,20260227100047,,,50,130,,,,FD,FD01,FD010100
2810906,39,식당 마요네즈,제주특별자치도 제주시 다랑곶3길 18 (노형동),,63097,,126.47866420861264,33.488910946477056,6,https://tong.visitkorea.or.kr/cms/resource/48/4064748_image2_1.JPG,https://tong.visitkorea.or.kr/cms/resource/48/4064748_image3_1.JPG,Type1,20220315175234,20260515103822,,,50,110,,,,FD,FD02,FD020300
2810922,39,더스푼,제주특별자치도 제주시 구남동1길 45,,63231,,126.541150645021,33.4934001587574,6,,,,20220316112742,20260227142115,,,50,110,,,,FD,FD02,FD020300
2811110,14,훈데르트바서파크,제주특별자치도 제주시 우도면 우도해안길 32-12,,63365,,126.9549441872,33.4930408093,6,,,,20220317163349,20250502112719,39,4,50,110,A02,A0206,A02060300,VE,VE07,VE070300
2811459,39,훈데르트윈즈,제주특별자치도 제주시 우도해안길 32-2,,63365,,126.9552580701,33.4921103615,6,http://tong.visitkorea.or.kr/cms/resource/56/2811456_image2_1.jpg,http://tong.visitkorea.or.kr/cms/resource/56/2811456_image3_1.jpg,Type3,20220321005122,20251023143000,39,4,50,110,A05,A0502,A05020900,FD,FD05,FD050100
2811460,39,카페 톨칸이,제주특별자치도 제주시 우도면 우도해안길 32-24,,63365,,126.9548691711,33.4940129228,6,http://tong.visitkorea.or.kr/cms/resource/54/2811454_image2_1.jpg,http://tong.visitkorea.or.kr/cms/resource/54/2811454_image2_1.jpg,Type3,20220321005619,20250905162426,39,4,50,110,A05,A0502,A05020900,FD,FD05,FD050100
2814168,32,스테리나잇 제주,제주특별자치도 제주시 애월로 37,,63043,,126.3122701478439,33.46217616119779,6,https://tong.visitkorea.or.kr/cms/resource/82/2813382_image2_1.jpg,https://tong.visitkorea.or.kr/cms/resource/82/2813382_image3_1.jpg,Type3,20220318170544,20260227132852,,,50,110,,,,AC,AC03,AC030100
2814169,32,쿠지홀리데이,제주특별자치도 서귀포시 난산로 100,,63632,,126.8651283143,33.4025896260,6,https://tong.visitkorea.or.kr/cms/resource/19/4079319_image2_1.jpg,https://tong.visitkorea.or.kr/cms/resource/19/4079319_image3_1.jpg,Type3,20220318171347,20260625170603,,,50,130,,,,AC,AC03,AC030100
2815586,39,독고집,제주특별자치도 서귀포시 성산읍 동류암로 43-1,,63640,,126.9158640459,33.4486601939,6,https://tong.visitkorea.or.kr/cms/resource/11/3578911_image2_1.jpg,https://tong.visitkorea.or.kr/cms/resource/11/3578911_image3_1.jpg,Type3,20220408171147,20260806134433,,,50,130,,,,FD,FD01,FD010100
2815713,39,오라디오라,제주특별자치도 서귀포시 사계로114번길 54-102,,63528,,126.308167025222,33.2350542838104,6,,,,20220411174244,20260227153826,,,50,130,,,,FD,FD05,FD050100
2818722,39,모루쿠다,제주특별자치도 서귀포시 태평로431번길 32,1층,63595,,126.566170559155,33.2482985049234,6,,,,20220506151857,20260227101436,,,50,130,,,,FD,FD02,FD020200
2819194,39,이스방한상,제주특별자치도 제주시 흥운길 87,,63152,,126.513574922731,33.5157221161609,6,,,,20220510174342,20260227143313,,,50,110,,,,FD,FD01,FD010100
2819519,38,소길별하,제주특별자치도 제주시 애월읍 소길남길 34-37,,63037,,126.3744134023,33.4304884065,6,https://tong.visitkorea.or.kr/cms/resource/24/4074824_image2_1.jpg,https://tong.visitkorea.or.kr/cms/resource/24/4074824_image3_1.jpg,Type1,20220512113409,20260612173725,,,50,110,,,,SH,SH07,SH070100
2819599,12,고배기동산,제주특별자치도 서귀포시 안덕면 광평리,산67,63524,,126.3816997140,33.3307998722,6,https://tong.visitkorea.or.kr/cms/resource/66/4073966_image2_1.jpg,https://tong.visitkorea.or.kr/cms/resource/66/4073966_image3_1.jpg,Type1,20220512160753,20260611161805,,,50,130,,,,NA,NA01,NA010200
2819792,39,그시절그짬뽕,제주특별자치도 제주시 한림북동길 7,1층 115호,63031,,126.2642698421,33.4155825901235,6,,,,20220513160505,20260227101746,,,50,110,,,,FD,FD02,FD020100
2819964,32,그랜드 조선 제주,제주특별자치도 서귀포시 중문관광로72번길 60,,63535,,126.4081000000,33.2524000000,6,https://tong.visitkorea.or.kr/cms/resource/46/4072546_image2_1.jpg,https://tong.visitkorea.or.kr/cms/resource/46/4072546_image3_1.jpg,Type1,20220516130334,20260610083438,,,50,130,,,,AC,AC01,AC010100
2820293,28,바다다이브,제주특별자치도 서귀포시 동홍로12번길 5 (서귀동),,63590,,126.5684825434,33.2498095439,6,https://tong.visitkorea.or.kr/cms/resource/67/2820267_image2_1.jpg,https://tong.visitkorea.or.kr/cms/resource/67/2820267_image3_1.jpg,Type3,20220517171045,20260616144326,,,50,130,,,,LS,LS02,LS020400
2822432,12,서귀진지,제주특별자치도 서귀포시 솔동산로11번길 8-18 (서귀동),,63596,,126.5644000000,33.2430000000,6,https://tong.visitkorea.or.kr/cms/resource/11/4074011_image2_1.jpg,https://tong.visitkorea.or.kr/cms/resource/11/4074011_image3_1.jpg,Type1,20220531163552,20260611165011,,,50,130,,,,HS,HS01,HS011200
2822959,32,히든 클리프 호텔 & 네이쳐,제주특별자치도 서귀포시 예래해안로 542 (상예동),,63536,,126.4025949192,33.2547288819,6,https://tong.visitkorea.or.kr/cms/resource/23/4072623_image2_1.jpg,https://tong.visitkorea.or.kr/cms/resource/23/4072623_image3_1.jpg,Type3,20220607173129,20260610083438,,,50,130,,,,AC,AC01,AC010100
2824043,39,행복밀,제주특별자치도 제주시 서광로 239 (삼도일동),,63182,,126.5220815945,33.5000525164,6,,,,20220616134914,20251203153026,39,4,50,110,A05,A0502,A05020900,FD,FD05,FD050300
2825241,39,철가방을든해녀,제주특별자치도 서귀포시 마라로 85,,63515,,126.265870809934,33.1164840528096,6,,,,20220627162118,20260227130614,,,50,130,,,,FD,FD02,FD020100
2825249,39,금갈치,제주특별자치도 제주시 고마로19길 2,1층,63255,,126.541969758826,33.5045294311807,6,,,,20220627165056,20260227102110,,,50,110,,,,FD,FD01,FD010100
2828666,39,표선우동가게,제주특별자치도 서귀포시 표선관정로 105-1,,63629,,126.831283143852,33.3241022996971,6,,,,20220722135410,20260220164409,,,50,130,,,,FD,FD02,FD020200
2829786,39,비케이브,제주특별자치도 제주시 동백로 122,,63340,,126.7200169877,33.5083825400,6,,,,20220727105008,20250904111923,39,4,50,110,A05,A0502,A05020900,FD,FD05,FD050100
2829949,39,연돈,제주특별자치도 서귀포시 색달로 10 (색달동),,63534,,126.4061248696,33.2588912291,6,http://tong.visitkorea.or.kr/cms/resource/46/2829946_image2_1.jpg,http://tong.visitkorea.or.kr/cms/resource/46/2829946_image3_1.jpg,Type3,20220728133206,20250109133820,39,3,50,130,A05,A0502,A05020300,FD,FD02,FD020200
2830204,39,무로이,제주특별자치도 서귀포시 동광본동로 21,,63523,,126.3368020179,33.3078014028,6,http://tong.visitkorea.or.kr/cms/resource/96/2830196_image2_1.JPG,http://tong.visitkorea.or.kr/cms/resource/96/2830196_image3_1.JPG,Type3,20220729103807,20250526113550,39,3,50,130,A05,A0502,A05020900,FD,FD05,FD050100
2830228,39,도렐 제주 본점,제주특별자치도 서귀포시 성산읍 동류암로 20,,63640,,126.9180400527,33.4496450053,6,http://tong.visitkorea.or.kr/cms/resource/17/2830217_image2_1.JPG,http://tong.visitkorea.or.kr/cms/resource/17/2830217_image3_1.JPG,Type3,20220729105156,20250527170014,39,3,50,130,A05,A0502,A05020900,FD,FD05,FD050100
2830340,39,우유부단,제주특별자치도 제주시 금악동길 38,,63021,,126.3280741083,33.3476524167,6,http://tong.visitkorea.or.kr/cms/resource/33/2830333_image2_1.JPG,http://tong.visitkorea.or.kr/cms/resource/33/2830333_image3_1.JPG,Type3,20220729132617,20250519095002,39,4,50,110,A05,A0502,A05020900,FD,FD05,FD050100
2830485,39,권가칼국수,제주특별자치도 제주시 화삼북로 38,1층,63303,,126.5769319952,33.5171098365,6,http://tong.visitkorea.or.kr/cms/resource/81/2830481_image2_1.JPG,http://tong.visitkorea.or.kr/cms/resource/81/2830481_image3_1.JPG,Type3,20220729151520,20250519101424,39,4,50,110,A05,A0502,A05020100,FD,FD01,FD010100
2830500,39,그럼외도,제주특별자치도 제주시 월대3길 16,,63068,,126.4340393810,33.4942462039,6,http://tong.visitkorea.or.kr/cms/resource/95/2830495_image2_1.JPG,http://tong.visitkorea.or.kr/cms/resource/95/2830495_image3_1.JPG,Type3,20220729152519,20250512150620,39,4,50,110,A05,A0502,A05020900,FD,FD05,FD050100
2831590,39,고집돌우럭 중문점,제주특별자치도 서귀포시 일주서로 879 (색달동),,63534,,126.4167184145,33.2580109376,6,http://tong.visitkorea.or.kr/cms/resource/40/2832740_image2_1.jpg,http://tong.visitkorea.or.kr/cms/resource/40/2832740_image3_1.jpg,Type3,20220803110443,20250521131840,39,3,50,130,A05,A0502,A05020100,FD,FD01,FD010100
2831622,39,미쁜제과,제주특별자치도 서귀포시 도원남로 16,,63500,,126.1801414853,33.2691643300,6,http://tong.visitkorea.or.kr/cms/resource/03/2831603_image2_1.JPG,http://tong.visitkorea.or.kr/cms/resource/03/2831603_image3_1.JPG,Type3,20220803111448,20250428172821,39,3,50,130,A05,A0502,A05020900,FD,FD05,FD050100
2831635,39,오는정김밥,제주특별자치도 서귀포시 동문동로 2,,63590,,126.5675888551,33.2496475788,6,,,,20220803112224,20251029113118,39,3,50,130,A05,A0502,A05020100,FD,FD03,FD030400
2831920,39,수애기베이커리,제주특별자치도 서귀포시 동일하모로98번길 48-59,,63506,,126.2442091801,33.2222482902,6,http://tong.visitkorea.or.kr/cms/resource/06/2831906_image2_1.JPG,http://tong.visitkorea.or.kr/cms/resource/06/2831906_image3_1.JPG,Type3,20220803151519,20250512152014,39,3,50,130,A05,A0502,A05020900,FD,FD05,FD050100
2831941,39,삼미흑돼지 중문점,제주특별자치도 서귀포시 색달중앙로 33,,63534,,126.4134575743,33.2585497158,6,http://tong.visitkorea.or.kr/cms/resource/33/2831933_image2_1.JPG,http://tong.visitkorea.or.kr/cms/resource/33/2831933_image3_1.JPG,Type3,20220803152328,20250519105107,39,3,50,130,A05,A0502,A05020100,FD,FD01,FD010100
2831961,39,천짓골식당,제주특별자치도 서귀포시 중앙로41번길 4 천짓골식당,,63592,,126.5613172072,33.2482698538,6,http://tong.visitkorea.or.kr/cms/resource/53/2831953_image2_1.JPG,http://tong.visitkorea.or.kr/cms/resource/53/2831953_image3_1.JPG,Type3,20220803153353,20250521132910,39,3,50,130,A05,A0502,A05020100,FD,FD01,FD010100
2833201,39,성산 부뚜막식당,제주특별자치도 서귀포시 성산읍 고성오조로 11,,63641,,126.9135544343,33.4451287653,6,http://tong.visitkorea.or.kr/cms/resource/96/2833196_image2_1.png,http://tong.visitkorea.or.kr/cms/resource/96/2833196_image3_1.png,Type3,20220805152010,20250528164647,39,3,50,130,A05,A0502,A05020100,FD,FD01,FD010100
2833244,39,솔동산고기국수,제주특별자치도 서귀포시 부두로 23 (서귀동),,63596,,126.5652336535,33.2429705005,6,http://tong.visitkorea.or.kr/cms/resource/36/2833236_image2_1.JPG,http://tong.visitkorea.or.kr/cms/resource/36/2833236_image3_1.JPG,Type3,20220805153457,20250528165334,39,3,50,130,A05,A0502,A05020100,FD,FD01,FD010100
2833269,39,유동커피,제주특별자치도 서귀포시 태평로 406-1 (서귀동),,63596,,126.5638031862,33.2445703014,6,http://tong.visitkorea.or.kr/cms/resource/67/2833267_image2_1.png,http://tong.visitkorea.or.kr/cms/resource/67/2833267_image3_1.png,Type3,20220805155058,20250528171803,39,3,50,130,A05,A0502,A05020900,FD,FD05,FD050100
2833308,39,성산 타쿠마스시,제주특별자치도 서귀포시 성산읍 섭지코지로 15,,63641,,126.9185069225,33.4390739586,6,http://tong.visitkorea.or.kr/cms/resource/94/2833294_image2_1.png,http://tong.visitkorea.or.kr/cms/resource/94/2833294_image3_1.png,Type3,20220805160551,20250528172857,39,3,50,130,A05,A0502,A05020300,FD,FD02,FD020200
2833409,39,선이네밥집,제주특별자치도 제주시 조천읍 신북로 262,,63331,,126.6399665376,33.5381469339,6,https://tong.visitkorea.or.kr/cms/resource/59/3578959_image2_1.jpg,https://tong.visitkorea.or.kr/cms/resource/59/3578959_image3_1.jpg,Type3,20220805170036,20260806104136,,,50,110,,,,FD,FD01,FD010100
2833763,14,산지천갤러리,제주특별자치도 제주시 중앙로3길 36,,63277,,126.5283318960,33.5151474198,6,https://tong.visitkorea.or.kr/cms/resource/32/4074032_image2_1.jpg,https://tong.visitkorea.or.kr/cms/resource/32/4074032_image3_1.jpg,Type1,20220808140658,20260611171134,,,50,110,,,,VE,VE07,VE070600
2834605,39,허디거디 이도점,제주특별자치도 제주시 신설로11길 2-8,1층,63229,,126.544242076758,33.4910976987433,6,,,,20220809141252,20260304100426,,,50,110,,,,FD,FD02,FD020300
2834656,14,아라리오뮤지엄 동문모텔2,제주특별자치도 제주시 산지로 23,,63278,,126.5293750659,33.5149843124,6,http://tong.visitkorea.or.kr/cms/resource/37/3556937_image2_1.jpg,http://tong.visitkorea.or.kr/cms/resource/37/3556937_image3_1.jpg,Type3,20220809142925,20251027171542,39,4,50,110,A02,A0206,A02060500,VE,VE07,VE070600
2836502,39,제주해조네 보말성게전문점,제주특별자치도 서귀포시 안덕면 대평감산로 12,,63533,,126.3668593459,33.2358042713,6,http://tong.visitkorea.or.kr/cms/resource/99/2836499_image2_1.jpg,http://tong.visitkorea.or.kr/cms/resource/99/2836499_image3_1.jpg,Type3,20220812172354,20250528180136,39,3,50,130,A05,A0502,A05020100,FD,FD01,FD010100
2836808,39,지은이네밥상,제주특별자치도 서귀포시 성산읍 고성오조로97번길 17,,63640,,126.9121210656,33.4520585324,6,http://tong.visitkorea.or.kr/cms/resource/06/2836806_image2_1.jpg,http://tong.visitkorea.or.kr/cms/resource/06/2836806_image3_1.jpg,Type3,20220816130515,20250528182144,39,3,50,130,A05,A0502,A05020100,FD,FD01,FD010100
2836814,12,서귀포칠십리시공원,제주특별자치도 서귀포시 현청로 41-19 (서홍동),,63578,,126.5546540140,33.2668503757,6,https://tong.visitkorea.or.kr/cms/resource/24/4072824_image2_1.jpg,https://tong.visitkorea.or.kr/cms/resource/24/4072824_image3_1.jpg,Type1,20220816131418,20260610083438,,,50,130,,,,NA,NA04,NA040700
2836825,39,카페루시아 본점,제주특별자치도 서귀포시 안덕면 난드르로 49-17,,63533,,126.3632402420,33.2346182342,6,http://tong.visitkorea.or.kr/cms/resource/18/2836818_image2_1.jpg,http://tong.visitkorea.or.kr/cms/resource/18/2836818_image3_1.jpg,Type3,20220816132347,20250529171453,39,3,50,130,A05,A0502,A05020900,FD,FD05,FD050100
2836855,14,포도뮤지엄,제주특별자치도 서귀포시 산록남로 788 포도뮤지엄,,63525,,126.3859690212,33.3192651702,6,https://tong.visitkorea.or.kr/cms/resource/79/4070579_image2_1.jpg,https://tong.visitkorea.or.kr/cms/resource/79/4070579_image3_1.jpg,Type1,20220816133845,20260605084251,,,50,130,,,,VE,VE07,VE070600
2836873,39,미스틱3도,제주특별자치도 제주시 1100로 2894-49 (노형동),,63079,,126.4873801880,33.4500241681,6,http://tong.visitkorea.or.kr/cms/resource/64/2836864_image2_1.jpg,http://tong.visitkorea.or.kr/cms/resource/64/2836864_image3_1.jpg,Type3,20220816134922,20250529172609,39,4,50,110,A05,A0502,A05020900,FD,FD05,FD050100
2836891,39,바람벽에흰당나귀,제주특별자치도 제주시 구좌읍 동복로 11,,63347,,126.7076142444,33.5538828606,6,http://tong.visitkorea.or.kr/cms/resource/84/2836884_image2_1.jpg,http://tong.visitkorea.or.kr/cms/resource/84/2836884_image3_1.jpg,Type3,20220816135620,20250626145816,39,4,50,110,A05,A0502,A05020900,FD,FD05,FD050100
2836910,12,송당무끈모루,제주특별자치도 제주시 비자림로 1661-13,,63355,,126.7718717118,33.4567748088,6,https://tong.visitkorea.or.kr/cms/resource/08/4074508_image2_1.jpg,https://tong.visitkorea.or.kr/cms/resource/08/4074508_image3_1.jpg,Type1,20220816140512,20260612145812,,,50,110,,,,NA,NA01,NA010200
2836964,39,외도339,제주특별자치도 제주시 일주서로 7345 (외도이동),,63068,,126.4317173715,33.4937712193,6,http://tong.visitkorea.or.kr/cms/resource/49/2836949_image2_1.jpg,http://tong.visitkorea.or.kr/cms/resource/49/2836949_image3_1.jpg,Type3,20220816142852,20250529175516,39,4,50,110,A05,A0502,A05020900,FD,FD05,FD050100
2836976,39,제주돔베고기집,제주특별자치도 제주시 월랑로4길 6 (노형동),,63098,,126.4784939918,33.4879031676,6,http://tong.visitkorea.or.kr/cms/resource/68/2836968_image2_1.jpg,http://tong.visitkorea.or.kr/cms/resource/68/2836968_image3_1.jpg,Type3,20220816143439,20250529180309,39,4,50,110,A05,A0502,A05020100,FD,FD01,FD010100
2836994,39,정가네밥상,제주특별자치도 제주시 아란서길 110 (아라일동),,63239,,126.5399668613,33.4687562651,6,http://tong.visitkorea.or.kr/cms/resource/83/2836983_image2_1.JPG,http://tong.visitkorea.or.kr/cms/resource/83/2836983_image3_1.JPG,Type3,20220816144516,20250626145831,39,4,50,110,A05,A0502,A05020100,FD,FD01,FD010100
2837033,39,협재해물라면오빠네,제주특별자치도 제주시 한림읍 한림로 475,,63012,,126.2510184831,33.4020118583,6,http://tong.visitkorea.or.kr/cms/resource/25/2837025_image2_1.JPG,http://tong.visitkorea.or.kr/cms/resource/25/2837025_image3_1.JPG,Type3,20220816145351,20250529182406,39,4,50,110,A05,A0502,A05020100,FD,FD01,FD010100
2837068,39,카페 나모나모베이커리,제주특별자치도 제주시 도두봉6길 4 (도두일동),,63112,,126.4719635282,33.5089340685,6,http://tong.visitkorea.or.kr/cms/resource/52/2837052_image2_1.jpg,http://tong.visitkorea.or.kr/cms/resource/52/2837052_image3_1.jpg,Type3,20220816151029,20250530102833,39,4,50,110,A05,A0502,A05020900,FD,FD05,FD050100
2837142,39,동광메밀짬뽕,제주특별자치도 서귀포시 신화역사로 581,,63524,,126.3497119467,33.3105401917,6,http://tong.visitkorea.or.kr/cms/resource/27/2837127_image2_1.jpg,http://tong.visitkorea.or.kr/cms/resource/27/2837127_image3_1.jpg,Type3,20220816154904,20250530103810,39,3,50,130,A05,A0502,A05020400,FD,FD02,FD020100
2837181,39,가시어멍김밥,제주특별자치도 제주시 월랑로 36,,63097,,126.4763302701,33.4888641378,6,http://tong.visitkorea.or.kr/cms/resource/75/2837175_image2_1.jpg,http://tong.visitkorea.or.kr/cms/resource/75/2837175_image3_1.jpg,Type3,20220816161254,20250530104902,39,4,50,110,A05,A0502,A05020100,FD,FD01,FD010100
2837222,12,코난해변,제주특별자치도 제주시 구좌읍 행원리,575-6,63358,,126.8111907275,33.5575720498,6,https://tong.visitkorea.or.kr/cms/resource/06/3408206_image2_1.png,https://tong.visitkorea.or.kr/cms/resource/06/3408206_image3_1.png,Type1,20220816163916,20260610083438,,,50,110,,,,NA,NA02,NA020900
2837242,39,리보스코화덕피자,제주특별자치도 제주시 수목원길 27 (연동),,63141,,126.4878685946,33.4694748009,6,http://tong.visitkorea.or.kr/cms/resource/32/2837232_image2_1.jpg,http://tong.visitkorea.or.kr/cms/resource/32/2837232_image3_1.jpg,Type3,20220816165130,20250530110809,39,4,50,110,A05,A0502,A05020200,FD,FD02,FD020300
2837996,39,말고기연구소,제주특별자치도 제주시 북성로 43 (삼도이동),,63166,,126.5201452985,33.5155924319,6,http://tong.visitkorea.or.kr/cms/resource/88/2837988_image2_1.jpg,http://tong.visitkorea.or.kr/cms/resource/88/2837988_image3_1.jpg,Type3,20220817145021,20250530112258,39,4,50,110,A05,A0502,A05020100,FD,FD01,FD010100
2838059,39,미엘드세화,제주특별자치도 제주시 구좌읍 해맞이해안로 1464,,63361,,126.8618543076,33.5245497062,6,http://tong.visitkorea.or.kr/cms/resource/52/2838052_image2_1.JPG,http://tong.visitkorea.or.kr/cms/resource/52/2838052_image3_1.JPG,Type3,20220817151205,20250530130409,39,4,50,110,A05,A0502,A05020900,FD,FD05,FD050100
2838079,39,비마이게스트,제주특별자치도 제주시 한림읍 한림로 406,,63011,,126.2454968306,33.3979927727,6,http://tong.visitkorea.or.kr/cms/resource/69/2838069_image2_1.jpg,http://tong.visitkorea.or.kr/cms/resource/69/2838069_image3_1.jpg,Type3,20220817151834,20250530131501,39,4,50,110,A05,A0502,A05020900,FD,FD05,FD050100
2838100,39,스시애월,제주특별자치도 제주시 애월읍 장전로 57,,63055,,126.3842807673,33.4522250681,6,http://tong.visitkorea.or.kr/cms/resource/86/2838086_image2_1.jpg,http://tong.visitkorea.or.kr/cms/resource/86/2838086_image3_1.jpg,Type3,20220817152536,20250530132319,39,4,50,110,A05,A0502,A05020300,FD,FD02,FD020200
2839718,39,나비정원,제주특별자치도 서귀포시 대정읍 신영로 60-7,,63506,,126.2492726682,33.2204763428,6,http://tong.visitkorea.or.kr/cms/resource/16/2839716_image2_1.jpg,http://tong.visitkorea.or.kr/cms/resource/16/2839716_image3_1.jpg,Type3,20220819130459,20250530152023,39,3,50,130,A05,A0502,A05020900,FD,FD05,FD050100
2839730,39,서귀피안 보래드 베이커스,제주특별자치도 서귀포시 보목로64번길 178 (보목동),,63599,,126.5905508715,33.2444429618,6,http://tong.visitkorea.or.kr/cms/resource/22/2839722_image2_1.jpg,http://tong.visitkorea.or.kr/cms/resource/22/2839722_image3_1.jpg,Type3,20220819131129,20250530154409,39,3,50,130,A05,A0502,A05020900,FD,FD05,FD050100
2839742,39,성산흑돼지두루치기 성산일출봉점,제주특별자치도 서귀포시 성산읍 한도로 255,,63643,,126.9348243278,33.4662128917,6,http://tong.visitkorea.or.kr/cms/resource/36/2839736_image2_1.jpg,http://tong.visitkorea.or.kr/cms/resource/36/2839736_image3_1.jpg,Type3,20220819131647,20250602130542,39,3,50,130,A05,A0502,A05020100,FD,FD01,FD010100
2839759,39,니모메,제주특별자치도 제주시 일주서로 7335-8,,63068,,126.4309535489,33.4937545425,6,,,,20220819132305,20250320113918,39,4,50,110,A05,A0502,A05020900,FD,FD05,FD050100
2839771,39,롱로드,제주특별자치도 제주시 한림읍 귀덕3길 44,,63024,,126.2792179220,33.4416106964,6,http://tong.visitkorea.or.kr/cms/resource/62/2839762_image2_1.jpg,http://tong.visitkorea.or.kr/cms/resource/62/2839762_image3_1.jpg,Type3,20220819132929,20250602165446,39,4,50,110,A05,A0502,A05020200,FD,FD02,FD020300
2839783,39,서서방숯불닭갈비 제주본점,제주특별자치도 제주시 신광로 61,1층,63123,,126.4901152327,33.4866479357,6,http://tong.visitkorea.or.kr/cms/resource/79/2839779_image2_1.jpg,http://tong.visitkorea.or.kr/cms/resource/79/2839779_image3_1.jpg,Type3,20220819133621,20250206142434,39,4,50,110,A05,A0502,A05020100,FD,FD01,FD010100
2839794,39,임성반점,제주특별자치도 제주시 용화로 57-1 (용담이동),,63156,,126.5097630060,33.5095179388,6,http://tong.visitkorea.or.kr/cms/resource/91/2839791_image2_1.jpg,http://tong.visitkorea.or.kr/cms/resource/91/2839791_image3_1.jpg,Type3,20220819134437,20250602170332,39,4,50,110,A05,A0502,A05020400,FD,FD02,FD020100
2839903,39,피즈 버거 노형점,제주특별자치도 제주시 노형10길 6 (노형동),,63083,,126.4776191647,33.4836508470,6,http://tong.visitkorea.or.kr/cms/resource/96/2839896_image2_1.jpg,http://tong.visitkorea.or.kr/cms/resource/96/2839896_image3_1.jpg,Type3,20220819143333,20250602171708,39,4,50,110,A05,A0502,A05020200,FD,FD03,FD030200
2839916,39,한데모아 정실점,제주특별자치도 제주시 아연로 182 (오라이동),,63147,,126.5092139488,33.4700472992,6,http://tong.visitkorea.or.kr/cms/resource/15/2839915_image2_1.jpg,http://tong.visitkorea.or.kr/cms/resource/15/2839915_image3_1.jpg,Type3,20220819144154,20250602173714,39,4,50,110,A05,A0502,A05020100,FD,FD01,FD010100
2839938,39,한라향,"제주특별자치도 제주시 도남로 104 (도남동, 백록아파트)",,63219,,126.5279562849,33.4911897022,6,http://tong.visitkorea.or.kr/cms/resource/26/2839926_image2_1.jpg,http://tong.visitkorea.or.kr/cms/resource/26/2839926_image3_1.jpg,Type3,20220819145242,20250602175128,39,4,50,110,A05,A0502,A05020100,FD,FD01,FD010100
2840469,39,미친부엌,제주특별자치도 제주시 탑동로 15 (삼도이동),,63166,,126.5231672257,33.5170284317,6,http://tong.visitkorea.or.kr/cms/resource/54/2840454_image2_1.jpg,http://tong.visitkorea.or.kr/cms/resource/54/2840454_image3_1.jpg,Type3,20220822132350,20250604112443,39,4,50,110,A05,A0502,A05020300,FD,FD02,FD020200
2840487,39,섭섭이네,제주특별자치도 제주시 구좌읍 중산간동로 2261,,63355,,126.7843928004,33.4715876451,6,http://tong.visitkorea.or.kr/cms/resource/73/2840473_image2_1.jpg,http://tong.visitkorea.or.kr/cms/resource/73/2840473_image3_1.jpg,Type3,20220822133037,20250604113633,39,4,50,110,A05,A0502,A05020200,FD,FD02,FD020300
2840505,39,순아커피,제주특별자치도 제주시 관덕로 32-1 (삼도이동),,63168,,126.5227367964,33.5131038591,6,http://tong.visitkorea.or.kr/cms/resource/92/2840492_image2_1.jpg,http://tong.visitkorea.or.kr/cms/resource/92/2840492_image3_1.jpg,Type3,20220822133631,20250604170102,39,4,50,110,A05,A0502,A05020900,FD,FD05,FD050100
2840638,39,오짜장,제주특별자치도 제주시 조공포길 36 (외도일동),,63070,,126.4341228251,33.4890245608,6,http://tong.visitkorea.or.kr/cms/resource/27/2840627_image2_1.jpg,http://tong.visitkorea.or.kr/cms/resource/27/2840627_image3_1.jpg,Type3,20220822150336,20250604171212,39,4,50,110,A05,A0502,A05020400,FD,FD02,FD020100
2840668,39,자연몸국,제주특별자치도 제주시 중앙로 63-11,,63192,,126.5250699577,33.5117679337,6,http://tong.visitkorea.or.kr/cms/resource/59/2840659_image2_1.jpg,http://tong.visitkorea.or.kr/cms/resource/59/2840659_image3_1.jpg,Type3,20220822151612,20251023143000,39,4,50,110,A05,A0502,A05020100,FD,FD01,FD010100
2840695,39,카페477플러스,제주특별자치도 제주시 구좌읍 세평항로 46-9,,63361,,126.8560464211,33.5270215609,6,http://tong.visitkorea.or.kr/cms/resource/83/2840683_image2_1.jpg,http://tong.visitkorea.or.kr/cms/resource/83/2840683_image3_1.jpg,Type3,20220822152528,20250604172244,39,4,50,110,A05,A0502,A05020900,FD,FD05,FD050100
2840856,39,두모리이수사,제주특별자치도 제주시 한경면 두신로 112,,63002,,126.1848670034,33.3526162874,6,http://tong.visitkorea.or.kr/cms/resource/45/2840845_image2_1.jpg,http://tong.visitkorea.or.kr/cms/resource/45/2840845_image3_1.jpg,Type3,20220822162106,20250626150203,39,4,50,110,A05,A0502,A05020300,FD,FD02,FD020200
2840885,39,이어도식당,제주특별자치도 서귀포시 성읍정의현로22번길 14,,63624,,126.8023710152,33.3844031223,6,http://tong.visitkorea.or.kr/cms/resource/81/2840881_image2_1.jpg,http://tong.visitkorea.or.kr/cms/resource/81/2840881_image3_1.jpg,Type3,20220822162632,20250604175543,39,3,50,130,A05,A0502,A05020100,FD,FD01,FD010100
2840903,39,양가네 신화월드 본점,제주특별자치도 서귀포시 안덕면 동광로 112,,63523,,126.3389629754,33.3062571628,6,http://tong.visitkorea.or.kr/cms/resource/00/2840900_image2_1.jpg,http://tong.visitkorea.or.kr/cms/resource/00/2840900_image3_1.jpg,Type3,20220822163231,20250605092108,39,3,50,130,A05,A0502,A05020100,FD,FD01,FD010100
2840920,39,아리랑밀면,제주특별자치도 서귀포시 서홍로 29 (서홍동),,63570,,126.5532067468,33.2505805813,6,http://tong.visitkorea.or.kr/cms/resource/16/2840916_image2_1.jpg,http://tong.visitkorea.or.kr/cms/resource/16/2840916_image3_1.jpg,Type3,20220822163809,20250605092940,39,3,50,130,A05,A0502,A05020100,FD,FD01,FD010100
2841345,39,착한튀김,제주특별자치도 제주시 진남로6길 20,,63289,,126.5658634352,33.5204953959,6,http://tong.visitkorea.or.kr/cms/resource/32/2841332_image2_1.jpg,http://tong.visitkorea.or.kr/cms/resource/32/2841332_image3_1.jpg,Type3,20220823103208,20251023143000,39,4,50,110,A05,A0502,A05020100,FD,FD03,FD030400
2841372,39,청도,제주특별자치도 제주시 서해안로 546 (용담삼동),,63114,,126.4969999896,33.5199610235,6,http://tong.visitkorea.or.kr/cms/resource/57/2841357_image2_1.jpg,http://tong.visitkorea.or.kr/cms/resource/57/2841357_image3_1.jpg,Type3,20220823103745,20250605104714,39,4,50,110,A05,A0502,A05020100,FD,FD01,FD010100
2843749,39,글라글라하와이,제주특별자치도 서귀포시 대정읍 하모항구로 70,,63506,,126.2513363972,33.2196098046,6,http://tong.visitkorea.or.kr/cms/resource/39/2843739_image2_1.png,http://tong.visitkorea.or.kr/cms/resource/39/2843739_image3_1.png,Type3,20220824162933,20250605144228,39,3,50,130,A05,A0502,A05020200,FD,FD02,FD020300
2843766,39,김선장회센타,제주특별자치도 서귀포시 최남단해안로 37 명품한우전문,1층,63513,,126.252511482323,33.2171777070881,6,https://tong.visitkorea.or.kr/cms/resource/62/2843762_image2_1.jpg,https://tong.visitkorea.or.kr/cms/resource/62/2843762_image3_1.jpg,Type3,20220824163426,20260122163000,,,50,130,,,,FD,FD01,FD010100
2843803,39,다정이네 올레시장 본점,제주특별자치도 서귀포시 동문로 59-1,,63590,,126.5668250373,33.2494253692,6,http://tong.visitkorea.or.kr/cms/resource/97/2843797_image2_1.jpg,http://tong.visitkorea.or.kr/cms/resource/97/2843797_image3_1.jpg,Type3,20220824164858,20251023143000,39,3,50,130,A05,A0502,A05020100,FD,FD03,FD030400
2843815,39,동선제면가,제주특별자치도 서귀포시 남원읍 태위로 3,,63611,,126.6484646784,33.2719991764,6,http://tong.visitkorea.or.kr/cms/resource/06/2843806_image2_1.jpg,http://tong.visitkorea.or.kr/cms/resource/06/2843806_image3_1.jpg,Type3,20220824165507,20250605170408,39,3,50,130,A05,A0502,A05020100,FD,FD01,FD010100
2843867,39,문치비,제주특별자치도 서귀포시 신서로32번길 14 (강정동),,63566,,126.5060330058,33.2528934686,6,http://tong.visitkorea.or.kr/cms/resource/59/2843859_image2_1.jpg,http://tong.visitkorea.or.kr/cms/resource/59/2843859_image3_1.jpg,Type3,20220824171058,20250605171451,39,3,50,130,A05,A0502,A05020100,FD,FD01,FD010100
2843885,39,바다다,제주특별자치도 서귀포시 대포로 148-15,,63544,,126.4366310264,33.2378551429,6,http://tong.visitkorea.or.kr/cms/resource/80/2843880_image2_1.jpg,http://tong.visitkorea.or.kr/cms/resource/80/2843880_image3_1.jpg,Type3,20220824172209,20251023143000,39,3,50,130,A05,A0502,A05020900,FD,FD05,FD050100
2843921,39,스모크하우스인구억,제주특별자치도 서귀포시 대정읍 보성구억로 223,,63518,,126.2783968021,33.2708184610,6,http://tong.visitkorea.or.kr/cms/resource/07/2843907_image2_1.jpg,http://tong.visitkorea.or.kr/cms/resource/07/2843907_image3_1.jpg,Type3,20220825093808,20250605172954,39,3,50,130,A05,A0502,A05020200,FD,FD03,FD030200
2843943,39,와토커피,제주특별자치도 서귀포시 동일하모로 238,,63508,,126.2565469257,33.2254897918,6,http://tong.visitkorea.or.kr/cms/resource/30/2843930_image2_1.jpg,http://tong.visitkorea.or.kr/cms/resource/30/2843930_image3_1.jpg,Type3,20220825094712,20251023143000,39,3,50,130,A05,A0502,A05020900,FD,FD05,FD050100
2843955,39,중문갈치조림 이조은식당,제주특별자치도 서귀포시 천제연로 97 (색달동),,63534,,126.4161324192,33.2551056935,6,http://tong.visitkorea.or.kr/cms/resource/45/2843945_image2_1.jpg,http://tong.visitkorea.or.kr/cms/resource/45/2843945_image3_1.jpg,Type3,20220825095512,20250605174836,39,3,50,130,A05,A0502,A05020100,FD,FD01,FD010100
2843968,39,자리돔횟집,제주특별자치도 서귀포시 동홍동로 7 (동홍동),,63587,,126.5747658776,33.2555609294,6,http://tong.visitkorea.or.kr/cms/resource/61/2843961_image2_1.jpg,http://tong.visitkorea.or.kr/cms/resource/61/2843961_image3_1.jpg,Type3,20220825100038,20250609105650,39,3,50,130,A05,A0502,A05020100,FD,FD01,FD010100
2843982,39,제주고로,제주특별자치도 서귀포시 대정읍 서삼중로 94,,63501,,126.2024645004,33.2711838996,6,http://tong.visitkorea.or.kr/cms/resource/72/2843972_image2_1.jpg,http://tong.visitkorea.or.kr/cms/resource/72/2843972_image3_1.jpg,Type3,20220825100620,20250609111642,39,3,50,130,A05,A0502,A05020300,FD,FD02,FD020200
2843997,39,짱구분식,제주특별자치도 서귀포시 중동로48번길 3,,63590,,126.5671583243,33.2502030663,6,http://tong.visitkorea.or.kr/cms/resource/95/2843995_image2_1.jpg,http://tong.visitkorea.or.kr/cms/resource/95/2843995_image3_1.jpg,Type3,20220825101428,20251023143000,39,3,50,130,A05,A0502,A05020100,FD,FD03,FD030400
2844014,39,천돈가 중문본점,제주특별자치도 서귀포시 일주서로 873 (색달동),,63534,,126.4174405726,33.2580803858,6,http://tong.visitkorea.or.kr/cms/resource/12/2844012_image2_1.jpg,http://tong.visitkorea.or.kr/cms/resource/12/2844012_image3_1.jpg,Type3,20220825102037,20250609113058,39,3,50,130,A05,A0502,A05020100,FD,FD01,FD010100
2844044,39,카페텐저린,제주특별자치도 서귀포시 이어도로 880,,63573,,126.5087220331,33.2363120071,6,http://tong.visitkorea.or.kr/cms/resource/41/2844041_image2_1.jpg,http://tong.visitkorea.or.kr/cms/resource/41/2844041_image3_1.jpg,Type3,20220825104401,20250120135901,39,3,50,130,A05,A0502,A05020900,FD,FD05,FD050100
2844078,39,함쉐프키친,제주특별자치도 서귀포시 이어도로 217-4 (대포동),,63543,,126.4436553232,33.2420825647,6,http://tong.visitkorea.or.kr/cms/resource/70/2844070_image2_1.jpg,http://tong.visitkorea.or.kr/cms/resource/70/2844070_image3_1.jpg,Type3,20220825110802,20251023143000,39,3,50,130,A05,A0502,A05020400,FD,FD02,FD020100
2844094,39,화고 흑돼지 신시가지점,제주특별자치도 서귀포시 신서로32번길 20 (강정동),,63566,,126.5061996473,33.2533795283,6,http://tong.visitkorea.or.kr/cms/resource/83/2844083_image2_1.jpg,http://tong.visitkorea.or.kr/cms/resource/83/2844083_image3_1.jpg,Type3,20220825111839,20250609131104,39,3,50,130,A05,A0502,A05020100,FD,FD01,FD010100
2845281,39,덴드리,제주특별자치도 서귀포시 성산읍 삼달로 28-1,,63635,,126.8659214086,33.3694419084,6,http://tong.visitkorea.or.kr/cms/resource/71/2845271_image2_1.jpg,http://tong.visitkorea.or.kr/cms/resource/71/2845271_image3_1.jpg,Type3,20220829163049,20250609143947,39,3,50,130,A05,A0502,A05020900,FD,FD05,FD050100
2845288,39,모노클제주,제주특별자치도 서귀포시 남원읍 태위로360번길 30-8,,63610,,126.6845504210,33.2729274271,6,http://tong.visitkorea.or.kr/cms/resource/84/2845284_image2_1.jpg,http://tong.visitkorea.or.kr/cms/resource/84/2845284_image3_1.jpg,Type3,20220829163651,20250609145337,39,3,50,130,A05,A0502,A05020900,FD,FD05,FD050100
2845297,39,목화휴게소,제주특별자치도 서귀포시 성산읍 해맞이해안로 2526,,63638,,126.9016935056,33.4818106314,6,http://tong.visitkorea.or.kr/cms/resource/93/2845293_image2_1.jpg,http://tong.visitkorea.or.kr/cms/resource/93/2845293_image3_1.jpg,Type3,20220829164146,20250609152727,39,3,50,130,A05,A0502,A05020100,FD,FD01,FD010100
2845335,39,쉬어갓,제주특별자치도 서귀포시 성산읍 일주동로 5023,,63634,,126.8822834985,33.3861208867,6,http://tong.visitkorea.or.kr/cms/resource/33/2845333_image2_1.jpg,http://tong.visitkorea.or.kr/cms/resource/33/2845333_image3_1.jpg,Type3,20220829170631,20250609162005,39,3,50,130,A05,A0502,A05020900,FD,FD05,FD050100
2845353,39,오른,제주특별자치도 서귀포시 성산읍 해맞이해안로 2714,,63639,,126.9157675160,33.4718314066,6,http://tong.visitkorea.or.kr/cms/resource/51/2845351_image2_1.jpg,http://tong.visitkorea.or.kr/cms/resource/51/2845351_image3_1.jpg,Type3,20220829171757,20250609163206,39,3,50,130,A05,A0502,A05020900,FD,FD05,FD050100
2845370,39,페를로,제주특별자치도 서귀포시 안덕면 덕수회관로74번길 33,,63527,,126.3063224681,33.2567176785,6,http://tong.visitkorea.or.kr/cms/resource/61/2845361_image2_1.jpg,http://tong.visitkorea.or.kr/cms/resource/61/2845361_image3_1.jpg,Type3,20220829172305,20250609164819,39,3,50,130,A05,A0502,A05020200,FD,FD02,FD020300
2845383,39,한라산아래첫마을 영농조합법인,제주특별자치도 서귀포시 안덕면 산록남로 675,,63524,,126.3796367363,33.3279942898,6,http://tong.visitkorea.or.kr/cms/resource/76/2845376_image2_1.jpg,http://tong.visitkorea.or.kr/cms/resource/76/2845376_image3_1.jpg,Type3,20220829172822,20250609170016,39,3,50,130,A05,A0502,A05020100,FD,FD01,FD010100
2847188,32,호텔 휴식 서귀포,제주특별자치도 서귀포시 중앙로71번길 17 (서귀동),,63592,,126.55952317709149,33.25038393756889,6,,,,20220831104945,20260318101005,,,50,130,,,,AC,AC01,AC010100
2847272,32,제주 항공우주 호텔,제주특별자치도 서귀포시 안덕면 녹차분재로 216,,63521,,126.2945825500,33.3023914693,6,,,,20220831102553,20260615101121,,,50,130,,,,AC,AC01,AC010100
2847506,38,이후북스 제주점,제주특별자치도 제주시 관덕로4길 3,,63168,,126.5212480480,33.5126316662,6,http://tong.visitkorea.or.kr/cms/resource/82/3583282_image2_1.jpg,http://tong.visitkorea.or.kr/cms/resource/82/3583282_image3_1.jpg,Type3,20220901112738,20251212162933,39,4,50,110,A04,A0401,A04010600,SH,SH05,SH050200
2847672,39,장인의집,제주특별자치도 제주시 애월읍 애월로19길 31,,63043,,126.3268465691,33.4657726604,6,http://tong.visitkorea.or.kr/cms/resource/66/2847666_image2_1.JPG,http://tong.visitkorea.or.kr/cms/resource/66/2847666_image3_1.JPG,Type3,20220901165717,20250609171252,39,4,50,110,A05,A0502,A05020100,FD,FD03,FD030400
2847703,12,샤이니숲길,제주특별자치도 제주시 조천읍 교래리,719-10,63346,,126.6617076193,33.4272792375,6,https://tong.visitkorea.or.kr/cms/resource/33/4073033_image2_1.jpg,https://tong.visitkorea.or.kr/cms/resource/33/4073033_image3_1.jpg,Type1,20220901170549,20260610110249,,,50,110,,,,NA,NA01,NA010200
2847715,39,풀베개,제주특별자치도 서귀포시 안덕면 화순서서로 492-4,,63521,,126.3032220973,33.2855116710,6,,,,20220901171004,20250609172707,39,3,50,130,A05,A0502,A05020900,FD,FD05,FD050100
2847726,12,상가리야자숲,제주특별자치도 제주시 고하상로 326,,63036,,126.3584888528,33.4394649613,6,http://tong.visitkorea.or.kr/cms/resource/12/2847712_image2_1.JPG,http://tong.visitkorea.or.kr/cms/resource/12/2847712_image3_1.JPG,Type3,20220901171153,20251105154557,39,4,50,110,A01,A0101,A01010400,NA,NA01,NA010200
2847737,39,제주선채향,제주특별자치도 서귀포시 사계남로84번길 6,,63528,,126.2989876672,33.2263570271,6,http://tong.visitkorea.or.kr/cms/resource/28/2847728_image2_1.jpg,http://tong.visitkorea.or.kr/cms/resource/28/2847728_image3_1.jpg,Type3,20220901171446,20251023143000,39,3,50,130,A05,A0502,A05020100,FD,FD01,FD010100
2847753,39,제주그림카페,제주특별자치도 서귀포시 안덕면 녹차분재로 218,제주항공우주박물관 4층,63521,,126.2978138414,33.3031485262,6,http://tong.visitkorea.or.kr/cms/resource/46/2847746_image2_1.jpg,http://tong.visitkorea.or.kr/cms/resource/46/2847746_image3_1.jpg,Type3,20220901171838,20251023143000,39,3,50,130,A05,A0502,A05020900,FD,FD05,FD050100
2847791,39,사계의시간,제주특별자치도 서귀포시 사계남로 214,,63528,,126.3089977789,33.2322454224,6,http://tong.visitkorea.or.kr/cms/resource/76/2847776_image2_1.jpg,http://tong.visitkorea.or.kr/cms/resource/76/2847776_image3_1.jpg,Type3,20220901172704,20251023143000,39,3,50,130,A05,A0502,A05020300,FD,FD02,FD020200
2847804,39,돗통 제주산방산본점,제주특별자치도 서귀포시 안덕면 사계북로41번길 189,,63528,,126.2978122567,33.2494544578,6,http://tong.visitkorea.or.kr/cms/resource/02/2847802_image2_1.jpg,http://tong.visitkorea.or.kr/cms/resource/02/2847802_image3_1.jpg,Type3,20220901173121,20250610101309,39,3,50,130,A05,A0502,A05020100,FD,FD01,FD010100
2847812,39,그라나다,제주특별자치도 제주시 도공로 86-1,,63108,,126.4640755386,33.4994960994,6,http://tong.visitkorea.or.kr/cms/resource/11/2847811_image2_1.JPG,http://tong.visitkorea.or.kr/cms/resource/11/2847811_image3_1.JPG,Type3,20220902093314,20251023143000,39,4,50,110,A05,A0502,A05020900,FD,FD05,FD050100
2847823,39,달팽이식당,제주특별자치도 서귀포시 안덕면 일주서로 1322-1,,63532,,126.3719637973,33.2655038505,6,http://tong.visitkorea.or.kr/cms/resource/17/2847817_image2_1.jpg,http://tong.visitkorea.or.kr/cms/resource/17/2847817_image3_1.jpg,Type3,20220902093653,20250115151235,39,3,50,130,A05,A0502,A05020100,FD,FD01,FD010100
2847829,39,호랑호랑 성산카페,제주특별자치도 서귀포시 일출로 86,,63641,,126.9215564052,33.4500589058,6,http://tong.visitkorea.or.kr/cms/resource/20/2847820_image2_1.JPG,http://tong.visitkorea.or.kr/cms/resource/20/2847820_image3_1.JPG,Type3,20220902093829,20250116144759,39,3,50,130,A05,A0502,A05020900,FD,FD05,FD050100
2847852,39,옛날팥죽,제주특별자치도 서귀포시 성읍민속로 130,,63624,,126.7989489935,33.3885998263,6,http://tong.visitkorea.or.kr/cms/resource/43/2847843_image2_1.JPG,http://tong.visitkorea.or.kr/cms/resource/43/2847843_image3_1.JPG,Type3,20220902094423,20250115154109,39,3,50,130,A05,A0502,A05020100,FD,FD01,FD010100
2847876,39,블루마운틴4255,제주특별자치도 서귀포시 중산간동로 4255,,63635,,126.8371930884,33.3804763385,6,http://tong.visitkorea.or.kr/cms/resource/60/2847860_image2_1.JPG,http://tong.visitkorea.or.kr/cms/resource/60/2847860_image3_1.JPG,Type3,20220902095120,20251023143000,39,3,50,130,A05,A0502,A05020900,FD,FD05,FD050100
2847894,39,부촌,제주특별자치도 서귀포시 동류암로 33,,63640,,126.9169512735,33.4489783952,6,http://tong.visitkorea.or.kr/cms/resource/88/2847888_image2_1.JPG,http://tong.visitkorea.or.kr/cms/resource/88/2847888_image3_1.JPG,Type3,20220902095638,20250113152647,39,3,50,130,A05,A0502,A05020100,FD,FD01,FD010100
2847916,39,제주고사리맛집 복돼지식당,제주특별자치도 서귀포시 표선면 서성일로 63,,63624,,126.8025679194,33.3975711157,6,http://tong.visitkorea.or.kr/cms/resource/04/2847904_image2_1.JPG,http://tong.visitkorea.or.kr/cms/resource/04/2847904_image3_1.JPG,Type3,20220902100234,20250610104506,39,3,50,130,A05,A0502,A05020100,FD,FD01,FD010100
2848391,38,클래식문구사,제주특별자치도 제주시 관덕로4길 1-2,,63168,,126.5213492701,33.5126226020,6,https://tong.visitkorea.or.kr/cms/resource/23/4073323_image2_1.jpg,https://tong.visitkorea.or.kr/cms/resource/23/4073323_image3_1.jpg,Type1,20220902131151,20260610155309,,,50,110,,,,SH,SH05,SH050200
2849980,39,판포미인,제주특별자치도 제주시 판포1길 11,,63003,,126.1982461153,33.3652123260,6,http://tong.visitkorea.or.kr/cms/resource/79/2849979_image2_1.JPG,http://tong.visitkorea.or.kr/cms/resource/79/2849979_image3_1.JPG,Type3,20220906142444,20250117131307,39,4,50,110,A05,A0502,A05020100,FD,FD01,FD010100
2849994,39,제주몹시,제주특별자치도 제주시 월대1길 10 (외도이동),,63068,,126.4335894126,33.4945794928,6,http://tong.visitkorea.or.kr/cms/resource/88/2849988_image2_1.jpg,http://tong.visitkorea.or.kr/cms/resource/88/2849988_image3_1.jpg,Type3,20220906142928,20250610114006,39,4,50,110,A05,A0502,A05020900,FD,FD05,FD050100
2850014,39,선흘방주할머니식당,제주특별자치도 제주시 조천읍 선교로 212,,63341,,126.7003970128,33.4846070775,6,http://tong.visitkorea.or.kr/cms/resource/01/2850001_image2_1.JPG,http://tong.visitkorea.or.kr/cms/resource/01/2850001_image3_1.JPG,Type3,20220906143349,20250610154119,39,4,50,110,A05,A0502,A05020100,FD,FD01,FD010100
2850039,39,해물통라면 문개항아리 애월해안도로점,제주특별자치도 제주시 가문동길 38,,63050,,126.3924515219,33.4858131444,6,http://tong.visitkorea.or.kr/cms/resource/34/2850034_image2_1.jpeg,http://tong.visitkorea.or.kr/cms/resource/34/2850034_image3_1.jpeg,Type3,20220906144220,20250110153429,39,4,50,110,A05,A0502,A05020100,FD,FD01,FD010100
2850048,39,도두반점 제주사수점,제주특별자치도 제주시 서해안로 317,2층,63112,,126.4791906626,33.5095952211,6,http://tong.visitkorea.or.kr/cms/resource/44/2850044_image2_1.JPG,http://tong.visitkorea.or.kr/cms/resource/44/2850044_image3_1.JPG,Type3,20220906144633,20250109165802,39,4,50,110,A05,A0502,A05020400,FD,FD02,FD020100
2850078,39,원조남원포구식당,제주특별자치도 서귀포시 남원읍 남원회관로 53,,63621,,126.7188195525,33.2783662631,6,http://tong.visitkorea.or.kr/cms/resource/72/2850072_image2_1.JPG,http://tong.visitkorea.or.kr/cms/resource/72/2850072_image3_1.JPG,Type3,20220906145559,20250610154917,39,3,50,130,A05,A0502,A05020100,FD,FD01,FD010100
2850090,39,쇠소깍 복순이네,제주특별자치도 서귀포시 쇠소깍로 156 (하효동),,63600,,126.6210730819,33.2509121773,6,http://tong.visitkorea.or.kr/cms/resource/88/2850088_image2_1.jpg,http://tong.visitkorea.or.kr/cms/resource/88/2850088_image3_1.jpg,Type3,20220906150031,20250610155748,39,3,50,130,A05,A0502,A05020100,FD,FD01,FD010100
2850113,39,베케,제주특별자치도 서귀포시 효돈로 54 (신효동),,63605,,126.6049853373,33.2619829233,6,http://tong.visitkorea.or.kr/cms/resource/99/2850099_image2_1.JPG,http://tong.visitkorea.or.kr/cms/resource/99/2850099_image3_1.JPG,Type3,20220906150426,20250418132028,39,3,50,130,A05,A0502,A05020900,FD,FD05,FD050100
2850127,39,더리트리브,제주특별자치도 서귀포시 안덕면 화순로 67,,63530,,126.3385643087,33.2479552633,6,http://tong.visitkorea.or.kr/cms/resource/17/2850117_image2_1.jpg,http://tong.visitkorea.or.kr/cms/resource/17/2850117_image3_1.jpg,Type3,20220906151019,20250610160502,39,3,50,130,A05,A0502,A05020900,FD,FD05,FD050100
2850913,39,가는곶 세화,제주특별자치도 제주시 구좌읍 세화14길 3,,63361,,126.8606961680,33.5205279098,6,http://tong.visitkorea.or.kr/cms/resource/05/2850905_image2_1.jpg,http://tong.visitkorea.or.kr/cms/resource/05/2850905_image3_1.jpg,Type3,20220907142127,20250610161806,39,4,50,110,A05,A0502,A05020900,FD,FD05,FD050100
2850960,39,중문 모메든식당,제주특별자치도 서귀포시 일주서로 508,,63541,,126.4545402345,33.2535175856,6,http://tong.visitkorea.or.kr/cms/resource/47/2850947_image2_1.jpg,http://tong.visitkorea.or.kr/cms/resource/47/2850947_image3_1.jpg,Type3,20220907143230,20250113094436,39,3,50,130,A05,A0502,A05020100,FD,FD01,FD010100
2851007,39,바램목장&카페,제주특별자치도 서귀포시 신화역사로 611,,63524,,126.3525866828,33.3111818331,6,http://tong.visitkorea.or.kr/cms/resource/89/2850989_image2_1.jpg,http://tong.visitkorea.or.kr/cms/resource/89/2850989_image3_1.jpg,Type3,20220907143852,20250116113003,39,3,50,130,A05,A0502,A05020900,FD,FD05,FD050100
2851090,39,볼스카페,제주특별자치도 서귀포시 일주서로 626 (회수동),,63540,,126.4424940592,33.2534285165,6,http://tong.visitkorea.or.kr/cms/resource/57/2851057_image2_1.jpg,http://tong.visitkorea.or.kr/cms/resource/57/2851057_image3_1.jpg,Type3,20220907144825,20250610163350,39,3,50,130,A05,A0502,A05020900,FD,FD05,FD050100
2851125,39,아줄레주,제주특별자치도 서귀포시 신풍하동로19번길 59,,63636,,126.8388016012,33.3665251268,6,http://tong.visitkorea.or.kr/cms/resource/99/2851099_image2_1.jpg,http://tong.visitkorea.or.kr/cms/resource/99/2851099_image3_1.jpg,Type3,20220907145749,20250120170935,39,3,50,130,A05,A0502,A05020900,FD,FD05,FD050100
2851126,39,산지해장국,제주특별자치도 제주시 임항로 34,,63277,,126.5285223303,33.5163924761,6,http://tong.visitkorea.or.kr/cms/resource/74/2851074_image2_1.jpg,http://tong.visitkorea.or.kr/cms/resource/74/2851074_image3_1.jpg,Type3,20220907145759,20251023143000,39,4,50,110,A05,A0502,A05020100,FD,FD01,FD010100
2851146,39,자연스러운식당,제주특별자치도 서귀포시 태평로92번길 8,,63571,,126.5328058954,33.2435310361,6,http://tong.visitkorea.or.kr/cms/resource/22/2851122_image2_1.jpg,http://tong.visitkorea.or.kr/cms/resource/22/2851122_image3_1.jpg,Type3,20220907150114,20250116151758,39,3,50,130,A05,A0502,A05020200,FD,FD02,FD020300
2851196,39,친봉산장,제주특별자치도 서귀포시 하신상로 417,,63602,,126.5961909984,33.2911545642,6,http://tong.visitkorea.or.kr/cms/resource/65/2851165_image2_1.jpg,http://tong.visitkorea.or.kr/cms/resource/65/2851165_image3_1.jpg,Type3,20220907150736,20250114173632,39,3,50,130,A05,A0502,A05020900,FD,FD05,FD050100
2851274,39,유디에이(UDA),제주특별자치도 서귀포시 속골로 13-7 (호근동),,63571,,126.5285396544,33.2410562417,6,http://tong.visitkorea.or.kr/cms/resource/62/2851262_image2_1.jpg,http://tong.visitkorea.or.kr/cms/resource/62/2851262_image3_1.jpg,Type3,20220907152455,20250610164735,39,3,50,130,A05,A0502,A05020900,FD,FD05,FD050100
2851320,12,짱구네유채꽃밭,제주특별자치도 서귀포시 성산읍 한도로 90,,63639,,126.9174549932,33.4684567560,6,,,,20220907153515,20260610083438,,,50,130,,,,NA,NA05,NA050100
2851375,39,아리,제주특별자치도 서귀포시 홍중로 99 (서홍동),,63584,,126.5554202004,33.2614377519,6,http://tong.visitkorea.or.kr/cms/resource/55/2851355_image2_1.jpg,http://tong.visitkorea.or.kr/cms/resource/55/2851355_image3_1.jpg,Type3,20220907154216,20250610170719,39,3,50,130,A05,A0502,A05020300,FD,FD02,FD020200
2851443,39,호자,제주특별자치도 제주시 세화8길 7,,63361,,126.8575797487,33.5215083065,6,http://tong.visitkorea.or.kr/cms/resource/94/2851394_image2_1.jpg,http://tong.visitkorea.or.kr/cms/resource/94/2851394_image3_1.jpg,Type3,20220907155040,20250121153501,39,4,50,110,A05,A0502,A05020300,FD,FD02,FD020200
2851487,39,톰톰카레,제주특별자치도 제주시 구좌읍 해맞이해안로 1112,,63360,,126.8375450072,33.5375034354,6,http://tong.visitkorea.or.kr/cms/resource/74/2851474_image2_1.jpg,http://tong.visitkorea.or.kr/cms/resource/74/2851474_image3_1.jpg,Type3,20220907160037,20250610171726,39,4,50,110,A05,A0502,A05020700,FD,FD02,FD020400
2851546,39,카페 글렌코,제주특별자치도 제주시 구좌읍 비자림로 1202,,63355,,126.7335,33.4335,6,,,,20220907161130,20260514082738,,,50,110,,,,FD,FD05,FD050100
2851565,39,쪼끌락,제주특별자치도 제주시 김녕로21길 21,,63357,,126.7553155654,33.5578415238,6,http://tong.visitkorea.or.kr/cms/resource/53/2851553_image2_1.jpg,http://tong.visitkorea.or.kr/cms/resource/53/2851553_image3_1.jpg,Type3,20220907161544,20250121095504,39,4,50,110,A05,A0502,A05020900,FD,FD05,FD050100
2851610,39,용꽈배기,제주특별자치도 제주시 수덕5길 85-7,,63103,,126.4716113971,33.4817204094,6,http://tong.visitkorea.or.kr/cms/resource/01/2851601_image2_1.jpg,http://tong.visitkorea.or.kr/cms/resource/01/2851601_image3_1.jpg,Type3,20220907162526,20250110170236,39,4,50,110,A05,A0502,A05020100,FD,FD03,FD030500
2851643,39,모뉴에트,제주특별자치도 제주시 종달동길 23,,63364,,126.9022876754,33.4914873493,6,http://tong.visitkorea.or.kr/cms/resource/32/2851632_image2_1.jpg,http://tong.visitkorea.or.kr/cms/resource/32/2851632_image3_1.jpg,Type3,20220907163000,20250114135840,39,4,50,110,A05,A0502,A05020900,FD,FD05,FD050100
2851674,39,마틸다,제주특별자치도 제주시 애월읍 고내1길 33,,63045,,126.3342820347,33.4657311153,6,http://tong.visitkorea.or.kr/cms/resource/49/2851649_image2_1.jpg,http://tong.visitkorea.or.kr/cms/resource/49/2851649_image3_1.jpg,Type3,20220907163426,20250610172551,39,4,50,110,A05,A0502,A05020900,FD,FD05,FD050100
2851686,39,김녕오라이,제주특별자치도 제주시 구좌읍 김녕로21길 21,,63357,,126.7553155654,33.5578415238,6,http://tong.visitkorea.or.kr/cms/resource/84/2851684_image2_1.jpg,http://tong.visitkorea.or.kr/cms/resource/84/2851684_image3_1.jpg,Type3,20220907163826,20250611092018,39,4,50,110,A05,A0502,A05020100,FD,FD01,FD010100
2851706,39,영주말가든,제주특별자치도 제주시 연북로 196,,63147,,126.502012897533,33.4812037296555,6,,,,20220907171535,20260227151612,,,50,110,,,,FD,FD01,FD010100
2851717,39,애월그때그집 제주도 본점,제주특별자치도 제주시 애월읍 애월로15길 24,,63043,,126.324086825756,33.4660001226054,6,,,,20220907172836,20260220170627,,,50,110,,,,FD,FD01,FD010100
2851862,39,곽지국시,제주특별자치도 제주시 일주서로 6027,,63034,,126.3078791556,33.4488492351,6,http://tong.visitkorea.or.kr/cms/resource/61/2851861_image2_1.jpg,http://tong.visitkorea.or.kr/cms/resource/61/2851861_image3_1.jpg,Type3,20220908125100,20251023143000,39,4,50,110,A05,A0502,A05020100,FD,FD01,FD010100
2851868,39,꽁순이네,제주특별자치도 제주시 애월읍 중산간서로 5642,,63036,,126.3387181818,33.4469499317,6,http://tong.visitkorea.or.kr/cms/resource/66/2851866_image2_1.jpg,http://tong.visitkorea.or.kr/cms/resource/66/2851866_image3_1.jpg,Type3,20220908125521,20250611093031,39,4,50,110,A05,A0502,A05020100,FD,FD01,FD010100
2851874,39,꿈낭밥집,제주특별자치도 제주시 애월읍 유수암평화5길 33-3,,63067,,126.4053267934,33.4240646279,6,http://tong.visitkorea.or.kr/cms/resource/73/2851873_image2_1.jpg,http://tong.visitkorea.or.kr/cms/resource/73/2851873_image3_1.jpg,Type3,20220908125938,20250611094232,39,4,50,110,A05,A0502,A05020100,FD,FD01,FD010100
2851880,39,애월 너와의 첫 여행 감귤창고카페,제주특별자치도 제주시 애월읍 장소로 16,,63055,,126.3845530010,33.4506585782,6,http://tong.visitkorea.or.kr/cms/resource/78/2851878_image2_1.jpg,http://tong.visitkorea.or.kr/cms/resource/78/2851878_image3_1.jpg,Type3,20220908130628,20250611095837,39,4,50,110,A05,A0502,A05020900,FD,FD05,FD050100
2851889,39,노라바,제주특별자치도 제주시 애월읍 구엄길 100,,63049,,126.3763307678,33.4828854364,6,http://tong.visitkorea.or.kr/cms/resource/83/2851883_image2_1.jpg,http://tong.visitkorea.or.kr/cms/resource/83/2851883_image3_1.jpg,Type3,20220908131232,20250611100650,39,4,50,110,A05,A0502,A05020100,FD,FD03,FD030400
2851902,39,노을리,제주특별자치도 제주시 애월읍 애월해안로 654,,63049,,126.3727283662,33.4801051312,6,http://tong.visitkorea.or.kr/cms/resource/97/2851897_image2_1.jpg,http://tong.visitkorea.or.kr/cms/resource/97/2851897_image3_1.jpg,Type3,20220908131733,20250611101558,39,4,50,110,A05,A0502,A05020900,FD,FD05,FD050100
2851913,39,단소,제주특별자치도 제주시 애월로 139-4,,63043,,126.3226414094,33.4644477406,6,http://tong.visitkorea.or.kr/cms/resource/11/2851911_image2_1.jpg,http://tong.visitkorea.or.kr/cms/resource/11/2851911_image3_1.jpg,Type3,20220908132428,20250113091902,39,4,50,110,A05,A0502,A05020100,FD,FD01,FD010100
2851930,39,도치돌가든,제주특별자치도 제주시 애월읍 천덕로 440-1,,63038,,126.3392548524,33.4199445958,6,http://tong.visitkorea.or.kr/cms/resource/18/2851918_image2_1.jpg,http://tong.visitkorea.or.kr/cms/resource/18/2851918_image3_1.jpg,Type3,20220908133030,20250611103028,39,4,50,110,A05,A0502,A05020100,FD,FD01,FD010100
2851948,39,라라카페,제주특별자치도 제주시 애월읍 광령평화10길 13,,63064,,126.4427450785,33.4544368598,6,http://tong.visitkorea.or.kr/cms/resource/36/2851936_image2_1.jpg,http://tong.visitkorea.or.kr/cms/resource/36/2851936_image3_1.jpg,Type3,20220908134412,20250611103842,39,4,50,110,A05,A0502,A05020900,FD,FD05,FD050100
2851992,39,마니주,제주특별자치도 제주시 광령2길 102,,63062,,126.428859275341,33.4511727248361,6,,,,20220908140253,20260205154453,,,50,110,,,,FD,FD02,FD020200
2852023,39,봉성식당,제주특별자치도 제주시 봉성로 66,,63039,,126.3126266402,33.4187193119,6,http://tong.visitkorea.or.kr/cms/resource/19/2852019_image2_1.jpg,http://tong.visitkorea.or.kr/cms/resource/19/2852019_image3_1.jpg,Type3,20220908141337,20250115140034,39,4,50,110,A05,A0502,A05020100,FD,FD01,FD010100
2852038,39,블루사이공,제주특별자치도 제주시 애월읍 중산간서로 6333,,63057,,126.4080008181,33.4570443540,6,http://tong.visitkorea.or.kr/cms/resource/29/2852029_image2_1.jpg,http://tong.visitkorea.or.kr/cms/resource/29/2852029_image3_1.jpg,Type3,20220908141822,20250611104852,39,4,50,110,A05,A0502,A05020700,FD,FD02,FD020400
2852063,39,삼일해장국,제주특별자치도 제주시 하귀9길 14,,63054,,126.4151162206,33.4856662979,6,http://tong.visitkorea.or.kr/cms/resource/56/2852056_image2_1.jpg,http://tong.visitkorea.or.kr/cms/resource/56/2852056_image3_1.jpg,Type3,20220908142849,20250121102001,39,4,50,110,A05,A0502,A05020100,FD,FD01,FD010100
2852108,39,심바카레,제주특별자치도 제주시 애월읍 애월로 87-16,,63043,,126.3168641577,33.4634172083,6,http://tong.visitkorea.or.kr/cms/resource/04/2852104_image2_1.jpg,http://tong.visitkorea.or.kr/cms/resource/04/2852104_image3_1.jpg,Type3,20220908144331,20250611105703,39,4,50,110,A05,A0502,A05020300,FD,FD02,FD020200
2852136,39,재벌식당,제주특별자치도 제주시 도령로7길 20 신광아파트,,63127,,126.4843989686,33.4908168279,6,http://tong.visitkorea.or.kr/cms/resource/30/2852130_image2_1.jpg,http://tong.visitkorea.or.kr/cms/resource/30/2852130_image3_1.jpg,Type3,20220908145646,20251023143000,39,4,50,110,A05,A0502,A05020100,FD,FD01,FD010100
2852155,39,제레미,제주특별자치도 제주시 애월읍 애월로 106-1,,63043,,126.3185167661,33.4645504417,6,http://tong.visitkorea.or.kr/cms/resource/51/2852151_image2_1.jpg,http://tong.visitkorea.or.kr/cms/resource/51/2852151_image3_1.jpg,Type3,20220908150158,20250611112009,39,4,50,110,A05,A0502,A05020900,FD,FD05,FD050100
2852187,39,카페브리프,제주특별자치도 제주시 광성로 76,,63058,,126.4156862313,33.4583721062,6,http://tong.visitkorea.or.kr/cms/resource/79/2852179_image2_1.jpg,http://tong.visitkorea.or.kr/cms/resource/79/2852179_image3_1.jpg,Type3,20220908151659,20250122101230,39,4,50,110,A05,A0502,A05020900,FD,FD05,FD050100
2852215,39,코시롱,제주특별자치도 제주시 애월읍 애월해안로 646,1층,63049,,126.372185699563,33.4792015537743,6,,,,20220908153010,20260209154905,,,50,110,,,,FD,FD01,FD010100
2852232,39,해녀의집,제주특별자치도 제주시 애월읍 애월해안로 591,,63047,,126.3669400192,33.4784135608,6,http://tong.visitkorea.or.kr/cms/resource/22/2852222_image2_1.jpg,http://tong.visitkorea.or.kr/cms/resource/22/2852222_image3_1.jpg,Type3,20220908153906,20250611133434,39,4,50,110,A05,A0502,A05020100,FD,FD01,FD010100
2852311,39,골목카페옥수,제주특별자치도 제주시 소길1길 19,,63037,,126.3799286479,33.4397708216,6,http://tong.visitkorea.or.kr/cms/resource/03/2852303_image2_1.jpg,http://tong.visitkorea.or.kr/cms/resource/03/2852303_image3_1.jpg,Type3,20220908161504,20250121172459,39,4,50,110,A05,A0502,A05020900,FD,FD05,FD050100
2852374,39,그러므로 파트2 (part2),제주특별자치도 제주시 수목원길 16-14 (노형동),,63091,,126.4858965666,33.4684609925,6,http://tong.visitkorea.or.kr/cms/resource/73/2852373_image2_1.jpg,http://tong.visitkorea.or.kr/cms/resource/73/2852373_image3_1.jpg,Type3,20220913093629,20250611173536,39,4,50,110,A05,A0502,A05020900,FD,FD05,FD050100
2852379,39,구좌읍 우럭튀김 민경이네어등포식당,제주특별자치도 제주시 해맞이해안로 830,,63358,,126.8257678765,33.5537681121,6,http://tong.visitkorea.or.kr/cms/resource/75/2852375_image2_1.jpg,http://tong.visitkorea.or.kr/cms/resource/75/2852375_image3_1.jpg,Type3,20220913094141,20251023143000,39,4,50,110,A05,A0502,A05020100,FD,FD01,FD010100
2852457,39,ABC 에이팩토리베이커리카페,제주특별자치도 제주시 관덕로7길 39 (삼도이동),,63166,,126.5232394495,33.5166840271,6,http://tong.visitkorea.or.kr/cms/resource/55/2852455_image2_1.JPG,http://tong.visitkorea.or.kr/cms/resource/55/2852455_image3_1.JPG,Type3,20220913155809,20250612091144,39,4,50,110,A05,A0502,A05020900,FD,FD05,FD050100
2852520,39,커피스케치,제주특별자치도 서귀포시 사계남로216번길 24-32 네덜란드엿보기전시관,,63528,,126.3133001582,33.2334009178,6,http://tong.visitkorea.or.kr/cms/resource/18/2852518_image2_1.JPG,http://tong.visitkorea.or.kr/cms/resource/18/2852518_image3_1.JPG,Type3,20220913162657,20250121163927,39,3,50,130,A05,A0502,A05020900,FD,FD05,FD050100
2852532,38,선물가게 바나나 서귀포중문점,제주특별자치도 서귀포시 일주서로 875,,63534,,126.4171258368,33.2580338921,6,https://tong.visitkorea.or.kr/cms/resource/71/4072871_image2_1.jpg,https://tong.visitkorea.or.kr/cms/resource/71/4072871_image3_1.jpg,Type1,20220913163721,20260610091743,,,50,130,,,,SH,SH05,SH050300
2852538,12,산방산랜드,제주특별자치도 서귀포시 안덕면 사계리,117-2,63528,,126.3118000000,33.2338000000,6,https://tong.visitkorea.or.kr/cms/resource/67/4072767_image2_1.jpg,https://tong.visitkorea.or.kr/cms/resource/67/4072767_image3_1.jpg,Type1,20220913164556,20260610083438,,,50,130,,,,VE,VE02,VE020100
2852563,32,제주부영호텔&리조트,제주특별자치도 서귀포시 중문관광로 222 (중문동),,63547,,126.423203519159,33.242576816414406,6,https://tong.visitkorea.or.kr/cms/resource/72/4068972_image2_1.jpg,https://tong.visitkorea.or.kr/cms/resource/72/4068972_image3_1.jpg,Type1,20220913165551,20260528165602,,,50,130,,,,AC,AC01,AC010100
2852581,32,머큐어앰배서더 제주,제주특별자치도 서귀포시 안덕면 한창로 365,,63526,,126.3481678955,33.2926141952,6,https://tong.visitkorea.or.kr/cms/resource/93/4072593_image2_1.jpg,https://tong.visitkorea.or.kr/cms/resource/93/4072593_image3_1.jpg,Type1,20220913170133,20260610083438,,,50,130,,,,AC,AC01,AC010100
2852643,12,대왕수천예래생태공원,제주 서귀포시 상예동,5002-26,697301,,126.396617,33.247745,6,https://tong.visitkorea.or.kr/cms/resource/15/4064115_image2_1.jpg,https://tong.visitkorea.or.kr/cms/resource/15/4064115_image3_1.jpg,Type1,20220913171711,20260514082738,,,50,130,,,,NA,NA04,NA040500
2852695,14,예술공간 이아,제주특별자치도 제주시 중앙로14길 21 (삼도이동),,63169,,126.5220988994,33.5111557521,6,https://tong.visitkorea.or.kr/cms/resource/95/3552795_image2_1.jpg,https://tong.visitkorea.or.kr/cms/resource/95/3552795_image3_1.jpg,Type1,20220913173248,20260804131853,,,50,110,,,,VE,VE12,VE120300
2853278,39,하르방짬뽕,제주특별자치도 제주시 하귀동남4길 4,,63052,,126.4124692997,33.4825082726,6,http://tong.visitkorea.or.kr/cms/resource/71/2853271_image2_1.jpg,http://tong.visitkorea.or.kr/cms/resource/71/2853271_image3_1.jpg,Type3,20220914131956,20250121165450,39,4,50,110,A05,A0502,A05020400,FD,FD02,FD020100
2853291,39,타무라,제주특별자치도 제주시 조천읍 중산간동로 670,,63343,,126.6568893511,33.4989714565,6,http://tong.visitkorea.or.kr/cms/resource/90/2853290_image2_1.jpg,http://tong.visitkorea.or.kr/cms/resource/90/2853290_image3_1.jpg,Type3,20220914133059,20251029142823,39,4,50,110,A05,A0502,A05020700,FD,FD02,FD020400
2853302,39,마노커피하우스,제주특별자치도 서귀포시 천제연로188번길 6-6 (중문동),,63546,,126.4239762659,33.2513867831,6,http://tong.visitkorea.or.kr/cms/resource/95/2853295_image2_1.jpg,http://tong.visitkorea.or.kr/cms/resource/95/2853295_image3_1.jpg,Type3,20220914133428,20250626152204,39,3,50,130,A05,A0502,A05020900,FD,FD05,FD050100
2853435,39,갈치공장,제주특별자치도 제주시 해맞이해안로 1296,,63360,,126.8509745258,33.5319348245,6,http://tong.visitkorea.or.kr/cms/resource/24/2853424_image2_1.jpg,http://tong.visitkorea.or.kr/cms/resource/24/2853424_image3_1.jpg,Type3,20220914152958,20250113135044,39,4,50,110,A05,A0502,A05020100,FD,FD01,FD010100
2853471,39,안도르,제주특별자치도 제주시 구좌읍 송당리,2148-5,63355,,126.7709498938,33.4553586672,6,http://tong.visitkorea.or.kr/cms/resource/62/2853462_image2_1.jpg,http://tong.visitkorea.or.kr/cms/resource/62/2853462_image3_1.jpg,Type3,20220914154110,20250120164941,39,4,50,110,A05,A0502,A05020900,FD,FD05,FD050100
2853484,12,삼무공원,제주특별자치도 제주시 신대로10길 48-9 (연동),,63125,,126.49245419969505,33.4914567959419,6,https://tong.visitkorea.or.kr/cms/resource/39/4067839_image2_1.jpg,https://tong.visitkorea.or.kr/cms/resource/39/4067839_image3_1.jpg,Type1,20220914154641,20260526154439,,,50,110,,,,VE,VE03,VE030400
2853566,39,정직한돈 본점,제주특별자치도 제주시 애월읍 애월해안로 253,,63045,,126.3390038084,33.4673976720,6,http://tong.visitkorea.or.kr/cms/resource/46/2853546_image2_1.jpg,http://tong.visitkorea.or.kr/cms/resource/46/2853546_image3_1.jpg,Type3,20220914162809,20250612111655,39,4,50,110,A05,A0502,A05020100,FD,FD01,FD010100
2853604,39,우동카덴,제주특별자치도 제주시 조천읍 교래3길 23,,63346,,126.6793082885,33.4358676834,6,http://tong.visitkorea.or.kr/cms/resource/96/2853596_image2_1.jpg,http://tong.visitkorea.or.kr/cms/resource/96/2853596_image3_1.jpg,Type3,20220914163718,20250612170422,39,4,50,110,A05,A0502,A05020300,FD,FD02,FD020200
2853621,39,우무 본점,제주특별자치도 제주시 한림읍 한림로 542-1,,63012,,126.2564540339,33.4059281770,6,http://tong.visitkorea.or.kr/cms/resource/91/2861891_image2_1.jpg,http://tong.visitkorea.or.kr/cms/resource/91/2861891_image3_1.jpg,Type3,20220914164142,20251029143932,39,4,50,110,A05,A0502,A05020900,FD,FD05,FD050100
2853644,39,잇칸시타,제주특별자치도 제주시 애월읍 신엄안2길 54-1,,63047,,126.3702508713,33.4771137570,6,http://tong.visitkorea.or.kr/cms/resource/30/2853630_image2_1.jpg,http://tong.visitkorea.or.kr/cms/resource/30/2853630_image3_1.jpg,Type3,20220914164518,20250612172235,39,4,50,110,A05,A0502,A05020300,FD,FD02,FD020200
2853658,39,잔물결,제주특별자치도 제주시 금능길 58-1,1층,63010,,126.2296595393,33.3881213939,6,http://tong.visitkorea.or.kr/cms/resource/48/2853648_image2_1.jpg,http://tong.visitkorea.or.kr/cms/resource/48/2853648_image3_1.jpg,Type3,20220914165020,20250113094101,39,4,50,110,A05,A0502,A05020900,FD,FD05,FD050100
2853982,39,라토커피제주,제주특별자치도 제주시 광양10길 20 (이도이동),,63207,,126.5281672061,33.4987305369,6,http://tong.visitkorea.or.kr/cms/resource/75/2853975_image2_1.jpg,http://tong.visitkorea.or.kr/cms/resource/75/2853975_image3_1.jpg,Type3,20220915140747,20250612173545,39,4,50,110,A05,A0502,A05020900,FD,FD05,FD050100
2854015,39,모들한상,제주특별자치도 제주시 애월읍 하가로 180,,63036,,126.3469894950,33.4553769070,6,http://tong.visitkorea.or.kr/cms/resource/02/2854002_image2_1.jpg,http://tong.visitkorea.or.kr/cms/resource/02/2854002_image3_1.jpg,Type3,20220915141356,20250612174126,39,4,50,110,A05,A0502,A05020200,FD,FD02,FD020300
2854041,39,별돈별 정원본점,제주특별자치도 제주시 한경면 고산로8길 21-15,,63008,,126.1800961663,33.3088766061,6,http://tong.visitkorea.or.kr/cms/resource/38/2854038_image2_1.jpg,http://tong.visitkorea.or.kr/cms/resource/38/2854038_image3_1.jpg,Type3,20220915142212,20250612174909,39,4,50,110,A05,A0502,A05020100,FD,FD01,FD010100
2854069,39,소섬전복,제주특별자치도 제주시 우도면 우도해안길 1158,,63365,,126.9651070604,33.4988681080,6,http://tong.visitkorea.or.kr/cms/resource/58/2854058_image2_1.jpg,http://tong.visitkorea.or.kr/cms/resource/58/2854058_image3_1.jpg,Type3,20220915142704,20250612175520,39,4,50,110,A05,A0502,A05020100,FD,FD01,FD010100
2854078,39,시골길,제주특별자치도 제주시 오복2길 23 (이도이동),,63223,,126.5363666008,33.4940311883,6,http://tong.visitkorea.or.kr/cms/resource/70/2854070_image2_1.jpg,http://tong.visitkorea.or.kr/cms/resource/70/2854070_image3_1.jpg,Type3,20220915143154,20250613091735,39,4,50,110,A05,A0502,A05020100,FD,FD01,FD010100
2854102,39,신해바라기,제주특별자치도 제주시 관덕로13길 13 (일도일동),,63277,,126.5259503799,33.5142426737,6,http://tong.visitkorea.or.kr/cms/resource/96/2854096_image2_1.jpg,http://tong.visitkorea.or.kr/cms/resource/96/2854096_image3_1.jpg,Type3,20220915143735,20250613092623,39,4,50,110,A05,A0502,A05020100,FD,FD01,FD010100
2854121,39,연정식당,제주특별자치도 제주시 신광로10길 29 (연동),,63137,,126.4867766981,33.4838148633,6,http://tong.visitkorea.or.kr/cms/resource/13/2854113_image2_1.jpg,http://tong.visitkorea.or.kr/cms/resource/13/2854113_image3_1.jpg,Type3,20220915144309,20250613093252,39,4,50,110,A05,A0502,A05020100,FD,FD01,FD010100
2854188,39,우호적무관심,제주특별자치도 제주시 한경면 저지12길 103,,63005,,126.2672212843,33.3377608871,6,http://tong.visitkorea.or.kr/cms/resource/77/2854177_image2_1.jpg,http://tong.visitkorea.or.kr/cms/resource/77/2854177_image3_1.jpg,Type3,20220915150118,20250613094222,39,4,50,110,A05,A0502,A05020900,FD,FD05,FD050100
2854211,39,인그리드,제주특별자치도 제주시 서해안로 64,,63108,,126.4567455524,33.5025317580,6,http://tong.visitkorea.or.kr/cms/resource/94/2854194_image2_1.jpg,http://tong.visitkorea.or.kr/cms/resource/94/2854194_image3_1.jpg,Type3,20220915150728,20250113132512,39,4,50,110,A05,A0502,A05020900,FD,FD05,FD050100
2854271,39,제주미담,제주특별자치도 제주시 가령로 19 (이도이동),,63215,,126.5372941084,33.5023775012,6,http://tong.visitkorea.or.kr/cms/resource/60/2854260_image2_1.jpg,http://tong.visitkorea.or.kr/cms/resource/60/2854260_image3_1.jpg,Type3,20220915152258,20250613095057,39,4,50,110,A05,A0502,A05020100,FD,FD01,FD010100
2854312,39,죽성고을,제주특별자치도 제주시 한북로 176 (오등동),,63240,,126.5341175164,33.4622818879,6,http://tong.visitkorea.or.kr/cms/resource/05/2854305_image2_1.jpg,http://tong.visitkorea.or.kr/cms/resource/05/2854305_image3_1.jpg,Type3,20220915153214,20250613105201,39,4,50,110,A05,A0502,A05020100,FD,FD01,FD010100
2854335,39,피커스 제주,제주특별자치도 제주시 아연로 444-1 (오등동),,63240,,126.5287816055,33.4739110719,6,http://tong.visitkorea.or.kr/cms/resource/26/2854326_image2_1.jpg,http://tong.visitkorea.or.kr/cms/resource/26/2854326_image3_1.jpg,Type3,20220915153711,20250613112018,39,4,50,110,A05,A0502,A05020900,FD,FD05,FD050100
2854364,39,하하호호,제주특별자치도 제주시 우도해안길 532,,63365,,126.9485746495,33.5209209575,6,http://tong.visitkorea.or.kr/cms/resource/50/2854350_image2_1.jpg,http://tong.visitkorea.or.kr/cms/resource/50/2854350_image3_1.jpg,Type3,20220915154217,20250120110732,39,4,50,110,A05,A0502,A05020200,FD,FD03,FD030200
2854384,39,형돈,제주특별자치도 제주시 구남로 22 (이도이동),,63233,,126.5329253392,33.4893510958,6,http://tong.visitkorea.or.kr/cms/resource/82/2854382_image2_1.jpg,http://tong.visitkorea.or.kr/cms/resource/82/2854382_image3_1.jpg,Type3,20220915154848,20250613113913,39,4,50,110,A05,A0502,A05020100,FD,FD01,FD010100
2854403,39,함덕회춘,제주특별자치도 제주시 조천읍 신북로 489,,63333,,126.6624906317,33.5431583226,6,http://tong.visitkorea.or.kr/cms/resource/99/2854399_image2_1.jpg,http://tong.visitkorea.or.kr/cms/resource/99/2854399_image3_1.jpg,Type3,20220915155431,20250613140149,39,4,50,110,A05,A0502,A05020100,FD,FD01,FD010100
2854417,39,훈남횟집,제주특별자치도 제주시 조천읍 함덕13길 7,,63333,,126.6678651887,33.5421279676,6,http://tong.visitkorea.or.kr/cms/resource/11/2854411_image2_1.jpg,http://tong.visitkorea.or.kr/cms/resource/11/2854411_image3_1.jpg,Type3,20220915160006,20250613141407,39,4,50,110,A05,A0502,A05020100,FD,FD01,FD010100
2854437,12,답다니수국밭,제주특별자치도 서귀포시 월평로50번길 17-30 (월평동),,63562,,126.4642562450,33.2438593703,6,https://tong.visitkorea.or.kr/cms/resource_photo/54/3545154_image2_1.jpg,https://tong.visitkorea.or.kr/cms/resource_photo/54/3545154_image3_1.jpg,Type1,20220915161056,20260619093209,,,50,130,,,,NA,NA05,NA050100
2854455,39,감따남,제주특별자치도 서귀포시 월산로 16,1층,63556,,126.4946032358,33.2620894948,6,http://tong.visitkorea.or.kr/cms/resource/54/2854454_image2_1.jpg,http://tong.visitkorea.or.kr/cms/resource/54/2854454_image3_1.jpg,Type3,20220915164619,20250117110540,39,3,50,130,A05,A0502,A05020900,FD,FD05,FD050100
2854521,12,산방산유채꽃밭,제주특별자치도 서귀포시 안덕면 사계리,산방산 일대,63528,,126.3139441027,33.2423868562,6,https://tong.visitkorea.or.kr/cms/resource/53/4055053_image2_1.jpg,https://tong.visitkorea.or.kr/cms/resource/53/4055053_image3_1.jpg,Type1,20220916095019,20260610161927,,,50,130,,,,NA,NA05,NA050100
2856999,39,와르다레스토랑,제주특별자치도 제주시 관덕로8길 24-1 (삼도이동),,63169,,126.5231229205,33.5110679801,6,http://tong.visitkorea.or.kr/cms/resource/88/2856988_image2_1.JPG,http://tong.visitkorea.or.kr/cms/resource/88/2856988_image3_1.JPG,Type3,20220921133623,20250613145357,39,4,50,110,A05,A0502,A05020200,FD,FD02,FD020300
2857265,39,513텐동,제주특별자치도 제주시 구남로8길 17 (이도이동),,63232,,126.5370555146,33.4902927242,6,http://tong.visitkorea.or.kr/cms/resource/59/2857259_image2_1.JPG,http://tong.visitkorea.or.kr/cms/resource/59/2857259_image3_1.JPG,Type3,20220921144934,20250613151044,39,4,50,110,A05,A0502,A05020300,FD,FD02,FD020200
2857289,39,골목식당,제주특별자치도 제주시 중앙로 63-9 (이도일동),,63192,,126.5250282923,33.5118512570,6,http://tong.visitkorea.or.kr/cms/resource/79/2857279_image2_1.JPG,http://tong.visitkorea.or.kr/cms/resource/79/2857279_image3_1.JPG,Type3,20220921150225,20250613152012,39,4,50,110,A05,A0502,A05020100,FD,FD01,FD010100
2857329,39,나라돈까스,제주특별자치도 제주시 내도1길 23 (내도동),,63074,,126.4370363208,33.4952100334,6,http://tong.visitkorea.or.kr/cms/resource/94/2857294_image2_1.jpg,http://tong.visitkorea.or.kr/cms/resource/94/2857294_image3_1.jpg,Type3,20220921151029,20250613154729,39,4,50,110,A05,A0502,A05020100,FD,FD01,FD010100
2857350,39,당당,제주특별자치도 제주시 중엄안1길 25,,63047,,126.3708925420,33.4744723929,6,http://tong.visitkorea.or.kr/cms/resource/41/2857341_image2_1.jpg,http://tong.visitkorea.or.kr/cms/resource/41/2857341_image3_1.jpg,Type3,20220921151539,20250114101905,39,4,50,110,A05,A0502,A05020900,FD,FD05,FD050100
2857388,39,온차,제주특별자치도 제주시 서부두남길 12,,63277,,126.5276835417,33.5151842636,6,http://tong.visitkorea.or.kr/cms/resource/62/2857362_image2_1.jpg,http://tong.visitkorea.or.kr/cms/resource/62/2857362_image3_1.jpg,Type3,20220921152128,20250114131217,39,4,50,110,A05,A0502,A05020300,FD,FD02,FD020200
2858291,14,어리목탐방안내소,제주특별자치도 제주시 1100로 2070-61 (해안동),,63077,,126.4953790000,33.3929790000,6,https://tong.visitkorea.or.kr/cms/resource/94/4073694_image2_1.jpg,https://tong.visitkorea.or.kr/cms/resource/94/4073694_image3_1.jpg,Type1,20220922100326,20260611101937,,,50,110,,,,VE,VE12,VE120300
2858304,32,호텔 더본 제주,제주특별자치도 서귀포시 색달로 18 (색달동),,63534,,126.4057061035,33.2597329039,6,https://tong.visitkorea.or.kr/cms/resource/04/4079104_image2_1.jpg,https://tong.visitkorea.or.kr/cms/resource/04/4079104_image3_1.jpg,Type3,20220922101816,20260625112328,,,50,130,,,,AC,AC01,AC010100
2858406,39,중문회포장센터 새벽야시장,제주특별자치도 서귀포시 중문관광로 293 (대포동),,63546,,126.4292786894,33.2466568335,6,http://tong.visitkorea.or.kr/cms/resource/02/2858402_image2_1.JPG,http://tong.visitkorea.or.kr/cms/resource/02/2858402_image3_1.JPG,Type3,20220922111956,20250613161533,39,3,50,130,A05,A0502,A05020100,FD,FD01,FD010100
2858423,39,트로피컬 하이드어웨이 카페,제주특별자치도 서귀포시 대정읍 형제해안로 284,,63512,,126.2912859363,33.2092671261,6,http://tong.visitkorea.or.kr/cms/resource/16/2858416_image2_1.JPG,http://tong.visitkorea.or.kr/cms/resource/16/2858416_image3_1.JPG,Type3,20220922112501,20250613164245,39,3,50,130,A05,A0502,A05020900,FD,FD05,FD050100
2858445,12,쉬리의언덕,제주특별자치 서귀포시 색달동 3039-41,,697808,,126.407249255306,33.2455907366402,6,https://tong.visitkorea.or.kr/cms/resource/17/4067817_image2_1.jpg,https://tong.visitkorea.or.kr/cms/resource/17/4067817_image3_1.jpg,Type1,20220922114105,20260526153030,,,50,130,,,,NA,NA05,NA050100
2858467,12,제주곶자왈도립공원,제주특별자치도 서귀포시 대정읍 에듀시티로 178,,63644,,126.2735716622,33.2832221372,6,https://tong.visitkorea.or.kr/cms/resource/62/4074562_image2_1.jpg,https://tong.visitkorea.or.kr/cms/resource/62/4074562_image3_1.jpg,Type1,20220922115604,20260612153425,,,50,130,,,,NA,NA04,NA040200
2858473,39,인스밀,제주특별자치도 서귀포시 대정읍 일과대수로27번길 22,,63504,,126.2292406748,33.2385073720,6,http://tong.visitkorea.or.kr/cms/resource/71/2858471_image2_1.JPG,http://tong.visitkorea.or.kr/cms/resource/71/2858471_image3_1.JPG,Type3,20220922124652,20250613171842,39,3,50,130,A05,A0502,A05020900,FD,FD05,FD050100
2858479,39,애플망고1947,제주특별자치도 서귀포시 대정읍 신평로 32,,63516,,126.2575126051,33.2662630814,6,http://tong.visitkorea.or.kr/cms/resource/78/2858478_image2_1.JPG,http://tong.visitkorea.or.kr/cms/resource/78/2858478_image3_1.JPG,Type3,20220922125214,20250613172650,39,3,50,130,A05,A0502,A05020900,FD,FD05,FD050100
2858485,39,동도원,제주특별자치도 서귀포시 이어도로 189 (대포동),,63543,,126.4417916581,33.2392606246,6,http://tong.visitkorea.or.kr/cms/resource/83/2858483_image2_1.JPG,http://tong.visitkorea.or.kr/cms/resource/83/2858483_image3_1.JPG,Type3,20220922125634,20250616092351,39,3,50,130,A05,A0502,A05020100,FD,FD01,FD010100
2858577,39,명랑스낵,제주특별자치도 제주시 한림읍 한림로 585,,63032,,126.2587593151,33.4092250708,6,http://tong.visitkorea.or.kr/cms/resource/64/2858564_image2_1.jpg,http://tong.visitkorea.or.kr/cms/resource/64/2858564_image3_1.jpg,Type3,20220922134556,20250616093754,39,4,50,110,A05,A0502,A05020100,FD,FD03,FD030400
2858612,39,문쏘 제주협재점,제주특별자치도 제주시 한림상로 15-5,,63012,,126.2569178869,33.4057282066,6,http://tong.visitkorea.or.kr/cms/resource/85/2858585_image2_1.jpg,http://tong.visitkorea.or.kr/cms/resource/85/2858585_image3_1.jpg,Type3,20220922135630,20250116132556,39,4,50,110,A05,A0502,A05020300,FD,FD02,FD020200
2858656,12,창꼼,제주특별자치도 제주시 조천읍 북촌리 393,,63339,,126.7000343788,33.5524884484,6,http://tong.visitkorea.or.kr/cms/resource/15/3095515_image2_1.jpg,http://tong.visitkorea.or.kr/cms/resource/15/3095515_image3_1.jpg,Type1,20220922140953,20251029144816,39,4,50,110,A01,A0102,A01020200,NA,NA03,NA030300
2858680,39,카페콜라,제주특별자치도 제주시 한림읍 일주서로 5857,,63024,,126.2919278890,33.4433440378,6,http://tong.visitkorea.or.kr/cms/resource/70/2858670_image2_1.jpg,http://tong.visitkorea.or.kr/cms/resource/70/2858670_image3_1.jpg,Type3,20220922141527,20250616100643,39,4,50,110,A05,A0502,A05020900,FD,FD05,FD050100
2858860,12,액티브파크 제주,제주특별자치도 제주시 한림읍 금능남로 76,,63016,,126.2360784858,33.3811423978,6,https://tong.visitkorea.or.kr/cms/resource/40/4095340_image2_1.jpg,https://tong.visitkorea.or.kr/cms/resource/40/4095340_image3_1.jpg,Type3,20220922115503,20260731155855,,,50,110,,,,VE,VE02,VE020100
2858942,39,스테이위드커피,제주특별자치도 제주시 해안마을5길 29 (해안동),,63077,,126.4557438621,33.4582838623,6,http://tong.visitkorea.or.kr/cms/resource/37/2858937_image2_1.JPG,http://tong.visitkorea.or.kr/cms/resource/37/2858937_image3_1.JPG,Type3,20220923142357,20250616104653,39,4,50,110,A05,A0502,A05020900,FD,FD05,FD050100
2858976,39,카페더라이트,제주특별자치도 서귀포시 성산읍 한도로 269,,63643,,126.9360103489,33.4656657488,6,http://tong.visitkorea.or.kr/cms/resource/59/2858959_image2_1.JPG,http://tong.visitkorea.or.kr/cms/resource/59/2858959_image3_1.JPG,Type3,20220923143304,20250616110719,39,3,50,130,A05,A0502,A05020900,FD,FD05,FD050100
2858991,39,중문해물라면오빠네,제주특별자치도 서귀포시 일주서로 962 (색달동),,63534,,126.4080774899,33.2583635404,6,http://tong.visitkorea.or.kr/cms/resource/78/2858978_image2_1.JPG,http://tong.visitkorea.or.kr/cms/resource/78/2858978_image3_1.JPG,Type3,20220923143737,20250616111855,39,3,50,130,A05,A0502,A05020100,FD,FD03,FD030400
2859012,39,중문색달통갈치 본점,제주특별자치도 서귀포시 일주서로 993 (색달동),,63535,,126.4045389069,33.2583912595,6,http://tong.visitkorea.or.kr/cms/resource/05/2859005_image2_1.jpg,http://tong.visitkorea.or.kr/cms/resource/05/2859005_image3_1.jpg,Type3,20220923144240,20250616113014,39,3,50,130,A05,A0502,A05020100,FD,FD01,FD010100
2859034,38,제스토리,제주특별자치도 서귀포시 막숙포로 60 (법환동),,63573,,126.5149353881,33.2361121271,6,http://tong.visitkorea.or.kr/cms/resource/04/3579104_image2_1.jpg,http://tong.visitkorea.or.kr/cms/resource/04/3579104_image3_1.jpg,Type3,20220923145155,20251210144217,39,3,50,130,A04,A0401,A04010900,SH,SH05,SH050300
2859054,39,올디벗구디,제주특별자치도 서귀포시 일주서로 330,,63557,,126.4734719380,33.2529873880,6,http://tong.visitkorea.or.kr/cms/resource/51/2859051_image2_1.JPG,http://tong.visitkorea.or.kr/cms/resource/51/2859051_image3_1.JPG,Type3,20220923145733,20250115102223,39,3,50,130,A05,A0502,A05020900,FD,FD05,FD050100
2859072,39,앙끄레국수 서귀포본점,제주특별자치도 서귀포시 법환상로2번길 97-18 (법환동),,63572,,126.5117576314,33.2474636019,6,http://tong.visitkorea.or.kr/cms/resource/65/2859065_image2_1.JPG,http://tong.visitkorea.or.kr/cms/resource/65/2859065_image3_1.JPG,Type3,20220923150208,20250616131443,39,3,50,130,A05,A0502,A05020100,FD,FD01,FD010100
2859090,39,뷰스트,제주특별자치도 서귀포시 안덕면 형제해안로 30,,63528,,126.3034900221,33.2278069374,6,http://tong.visitkorea.or.kr/cms/resource/78/2859078_image2_1.JPG,http://tong.visitkorea.or.kr/cms/resource/78/2859078_image3_1.JPG,Type3,20220923150659,20250616163539,39,3,50,130,A05,A0502,A05020900,FD,FD05,FD050100
2859164,39,그리운바다성산포,제주특별자치도 서귀포시 성산읍 성산등용로 94,,63643,,126.9299885503,33.4698901853,6,http://tong.visitkorea.or.kr/cms/resource/57/2859157_image2_1.JPG,http://tong.visitkorea.or.kr/cms/resource/57/2859157_image3_1.JPG,Type3,20220923151849,20250616171444,39,3,50,130,A05,A0502,A05020100,FD,FD01,FD010100
2859187,39,벙커하우스,제주특별자치도 서귀포시 막숙포로41번길 66 (법환동),,63573,,126.5192349174,33.2404894900,6,http://tong.visitkorea.or.kr/cms/resource/72/2859172_image2_1.JPG,http://tong.visitkorea.or.kr/cms/resource/72/2859172_image3_1.JPG,Type3,20220923152704,20250616172753,39,3,50,130,A05,A0502,A05020900,FD,FD05,FD050100
2860575,39,효퇴국수국밥,제주특별자치도 제주시 서사로 122-1,,63183,,126.5196123300,33.5015661986,6,http://tong.visitkorea.or.kr/cms/resource/62/2860562_image2_1.jpg,http://tong.visitkorea.or.kr/cms/resource/62/2860562_image3_1.jpg,Type3,20220927105637,20251023143000,39,4,50,110,A05,A0502,A05020100,FD,FD01,FD010100
2860639,39,송림반점,제주특별자치도 제주시 관덕로 2-1,,63168,,126.5197592925,33.5124511065,6,http://tong.visitkorea.or.kr/cms/resource/30/2860630_image2_1.jpg,http://tong.visitkorea.or.kr/cms/resource/30/2860630_image3_1.jpg,Type3,20220927111150,20251105142816,39,4,50,110,A05,A0502,A05020400,FD,FD02,FD020100
2860662,39,마마롱,제주특별자치도 제주시 애월읍 평화로 2783,,63062,,126.4391926606,33.4521870521,6,http://tong.visitkorea.or.kr/cms/resource/46/2860646_image2_1.jpg,http://tong.visitkorea.or.kr/cms/resource/46/2860646_image3_1.jpg,Type3,20220927111607,20250616174907,39,4,50,110,A05,A0502,A05020900,FD,FD05,FD050100
2860687,38,동문공설시장,제주특별자치도 제주시 일도일동,1144-28,63264,,126.528198635012,33.5125255009266,6,https://tong.visitkorea.or.kr/cms/resource/88/4068088_image2_1.jpg,https://tong.visitkorea.or.kr/cms/resource/88/4068088_image3_1.jpg,Type1,20220927112135,20260527132605,,,50,110,,,,SH,SH06,SH060200
2860705,39,남춘식당,제주특별자치도 제주시 청귤로 12 (이도이동),,63216,,126.5375247049,33.4996944686,6,http://tong.visitkorea.or.kr/cms/resource/93/2860693_image2_1.jpg,http://tong.visitkorea.or.kr/cms/resource/93/2860693_image3_1.jpg,Type3,20220927112535,20250616180826,39,4,50,110,A05,A0502,A05020100,FD,FD01,FD010100
2860731,39,베메로 (BAKE MAKE ROAST),제주특별자치도 서귀포시 중문관광로72번길 29-9 신우성타운,라동,63535,,126.4111246414,33.2496534392,6,http://tong.visitkorea.or.kr/cms/resource/29/2860729_image2_1.JPG,http://tong.visitkorea.or.kr/cms/resource/29/2860729_image3_1.JPG,Type3,20220927113307,20251023143000,39,3,50,130,A05,A0502,A05020900,FD,FD05,FD050100
2861349,39,크라운돼지,제주특별자치도 제주시 애월읍 상가목장길 84,,63042,,126.3834849354,33.3934398929,6,http://tong.visitkorea.or.kr/cms/resource/52/2861352_image2_1.jpg,http://tong.visitkorea.or.kr/cms/resource/52/2861352_image3_1.jpg,Type3,20220928105103,20250617104239,39,4,50,110,A05,A0502,A05020100,FD,FD01,FD010100
2861372,39,당포로나인 돈카츠,제주특별자치도 서귀포시 표선면 표선당포로 9,,63629,,126.8435882289,33.3257880323,6,http://tong.visitkorea.or.kr/cms/resource/65/2861365_image2_1.JPG,http://tong.visitkorea.or.kr/cms/resource/65/2861365_image3_1.JPG,Type3,20220928110305,20250617105605,39,3,50,130,A05,A0502,A05020300,FD,FD02,FD020200
2861378,39,평대스낵,제주특별자치도 제주시 구좌읍 대수길 26,,63360,,126.8379755451,33.5366396491,6,http://tong.visitkorea.or.kr/cms/resource/67/2861367_image2_1.jpg,http://tong.visitkorea.or.kr/cms/resource/67/2861367_image3_1.jpg,Type3,20220928110354,20250617110516,39,4,50,110,A05,A0502,A05020100,FD,FD03,FD030400
2861390,39,그레이그로브,제주특별자치도 서귀포시 안덕면 형제해안로 70,,63528,,126.2998264940,33.2258737598,6,http://tong.visitkorea.or.kr/cms/resource/83/2861383_image2_1.JPG,http://tong.visitkorea.or.kr/cms/resource/83/2861383_image3_1.JPG,Type3,20220928110811,20250617111330,39,3,50,130,A05,A0502,A05020900,FD,FD05,FD050100
2861425,39,바다보는날,제주특별자치도 제주시 애월해안로 722,,63049,,126.3780111538,33.4839603437,6,http://tong.visitkorea.or.kr/cms/resource/18/2861418_image2_1.JPG,http://tong.visitkorea.or.kr/cms/resource/18/2861418_image3_1.JPG,Type3,20220928111841,20250206135201,39,4,50,110,A05,A0502,A05020100,FD,FD03,FD030400
2861455,39,릴로,제주특별자치도 제주시 구좌읍 하도13길 63,,63363,,126.8928824885,33.5108322806,6,http://tong.visitkorea.or.kr/cms/resource/37/2861437_image2_1.jpg,http://tong.visitkorea.or.kr/cms/resource/37/2861437_image3_1.jpg,Type3,20220928112303,20251023143000,39,4,50,110,A05,A0502,A05020200,FD,FD02,FD020300
2861489,39,동복뚝배기,제주특별자치도 제주시 구좌읍 동복로 30-2,,63347,,126.7093335545,33.5532162949,6,http://tong.visitkorea.or.kr/cms/resource/78/2861478_image2_1.JPG,http://tong.visitkorea.or.kr/cms/resource/78/2861478_image3_1.JPG,Type3,20220928113607,20250617135354,39,4,50,110,A05,A0502,A05020100,FD,FD01,FD010100
2861515,39,하라케케,제주특별자치도 서귀포시 속골로 29-10 (호근동),,63571,,126.5285812818,33.2426199585,6,http://tong.visitkorea.or.kr/cms/resource/10/2861510_image2_1.JPG,http://tong.visitkorea.or.kr/cms/resource/10/2861510_image3_1.JPG,Type3,20220928114515,20250617163405,39,3,50,130,A05,A0502,A05020900,FD,FD05,FD050100
2861616,39,카페지니,제주특별자치도 서귀포시 남원읍 공천포로11번길 19,,63612,,126.6406544039,33.2648998349,6,http://tong.visitkorea.or.kr/cms/resource/15/2861615_image2_1.JPG,http://tong.visitkorea.or.kr/cms/resource/15/2861615_image3_1.JPG,Type3,20220928144807,20250617164414,39,3,50,130,A05,A0502,A05020900,FD,FD05,FD050100
2861702,39,이돈갓,제주특별자치도 제주시 칠성로길 27 (일도일동),,63277,,126.5257892768,33.5145343053,6,http://tong.visitkorea.or.kr/cms/resource/96/2861696_image2_1.jpg,http://tong.visitkorea.or.kr/cms/resource/96/2861696_image3_1.jpg,Type3,20220928161340,20250617170408,39,4,50,110,A05,A0502,A05020300,FD,FD02,FD020200
2861708,39,피어22,제주특별자치도 제주시 한림읍 금능7길 22,,63010,,126.2278124372,33.3899739377,6,http://tong.visitkorea.or.kr/cms/resource/07/2861707_image2_1.JPG,http://tong.visitkorea.or.kr/cms/resource/07/2861707_image3_1.JPG,Type3,20220928162028,20250617171145,39,4,50,110,A05,A0502,A05020200,FD,FD02,FD020300
2861940,39,트라이브,제주특별자치도 제주시 애월읍 애월로 11,,63043,,126.3112758307,33.4600591587,6,http://tong.visitkorea.or.kr/cms/resource/31/2861931_image2_1.JPG,http://tong.visitkorea.or.kr/cms/resource/31/2861931_image3_1.JPG,Type3,20220929143248,20250617172124,39,4,50,110,A05,A0502,A05020900,FD,FD05,FD050100
2861952,39,제주에가면,제주특별자치도 제주시 탑동로 119 (삼도이동),,63167,,126.5180205022,33.5147647120,6,http://tong.visitkorea.or.kr/cms/resource/46/2861946_image2_1.JPG,http://tong.visitkorea.or.kr/cms/resource/46/2861946_image3_1.JPG,Type3,20220929143640,20250617173040,39,4,50,110,A05,A0502,A05020100,FD,FD01,FD010100
2861967,39,장모식탁,제주특별자치도 제주시 연신로 51 (이도이동),,63228,,126.5469489499,33.4968782641,6,http://tong.visitkorea.or.kr/cms/resource/60/2861960_image2_1.JPG,http://tong.visitkorea.or.kr/cms/resource/60/2861960_image3_1.JPG,Type3,20220929144011,20250617174220,39,4,50,110,A05,A0502,A05020100,FD,FD01,FD010100
2862045,39,애월더선셋,제주특별자치도 제주시 애월읍 일주서로 6111,,63034,,126.3090427778,33.4562095496,6,http://tong.visitkorea.or.kr/cms/resource/43/2862043_image2_1.JPG,http://tong.visitkorea.or.kr/cms/resource/43/2862043_image3_1.JPG,Type3,20220929145609,20250617175423,39,4,50,110,A05,A0502,A05020900,FD,FD05,FD050100
2862068,39,비양놀,제주특별자치도 제주시 한림읍 한림해안로 311,,63023,,126.2635167927,33.4290090665,6,http://tong.visitkorea.or.kr/cms/resource/52/2862052_image2_1.jpg,http://tong.visitkorea.or.kr/cms/resource/52/2862052_image3_1.jpg,Type3,20220929145926,20250617180402,39,4,50,110,A05,A0502,A05020900,FD,FD05,FD050100
2862097,39,담백 월정리본점,제주특별자치도 제주시 구좌읍 해맞이해안로 518,,63358,,126.8013338239,33.5564618637,6,http://tong.visitkorea.or.kr/cms/resource/90/2862090_image2_1.JPG,http://tong.visitkorea.or.kr/cms/resource/90/2862090_image3_1.JPG,Type3,20220929150350,20250617182142,39,4,50,110,A05,A0502,A05020100,FD,FD01,FD010100
2862117,39,그계절,제주특별자치도 제주시 구좌읍 한동로 119,,63350,,126.8185162288,33.5320204007,6,http://tong.visitkorea.or.kr/cms/resource/08/2862108_image2_1.JPG,http://tong.visitkorea.or.kr/cms/resource/08/2862108_image3_1.JPG,Type3,20220929152332,20250618093211,39,4,50,110,A05,A0502,A05020900,FD,FD05,FD050100
2863597,39,젬마손,"제주특별자치도 제주시 진동로 3 (화북일동, 건하주택)",,63289,,126.5686021115,33.5193788962,6,http://tong.visitkorea.or.kr/cms/resource/87/2863587_image2_1.jpg,http://tong.visitkorea.or.kr/cms/resource/87/2863587_image3_1.jpg,Type3,20221005132912,20250618094016,39,4,50,110,A05,A0502,A05020100,FD,FD01,FD010100
2863603,39,차롱보말전복칼국수 제주공항점,제주특별자치도 제주시 서해안로 468-4 (용담삼동),,63114,,126.4894034608,33.5185332833,6,http://tong.visitkorea.or.kr/cms/resource/02/2863602_image2_1.JPG,http://tong.visitkorea.or.kr/cms/resource/02/2863602_image3_1.JPG,Type3,20221005133326,20250618102104,39,4,50,110,A05,A0502,A05020100,FD,FD01,FD010100
2863615,12,김녕 청굴물,제주특별자치도 제주시 구좌읍 김녕리,1296,63357,,126.7512000000,33.5583000000,6,https://tong.visitkorea.or.kr/cms/resource/46/4075446_image2_1.jpg,https://tong.visitkorea.or.kr/cms/resource/46/4075446_image3_1.jpg,Type3,20221005133859,20260615181051,,,50,110,,,,NA,NA05,NA050100
2863622,39,카페한라산,제주특별자치도 제주시 구좌읍 면수1길 48,,63362,,126.8629764281,33.5247497020,6,http://tong.visitkorea.or.kr/cms/resource/20/2863620_image2_1.JPG,http://tong.visitkorea.or.kr/cms/resource/20/2863620_image3_1.JPG,Type3,20221005134340,20250618104121,39,4,50,110,A05,A0502,A05020900,FD,FD05,FD050100
2863633,39,인카페온더비치,제주특별자치도 제주시 구좌읍 해맞이해안로 943,,63359,,126.8280623182,33.5452329825,6,http://tong.visitkorea.or.kr/cms/resource/31/2863631_image2_1.JPG,http://tong.visitkorea.or.kr/cms/resource/31/2863631_image3_1.JPG,Type3,20221005135057,20250618105452,39,4,50,110,A05,A0502,A05020900,FD,FD05,FD050100
2863658,39,싸이공레시피,제주특별자치도 제주시 애월읍 하귀로25길 2,,63050,,126.4002870893,33.4797111671,6,http://tong.visitkorea.or.kr/cms/resource/40/2863640_image2_1.jpg,http://tong.visitkorea.or.kr/cms/resource/40/2863640_image3_1.jpg,Type3,20221005135705,20250618111023,39,4,50,110,A05,A0502,A05020700,FD,FD02,FD020400
2863660,39,모래비 커피로스터스 앤 베이커리,제주특별자치도 제주시 구좌읍 해맞이해안로 462,,63358,,126.7962342877,33.5555396610,6,http://tong.visitkorea.or.kr/cms/resource/54/2863654_image2_1.JPG,http://tong.visitkorea.or.kr/cms/resource/54/2863654_image3_1.JPG,Type3,20221005135927,20250618112730,39,4,50,110,A05,A0502,A05020900,FD,FD05,FD050100
2863701,39,중문고등어쌈밥,제주특별자치도 서귀포시 일주서로 1240 (상예동),,63534,,126.38092696193935,33.26527461107256,6,https://tong.visitkorea.or.kr/cms/resource/90/2863690_image2_1.JPG,https://tong.visitkorea.or.kr/cms/resource/90/2863690_image3_1.JPG,Type3,20221005141151,20260428130550,,,50,130,,,,FD,FD01,FD010100
2863719,39,제주약수터,제주특별자치도 서귀포시 중앙로 35 (서귀동),,63592,,126.5617171836,33.2477615824,6,http://tong.visitkorea.or.kr/cms/resource/12/2863712_image2_1.JPG,http://tong.visitkorea.or.kr/cms/resource/12/2863712_image3_1.JPG,Type3,20221005141706,20250618161540,39,3,50,130,A05,A0502,A05020200,FD,FD02,FD020300
2863775,39,반양,제주특별자치도 서귀포시 대정읍 중산간서로 2985,,63501,,126.2261788847,33.2812303818,6,http://tong.visitkorea.or.kr/cms/resource/67/2863767_image2_1.jpg,http://tong.visitkorea.or.kr/cms/resource/67/2863767_image3_1.jpg,Type3,20221005143430,20250618162934,39,3,50,130,A05,A0502,A05020700,FD,FD02,FD020400
2863793,39,듀포레,제주특별자치도 제주시 서해안로 579 (용담삼동),,63114,,126.5001053072,33.5185584509,6,http://tong.visitkorea.or.kr/cms/resource/80/2863780_image2_1.jpg,http://tong.visitkorea.or.kr/cms/resource/80/2863780_image3_1.jpg,Type3,20221005143901,20250618164319,39,4,50,110,A05,A0502,A05020900,FD,FD05,FD050100
2863811,39,도리 관광농원,제주특별자치도 제주시 조천읍 비자림로 607,,63346,,126.6726811287,33.4339761204,6,http://tong.visitkorea.or.kr/cms/resource/96/2863796_image2_1.JPG,http://tong.visitkorea.or.kr/cms/resource/96/2863796_image3_1.JPG,Type3,20221005144436,20250618170017,39,4,50,110,A05,A0502,A05020900,FD,FD05,FD050100
2863882,12,나바론하늘길,제주특별자치도 제주시 추자면 대서리,산186,63000,,126.2866221544,33.9612503055,6,http://tong.visitkorea.or.kr/cms/resource/68/2863868_image2_1.JPG,http://tong.visitkorea.or.kr/cms/resource/68/2863868_image3_1.JPG,Type3,20221005150834,20250618171312,39,4,50,110,A01,A0101,A01010500,NA,NA05,NA050100
2863893,39,김마리,제주특별자치도 제주시 광양14길 17-10 (이도이동),,63207,,126.5293671382,33.4971696180,6,http://tong.visitkorea.or.kr/cms/resource/92/2863892_image2_1.JPG,http://tong.visitkorea.or.kr/cms/resource/92/2863892_image3_1.JPG,Type3,20221005151537,20250618172547,39,4,50,110,A05,A0502,A05020100,FD,FD03,FD030400
2863913,39,고토커피바,제주특별자치도 제주시 애월읍 구엄동3길 56,,63049,,126.3809026350,33.4810246035,6,http://tong.visitkorea.or.kr/cms/resource/07/2863907_image2_1.jpg,http://tong.visitkorea.or.kr/cms/resource/07/2863907_image3_1.jpg,Type3,20221005152503,20250618174401,39,4,50,110,A05,A0502,A05020900,FD,FD05,FD050100
2863927,39,고사리커피,제주특별자치도 제주시 구좌읍 중산간동로 2064,,63355,,126.7640945189,33.4734065616,6,http://tong.visitkorea.or.kr/cms/resource/18/2863918_image2_1.JPG,http://tong.visitkorea.or.kr/cms/resource/18/2863918_image3_1.JPG,Type3,20221005152922,20250618175453,39,4,50,110,A05,A0502,A05020900,FD,FD05,FD050100
2863940,39,52번가,제주특별자치도 제주시 도남로 52 (도남동),,63201,,126.5270118197,33.4957030765,6,http://tong.visitkorea.or.kr/cms/resource/37/2863937_image2_1.JPG,http://tong.visitkorea.or.kr/cms/resource/37/2863937_image3_1.JPG,Type3,20221005153556,20250618182459,39,4,50,110,A05,A0502,A05020900,FD,FD05,FD050100
2864216,39,애월리순메밀막국수,제주특별자치도 제주시 애월읍 애월해안로 11,,63043,,126.3163947036,33.4656613963,6,http://tong.visitkorea.or.kr/cms/resource/13/2864213_image2_1.jpg,http://tong.visitkorea.or.kr/cms/resource/13/2864213_image3_1.jpg,Type3,20221006104814,20250619092440,39,4,50,110,A05,A0502,A05020100,FD,FD01,FD010100
2864237,39,연화키친,제주특별자치도 제주시 상가로 51,,63036,,126.3439926768,33.4489831231,6,http://tong.visitkorea.or.kr/cms/resource/25/2864225_image2_1.JPG,http://tong.visitkorea.or.kr/cms/resource/25/2864225_image3_1.JPG,Type3,20221006105208,20251105165958,39,4,50,110,A05,A0502,A05020100,FD,FD03,FD030400
2864269,39,숲 제주,제주특별자치도 제주시 무근성3길 9 (삼도이동),,63167,,126.5189482217,33.5137787240,6,http://tong.visitkorea.or.kr/cms/resource/66/2864266_image2_1.JPG,http://tong.visitkorea.or.kr/cms/resource/66/2864266_image3_1.JPG,Type3,20221006110412,20250619094005,39,4,50,110,A05,A0502,A05020700,FD,FD02,FD020500
2864287,39,윤스타피자앤파스타,제주특별자치도 제주시 구좌읍 문주란로1길 74-20,,63363,,126.8849939513,33.5252472254,6,http://tong.visitkorea.or.kr/cms/resource/82/2864282_image2_1.jpg,http://tong.visitkorea.or.kr/cms/resource/82/2864282_image3_1.jpg,Type3,20221006111009,20250619094839,39,4,50,110,A05,A0502,A05020200,FD,FD02,FD020300
2864309,39,오뚜기빵집,제주특별자치도 서귀포시 남원읍 태위로 129,,63611,,126.6611773948,33.2751462540,6,http://tong.visitkorea.or.kr/cms/resource/97/2864297_image2_1.JPG,http://tong.visitkorea.or.kr/cms/resource/97/2864297_image3_1.JPG,Type3,20221006111326,20250619100049,39,3,50,130,A05,A0502,A05020200,FD,FD03,FD030200
2864429,39,카페이면,제주특별자치도 제주시 한림읍 금능5길 13,,63010,,126.2265653531,33.3886212901,6,http://tong.visitkorea.or.kr/cms/resource/67/2864367_image2_1.jpg,http://tong.visitkorea.or.kr/cms/resource/67/2864367_image3_1.jpg,Type3,20221006142123,20250619101509,39,4,50,110,A05,A0502,A05020900,FD,FD05,FD050100
2864448,28,옹포천어울공원수영장,제주특별자치도 제주시 한림읍 월계로 21,,63012,,126.2551486564,33.4030312553,6,http://tong.visitkorea.or.kr/cms/resource/10/2864410_image2_1.jpg,http://tong.visitkorea.or.kr/cms/resource/10/2864410_image3_1.jpg,Type3,20221006142933,20250619103648,39,4,50,110,A03,A0303,A03030700,LS,LS02,LS020700
2869085,32,삼일삼오,제주특별자치도 제주시 구좌읍 해맞이해안로 1542-4,,63362,,126.8687596032,33.5273951266,6,https://tong.visitkorea.or.kr/cms/resource/72/4078772_image2_1.jpg,https://tong.visitkorea.or.kr/cms/resource/72/4078772_image3_1.jpg,Type3,20221018134636,20260624143040,,,50,110,,,,AC,AC03,AC030300
2870495,39,만족한상회 중문점,제주특별자치도 서귀포시 중문상로 58-5 (중문동),,63545,,126.4267398674,33.2535310345,6,http://tong.visitkorea.or.kr/cms/resource/83/2870483_image2_1.jpg,http://tong.visitkorea.or.kr/cms/resource/83/2870483_image3_1.jpg,Type3,20221019143238,20250624175455,39,3,50,130,A05,A0502,A05020100,FD,FD01,FD010100
2870515,39,경성수산,제주특별자치도 제주시 한림상로 111,,63032,,126.2648059954,33.4099473082,6,http://tong.visitkorea.or.kr/cms/resource/09/2870509_image2_1.jpg,http://tong.visitkorea.or.kr/cms/resource/09/2870509_image3_1.jpg,Type3,20221019143959,20251023143000,39,4,50,110,A05,A0502,A05020100,FD,FD01,FD010100
2870537,39,귤품은흑돼지 제주공항점,제주특별자치도 제주시 도두항서길 42,,63113,,126.4639059537,33.5063870002,6,http://tong.visitkorea.or.kr/cms/resource/33/2870533_image2_1.jpg,http://tong.visitkorea.or.kr/cms/resource/33/2870533_image3_1.jpg,Type3,20221019144528,20251023143000,39,4,50,110,A05,A0502,A05020100,FD,FD01,FD010100
2870559,39,금악 똣똣라면,제주특별자치도 제주시 한림읍 금악로 18,,63019,,126.2966404832,33.3586812581,6,http://tong.visitkorea.or.kr/cms/resource/54/2870554_image2_1.jpg,http://tong.visitkorea.or.kr/cms/resource/54/2870554_image3_1.jpg,Type3,20221019145243,20250625095355,39,4,50,110,A05,A0502,A05020100,FD,FD03,FD030400
2870589,39,도갈비,제주특별자치도 제주시 한라대학로 85 (노형동),,63089,,126.4793136221,33.4765544369,6,http://tong.visitkorea.or.kr/cms/resource/83/2870583_image2_1.jpg,http://tong.visitkorea.or.kr/cms/resource/83/2870583_image3_1.jpg,Type3,20221019150504,20250625101646,39,4,50,110,A05,A0502,A05020100,FD,FD01,FD010100
2870596,39,도두후레쉬,제주특별자치도 제주시 도공로 34 (도두일동),,63112,,126.4658975168,33.5032984850,6,http://tong.visitkorea.or.kr/cms/resource/95/2870595_image2_1.jpg,http://tong.visitkorea.or.kr/cms/resource/95/2870595_image3_1.jpg,Type3,20221019151143,20250625103023,39,4,50,110,A05,A0502,A05020200,FD,FD03,FD030200
2870602,39,뚱딴지 애월본점,제주특별자치도 제주시 애월읍 부룡수길 17,,63047,,126.3546795570,33.4745603930,6,https://tong.visitkorea.or.kr/cms/resource/37/3544837_image2_1.jpg,https://tong.visitkorea.or.kr/cms/resource/37/3544837_image3_1.jpg,Type3,20221019151832,20260804100307,,,50,110,,,,FD,FD01,FD010100
2870608,39,로맨틱새우 애월곽지본점,제주특별자치도 제주시 애월읍 곽지1길 12-12 (곽지어촌계펜션),,63034,,126.3051849634,33.4480465039,6,http://tong.visitkorea.or.kr/cms/resource/06/2870606_image2_1.jpg,http://tong.visitkorea.or.kr/cms/resource/06/2870606_image3_1.jpg,Type3,20221019152406,20250625110354,39,4,50,110,A05,A0502,A05020200,FD,FD02,FD020300
2870619,39,바당한그릇,제주특별자치도 제주시 애월읍 애월해안로 552-3,,63047,,126.3624376332,33.4784329318,6,http://tong.visitkorea.or.kr/cms/resource/12/2870612_image2_1.jpg,http://tong.visitkorea.or.kr/cms/resource/12/2870612_image3_1.jpg,Type3,20221019152919,20250625111426,39,4,50,110,A05,A0502,A05020100,FD,FD01,FD010100
2870651,39,섬소나이 우도본점,제주특별자치도 제주시 우도면 우도해안길 814,,63365,,126.9576601478,33.5133691617,6,http://tong.visitkorea.or.kr/cms/resource/47/2870647_image2_1.jpg,http://tong.visitkorea.or.kr/cms/resource/47/2870647_image3_1.jpg,Type3,20221019155330,20250625113323,39,4,50,110,A05,A0502,A05020400,FD,FD02,FD020100
2870797,39,어머니의뜻을담다 단지,제주특별자치도 제주시 하귀2길 66,1층,63053,,126.41185721493,33.4892763485948,6,,,,20221019163117,20260304100426,,,50,110,,,,FD,FD01,FD010100
2870835,39,토토네,제주특별자치도 제주시 하귀10길 49-2,102호,63053,,126.4106831878,33.4894213675,6,http://tong.visitkorea.or.kr/cms/resource/28/2870828_image2_1.JPG,http://tong.visitkorea.or.kr/cms/resource/28/2870828_image3_1.JPG,Type3,20221019164128,20250117110424,39,4,50,110,A05,A0502,A05020900,FD,FD05,FD050100
2870843,39,제주시새우리,제주특별자치도 제주시 무근성7길 24 (삼도이동),,63166,,126.5207480456,33.5146397691,6,http://tong.visitkorea.or.kr/cms/resource/33/2870833_image2_1.jpg,http://tong.visitkorea.or.kr/cms/resource/33/2870833_image3_1.jpg,Type3,20221019164536,20250627095308,39,4,50,110,A05,A0502,A05020100,FD,FD01,FD010100
2870869,39,참맛나김밥,제주특별자치도 제주시 한라대학로 31 (노형동),,63088,,126.4750333913,33.4786485812,6,http://tong.visitkorea.or.kr/cms/resource/67/2870867_image2_1.jpg,http://tong.visitkorea.or.kr/cms/resource/67/2870867_image3_1.jpg,Type3,20221019165330,20250627100555,39,4,50,110,A05,A0502,A05020100,FD,FD03,FD030400
2870910,39,사랑분식,제주특별자치도 제주시 동문로4길 12 (일도일동),,63264,,126.5278585879,33.5124928981,6,http://tong.visitkorea.or.kr/cms/resource/96/2870896_image2_1.jpg,http://tong.visitkorea.or.kr/cms/resource/96/2870896_image3_1.jpg,Type3,20221019170007,20250627101604,39,4,50,110,A05,A0502,A05020100,FD,FD03,FD030400
2870912,39,포도원흑돼지,제주특별자치도 제주시 수목원길 51 (연동),,63141,,126.4901906019,33.4700581065,6,http://tong.visitkorea.or.kr/cms/resource/95/2870895_image2_1.jpg,http://tong.visitkorea.or.kr/cms/resource/95/2870895_image3_1.jpg,Type3,20221019170017,20250627103401,39,4,50,110,A05,A0502,A05020100,FD,FD01,FD010100
2870937,39,메콩스카이,제주특별자치도 제주시 연오로 35 (오라삼동),,63145,,126.5020363394,33.4901477379,6,http://tong.visitkorea.or.kr/cms/resource/18/2870918_image2_1.jpg,http://tong.visitkorea.or.kr/cms/resource/18/2870918_image3_1.jpg,Type3,20221019170535,20250627103945,39,4,50,110,A05,A0502,A05020700,FD,FD02,FD020400
2870955,39,성산포 자연산 회센타,제주특별자치도 서귀포시 성산읍 한도로 67,,63639,,126.9154092981,33.4681706940,6,http://tong.visitkorea.or.kr/cms/resource/46/2870946_image2_1.jpg,http://tong.visitkorea.or.kr/cms/resource/46/2870946_image3_1.jpg,Type3,20221019171034,20250627105319,39,3,50,130,A05,A0502,A05020100,FD,FD01,FD010100
2870974,39,협재신국수,제주특별자치도 제주시 한림읍 명재로 17,,63011,,126.2488049381,33.3952264638,6,http://tong.visitkorea.or.kr/cms/resource/66/2870966_image2_1.jpg,http://tong.visitkorea.or.kr/cms/resource/66/2870966_image3_1.jpg,Type3,20221019171517,20250627110347,39,4,50,110,A05,A0502,A05020100,FD,FD01,FD010100
2871099,39,카페 동백,제주특별자치도 제주시 조천읍 동백로 68,,63340,,126.7144980053,33.5091407006,6,http://tong.visitkorea.or.kr/cms/resource/88/2871088_image2_1.jpg,http://tong.visitkorea.or.kr/cms/resource/88/2871088_image3_1.jpg,Type3,20221020094251,20250627111805,39,4,50,110,A05,A0502,A05020900,FD,FD05,FD050100
2871851,39,누이밥집,제주특별자치도 서귀포시 중산간서로 695 (회수동),,63539,,126.4411800675,33.2631329802,6,http://tong.visitkorea.or.kr/cms/resource/45/2871845_image2_1.jpg,http://tong.visitkorea.or.kr/cms/resource/45/2871845_image3_1.jpg,Type3,20221020143928,20250630114052,39,3,50,130,A05,A0502,A05020100,FD,FD01,FD010100
2871863,39,포하노이,제주특별자치도 제주시 광령중길 133-2 예그리나,,63062,,126.4363513218,33.4486068479,6,http://tong.visitkorea.or.kr/cms/resource/43/2871843_image2_1.jpg,http://tong.visitkorea.or.kr/cms/resource/43/2871843_image3_1.jpg,Type3,20221020143956,20251023143000,39,4,50,110,A05,A0502,A05020700,FD,FD02,FD020400
2871879,39,모해통갈치화덕구이,제주특별자치도 서귀포시 성산읍 일출로 267,,63643,,126.9337411898,33.4618078051,6,http://tong.visitkorea.or.kr/cms/resource/67/2871867_image2_1.jpg,http://tong.visitkorea.or.kr/cms/resource/67/2871867_image3_1.jpg,Type3,20221020144441,20250630132047,39,3,50,130,A05,A0502,A05020100,FD,FD01,FD010100
2871897,39,뱅인타코 제주본점,제주특별자치도 서귀포시 대정읍 에듀시티로 74 (라온프라이빗에듀),,63644,,126.2826099295,33.2886026732,6,http://tong.visitkorea.or.kr/cms/resource/82/2871882_image2_1.jpg,http://tong.visitkorea.or.kr/cms/resource/82/2871882_image3_1.jpg,Type3,20221020144908,20250630165232,39,3,50,130,A05,A0502,A05020200,FD,FD02,FD020300
2871898,39,제주연탄길 신제주본점,제주특별자치도 제주시 연화남길 10 (연동),,63141,,126.4894322054,33.4757463539,6,http://tong.visitkorea.or.kr/cms/resource/92/2871892_image2_1.jpg,http://tong.visitkorea.or.kr/cms/resource/92/2871892_image3_1.jpg,Type3,20221020144936,20250630175824,39,4,50,110,A05,A0502,A05020100,FD,FD01,FD010100
2871913,39,봉주르마담,제주특별자치도 서귀포시 대청로 33 (강정동),,63559,,126.5033360199,33.2527962138,6,http://tong.visitkorea.or.kr/cms/resource/06/2871906_image2_1.jpg,http://tong.visitkorea.or.kr/cms/resource/06/2871906_image3_1.jpg,Type3,20221020145344,20250701134300,39,3,50,130,A05,A0502,A05020900,FD,FD03,FD030100
2871919,39,어멍이해녀,제주특별자치도 제주시 구좌읍 해맞이해안로 2244,,63364,,126.9112117082,33.4998782328,6,http://tong.visitkorea.or.kr/cms/resource/11/2871911_image2_1.jpg,http://tong.visitkorea.or.kr/cms/resource/11/2871911_image3_1.jpg,Type3,20221020145416,20250701135535,39,4,50,110,A05,A0502,A05020100,FD,FD01,FD010100
2871931,39,센트로,제주특별자치도 서귀포시 태평로 449 (서귀동),,63595,,126.5675833663,33.2466895723,6,http://tong.visitkorea.or.kr/cms/resource/21/2871921_image2_1.jpg,http://tong.visitkorea.or.kr/cms/resource/21/2871921_image3_1.jpg,Type3,20221020145739,20250701141221,39,3,50,130,A05,A0502,A05020200,FD,FD02,FD020300
2871934,39,배셰프,제주특별자치도 제주시 구산로 3 (아라일동),,63236,,126.5362973823,33.4843433703,6,http://tong.visitkorea.or.kr/cms/resource/25/2871925_image2_1.jpg,http://tong.visitkorea.or.kr/cms/resource/25/2871925_image3_1.jpg,Type3,20221020145859,20250701142205,39,4,50,110,A05,A0502,A05020400,FD,FD02,FD020100
2871954,39,수망다원,제주특별자치도 서귀포시 남원읍 태수로608번길 84,,63615,,126.7189265562,33.3365903957,6,http://tong.visitkorea.or.kr/cms/resource/39/2871939_image2_1.jpg,http://tong.visitkorea.or.kr/cms/resource/39/2871939_image3_1.jpg,Type3,20221020150259,20250701143713,39,3,50,130,A05,A0502,A05020900,FD,FD05,FD050100
2871956,39,만복반미 노형 본점,제주특별자치도 제주시 수덕9길 82-4 (노형동),,63103,,126.4702031482,33.4834035344,6,http://tong.visitkorea.or.kr/cms/resource/49/2871949_image2_1.jpg,http://tong.visitkorea.or.kr/cms/resource/49/2871949_image3_1.jpg,Type3,20221020150334,20250701145011,39,4,50,110,A05,A0502,A05020700,FD,FD02,FD020400
2871971,39,시스터필드,제주특별자치도 서귀포시 월드컵로 8 (강정동),,63560,,126.5073357581,33.2490216935,6,http://tong.visitkorea.or.kr/cms/resource/59/2871959_image2_1.jpg,http://tong.visitkorea.or.kr/cms/resource/59/2871959_image3_1.jpg,Type3,20221020150706,20250701150131,39,3,50,130,A05,A0502,A05020900,FD,FD03,FD030100
2871977,39,김녕에사는김영훈,제주특별자치도 제주시 구좌읍 김녕로6길 2,,63357,,126.7463525363,33.5542973273,6,http://tong.visitkorea.or.kr/cms/resource/68/2871968_image2_1.jpg,http://tong.visitkorea.or.kr/cms/resource/68/2871968_image3_1.jpg,Type3,20221020150809,20250701151132,39,4,50,110,A05,A0502,A05020900,FD,FD05,FD050100
2871986,39,그린페블,제주특별자치도 제주시 한림읍 수동7길 54-3,,63017,,126.2483810957,33.3449292436,6,http://tong.visitkorea.or.kr/cms/resource/84/2871984_image2_1.jpg,http://tong.visitkorea.or.kr/cms/resource/84/2871984_image3_1.jpg,Type3,20221020151221,20250701152234,39,4,50,110,A05,A0502,A05020900,FD,FD05,FD050100
2871997,39,코우,제주특별자치도 서귀포시 신중로13번길 3-5 (강정동),,63565,,126.5062940212,33.2561625560,6,http://tong.visitkorea.or.kr/cms/resource/91/2871991_image2_1.jpg,http://tong.visitkorea.or.kr/cms/resource/91/2871991_image3_1.jpg,Type3,20221020151641,20250701154544,39,3,50,130,A05,A0502,A05020300,FD,FD02,FD020200
2872007,39,영육일삼,제주특별자치도 서귀포시 이어도로 679 (강정동),,63564,,126.4883516177,33.2344702214,6,http://tong.visitkorea.or.kr/cms/resource/00/2872000_image2_1.jpg,http://tong.visitkorea.or.kr/cms/resource/00/2872000_image3_1.jpg,Type3,20221020152028,20250701171043,39,3,50,130,A05,A0502,A05020300,FD,FD02,FD020200
2872927,12,신촌 4·3 성터,제주특별자치도 제주시 조천읍 신촌리,(3403),63337,,126.6131117136,33.5377303544,6,http://tong.visitkorea.or.kr/cms/resource/79/3389779_image2_1.jpg,http://tong.visitkorea.or.kr/cms/resource/79/3389779_image3_1.jpg,Type3,20221021164141,20250324163842,39,4,50,110,A02,A0201,A02010700,HS,HS01,HS011200
2873679,39,검은노루,제주특별자치도 서귀포시 대정읍 상모로 257,,63510,,126.2617326224,33.2238983821,6,http://tong.visitkorea.or.kr/cms/resource/69/2873669_image2_1.jpg,http://tong.visitkorea.or.kr/cms/resource/69/2873669_image3_1.jpg,Type3,20221024163501,20250703093040,39,3,50,130,A05,A0502,A05020100,FD,FD01,FD010100
2873708,39,모카다방,제주특별자치도 서귀포시 남원읍 태신해안로 125,,63617,,126.7613961079,33.2921987516,6,http://tong.visitkorea.or.kr/cms/resource/89/2873689_image2_1.jpg,http://tong.visitkorea.or.kr/cms/resource/89/2873689_image3_1.jpg,Type3,20221024163913,20250703094626,39,3,50,130,A05,A0502,A05020900,FD,FD05,FD050100
2873724,39,수와래베이커리,제주특별자치도 서귀포시 남원읍 태위로 17,,63611,,126.6498228833,33.2724741457,6,http://tong.visitkorea.or.kr/cms/resource/15/2873715_image2_1.jpg,http://tong.visitkorea.or.kr/cms/resource/15/2873715_image3_1.jpg,Type3,20221024164355,20250703095917,39,3,50,130,A05,A0502,A05020900,FD,FD03,FD030100
2873771,39,취향의섬,제주특별자치도 서귀포시 남원읍 태위로398번길 7,,63610,,126.6898277081,33.2744162356,6,http://tong.visitkorea.or.kr/cms/resource/59/2873759_image2_1.jpg,http://tong.visitkorea.or.kr/cms/resource/59/2873759_image3_1.jpg,Type3,20221024165437,20250703101123,39,3,50,130,A05,A0502,A05020200,FD,FD02,FD020300
2876416,39,다린,제주특별자치도 서귀포시 법환로 11 (법환동),,63573,,126.5138521391,33.2365509509,6,http://tong.visitkorea.or.kr/cms/resource/89/2876389_image2_1.jpg,http://tong.visitkorea.or.kr/cms/resource/89/2876389_image3_1.jpg,Type3,20221026160335,20250704111238,39,3,50,130,A05,A0502,A05020900,FD,FD05,FD050200
2876488,39,바타타식탁,제주특별자치도 서귀포시 표선면 표선동서로264번길 22,,63629,,126.8359360817,33.3271655353,6,http://tong.visitkorea.or.kr/cms/resource/82/2876482_image2_1.JPG,http://tong.visitkorea.or.kr/cms/resource/82/2876482_image3_1.JPG,Type3,20221026162441,20250704112405,39,3,50,130,A05,A0502,A05020100,FD,FD01,FD010100
2876685,39,이정의댁,제주특별자치도 서귀포시 예래로144번길 22-1,,63537,,126.3920651834,33.2496809134,6,http://tong.visitkorea.or.kr/cms/resource/73/2876673_image2_1.jpg,http://tong.visitkorea.or.kr/cms/resource/73/2876673_image3_1.jpg,Type3,20221026172135,20251023143000,39,3,50,130,A05,A0502,A05020900,FD,FD05,FD050100
2876704,39,중문 돌담흑돼지,제주특별자치도 서귀포시 일주서로 909,1층,63534,,126.4132881627,33.2577303589,6,http://tong.visitkorea.or.kr/cms/resource/96/2876696_image2_1.jpg,http://tong.visitkorea.or.kr/cms/resource/96/2876696_image3_1.jpg,Type3,20221026172905,20251023102020,39,3,50,130,A05,A0502,A05020100,FD,FD01,FD010100
2876795,32,그랜드 하얏트 제주,제주특별자치도 제주시 노연로 12 (노형동),,63082,,126.4814715703,33.4852923931,6,http://tong.visitkorea.or.kr/cms/resource/83/2876783_image2_1.jpg,http://tong.visitkorea.or.kr/cms/resource/83/2876783_image3_1.jpg,Type3,20221026175900,20250822173442,39,4,50,110,B02,B0201,B02010100,AC,AC01,AC010100
2876814,39,육도담 제주시청본점,제주특별자치도 제주시 도남로 59,1층,63205,,126.5276839983,33.4950753788,6,http://tong.visitkorea.or.kr/cms/resource/67/2876767_image2_1.JPG,http://tong.visitkorea.or.kr/cms/resource/67/2876767_image3_1.JPG,Type3,20221027093223,20251023103208,39,4,50,110,A05,A0502,A05020100,FD,FD01,FD010100
2876836,39,제주공항그때그집,제주특별자치도 제주시 서해안로 352-1,,63115,,126.4827764432,33.5104174096,6,http://tong.visitkorea.or.kr/cms/resource/24/2876824_image2_1.JPG,http://tong.visitkorea.or.kr/cms/resource/24/2876824_image3_1.JPG,Type3,20221027094227,20251023103948,39,4,50,110,A05,A0502,A05020100,FD,FD01,FD010100
2876854,39,제주또시랑,제주특별자치도 제주시 연북로 724,1층,63305,,126.5532484301,33.4956423901,6,http://tong.visitkorea.or.kr/cms/resource/46/2876846_image2_1.JPG,http://tong.visitkorea.or.kr/cms/resource/46/2876846_image3_1.JPG,Type3,20221027094729,20251023104558,39,4,50,110,A05,A0502,A05020100,FD,FD03,FD030400
2877612,39,두리둠비,제주특별자치도 서귀포시 중문관광로 16 (색달동),1층,63534,,126.4147019510,33.2567416016,6,http://tong.visitkorea.or.kr/cms/resource/99/2877599_image2_1.jpg,http://tong.visitkorea.or.kr/cms/resource/99/2877599_image3_1.jpg,Type3,20221027155023,20251023105135,39,3,50,130,A05,A0502,A05020100,FD,FD01,FD010100
2877634,39,랜딩커피,제주특별자치도 서귀포시 신양로122번길 45-1,,63641,,126.9189153017,33.4355354670,6,http://tong.visitkorea.or.kr/cms/resource/22/2877622_image2_1.jpg,http://tong.visitkorea.or.kr/cms/resource/22/2877622_image3_1.jpg,Type3,20221027155439,20251023105718,39,3,50,130,A05,A0502,A05020900,FD,FD05,FD050100
2877645,39,서귀피안 베이커리,제주특별자치도 서귀포시 신양로122번길 17,,63641,,126.9219749494,33.4352519734,6,,,,20221027155943,20260803152816,,,50,130,,,,FD,FD05,FD050100
2877671,39,서홍정원,제주특별자치도 서귀포시 솜반천로55번길 12-8,,63584,,126.5544260403,33.2526164877,6,http://tong.visitkorea.or.kr/cms/resource/55/2877655_image2_1.jpg,http://tong.visitkorea.or.kr/cms/resource/55/2877655_image3_1.jpg,Type3,20221027160406,20251023110215,39,3,50,130,A05,A0502,A05020900,FD,FD05,FD050100
2877734,39,소규모식탁,제주특별자치도 서귀포시 서광남로115번길 12,,63521,,126.2989780683,33.2833896168,6,http://tong.visitkorea.or.kr/cms/resource/25/2877725_image2_1.jpg,http://tong.visitkorea.or.kr/cms/resource/25/2877725_image3_1.jpg,Type3,20221027161837,20251023111122,39,3,50,130,A05,A0502,A05020100,FD,FD01,FD010100
2877751,39,신왕,제주특별자치도 서귀포시 신양로 112,1층,63641,,126.9215622735,33.4364604082,6,http://tong.visitkorea.or.kr/cms/resource/44/2877744_image2_1.jpg,http://tong.visitkorea.or.kr/cms/resource/44/2877744_image3_1.jpg,Type3,20221027162234,20251023111627,39,3,50,130,A05,A0502,A05020400,FD,FD02,FD020100
2877801,39,꼬스뗀뇨,제주특별자치도 제주시 해맞이해안로 2080,,63364,,126.9051064460,33.5101047816,6,http://tong.visitkorea.or.kr/cms/resource/93/2877793_image2_1.jpg,http://tong.visitkorea.or.kr/cms/resource/93/2877793_image3_1.jpg,Type3,20221027163450,20250110162251,39,4,50,110,A05,A0502,A05020900,FD,FD05,FD050100
2877807,39,M1971 카페 엠브릿지,제주특별자치도 서귀포시 최남단해안로 128,M1971 요트클럽하우스 1F,63513,,126.2571416578,33.2101442731,6,http://tong.visitkorea.or.kr/cms/resource/98/2877798_image2_1.jpg,http://tong.visitkorea.or.kr/cms/resource/98/2877798_image3_1.jpg,Type3,20221027163659,20251023170652,39,3,50,130,A05,A0502,A05020900,FD,FD05,FD050100
2877827,39,나이체,제주특별자치도 제주시 인다6길 35 아라힐링,1층,63247,,126.5468327850,33.4752001061,6,http://tong.visitkorea.or.kr/cms/resource/08/2877808_image2_1.jpg,http://tong.visitkorea.or.kr/cms/resource/08/2877808_image3_1.jpg,Type3,20221027163918,20251023171440,39,4,50,110,A05,A0502,A05020900,FD,FD05,FD050100
2877847,39,머문,제주특별자치도 제주시 해맞이해안로 460,2층,63358,,126.7957815474,33.5556035357,6,http://tong.visitkorea.or.kr/cms/resource/36/2877836_image2_1.jpg,http://tong.visitkorea.or.kr/cms/resource/36/2877836_image3_1.jpg,Type3,20221027164342,20251023172555,39,4,50,110,A05,A0502,A05020900,FD,FD05,FD050100
2877937,39,연미정,제주특별자치도 제주시 세평항로 14,,63361,,126.8538549990,33.5246662305,6,http://tong.visitkorea.or.kr/cms/resource/27/2877927_image2_1.jpg,http://tong.visitkorea.or.kr/cms/resource/27/2877927_image3_1.jpg,Type3,20221027165900,20251023174358,39,4,50,110,A05,A0502,A05020100,FD,FD01,FD010100
2877950,39,환영키친,제주특별자치도 제주시 송당2길 2,,63355,,126.7818624665,33.4714903929,6,http://tong.visitkorea.or.kr/cms/resource/47/2877947_image2_1.jpg,http://tong.visitkorea.or.kr/cms/resource/47/2877947_image3_1.jpg,Type3,20221027170301,20251024105439,39,4,50,110,A05,A0502,A05020200,FD,FD02,FD020300
2891382,39,초가헌,제주특별자치도 서귀포시 표선면 중산간동로 4628,,63624,,126.8012793071,33.3903524480,6,http://tong.visitkorea.or.kr/cms/resource/86/2877686_image2_1.JPG,http://tong.visitkorea.or.kr/cms/resource/86/2877686_image3_1.JPG,Type3,20221031102723,20250905100147,39,3,50,130,A05,A0502,A05020900,FD,FD05,FD050100
2891397,39,한길정,제주특별자치도 서귀포시 중산간동로 8128-6,,63578,,126.5484040845,33.2639818043,6,http://tong.visitkorea.or.kr/cms/resource/08/2877708_image2_1.JPG,http://tong.visitkorea.or.kr/cms/resource/08/2877708_image3_1.JPG,Type3,20221031103252,20251024111625,39,3,50,130,A05,A0502,A05020100,FD,FD01,FD010100
2891399,39,젤코바 베이커리 카페,제주특별자치도 제주시 하소로 1,,63050,,126.3998926774,33.4797861527,6,http://tong.visitkorea.or.kr/cms/resource/17/2877717_image2_1.jpg,http://tong.visitkorea.or.kr/cms/resource/17/2877717_image3_1.jpg,Type3,20221031103522,20251024112706,39,4,50,110,A05,A0502,A05020900,FD,FD05,FD050100
2891424,39,카페하귀리,제주특별자치도 제주시 일주서로 7000,,63050,,126.3983789075,33.4803471778,6,http://tong.visitkorea.or.kr/cms/resource/38/2877738_image2_1.jpg,http://tong.visitkorea.or.kr/cms/resource/38/2877738_image3_1.jpg,Type3,20221031113533,20251024113221,39,4,50,110,A05,A0502,A05020900,FD,FD05,FD050100
2891431,39,하귀정담,제주특별자치도 제주시 중앙로12길 21 (삼도이동),,63168,,126.5224396217,33.5121511830,6,http://tong.visitkorea.or.kr/cms/resource/49/2877749_image2_1.JPG,http://tong.visitkorea.or.kr/cms/resource/49/2877749_image3_1.JPG,Type3,20221031114012,20250905170445,39,4,50,110,A05,A0502,A05020100,FD,FD01,FD010100
2891438,39,헬로남생이,제주특별자치도 제주시 원당북로 197-20,,63338,,126.6140367267,33.5336113809,6,http://tong.visitkorea.or.kr/cms/resource/65/2877765_image2_1.jpg,http://tong.visitkorea.or.kr/cms/resource/65/2877765_image3_1.jpg,Type3,20221031114253,20251024113813,39,4,50,110,A05,A0502,A05020900,FD,FD05,FD050100
2892239,39,볕이드는곳벧디,제주특별자치도 제주시 은수길 65,,63141,,126.4871991809,33.4706857673,6,http://tong.visitkorea.or.kr/cms/resource/93/2891893_image2_1.jpg,http://tong.visitkorea.or.kr/cms/resource/93/2891893_image3_1.jpg,Type3,20221101105406,20250117110021,39,4,50,110,A05,A0502,A05020900,FD,FD05,FD050100
2892256,39,블리스풀,제주특별자치도 제주시 애월읍 산록서로 383,1층,63066,,126.4081908825,33.4040863279,6,http://tong.visitkorea.or.kr/cms/resource/05/2891905_image2_1.jpg,http://tong.visitkorea.or.kr/cms/resource/05/2891905_image3_1.jpg,Type3,20221101105747,20251024155529,39,4,50,110,A05,A0502,A05020900,FD,FD05,FD050100
2892282,39,영국찻집,제주특별자치도 제주시 녹근로 19-15,,63039,,126.3141237647,33.4172639406,6,http://tong.visitkorea.or.kr/cms/resource/33/2891933_image2_1.jpg,http://tong.visitkorea.or.kr/cms/resource/33/2891933_image3_1.jpg,Type3,20221101112917,20251024160226,39,4,50,110,A05,A0502,A05020900,FD,FD05,FD050100
2892313,39,커피냅로스터스 제주,제주특별자치도 제주시 하귀2길 45,1층,63053,,126.4138690241,33.4893353163,6,http://tong.visitkorea.or.kr/cms/resource/44/2891944_image2_1.jpg,http://tong.visitkorea.or.kr/cms/resource/44/2891944_image3_1.jpg,Type3,20221101114116,20251024162100,39,4,50,110,A05,A0502,A05020900,FD,FD05,FD050100
2892326,39,콜린 제주,제주특별자치도 제주시 애월로1길 24-8,,63043,,126.3104425058,33.4629116076,6,http://tong.visitkorea.or.kr/cms/resource/52/2891952_image2_1.jpg,http://tong.visitkorea.or.kr/cms/resource/52/2891952_image3_1.jpg,Type3,20221101114423,20251024164016,39,4,50,110,A05,A0502,A05020900,FD,FD05,FD050100
2892380,39,홀츠 애월,제주특별자치도 제주시 하소로 681-13,나동,63067,,126.3965636592,33.4243616788,6,http://tong.visitkorea.or.kr/cms/resource/70/2891970_image2_1.jpg,http://tong.visitkorea.or.kr/cms/resource/70/2891970_image3_1.jpg,Type3,20221101133957,20251024164921,39,4,50,110,A05,A0502,A05020900,FD,FD05,FD050100
2893644,38,내셔널지오그래픽 신제주점,제주특별자치도 제주시 신광로 43-1 (연동),,63124,,126.490292777359,33.4881508974599,6,https://tong.visitkorea.or.kr/cms/resource/41/4020341_image2_1.jpg,https://tong.visitkorea.or.kr/cms/resource/41/4020341_image3_1.jpg,Type3,20221031191622,20260316105417,,,50,110,,,,SH,SH04,SH040300
2893659,38,마트로 탑동점,제주특별자치도 제주시 중앙로 13 (건입동),,63276,,126.525430707999,33.5170046063801,6,https://tong.visitkorea.or.kr/cms/resource/10/4045710_image2_1.jpg,https://tong.visitkorea.or.kr/cms/resource/10/4045710_image3_1.jpg,Type3,20221101154441,20260326092041,,,50,110,,,,SH,SH04,SH040300
2893682,38,뉴월드마트 신제주점,제주특별자치도 제주시 연동12길 3 (연동),,63133,,126.493378922921,33.4853493217504,6,https://tong.visitkorea.or.kr/cms/resource/43/4020343_image2_1.jpg,https://tong.visitkorea.or.kr/cms/resource/43/4020343_image3_1.jpg,Type3,20221101154426,20260319094959,,,50,110,,,,SH,SH04,SH040300
2893702,39,회춘 애월점,제주특별자치도 제주시 가문동길 80,1층,63050,,126.3907765945,33.4890710908,6,http://tong.visitkorea.or.kr/cms/resource/94/2893694_image2_1.jpg,http://tong.visitkorea.or.kr/cms/resource/94/2893694_image3_1.jpg,Type3,20221102142127,20250117111701,39,4,50,110,A05,A0502,A05020900,FD,FD05,FD050100
2893725,39,제주해물밥,제주특별자치도 제주시 월대3길 14-6,,63068,,126.4339782641,33.4947350372,6,http://tong.visitkorea.or.kr/cms/resource/21/2893721_image2_1.jpg,http://tong.visitkorea.or.kr/cms/resource/21/2893721_image3_1.jpg,Type3,20221102142645,20251023143000,39,4,50,110,A05,A0502,A05020100,FD,FD01,FD010100
2893743,39,썬셋클리프,제주특별자치도 제주시 애월로1길 19-8,,63043,,126.3107175054,33.4618395082,6,http://tong.visitkorea.or.kr/cms/resource/37/2893737_image2_1.jpg,http://tong.visitkorea.or.kr/cms/resource/37/2893737_image3_1.jpg,Type3,20221102143128,20251023143000,39,4,50,110,A05,A0502,A05020900,FD,FD05,FD050100
2893826,38,루이까스텔 신제주점,제주특별자치도 제주시 도령로 21 (노형동),,63098,,126.481390371176,33.4873747469543,6,https://tong.visitkorea.or.kr/cms/resource/43/4020143_image2_1.jpg,https://tong.visitkorea.or.kr/cms/resource/43/4020143_image3_1.jpg,Type3,20221101024048,20260401050304,,,50,110,,,,SH,SH04,SH040300
2893839,38,아디다스키즈 제주점,제주특별자치도 제주시 중앙로7길 12 (일도일동),,63277,,126.525940852008,33.5147445606913,6,https://tong.visitkorea.or.kr/cms/resource/51/4020351_image2_1.jpg,https://tong.visitkorea.or.kr/cms/resource/51/4020351_image3_1.jpg,Type3,20221101031503,20260319094959,,,50,110,,,,SH,SH04,SH040300
2893882,38,아디다스 서귀포점,제주특별자치도 서귀포시 중정로 81 (서귀동),,63591,,126.564906605857,33.2484924257187,6,https://tong.visitkorea.or.kr/cms/resource/21/4017321_image2_1.jpg,https://tong.visitkorea.or.kr/cms/resource/21/4017321_image3_1.jpg,Type3,20221031183259,20260316103559,,,50,130,,,,SH,SH04,SH040300
2893962,38,베네통,제주특별자치도 제주시 칠성로길 32-1 (일도일동),,63277,,126.526303199923,33.5142606208187,6,https://tong.visitkorea.or.kr/cms/resource/97/4020397_image2_1.jpg,https://tong.visitkorea.or.kr/cms/resource/97/4020397_image3_1.jpg,Type3,20221031084804,20260407003751,,,50,110,,,,SH,SH04,SH040300
2893975,38,디스커버리 신제주점,제주특별자치도 제주시 신광로 38 (연동),1층,63129,,126.489846438993,33.4887403248952,6,https://tong.visitkorea.or.kr/cms/resource/09/4043209_image2_1.jpg,https://tong.visitkorea.or.kr/cms/resource/09/4043209_image3_1.jpg,Type3,20221031165631,20260327092150,,,50,110,,,,SH,SH04,SH040300
2894043,38,이니스프리 제주하우스,제주특별자치도 서귀포시 안덕면 신화역사로 23,,63521,,126.290892953867,33.3066749563549,6,https://tong.visitkorea.or.kr/cms/resource/64/4020064_image2_1.jpg,https://tong.visitkorea.or.kr/cms/resource/64/4020064_image3_1.jpg,Type3,20221030145456,20260401045439,,,50,130,,,,SH,SH04,SH040300
2894117,38,테디베어하우스 테지움,제주특별자치도 제주시 애월읍 평화로 2159,,63037,,126.393536428307,33.4122174958603,6,https://tong.visitkorea.or.kr/cms/resource/81/4020581_image2_1.jpeg,https://tong.visitkorea.or.kr/cms/resource/81/4020581_image3_1.jpeg,Type3,20221030154817,20260401013640,,,50,110,,,,SH,SH04,SH040300
2894407,39,흑돼지해물삼합,제주특별자치도 서귀포시 태평로482번길 50,,63595,,126.5703303734,33.2456869486,6,http://tong.visitkorea.or.kr/cms/resource/00/2894400_image2_1.jpg,http://tong.visitkorea.or.kr/cms/resource/00/2894400_image3_1.jpg,Type3,20221102172612,20251028100124,39,3,50,130,A05,A0502,A05020100,FD,FD01,FD010100
2894478,39,소리원,제주특별자치도 제주시 연동12길 37,,63136,,126.4932011692,33.4825012221,6,http://tong.visitkorea.or.kr/cms/resource/12/2894412_image2_1.jpg,http://tong.visitkorea.or.kr/cms/resource/12/2894412_image3_1.jpg,Type3,20221103094515,20251028100717,39,4,50,110,A05,A0502,A05020400,FD,FD02,FD020100
2894496,39,순두부엔짬뽕,제주특별자치도 제주시 통물길 30,,63071,,126.4348421978,33.4894328604,6,http://tong.visitkorea.or.kr/cms/resource/89/2894489_image2_1.jpg,http://tong.visitkorea.or.kr/cms/resource/89/2894489_image3_1.jpg,Type3,20221103095123,20250121175943,39,4,50,110,A05,A0502,A05020100,FD,FD01,FD010100
2894522,39,풍천만가,제주특별자치도 제주시 아연로 40,,63142,,126.4982369392,33.4782462172,6,,,,20221103101507,20250320131457,39,4,50,110,A05,A0502,A05020100,FD,FD01,FD010100
2894609,38,헬로키티아일랜드,제주특별자치도 서귀포시 안덕면 한창로 340,,63526,,126.35212415348,33.2901706416181,6,https://tong.visitkorea.or.kr/cms/resource/95/4020595_image2_1.jpg,https://tong.visitkorea.or.kr/cms/resource/95/4020595_image3_1.jpg,Type3,20221030145506,20260330091611,,,50,130,,,,SH,SH04,SH040300
2899428,39,흑본오겹 함덕점,제주특별자치도 제주시 신북로 454,,63333,,126.6587242813,33.5436693167,6,http://tong.visitkorea.or.kr/cms/resource/16/2899416_image2_1.jpg,http://tong.visitkorea.or.kr/cms/resource/16/2899416_image3_1.jpg,Type3,20221107101400,20251028102859,39,4,50,110,A05,A0502,A05020100,FD,FD01,FD010100
2899449,39,트라인커피,제주특별자치도 제주시 와흘상길 32,,63344,,126.6332192986,33.4939660761,6,http://tong.visitkorea.or.kr/cms/resource/42/2899442_image2_1.jpg,http://tong.visitkorea.or.kr/cms/resource/42/2899442_image3_1.jpg,Type3,20221107101757,20251028103324,39,4,50,110,A05,A0502,A05020900,FD,FD05,FD050100
2899468,39,카페유주,제주특별자치도 제주시 한림상로 17,,63012,,126.2572346129,33.4054781002,6,,,,20221107102155,20260619151939,,,50,110,,,,FD,FD05,FD050100
2899491,39,점점,제주특별자치도 제주시 신촌북3길 39-3,1층,63337,,126.6152615419,33.5370637960,6,http://tong.visitkorea.or.kr/cms/resource/84/2899484_image2_1.jpg,http://tong.visitkorea.or.kr/cms/resource/84/2899484_image3_1.jpg,Type3,20221107102714,20251028104514,39,4,50,110,A05,A0502,A05020900,FD,FD05,FD050100
2899509,39,자연과사람들 밀면,제주특별자치도 제주시 남조로 2185,,63345,,126.6613759501,33.4604841192,6,http://tong.visitkorea.or.kr/cms/resource/02/2899502_image2_1.jpg,http://tong.visitkorea.or.kr/cms/resource/02/2899502_image3_1.jpg,Type3,20221107103058,20251028104759,39,4,50,110,A05,A0502,A05020100,FD,FD01,FD010100
2899528,39,양가형제,제주특별자치도 제주시 청수동8길 3,,63006,,126.2539592266,33.3072473859,6,http://tong.visitkorea.or.kr/cms/resource/20/2899520_image2_1.jpg,http://tong.visitkorea.or.kr/cms/resource/20/2899520_image3_1.jpg,Type3,20221107103517,20251023143000,39,4,50,110,A05,A0502,A05020200,FD,FD03,FD030200
2899545,39,아베베베이커리,제주특별자치도 제주시 동문로6길 4,동문시장 12번 게이트 옆,63264,,126.5288029453,33.5126845582,6,http://tong.visitkorea.or.kr/cms/resource/38/2899538_image2_1.jpg,http://tong.visitkorea.or.kr/cms/resource/38/2899538_image3_1.jpg,Type3,20221107103939,20251023143000,39,4,50,110,A05,A0502,A05020900,FD,FD03,FD030100
2899568,39,블루메베이글,제주특별자치도 제주시 가령로4길 3,,63210,,126.5331112664,33.4967419470,6,http://tong.visitkorea.or.kr/cms/resource/60/2899560_image2_1.jpg,http://tong.visitkorea.or.kr/cms/resource/60/2899560_image3_1.jpg,Type3,20221107104406,20251023143000,39,4,50,110,A05,A0502,A05020900,FD,FD03,FD030100
2899586,39,부온,제주특별자치도 제주시 구남동2길 26,,63232,,126.5352862427,33.4894650097,6,http://tong.visitkorea.or.kr/cms/resource/79/2899579_image2_1.jpg,http://tong.visitkorea.or.kr/cms/resource/79/2899579_image3_1.jpg,Type3,20221107104813,20251023143000,39,4,50,110,A05,A0502,A05020300,FD,FD02,FD020200
2899599,39,베카신,제주특별자치도 제주시 우진오름길 144,1층,63341,,126.7102243865,33.4649816279,6,,,,20221107110409,20251023143000,39,4,50,110,A05,A0502,A05020900,FD,FD03,FD030100
2899605,39,반디파스타,제주특별자치도 제주시 조함해안로 528,3층,63333,,126.669212607777,33.5424881703155,6,https://tong.visitkorea.or.kr/cms/resource/00/2899600_image2_1.jpg,https://tong.visitkorea.or.kr/cms/resource/00/2899600_image3_1.jpg,Type3,20221107110903,20260319094959,,,50,110,,,,FD,FD02,FD020300
2899623,39,무거버거,제주특별자치도 제주시 조천읍 조함해안로 356,,63332,,126.6551050241,33.5492186441,6,http://tong.visitkorea.or.kr/cms/resource/10/2899610_image2_1.jpg,http://tong.visitkorea.or.kr/cms/resource/10/2899610_image3_1.jpg,Type3,20221107111259,20251023143000,39,4,50,110,A05,A0502,A05020200,FD,FD03,FD030200
2899667,39,먹돌 제주본점,제주특별자치도 제주시 공항로1길 14 (용담이동),1층,63164,,126.4975003109,33.5038711465,6,,,,20221107123103,20250320132237,39,4,50,110,A05,A0502,A05020100,FD,FD01,FD010100
2899679,39,마두천손칼국수,제주특별자치도 제주시 용해로 45,,63158,,126.5029912907,33.5131340969,6,http://tong.visitkorea.or.kr/cms/resource/78/2899678_image2_1.jpg,http://tong.visitkorea.or.kr/cms/resource/78/2899678_image3_1.jpg,Type3,20221107124005,20251023143000,39,4,50,110,A05,A0502,A05020100,FD,FD01,FD010100
2899703,39,73st,제주특별자치도 제주시 해안마을길 73,,63077,,126.4551439425,33.4570339914,6,http://tong.visitkorea.or.kr/cms/resource/02/2899702_image2_1.jpg,http://tong.visitkorea.or.kr/cms/resource/02/2899702_image3_1.jpg,Type3,20221107125737,20251023143000,39,4,50,110,A05,A0502,A05020900,FD,FD05,FD050100
2899709,39,리틀포레스트,제주특별자치도 서귀포시 월평로 15,,63562,,126.4592955715,33.2448352854,6,http://tong.visitkorea.or.kr/cms/resource/08/2899708_image2_1.jpg,http://tong.visitkorea.or.kr/cms/resource/08/2899708_image3_1.jpg,Type3,20221107130307,20251023143000,39,3,50,130,A05,A0502,A05020900,FD,FD05,FD050100
2899746,39,라임오렌지카페앤플라워,제주특별자치도 서귀포시 칠십리로 330 (토평동),1층,63599,,126.5871089772,33.2464159216,6,https://tong.visitkorea.or.kr/cms/resource/30/2899730_image2_1.jpg,https://tong.visitkorea.or.kr/cms/resource/30/2899730_image3_1.jpg,Type3,20221107131714,20260709170940,,,50,130,,,,FD,FD05,FD050100
2900238,38,에잇세컨즈 제주중앙점,제주특별자치도 제주시 중앙로5길 6 (일도일동),1층,63277,,126.525334280852,33.5152281048346,6,https://tong.visitkorea.or.kr/cms/resource/50/4020350_image2_1.jpg,https://tong.visitkorea.or.kr/cms/resource/50/4020350_image3_1.jpg,Type3,20221031193846,20260316105417,,,50,110,,,,SH,SH04,SH040300
2900852,38,스케쳐스 서귀포점,제주특별자치도 서귀포시 이중섭로 4 (서귀동),,63595,,126.564028389653,33.2476976284742,6,https://tong.visitkorea.or.kr/cms/resource/81/4020081_image2_1.jpg,https://tong.visitkorea.or.kr/cms/resource/81/4020081_image3_1.jpg,Type3,20221031183342,20260319094959,,,50,130,,,,SH,SH04,SH040300
2900956,38,ABC마트 ST 서귀포점,제주특별자치도 서귀포시 중정로91번길 2 (서귀동),,63591,,126.566104856827,33.2486515120337,6,https://tong.visitkorea.or.kr/cms/resource/63/4020363_image2_1.jpg,https://tong.visitkorea.or.kr/cms/resource/63/4020363_image3_1.jpg,Type3,20221031165603,20260319094959,,,50,130,,,,SH,SH04,SH040300
2901159,38,게스언더웨어 제주중앙지하상가점,제주특별자치도 제주시 오현길 74 (이도일동),,63192,,126.525527624994,33.5115740689552,6,https://tong.visitkorea.or.kr/cms/resource/51/4043151_image2_1.jpg,https://tong.visitkorea.or.kr/cms/resource/51/4043151_image3_1.jpg,Type3,20221031183934,20260327092150,,,50,110,,,,SH,SH04,SH040300
2901162,38,올리브영 제주연동점,제주특별자치도 제주시 신광로 21 (연동),,63125,,126.490334640812,33.4901334899759,6,https://tong.visitkorea.or.kr/cms/resource/70/4029070_image2_1.jpg,https://tong.visitkorea.or.kr/cms/resource/70/4029070_image3_1.jpg,Type3,20221101155729,20260317101258,,,50,110,,,,SH,SH04,SH040300
2901481,38,올리브영 제주탑동점,제주특별자치도 제주시 탑동로 15-1 (삼도이동),,63166,,126.523031926234,33.5170248751898,6,https://tong.visitkorea.or.kr/cms/resource/92/4029092_image2_1.jpg,https://tong.visitkorea.or.kr/cms/resource/92/4029092_image3_1.jpg,Type3,20221101091548,20260317101258,,,50,110,,,,SH,SH04,SH040300
2901520,38,오설록 티 뮤지엄,제주특별자치도 서귀포시 안덕면 신화역사로 15,,63521,,126.289492214804,33.3059240323368,6,https://tong.visitkorea.or.kr/cms/resource/22/4017322_image2_1.jpg,https://tong.visitkorea.or.kr/cms/resource/22/4017322_image3_1.jpg,Type3,20221030145447,20260318101005,,,50,130,,,,SH,SH04,SH040300
2902472,38,제주사랑농수산,제주특별자치도 제주시 구좌읍 행원로13길 66,,63358,,126.817469246916,33.5533564846247,6,https://tong.visitkorea.or.kr/cms/resource/07/4043307_image2_1.jpg,https://tong.visitkorea.or.kr/cms/resource/07/4043307_image3_1.jpg,Type3,20221030145001,20260327092150,,,50,110,,,,SH,SH04,SH040300
2902737,39,바움하우스,제주특별자치도 제주시 서해안로 448,1층,63114,,126.4875064221,33.5177194543,6,http://tong.visitkorea.or.kr/cms/resource/29/2902729_image2_1.jpg,http://tong.visitkorea.or.kr/cms/resource/29/2902729_image3_1.jpg,Type3,20221109105306,20251031102014,39,4,50,110,A05,A0502,A05020100,FD,FD01,FD010100
2902757,39,카페오놀,제주특별자치도 서귀포시 대포로 174,2층,63543,,126.43965,33.23866,6,https://tong.visitkorea.or.kr/cms/resource/80/4058280_image2_1.png,https://tong.visitkorea.or.kr/cms/resource/80/4058280_image3_1.png,Type3,20221109110159,20260415161739,,,50,130,,,,FD,FD05,FD050100
2902758,39,뿌리와열매,제주특별자치도 제주시 중산간동로 2255,,63355,,126.7838706179,33.4718264992,6,http://tong.visitkorea.or.kr/cms/resource/55/2902755_image2_1.jpg,http://tong.visitkorea.or.kr/cms/resource/55/2902755_image3_1.jpg,Type3,20221109110315,20251031103926,39,4,50,110,A05,A0502,A05020200,FD,FD02,FD020300
2902776,39,쁠랑뜨,제주특별자치도 제주시 1100로 2977-15,,63078,,126.4855025099,33.4528293831,6,http://tong.visitkorea.or.kr/cms/resource/64/2902764_image2_1.jpg,http://tong.visitkorea.or.kr/cms/resource/64/2902764_image3_1.jpg,Type3,20221109110855,20250120103522,39,4,50,110,A05,A0502,A05020900,FD,FD05,FD050100
2902838,38,올리브영 제주함덕점,제주특별자치도 제주시 조천읍 조함해안로 522,,63333,,126.668620085566,33.5424884822858,6,https://tong.visitkorea.or.kr/cms/resource/85/4029085_image2_1.png,https://tong.visitkorea.or.kr/cms/resource/85/4029085_image3_1.png,Type3,20221101000425,20260317101258,,,50,110,,,,SH,SH04,SH040300
2902911,39,아일랜드팩토리 풍류,제주특별자치도 제주시 관덕로8길 31,,63169,,126.5233756881,33.5105485969,6,http://tong.visitkorea.or.kr/cms/resource/05/2902905_image2_1.jpg,http://tong.visitkorea.or.kr/cms/resource/05/2902905_image3_1.jpg,Type3,20221109114949,20251031133048,39,4,50,110,A05,A0502,A05020900,FD,FD05,FD050100
2902941,38,내셔널지오그래픽 제주점,제주특별자치도 제주시 중앙로 37 (일도일동),,63277,,126.524881049205,33.5150088136572,6,https://tong.visitkorea.or.kr/cms/resource/80/4020380_image2_1.jpg,https://tong.visitkorea.or.kr/cms/resource/80/4020380_image3_1.jpg,Type3,20221031191640,20260316105417,,,50,110,,,,SH,SH04,SH040300
2902945,38,핑골프스포츠,제주특별자치도 제주시 신광로 72 (연동),,63132,,126.489613874976,33.485591818842,6,https://tong.visitkorea.or.kr/cms/resource/48/4017448_image2_1.jpeg,https://tong.visitkorea.or.kr/cms/resource/48/4017448_image3_1.jpeg,Type3,20221101061345,20260318101005,,,50,110,,,,SH,SH04,SH040300
2903062,38,크록스 제주점,제주특별자치도 제주시 칠성로길 24 (일도일동),,63277,,126.52536687741,33.5142455866901,6,https://tong.visitkorea.or.kr/cms/resource/82/4020382_image2_1.jpg,https://tong.visitkorea.or.kr/cms/resource/82/4020382_image3_1.jpg,Type3,20221101035407,20260319094959,,,50,110,,,,SH,SH04,SH040300
2903088,39,오스모시스,제주특별자치도 제주시 해맞이해안로 1026,주 1동 1층,63359,,126.8308899530,33.5407946303,6,http://tong.visitkorea.or.kr/cms/resource/75/2903075_image2_1.jpg,http://tong.visitkorea.or.kr/cms/resource/75/2903075_image3_1.jpg,Type3,20221109141449,20251031152214,39,4,50,110,A05,A0502,A05020900,FD,FD05,FD050100
2903123,39,올드북촌,제주특별자치도 제주시 일주동로 1437,1층,63339,,126.6883438872,33.5455418078,6,http://tong.visitkorea.or.kr/cms/resource/94/2903094_image2_1.jpg,http://tong.visitkorea.or.kr/cms/resource/94/2903094_image3_1.jpg,Type3,20221109142635,20251031155236,39,4,50,110,A05,A0502,A05020900,FD,FD05,FD050100
2903378,38,뉴에라 신제주점,제주특별자치도 제주시 신광로 68 (연동),1층,63131,,126.489734975976,33.486206392079,6,https://tong.visitkorea.or.kr/cms/resource/63/4020063_image2_1.jpg,https://tong.visitkorea.or.kr/cms/resource/63/4020063_image3_1.jpg,Type3,20221101135642,20260316105417,,,50,110,,,,SH,SH04,SH040300
2903532,39,돌담너머바다,제주특별자치도 제주시 테우해안로 44-1,,63074,,126.4398055121,33.4957461292,6,http://tong.visitkorea.or.kr/cms/resource/23/2903523_image2_1.jpg,http://tong.visitkorea.or.kr/cms/resource/23/2903523_image3_1.jpg,Type3,20221109163551,20250120101308,39,4,50,110,A05,A0502,A05020200,FD,FD02,FD020300
2904020,38,PXG 제주점,제주특별자치도 제주시 연북로 78 (연동),성남빌딩 1층,63138,,126.489627300934,33.4815414689382,6,https://tong.visitkorea.or.kr/cms/resource/45/4020345_image2_1.jpg,https://tong.visitkorea.or.kr/cms/resource/45/4020345_image3_1.jpg,Type3,20221031190002,20260319094959,,,50,110,,,,SH,SH04,SH040300
2904321,38,피플 제주,제주특별자치도 제주시 신성로13길 19 (이도이동),1층,63207,,126.529953850416,33.4985602371075,6,https://tong.visitkorea.or.kr/cms/resource/75/4020375_image2_1.jpg,https://tong.visitkorea.or.kr/cms/resource/75/4020375_image3_1.jpg,Type3,20221030171031,20260319094959,,,50,110,,,,SH,SH04,SH040300
2904375,39,오랑우탄면사무소,제주특별자치도 서귀포시 산방로 367-1,1층,63528,,126.2975710170,33.2311675843,6,http://tong.visitkorea.or.kr/cms/resource/72/2904372_image2_1.jpg,http://tong.visitkorea.or.kr/cms/resource/72/2904372_image3_1.jpg,Type3,20221110105346,20251028143310,39,3,50,130,A05,A0502,A05020700,FD,FD02,FD020400
2904395,39,올드패션,제주특별자치도 서귀포시 일주동로 8661 (서귀동),,63590,,126.56294952658268,33.25335636079722,6,,,,20221110105828,20260602141031,,,50,130,,,,FD,FD05,FD050100
2904412,39,우디글레이드 (Woody glade),제주특별자치도 서귀포시 솔동산로 26-6,,63596,,126.5632265139,33.2427157727,6,,,,20221110110257,20260618135638,,,50,130,,,,FD,FD05,FD050100
2904424,39,제주명가두루치기,제주특별자치도 서귀포시 태평로 495,,63589,,126.5710330019,33.2496059720,6,http://tong.visitkorea.or.kr/cms/resource/18/2904418_image2_1.jpg,http://tong.visitkorea.or.kr/cms/resource/18/2904418_image3_1.jpg,Type3,20221110110711,20251028145346,39,3,50,130,A05,A0502,A05020100,FD,FD01,FD010100
2904457,14,헌마공신김만일기념관,제주특별자치도 서귀포시 서성로 919,,63614,,126.690784782692,33.3361458552909,6,https://tong.visitkorea.or.kr/cms/resource/77/4055977_image2_1.jpg,https://tong.visitkorea.or.kr/cms/resource/77/4055977_image3_1.jpg,Type3,20221110111717,20260407112918,,,50,130,,,,VE,VE07,VE070200
2904488,39,88로스터즈,제주특별자치도 제주시 금산5길 35-1,1층,63286,,126.5634867132,33.5258578478,6,https://tong.visitkorea.or.kr/cms/resource/74/2904474_image2_1.jpg,https://tong.visitkorea.or.kr/cms/resource/74/2904474_image3_1.jpg,Type3,20221110112804,20260720171007,,,50,110,,,,FD,FD05,FD050100
2904508,39,AND 유 CAFE,제주특별자치도 제주시 한림읍 한림로 518,,63012,,126.2542070367,33.4046005109,6,http://tong.visitkorea.or.kr/cms/resource/95/2904495_image2_1.jpg,http://tong.visitkorea.or.kr/cms/resource/95/2904495_image3_1.jpg,Type3,20221110113328,20251023175225,39,4,50,110,A05,A0502,A05020900,FD,FD05,FD050100
2904549,39,고요산책,제주특별자치도 제주시 중앙로12길 5,1층,63168,,126.5238629435,33.5118171806,6,https://tong.visitkorea.or.kr/cms/resource/38/2904538_image2_1.jpg,https://tong.visitkorea.or.kr/cms/resource/38/2904538_image3_1.jpg,Type3,20221110114316,20260616162355,,,50,110,,,,FD,FD05,FD050100
2904622,39,그린마일커피 애월점,제주특별자치도 제주시 애월로 137-1,,63043,,126.3220136946,33.4640949919,6,http://tong.visitkorea.or.kr/cms/resource/17/2904617_image2_1.jpg,http://tong.visitkorea.or.kr/cms/resource/17/2904617_image3_1.jpg,Type3,20221110134938,20251028152500,39,4,50,110,A05,A0502,A05020900,FD,FD05,FD050100
2904635,39,도을,제주특별자치도 제주시 남조로 2343,,63344,,126.6571236505,33.4735571124,6,https://tong.visitkorea.or.kr/cms/resource/27/2904627_image2_1.jpg,https://tong.visitkorea.or.kr/cms/resource/27/2904627_image3_1.jpg,Type3,20221110135859,20260625155539,,,50,110,,,,FD,FD05,FD050100
2904656,39,딜레탕트,제주특별자치도 제주시 신북로 144,"1층,2층",63331,,126.6284354411,33.5351197779,6,http://tong.visitkorea.or.kr/cms/resource/41/2904641_image2_1.jpg,http://tong.visitkorea.or.kr/cms/resource/41/2904641_image3_1.jpg,Type3,20221110140728,20250115164023,39,4,50,110,A05,A0502,A05020900,FD,FD05,FD050100
2904691,39,라 플라주,제주특별자치도 제주시 조함해안로 525,,63333,,126.6690709492,33.5427075869,6,,,,20221110141228,20260611163344,,,50,110,,,,FD,FD03,FD030100
2904827,39,마음에온,제주특별자치도 제주시 칠성로길 29-1,,63277,,126.5259753695,33.5146093001,6,http://tong.visitkorea.or.kr/cms/resource/12/2904812_image2_1.jpg,http://tong.visitkorea.or.kr/cms/resource/12/2904812_image3_1.jpg,Type3,20221110145914,20250121105924,39,4,50,110,A05,A0502,A05020900,FD,FD05,FD050100
2904892,39,빵귿,제주특별자치도 제주시 구남동6길 45-1,1층,63233,,126.535134681941,33.4870980184348,6,https://tong.visitkorea.or.kr/cms/resource/41/4053741_image2_1.jpg,https://tong.visitkorea.or.kr/cms/resource/41/4053741_image3_1.jpg,Type3,20221110151320,20260330091611,,,50,110,,,,FD,FD03,FD030100
2904931,39,스물다섯,제주특별자치도 제주시 다랑곶6길 19 대성빌라트,,63098,,126.480795249931,33.4889802620529,6,https://tong.visitkorea.or.kr/cms/resource/25/4056525_image2_1.jpg,https://tong.visitkorea.or.kr/cms/resource/25/4056525_image3_1.jpg,Type3,20221110152354,20260408133308,,,50,110,,,,FD,FD05,FD050100
2904947,38,신한온누리약국,제주특별자치도 제주시 도령로 74 (연동),,63129,,126.486332954052,33.4897415444847,6,https://tong.visitkorea.or.kr/cms/resource/62/4020062_image2_1.jpg,https://tong.visitkorea.or.kr/cms/resource/62/4020062_image3_1.jpg,Type3,20221031102226,20260317101258,,,50,110,,,,SH,SH04,SH040300
2904955,39,알엔알(rnr),제주특별자치도 제주시 협재1길 29,,63011,,126.2432277538,33.3978926513,6,,,,20221110152904,20260617180136,,,50,110,,,,FD,FD03,FD030100
2904992,39,오만정성 제주협재점,제주특별자치도 제주시 일주서로 5083,1층,63011,,126.2504411696,33.3890493505,6,https://tong.visitkorea.or.kr/cms/resource/88/2904988_image2_1.jpg,https://tong.visitkorea.or.kr/cms/resource/88/2904988_image3_1.jpg,Type3,20221110154116,20260616163245,,,50,110,,,,FD,FD01,FD010100
2905025,39,옥란면옥,제주특별자치도 제주시 신북로 163,1층,63331,,126.6308191157,33.5355633570,6,https://tong.visitkorea.or.kr/cms/resource/19/2905019_image2_1.jpg,https://tong.visitkorea.or.kr/cms/resource/19/2905019_image3_1.jpg,Type3,20221110155031,20260624172205,,,50,110,,,,FD,FD01,FD010100
2905045,12,와흘메밀마을,제주특별자치도 제주시 조천읍 남조로 2455,,63344,,126.6500688270,33.4827833507,6,https://tong.visitkorea.or.kr/cms/resource/09/4074109_image2_1.jpg,https://tong.visitkorea.or.kr/cms/resource/09/4074109_image3_1.jpg,Type3,20221110155626,20260612095708,,,50,110,,,,EX,EX03,EX030100
2905079,39,윤재커피,제주특별자치도 제주시 중앙로12길 1,,63168,,126.5241000000,33.5118000000,6,https://tong.visitkorea.or.kr/cms/resource/75/2905075_image2_1.jpg,https://tong.visitkorea.or.kr/cms/resource/75/2905075_image3_1.jpg,Type3,20221110160544,20260625163628,,,50,110,,,,FD,FD05,FD050100
2905116,14,제주과학탐구체험관,제주특별자치도 제주시 산록북로 421-1 (오라이동),,63144,,126.5314546657,33.4266496763,6,http://tong.visitkorea.or.kr/cms/resource/58/3585158_image2_1.jpg,http://tong.visitkorea.or.kr/cms/resource/58/3585158_image3_1.jpg,Type1,20221110161857,20251217110332,39,4,50,110,A02,A0206,A02060300,VE,VE07,VE070500
2905132,39,카페온,제주특별자치도 제주시 다랑곶6길 39,,63097,,126.4794036817,33.4903439698,6,https://tong.visitkorea.or.kr/cms/resource/23/2905123_image2_1.jpg,https://tong.visitkorea.or.kr/cms/resource/23/2905123_image3_1.jpg,Type3,20221110162309,20260616163822,,,50,110,,,,FD,FD05,FD050100
2905162,38,K2 서귀포점,제주특별자치도 서귀포시 중정로 101 (서귀동),,63591,,126.567148019609,33.2488394403075,6,https://tong.visitkorea.or.kr/cms/resource/02/4045702_image2_1.jpg,https://tong.visitkorea.or.kr/cms/resource/02/4045702_image3_1.jpg,Type3,20221031183309,20260330091611,,,50,130,,,,SH,SH04,SH040300
2905171,39,카페허그,제주특별자치도 제주시 관덕로 16-1,,63168,,126.5210687362,33.5128197967,6,https://tong.visitkorea.or.kr/cms/resource/61/2905161_image2_1.jpg,https://tong.visitkorea.or.kr/cms/resource/61/2905161_image3_1.jpg,Type3,20221110163317,20260625160258,,,50,110,,,,FD,FD05,FD050100
2905172,38,까스텔바작,제주특별자치도 제주시 신광로 72 (연동),,63132,,126.489613874976,33.485591818842,6,https://tong.visitkorea.or.kr/cms/resource/47/4017447_image2_1.png,https://tong.visitkorea.or.kr/cms/resource/47/4017447_image3_1.png,Type3,20221101061801,20260317101258,,,50,110,,,,SH,SH04,SH040300
2905191,39,헬로효주,제주특별자치도 제주시 관덕로 10 (삼도이동),,63168,,126.52040597855914,33.51277505714625,6,https://tong.visitkorea.or.kr/cms/resource/00/4056400_image2_1.jpg,https://tong.visitkorea.or.kr/cms/resource/00/4056400_image3_1.jpg,Type3,20221110163707,20260408101543,,,50,110,,,,FD,FD05,FD050100
2905237,39,태양상회,제주특별자치도 제주시 중앙로2길 31,,63166,,126.5216102524,33.5171942957,6,https://tong.visitkorea.or.kr/cms/resource/24/2905224_image2_1.jpg,https://tong.visitkorea.or.kr/cms/resource/24/2905224_image3_1.jpg,Type3,20221110164621,20260616165127,,,50,110,,,,FD,FD04,FD040500
2905293,39,협재온다정,제주특별자치도 제주시 한림로 381-4,,63011,,126.2434777520,33.3969344335,6,https://tong.visitkorea.or.kr/cms/resource/80/2905280_image2_1.jpg,https://tong.visitkorea.or.kr/cms/resource/80/2905280_image3_1.jpg,Type3,20221110165932,20260625160720,,,50,110,,,,FD,FD01,FD010100
2905314,39,협재해물라면 쪼꼴락상회,제주특별자치도 제주시 협재4길 9,,63011,,126.2415085624,33.3937458848,6,https://tong.visitkorea.or.kr/cms/resource/98/2905298_image2_1.jpg,https://tong.visitkorea.or.kr/cms/resource/98/2905298_image3_1.jpg,Type3,20221110170402,20260616164147,,,50,110,,,,FD,FD03,FD030400
2905340,39,살롱드라방,제주특별자치도 제주시 하가로 146-9,,63036,,126.3490000000,33.4579000000,6,https://tong.visitkorea.or.kr/cms/resource/31/2905331_image2_1.JPG,https://tong.visitkorea.or.kr/cms/resource/31/2905331_image3_1.JPG,Type3,20221110170830,20260616164504,,,50,110,,,,FD,FD05,FD050100
2905366,39,옛날국수집,제주특별자치도 제주시 하귀로 56,,63051,,126.4031471176,33.4803383622,6,https://tong.visitkorea.or.kr/cms/resource/51/2905351_image2_1.jpg,https://tong.visitkorea.or.kr/cms/resource/51/2905351_image3_1.jpg,Type3,20221110171237,20260710113945,,,50,110,,,,FD,FD01,FD010100
2905409,39,애월 우니담,제주특별자치도 제주시 고내로13길 107,2층,63046,,126.3484162796,33.4724995156,6,https://tong.visitkorea.or.kr/cms/resource/07/2905407_image2_1.jpg,https://tong.visitkorea.or.kr/cms/resource/07/2905407_image3_1.jpg,Type3,20221110172054,20260625164713,,,50,110,,,,FD,FD01,FD010100
2905414,38,트리플스토어 시청점,제주특별자치도 제주시 중앙로 246-1 (이도이동),,63207,,126.530712168292,33.497888269321,6,https://tong.visitkorea.or.kr/cms/resource/79/4020379_image2_1.jpg,https://tong.visitkorea.or.kr/cms/resource/79/4020379_image3_1.jpg,Type3,20221101141350,20260319094959,,,50,110,,,,SH,SH04,SH040300
2905447,38,아디다스 신제주점,제주특별자치도 제주시 신광로 63 (연동),,63123,,126.490210718242,33.4864912696602,6,https://tong.visitkorea.or.kr/cms/resource/72/4020372_image2_1.jpeg,https://tong.visitkorea.or.kr/cms/resource/72/4020372_image3_1.jpeg,Type3,20221101135500,20260319094959,,,50,110,,,,SH,SH04,SH040300
2905452,38,아트박스 제주시청점,제주특별자치도 제주시 중앙로 232 (이도이동),,63207,,126.530013323323,33.498885757334,6,https://tong.visitkorea.or.kr/cms/resource/48/4020348_image2_1.jpg,https://tong.visitkorea.or.kr/cms/resource/48/4020348_image3_1.jpg,Type3,20221101091627,20260407003657,,,50,110,,,,SH,SH04,SH040300
2905453,38,나이키 서귀포점,제주특별자치도 서귀포시 이중섭로 3 (서귀동),,63595,,126.564412049668,33.2477751605572,6,https://tong.visitkorea.or.kr/cms/resource/62/4020362_image2_1.jpg,https://tong.visitkorea.or.kr/cms/resource/62/4020362_image3_1.jpg,Type3,20221101040951,20260316105417,,,50,130,,,,SH,SH04,SH040300
2905789,39,카페숑,제주특별자치도 서귀포시 공천포로 91,,63612,,126.6427658253,33.2663504120,6,https://tong.visitkorea.or.kr/cms/resource/73/2905773_image2_1.jpg,https://tong.visitkorea.or.kr/cms/resource/73/2905773_image3_1.jpg,Type3,20221111103702,20260722165347,,,50,130,,,,FD,FD05,FD050100
2905901,39,카페단단,제주특별자치도 제주시 관덕로4길 1-6,,63168,,126.521618690448,33.5125809444647,6,https://tong.visitkorea.or.kr/cms/resource/02/4058002_image2_1.jpg,https://tong.visitkorea.or.kr/cms/resource/02/4058002_image3_1.jpg,Type3,20221111110140,20260415095453,,,50,110,,,,FD,FD05,FD050100
2906140,38,노스페이스 제주점,제주특별자치도 제주시 관덕로11길 2 (일도일동),,63277,,126.525507712254,33.5133883532632,6,https://tong.visitkorea.or.kr/cms/resource/38/4020138_image2_1.jpg,https://tong.visitkorea.or.kr/cms/resource/38/4020138_image3_1.jpg,Type3,20221031183142,20260407003453,,,50,110,,,,SH,SH04,SH040300
2906155,39,가람,제주특별자치도 제주시 복지로북길 4,1층,63220,,126.5206443232,33.4888475823,6,https://tong.visitkorea.or.kr/cms/resource/52/2906152_image2_1.jpg,https://tong.visitkorea.or.kr/cms/resource/52/2906152_image3_1.jpg,Type3,20221111131822,20260722175706,,,50,110,,,,FD,FD01,FD010100
2906163,39,구씨커피로스터스,제주특별자치도 제주시 구좌로 21,1층,63361,,126.853951432481,33.5236266977927,6,https://tong.visitkorea.or.kr/cms/resource/37/4069937_image2_1.JPG,https://tong.visitkorea.or.kr/cms/resource/37/4069937_image3_1.JPG,Type3,20221111132308,20260602132440,,,50,110,,,,FD,FD05,FD050100
2906174,39,금돈가 제주본점,제주특별자치도 제주시 가문동남길 63,1층,63050,,126.3911259246,33.4842960429,6,https://tong.visitkorea.or.kr/cms/resource/71/2906171_image2_1.JPG,https://tong.visitkorea.or.kr/cms/resource/71/2906171_image3_1.JPG,Type3,20221111133230,20260722171143,,,50,110,,,,FD,FD01,FD010100
2906222,39,제주맛집칼국수,제주특별자치도 제주시 비자림로 685,,63346,,126.6794946481,33.4363590236,6,https://tong.visitkorea.or.kr/cms/resource/06/2906206_image2_1.JPG,https://tong.visitkorea.or.kr/cms/resource/06/2906206_image3_1.JPG,Type3,20221111135050,20260722163545,,,50,110,,,,FD,FD01,FD010100
2906322,39,항아리조림,제주특별자치도 제주시 세화3길 32,1층,63361,,126.8563955909,33.5261681085,6,https://tong.visitkorea.or.kr/cms/resource/06/4080406_image2_1.jpg,https://tong.visitkorea.or.kr/cms/resource/06/4080406_image3_1.jpg,Type3,20221111141533,20260630165952,,,50,110,,,,FD,FD01,FD010100
2906375,39,해왕성반점본점,제주특별자치도 제주시 우정로12길 10 (외도일동),1층,63069,,126.4298184725,33.4877056080,6,https://tong.visitkorea.or.kr/cms/resource/43/2906343_image2_1.JPG,https://tong.visitkorea.or.kr/cms/resource/43/2906343_image3_1.JPG,Type3,20221111142248,20260708091140,,,50,110,,,,FD,FD02,FD020100
2906541,39,한형수정원,제주특별자치도 제주시 한림읍 옹포2길 44,,63011,,126.250219,33.396957,6,https://tong.visitkorea.or.kr/cms/resource/46/3497846_image2_1.jpg,https://tong.visitkorea.or.kr/cms/resource/46/3497846_image3_1.jpg,Type3,20221111152428,20260312090840,,,50,110,,,,FD,FD05,FD050100
2906542,38,이니스프리 제주시청점,제주특별자치도 제주시 광양14길 3 (이도이동),,63207,,126.530219156295,33.4981943851995,6,https://tong.visitkorea.or.kr/cms/resource/39/4020139_image2_1.jpg,https://tong.visitkorea.or.kr/cms/resource/39/4020139_image3_1.jpg,Type3,20221101155757,20260316105417,,,50,110,,,,SH,SH04,SH040300
2906595,39,하소로커피,제주특별자치도 제주시 한경면 불그못로 72,,63007,,126.21769000904973,33.29574462544849,6,https://tong.visitkorea.or.kr/cms/resource/17/4069817_image2_1.jpg,https://tong.visitkorea.or.kr/cms/resource/17/4069817_image3_1.jpg,Type3,20221111155804,20260602103158,,,50,110,,,,FD,FD05,FD050100
2906602,38,스포츠메카 신제주점,제주특별자치도 제주시 삼무로 39 (연동),,63125,,126.491021562127,33.4903013947031,6,https://tong.visitkorea.or.kr/cms/resource/37/4020337_image2_1.jpg,https://tong.visitkorea.or.kr/cms/resource/37/4020337_image3_1.jpg,Type3,20221031204409,20260401051541,,,50,110,,,,SH,SH04,SH040300
2907051,38,블랙야크 신제주점,제주특별자치도 제주시 도령로 25 (노형동),,63098,,126.481358047521,33.4876167792041,6,https://tong.visitkorea.or.kr/cms/resource/31/4020331_image2_1.jpg,https://tong.visitkorea.or.kr/cms/resource/31/4020331_image3_1.jpg,Type3,20221101023820,20260319094959,,,50,110,,,,SH,SH04,SH040300
2907184,38,모이몰른 제주지하2호점,제주특별자치도 제주시 중앙로 지하60 (일도일동),,63168,,126.524632092326,33.5131588774745,6,https://tong.visitkorea.or.kr/cms/resource/49/4020349_image2_1.jpg,https://tong.visitkorea.or.kr/cms/resource/49/4020349_image3_1.jpg,Type3,20221031165714,20260319094959,,,50,110,,,,SH,SH04,SH040300
2907285,38,다이소 제주연동점,제주특별자치도 제주시 신대로 105 (연동),,63122,,126.496865932105,33.4879334270823,6,https://tong.visitkorea.or.kr/cms/resource/48/4029548_image2_1.jpg,https://tong.visitkorea.or.kr/cms/resource/48/4029548_image3_1.jpg,Type3,20221101044754,20260319094959,,,50,110,,,,SH,SH04,SH040300
2907434,38,생각하는정원(청원),제주특별자치도 제주시 한경면 녹차분재로 675,,63005,,126.25528248565925,33.32588523261681,6,https://tong.visitkorea.or.kr/cms/resource/92/2886992_image2_1.jpg,https://tong.visitkorea.or.kr/cms/resource/92/2886992_image3_1.jpg,Type3,20221030145421,20260330115510,,,50,110,,,,SH,SH04,SH040300
2907482,39,홉히,제주특별자치도 제주시 서해안로 468-2 (용담삼동),,63114,,126.48926628903267,33.51854466220436,6,https://tong.visitkorea.or.kr/cms/resource/36/4057736_image2_1.JPG,https://tong.visitkorea.or.kr/cms/resource/36/4057736_image3_1.JPG,Type3,20221114150756,20260414131059,,,50,110,,,,FD,FD05,FD050100
2907667,38,탐라원특산품센터,제주특별자치도 제주시 연북로 381 (도남동),,63234,,126.522848211697,33.4816360429475,6,https://tong.visitkorea.or.kr/cms/resource/76/4020376_image2_1.jpg,https://tong.visitkorea.or.kr/cms/resource/76/4020376_image3_1.jpg,Type3,20221030145629,20260319094959,,,50,110,,,,SH,SH04,SH040300
2907684,38,셀덴 제주중앙지하상가점,제주특별자치도 제주시 중앙로 60 (일도일동),,63168,,126.524440112964,33.512837715448,6,https://tong.visitkorea.or.kr/cms/resource/81/4020381_image2_1.jpg,https://tong.visitkorea.or.kr/cms/resource/81/4020381_image3_1.jpg,Type3,20221031183127,20260319094959,,,50,110,,,,SH,SH04,SH040300
2907715,28,금능해수욕장 야영장,제주특별자치도 제주시 한림읍 금능길 119-10,,63010,,126.2359199635,33.3912509636,6,https://tong.visitkorea.or.kr/cms/resource/95/4074695_image2_1.jpg,https://tong.visitkorea.or.kr/cms/resource/95/4074695_image3_1.jpg,Type1,20221114171428,20260612164800,,,50,110,,,,AC,AC05,AC050100
2907769,38,프리페어 칠성점,제주특별자치도 제주시 중앙로7길 19 (일도일동),,63277,,126.526644189329,33.514970483975,6,https://tong.visitkorea.or.kr/cms/resource/81/4017181_image2_1.png,https://tong.visitkorea.or.kr/cms/resource/81/4017181_image3_1.png,Type3,20221031191718,20260317101258,,,50,110,,,,SH,SH04,SH040300
2908659,38,트리플스토어 제원점,제주특별자치도 제주시 신광로 43 (연동),,63124,,126.490251360548,33.4882962440632,6,https://tong.visitkorea.or.kr/cms/resource/96/4020396_image2_1.jpg,https://tong.visitkorea.or.kr/cms/resource/96/4020396_image3_1.jpg,Type3,20221101080011,20260319094959,,,50,110,,,,SH,SH04,SH040300
2908746,38,파리게이츠 신제주점,제주특별자치도 제주시 연북로 20 (노형동),에코퍼플,63086,,126.483442572409,33.4816896730468,6,https://tong.visitkorea.or.kr/cms/resource/44/4020344_image2_1.jpg,https://tong.visitkorea.or.kr/cms/resource/44/4020344_image3_1.jpg,Type3,20221031185821,20260330091611,,,50,110,,,,SH,SH04,SH040300
2908846,28,스타빌,제주특별자치도 서귀포시 광평로 34-154,,63524,,126.3961000000,33.3377000000,6,https://tong.visitkorea.or.kr/cms/resource/20/4074120_image2_1.jpg,https://tong.visitkorea.or.kr/cms/resource/20/4074120_image3_1.jpg,Type1,20221115151936,20260612105526,,,50,130,,,,AC,AC05,AC050100
2909373,38,트리플스토어 칠성점,제주특별자치도 제주시 관덕로15길 15 (일도일동),,63277,,126.526557666517,33.5146318767033,6,https://tong.visitkorea.or.kr/cms/resource/66/4020366_image2_1.jpg,https://tong.visitkorea.or.kr/cms/resource/66/4020366_image3_1.jpg,Type3,20221031104542,20260319094959,,,50,110,,,,SH,SH04,SH040300
2909701,38,정관장 광양점,제주특별자치도 제주시 동광로 5 (이도일동),,63197,,126.52970997579,33.501290866393,6,https://tong.visitkorea.or.kr/cms/resource/33/4020333_image2_1.jpg,https://tong.visitkorea.or.kr/cms/resource/33/4020333_image3_1.jpg,Type3,20221031101856,20260319094959,,,50,110,,,,SH,SH04,SH040300
2909867,38,에스콰이아 제주점,제주특별자치도 제주시 관덕로11길 29 (일도일동),,63277,,126.525475495258,33.5157409292875,6,https://tong.visitkorea.or.kr/cms/resource/09/4020409_image2_1.jpg,https://tong.visitkorea.or.kr/cms/resource/09/4020409_image3_1.jpg,Type3,20221031135140,20260319094959,,,50,110,,,,SH,SH04,SH040300
2909982,39,컴플리트커피,제주특별자치도 제주시 노형6길 21,1층,63088,,126.478179017205,33.480617305432,6,,,,20221116140539,20260527110425,,,50,110,,,,FD,FD05,FD050100
2910031,38,청담루이성형외과의원,제주특별자치도 제주시 노형14길 14 (노형동),3층,63083,,126.479775295979,33.484497219176,6,https://tong.visitkorea.or.kr/cms/resource/41/4020141_image2_1.jpg,https://tong.visitkorea.or.kr/cms/resource/41/4020141_image3_1.jpg,Type3,20221030152204,20260317101258,,,50,110,,,,SH,SH04,SH040300
2910064,38,나이키골프 제주점,"제주특별자치도 제주시 신대로 136 (연동, 코스모스태홍누리안5차아파트)",,63133,,126.496033953453,33.4850752435992,6,https://tong.visitkorea.or.kr/cms/resource/38/4045538_image2_1.jpg,https://tong.visitkorea.or.kr/cms/resource/38/4045538_image3_1.jpg,Type3,20221031211354,20260327092150,,,50,110,,,,SH,SH04,SH040300
2910530,38,탑텐키즈 롯데마트 제주점,제주특별자치도 제주시 연북로 1 (노형동),5층,63084,,126.481834000763,33.4824421892687,6,https://tong.visitkorea.or.kr/cms/resource/77/4020377_image2_1.jpg,https://tong.visitkorea.or.kr/cms/resource/77/4020377_image3_1.jpg,Type3,20221031185926,20260401051747,,,50,110,,,,SH,SH04,SH040300
2910664,38,레노마홈 신제주노형점,"제주특별자치도 제주시 신대로 136 (연동, 코스모스태홍누리안5차아파트)",,63133,,126.496033953453,33.4850752435992,6,https://tong.visitkorea.or.kr/cms/resource/74/4020374_image2_1.jpg,https://tong.visitkorea.or.kr/cms/resource/74/4020374_image3_1.jpg,Type3,20221030232646,20260317101258,,,50,110,,,,SH,SH04,SH040300
2910815,39,카페보롬왓,제주특별자치도 서귀포시 번영로 2350-104,,63624,,126.752493951494,33.4134934171129,6,https://tong.visitkorea.or.kr/cms/resource/19/4069919_image2_1.jpg,https://tong.visitkorea.or.kr/cms/resource/19/4069919_image3_1.jpg,Type3,20221116165938,20260602113640,,,50,130,,,,FD,FD05,FD050100
2910852,39,하례감귤점빵협동조합,제주특별자치도 서귀포시 하례로 272,,63613,,126.6233508455,33.2713439657,6,https://tong.visitkorea.or.kr/cms/resource/38/2910838_image2_1.jpg,https://tong.visitkorea.or.kr/cms/resource/38/2910838_image3_1.jpg,Type3,20221116170619,20260722134052,,,50,130,,,,FD,FD03,FD030100
2910854,38,이마트 서귀포점,제주특별자치도 서귀포시 일주동로 9209 (법환동),,63572,,126.509117350341,33.2483380261564,6,https://tong.visitkorea.or.kr/cms/resource/34/4044634_image2_1.jpg,https://tong.visitkorea.or.kr/cms/resource/34/4044634_image3_1.jpg,Type3,20221101152449,20260327092150,,,50,130,,,,SH,SH04,SH040300
2910877,38,폴더 신제주점,제주특별자치도 제주시 신광로 55 (연동),1층,63123,,126.490235163979,33.4871855962564,6,https://tong.visitkorea.or.kr/cms/resource/79/4017279_image2_1.jpg,https://tong.visitkorea.or.kr/cms/resource/79/4017279_image3_1.jpg,Type3,20221101142124,20260317101258,,,50,110,,,,SH,SH04,SH040300
2910907,39,망고하이,제주특별자치도 서귀포시 일주서로 972,,63534,,126.4068628965,33.2582253738,6,https://tong.visitkorea.or.kr/cms/resource/01/2910901_image2_1.jpg,https://tong.visitkorea.or.kr/cms/resource/01/2910901_image3_1.jpg,Type3,20221116171853,20260722133634,,,50,130,,,,FD,FD05,FD050100
2910930,39,래용,제주특별자치도 제주시 우정로 17 제웅1차솔내음빌리지,,63070,,126.4311637071,33.4912097647,6,https://tong.visitkorea.or.kr/cms/resource/13/2910913_image2_1.jpg,https://tong.visitkorea.or.kr/cms/resource/13/2910913_image3_1.jpg,Type3,20221116172233,20260720172154,,,50,110,,,,FD,FD02,FD020200
2911053,39,알동네집,제주특별자치도 제주시 한경면 연명로 543,,63005,,126.2673880277,33.3164470445,6,https://tong.visitkorea.or.kr/cms/resource/41/2911041_image2_1.JPG,https://tong.visitkorea.or.kr/cms/resource/41/2911041_image3_1.JPG,Type3,20221117094401,20260720170515,,,50,110,,,,FD,FD01,FD010100
2911088,39,5L2F,제주특별자치도 제주시 와흘상길 30,,63344,,126.6335448189,33.4939265833,6,https://tong.visitkorea.or.kr/cms/resource/76/2911076_image2_1.jpg,https://tong.visitkorea.or.kr/cms/resource/76/2911076_image3_1.jpg,Type3,20221117095432,20260720171931,,,50,110,,,,FD,FD05,FD050100
2911139,38,폴더 제주점,제주특별자치도 제주시 관덕로11길 5 (일도일동),,63277,,126.525202016413,33.5136879525006,6,https://tong.visitkorea.or.kr/cms/resource/10/4020410_image2_1.jpg,https://tong.visitkorea.or.kr/cms/resource/10/4020410_image3_1.jpg,Type3,20221101062015,20260317101258,,,50,110,,,,SH,SH04,SH040300
2911202,38,뉴발란스 신제주점,제주특별자치도 제주시 신광로 33 (연동),,63124,,126.490395623779,33.4892197069469,6,https://tong.visitkorea.or.kr/cms/resource/77/4017177_image2_1.jpg,https://tong.visitkorea.or.kr/cms/resource/77/4017177_image3_1.jpg,Type3,20221101095846,20260316103559,,,50,110,,,,SH,SH04,SH040300
2911298,38,웨스트우드 구제주점,제주특별자치도 제주시 관덕로 65 (일도일동),,63277,,126.526259191883,33.5133299212057,6,https://tong.visitkorea.or.kr/cms/resource/88/4020088_image2_1.jpg,https://tong.visitkorea.or.kr/cms/resource/88/4020088_image3_1.jpg,Type3,20221031183208,20260319094959,,,50,110,,,,SH,SH04,SH040300
2911418,38,올리브영 제주대학병원점,제주특별자치도 제주시 중앙로 616 (아라일동),,63241,,126.547021236972,33.4687713436155,6,https://tong.visitkorea.or.kr/cms/resource/90/4029090_image2_1.png,https://tong.visitkorea.or.kr/cms/resource/90/4029090_image3_1.png,Type3,20221031184120,20260317101258,,,50,110,,,,SH,SH04,SH040300
2911513,38,웨스트우드 신제주점,제주특별자치도 제주시 연동7길 31 (연동),,63123,,126.490860091921,33.4870580655126,6,https://tong.visitkorea.or.kr/cms/resource/69/4042069_image2_1.jpg,https://tong.visitkorea.or.kr/cms/resource/69/4042069_image3_1.jpg,Type3,20221101024552,20260326092041,,,50,110,,,,SH,SH04,SH040300
2911579,38,올리브영 제주동문시장점,제주특별자치도 제주시 관덕로 62-1 (일도일동),,63192,,126.525948168862,33.5128700923869,6,https://tong.visitkorea.or.kr/cms/resource/92/4029192_image2_1.JPG,https://tong.visitkorea.or.kr/cms/resource/92/4029192_image3_1.JPG,Type3,20221101092148,20260319094959,,,50,110,,,,SH,SH04,SH040300
2911661,38,올리브영 제주노형점,제주특별자치도 제주시 1100로 3308 (노형동),에코트윈,63086,,126.481718642804,33.4816322571847,6,https://tong.visitkorea.or.kr/cms/resource/57/4029057_image2_1.jpg,https://tong.visitkorea.or.kr/cms/resource/57/4029057_image3_1.jpg,Type3,20221101023600,20260330091611,,,50,110,,,,SH,SH04,SH040300
2912373,38,네이처컬렉션 제주롯데시티점,"제주특별자치도 제주시 도령로 73 (연동, 연동 펠리체)",,63127,,126.485948322561,33.4901161837273,6,https://tong.visitkorea.or.kr/cms/resource/32/4020332_image2_1.jpg,https://tong.visitkorea.or.kr/cms/resource/32/4020332_image3_1.jpg,Type3,20221101025056,20260317101259,,,50,110,,,,SH,SH04,SH040300
2912378,38,데상트 서귀포점,제주특별자치도 서귀포시 중정로 88 (서귀동),,63595,,126.565727474486,33.2481931583118,6,https://tong.visitkorea.or.kr/cms/resource/44/4017144_image2_1.jpg,https://tong.visitkorea.or.kr/cms/resource/44/4017144_image3_1.jpg,Type3,20221031183331,20260318101005,,,50,130,,,,SH,SH04,SH040300
2912411,38,올리브영 제주외도점,제주특별자치도 제주시 우정로 79 (외도일동),,63070,,126.431112034906,33.4855842955987,6,https://tong.visitkorea.or.kr/cms/resource/83/4029083_image2_1.jpg,https://tong.visitkorea.or.kr/cms/resource/83/4029083_image3_1.jpg,Type3,20221101091431,20260317101259,,,50,110,,,,SH,SH04,SH040300
2912430,38,풋조이 신제주점,제주특별자치도 제주시 연북로 76 (연동),1층,63138,,126.489399163279,33.4815487337564,6,https://tong.visitkorea.or.kr/cms/resource/78/4020378_image2_1.png,https://tong.visitkorea.or.kr/cms/resource/78/4020378_image3_1.png,Type3,20221031185943,20260317101259,,,50,110,,,,SH,SH04,SH040300
2912462,38,캘빈클라인 구제주대리점,제주특별자치도 제주시 중앙로7길 9 (일도일동),,63277,,126.525702228467,33.5150207960801,6,https://tong.visitkorea.or.kr/cms/resource/37/4017437_image2_1.jpeg,https://tong.visitkorea.or.kr/cms/resource/37/4017437_image3_1.jpeg,Type3,20221101032246,20260318101005,,,50,110,,,,SH,SH04,SH040300
2912507,38,쌤소나이트 칠성로점,제주특별자치도 제주시 중앙로 67 (이도일동),,63192,,126.524742907346,33.512143480794,6,https://tong.visitkorea.or.kr/cms/resource/53/4017153_image2_1.jpg,https://tong.visitkorea.or.kr/cms/resource/53/4017153_image3_1.jpg,Type3,20221031101217,20260318101005,,,50,110,,,,SH,SH04,SH040300
2912583,38,금강제화 제주지점,제주특별자치도 제주시 관덕로 57 (일도일동),,63277,,126.525509164692,33.5132997324997,6,https://tong.visitkorea.or.kr/cms/resource/05/4020405_image2_1.jpg,https://tong.visitkorea.or.kr/cms/resource/05/4020405_image3_1.jpg,Type3,20221031135150,20260319094959,,,50,110,,,,SH,SH04,SH040300
2912717,38,쉬즈미스 구제주점,제주특별자치도 제주시 관덕로11길 17 (일도일동),시티오브드림즈 2층,63277,,126.525170802937,33.5146534359302,6,https://tong.visitkorea.or.kr/cms/resource/08/4020408_image2_1.jpg,https://tong.visitkorea.or.kr/cms/resource/08/4020408_image3_1.jpg,Type3,20221031165822,20260319094959,,,50,110,,,,SH,SH04,SH040300
2913366,38,생생약국,제주특별자치도 제주시 원노형남1길 1 (노형동),1층,63082,,126.480730767311,33.484006612815,6,https://tong.visitkorea.or.kr/cms/resource/80/4017280_image2_1.jpeg,https://tong.visitkorea.or.kr/cms/resource/80/4017280_image3_1.jpeg,Type3,20221031184401,20260318101005,,,50,110,,,,SH,SH04,SH040300
2913804,38,올리브영 제주하귀점,제주특별자치도 제주시 애월읍 하귀로 121,,63053,,126.408648557804,33.4842093466505,6,https://tong.visitkorea.or.kr/cms/resource/79/4029079_image2_1.jpg,https://tong.visitkorea.or.kr/cms/resource/79/4029079_image3_1.jpg,Type3,20221101022914,20260317101259,,,50,110,,,,SH,SH04,SH040300
2913989,38,롯데하이마트 제주점,제주특별자치도 제주시 서사로 15 (삼도이동),,63168,,126.520149689062,33.5109536168371,6,https://tong.visitkorea.or.kr/cms/resource/01/4020401_image2_1.jpg,https://tong.visitkorea.or.kr/cms/resource/01/4020401_image3_1.jpg,Type3,20221031190258,20260316105417,,,50,110,,,,SH,SH04,SH040300
2914248,38,파렌하이트 제주점,제주특별자치도 제주시 칠성로길 27 (일도일동),1층,63277,,126.525776733938,33.5145036587587,6,https://tong.visitkorea.or.kr/cms/resource/17/4043217_image2_1.jpg,https://tong.visitkorea.or.kr/cms/resource/17/4043217_image3_1.jpg,Type3,20221031135213,20260327092150,,,50,110,,,,SH,SH04,SH040300
2914777,38,글라스스토리 렌즈스토리 중앙로점,제주특별자치도 제주시 중앙로 63 (이도일동),1층,63192,,126.5248108486,33.5125520717213,6,https://tong.visitkorea.or.kr/cms/resource/47/4017147_image2_1.jpg,https://tong.visitkorea.or.kr/cms/resource/47/4017147_image3_1.jpg,Type3,20221031184411,20260318101005,,,50,110,,,,SH,SH04,SH040300
2914960,38,바인드,제주특별자치도 제주시 관덕로11길 7 (일도일동),,63277,,126.525320202159,33.5137460170367,6,https://tong.visitkorea.or.kr/cms/resource/65/4020365_image2_1.jpg,https://tong.visitkorea.or.kr/cms/resource/65/4020365_image3_1.jpg,Type3,20221031165548,20260317101259,,,50,110,,,,SH,SH04,SH040300
2915071,38,팬텀골프 신제주점,제주특별자치도 제주시 신대로12길 56 (연동),,63124,,126.490622997148,33.4889788347932,6,https://tong.visitkorea.or.kr/cms/resource/42/4020342_image2_1.jpg,https://tong.visitkorea.or.kr/cms/resource/42/4020342_image3_1.jpg,Type3,20221101060112,20260317101259,,,50,110,,,,SH,SH04,SH040300
2916247,38,로가디스 제주점,제주특별자치도 제주시 칠성로길 10 (일도일동),1층,63166,,126.524195077953,33.513656139771,6,https://tong.visitkorea.or.kr/cms/resource/84/4020384_image2_1.jpg,https://tong.visitkorea.or.kr/cms/resource/84/4020384_image3_1.jpg,Type3,20221030232712,20260319094959,,,50,110,,,,SH,SH04,SH040300
2916457,38,아트박스 제주연동점,제주특별자치도 제주시 신대로14길 51 (연동),,63123,,126.490951429845,33.4877224633981,6,https://tong.visitkorea.or.kr/cms/resource/92/4042792_image2_1.jpg,https://tong.visitkorea.or.kr/cms/resource/92/4042792_image3_1.jpg,Type3,20221101124820,20260326092041,,,50,110,,,,SH,SH04,SH040300
2916519,38,아트박스 제주칠성점,제주특별자치도 제주시 관덕로11길 1 (일도일동),,63277,,126.525200581999,33.513497350824,6,https://tong.visitkorea.or.kr/cms/resource/35/4020135_image2_1.jpg,https://tong.visitkorea.or.kr/cms/resource/35/4020135_image3_1.jpg,Type3,20221031235504,20260319094959,,,50,110,,,,SH,SH04,SH040300
2916532,38,로이드 신제주점,제주특별자치도 제주시 연동7길 22 (연동),,63124,,126.49056416284,33.4881294735739,6,https://tong.visitkorea.or.kr/cms/resource/09/4045709_image2_1.jpg,https://tong.visitkorea.or.kr/cms/resource/09/4045709_image3_1.jpg,Type3,20221101131502,20260330091611,,,50,110,,,,SH,SH04,SH040300
2916577,38,컬럼비아 제주점,제주특별자치도 제주시 중앙로 42 (일도일동),1층,63166,,126.524419284504,33.5145987116111,6,https://tong.visitkorea.or.kr/cms/resource/13/4045713_image2_1.jpg,https://tong.visitkorea.or.kr/cms/resource/13/4045713_image3_1.jpg,Type3,20221031165702,20260326092041,,,50,110,,,,SH,SH04,SH040300
2917170,38,LG전자 베스트샵 제주본점,제주특별자치도 제주시 도령로 36 (노형동),,63081,,126.482906423201,33.4877040322364,6,https://tong.visitkorea.or.kr/cms/resource/64/4017364_image2_1.jpg,https://tong.visitkorea.or.kr/cms/resource/64/4017364_image3_1.jpg,Type3,20221031082323,20260318101005,,,50,110,,,,SH,SH04,SH040300
2917176,38,LG전자 베스트샵 이도본점,제주특별자치도 제주시 중앙로 335 (이도이동),,63231,,126.536918845824,33.4917802437954,6,https://tong.visitkorea.or.kr/cms/resource/46/4045746_image2_1.jpg,https://tong.visitkorea.or.kr/cms/resource/46/4045746_image3_1.jpg,Type3,20221031084759,20260326092041,,,50,110,,,,SH,SH04,SH040300
2917270,32,그라벨호텔,제주특별자치도 제주시 일주서로 7316 (외도일동),,63069,,126.42865352029803,33.49238618469887,6,,,,20220922163148,20260417132013,,,50,110,,,,AC,AC01,AC010100
2917746,38,유니클로 제주이도점,제주특별자치도 제주시 구남로8길 1 (이도이동),,63232,,126.536224570095,33.4912166755807,6,https://tong.visitkorea.or.kr/cms/resource/25/4017325_image2_1.jpg,https://tong.visitkorea.or.kr/cms/resource/25/4017325_image3_1.jpg,Type3,20221030235658,20260316103559,,,50,110,,,,SH,SH04,SH040300
2918447,32,다인오세아노 호텔,제주특별자치도 제주시 애월읍 애월해안로 394,,63046,,126.3504700269,33.4724996508,6,https://tong.visitkorea.or.kr/cms/resource/92/4076292_image2_1.jpg,https://tong.visitkorea.or.kr/cms/resource/92/4076292_image3_1.jpg,Type1,20221027143736,20260617103920,,,50,110,,,,AC,AC01,AC010100
2918547,38,올리브영 제주중문점,제주특별자치도 서귀포시 중문관광로110번길 32 (색달동),,63535,,126.412639076353,33.2511965704814,6,https://tong.visitkorea.or.kr/cms/resource/55/4029055_image2_1.jpg,https://tong.visitkorea.or.kr/cms/resource/55/4029055_image3_1.jpg,Type3,20221031183232,20260317101259,,,50,130,,,,SH,SH04,SH040300
2918548,32,"헤이, 서귀포",제주특별자치도 서귀포시 태평로 363 (서귀동),,63595,,126.5600780016,33.2461172827,6,https://tong.visitkorea.or.kr/cms/resource/05/4074405_image2_1.jpg,https://tong.visitkorea.or.kr/cms/resource/05/4074405_image3_1.jpg,Type1,20221027142935,20260612142448,,,50,130,,,,AC,AC01,AC010100
2918690,38,데상트 신제주점,제주특별자치도 제주시 신광로 60 (연동),,63131,,126.489679617623,33.4867841749432,6,https://tong.visitkorea.or.kr/cms/resource/40/4020340_image2_1.png,https://tong.visitkorea.or.kr/cms/resource/40/4020340_image3_1.png,Type3,20221031235209,20260316105417,,,50,110,,,,SH,SH04,SH040300
2922976,38,한국기념품백화점,제주특별자치도 제주시 원노형로 13 (노형동),,63081,,126.484763713528,33.48746545315,6,https://tong.visitkorea.or.kr/cms/resource/46/4020346_image2_1.jpg,https://tong.visitkorea.or.kr/cms/resource/46/4020346_image3_1.jpg,Type3,20221030145429,20260317101259,,,50,110,,,,SH,SH04,SH040300
2923102,38,레노마 골프 제주점,제주특별자치도 제주시 관덕로11길 12 (일도일동),,63277,,126.525552865214,33.5140486705839,6,https://tong.visitkorea.or.kr/cms/resource/06/4020406_image2_1.jpg,https://tong.visitkorea.or.kr/cms/resource/06/4020406_image3_1.jpg,Type3,20221101032804,20260319094959,,,50,110,,,,SH,SH04,SH040300
2923429,38,엠 할리데이 제주점,제주특별자치도 제주시 중앙로 60 (일도일동),,63168,,126.524440112964,33.512837715448,6,https://tong.visitkorea.or.kr/cms/resource/62/4045062_image2_1.png,https://tong.visitkorea.or.kr/cms/resource/62/4045062_image3_1.png,Type3,20221101031006,20260327092150,,,50,110,,,,SH,SH04,SH040300
2923531,38,이니스프리 제주롯데시티점,제주특별자치도 제주시 삼무로 2 (연동),,63129,,126.486821300623,33.4897881063806,6,https://tong.visitkorea.or.kr/cms/resource/54/4017154_image2_1.jpg,https://tong.visitkorea.or.kr/cms/resource/54/4017154_image3_1.jpg,Type3,20221101152133,20260316103559,,,50,110,,,,SH,SH04,SH040300
2923731,38,에스마켓 제주칠성점,제주특별자치도 제주시 관덕로11길 7 (일도일동),1층,63277,,126.525320202159,33.5137460170367,6,https://tong.visitkorea.or.kr/cms/resource/98/4042398_image2_1.jpg,https://tong.visitkorea.or.kr/cms/resource/98/4042398_image3_1.jpg,Type3,20221101033037,20260326092041,,,50,110,,,,SH,SH04,SH040300
2923735,38,스파오 신제주점,제주특별자치도 제주시 신광로 42 (연동),,63129,,126.489824135742,33.4884518138034,6,https://tong.visitkorea.or.kr/cms/resource/69/4020369_image2_1.jpg,https://tong.visitkorea.or.kr/cms/resource/69/4020369_image3_1.jpg,Type3,20221101101528,20260316105417,,,50,110,,,,SH,SH04,SH040300
2924017,38,캘빈클라인진 신제주대리점,제주특별자치도 제주시 신광로 66 (연동),,63131,,126.489762023133,33.4863096456011,6,https://tong.visitkorea.or.kr/cms/resource/12/4020412_image2_1.jpg,https://tong.visitkorea.or.kr/cms/resource/12/4020412_image3_1.jpg,Type3,20221031210110,20260319094959,,,50,110,,,,SH,SH04,SH040300
2924144,38,라코스테 신제주점,제주특별자치도 제주시 신광로 66 (연동),,63131,,126.489762023133,33.4863096456011,6,https://tong.visitkorea.or.kr/cms/resource/39/4020339_image2_1.jpg,https://tong.visitkorea.or.kr/cms/resource/39/4020339_image3_1.jpg,Type3,20221101030507,20260317101259,,,50,110,,,,SH,SH04,SH040300
2924160,38,삼성패션아울렛 제주점,제주특별자치도 제주시 중앙로7길 14 (일도일동),,63277,,126.526199095803,33.5147387867545,6,https://tong.visitkorea.or.kr/cms/resource/15/4020415_image2_1.jpg,https://tong.visitkorea.or.kr/cms/resource/15/4020415_image3_1.jpg,Type3,20221031214112,20260401052159,,,50,110,,,,SH,SH04,SH040300
2924333,38,베베드피노 제주노형점,제주특별자치도 제주시 월랑로 47 (노형동),,63100,,126.475048177158,33.4894755284887,6,https://tong.visitkorea.or.kr/cms/resource/71/4042071_image2_1.jpg,https://tong.visitkorea.or.kr/cms/resource/71/4042071_image3_1.jpg,Type3,20221031183948,20260326092041,,,50,110,,,,SH,SH04,SH040300
2924345,38,나이키 칠성로점,제주특별자치도 제주시 칠성로길 26 (일도일동),,63277,,126.525564325141,33.5142562605355,6,https://tong.visitkorea.or.kr/cms/resource/83/4020383_image2_1.jpg,https://tong.visitkorea.or.kr/cms/resource/83/4020383_image3_1.jpg,Type3,20221101033309,20260319094959,,,50,110,,,,SH,SH04,SH040300
2924420,38,팬텀 제주중앙점,제주특별자치도 제주시 중앙로 59 (이도일동),,63192,,126.52498787071,33.5129515240403,6,https://tong.visitkorea.or.kr/cms/resource/61/4045061_image2_1.png,https://tong.visitkorea.or.kr/cms/resource/61/4045061_image3_1.png,Type3,20221031183132,20260327092150,,,50,110,,,,SH,SH04,SH040300
2924425,38,스케쳐스 신제주점,제주특별자치도 제주시 신광로 68 (연동),,63131,,126.489734975976,33.486206392079,6,https://tong.visitkorea.or.kr/cms/resource/38/4020338_image2_1.jpg,https://tong.visitkorea.or.kr/cms/resource/38/4020338_image3_1.jpg,Type3,20221101152221,20260319094959,,,50,110,,,,SH,SH04,SH040300
2924636,38,아디다스 제주점,제주특별자치도 제주시 중앙로7길 12 (일도일동),,63277,,126.525940852008,33.5147445606913,6,https://tong.visitkorea.or.kr/cms/resource/63/4045063_image2_1.png,https://tong.visitkorea.or.kr/cms/resource/63/4045063_image3_1.png,Type3,20221101033551,20260327092150,,,50,110,,,,SH,SH04,SH040300
2924947,38,빈폴 제주점,제주특별자치도 제주시 관덕로11길 15 (일도일동),,63277,,126.525321548668,33.5144060763719,6,https://tong.visitkorea.or.kr/cms/resource/07/4020407_image2_1.jpg,https://tong.visitkorea.or.kr/cms/resource/07/4020407_image3_1.jpg,Type3,20221031183154,20260319094959,,,50,110,,,,SH,SH04,SH040300
2925278,38,정관장 서사라점,제주특별자치도 제주시 서사로 40 (삼도일동),1층,63172,,126.51966440195,33.5086921700485,6,https://tong.visitkorea.or.kr/cms/resource/35/4020335_image2_1.jpg,https://tong.visitkorea.or.kr/cms/resource/35/4020335_image3_1.jpg,Type3,20221030235246,20260401051335,,,50,110,,,,SH,SH04,SH040300
2925633,38,이마트 제주점,제주특별자치도 제주시 탑동로 38 (삼도이동),,63165,,126.521177288784,33.5179748474968,6,https://tong.visitkorea.or.kr/cms/resource/62/4042262_image2_1.png,https://tong.visitkorea.or.kr/cms/resource/62/4042262_image3_1.png,Type3,20221101152401,20260326092041,,,50,110,,,,SH,SH04,SH040300
2925644,38,탑텐 이마트 신제주점,제주특별자치도 제주시 1100로 3348 (노형동),1층,63082,,126.480431633456,33.4849650136857,6,https://tong.visitkorea.or.kr/cms/resource/68/4020368_image2_1.jpg,https://tong.visitkorea.or.kr/cms/resource/68/4020368_image3_1.jpg,Type3,20221101060523,20260319094959,,,50,110,,,,SH,SH04,SH040300
2925674,38,게스 제주점,제주특별자치도 제주시 중앙로 39 (일도일동),,63277,,126.524911627091,33.514790385505,6,https://tong.visitkorea.or.kr/cms/resource/13/4020413_image2_1.jpg,https://tong.visitkorea.or.kr/cms/resource/13/4020413_image3_1.jpg,Type3,20221031203524,20260319094959,,,50,110,,,,SH,SH04,SH040300
2925738,38,스파오 제주중앙로점,제주특별자치도 제주시 중앙로 53 (일도일동),천년타워,63277,,126.524933082691,33.5135430276523,6,https://tong.visitkorea.or.kr/cms/resource/14/4020414_image2_1.jpg,https://tong.visitkorea.or.kr/cms/resource/14/4020414_image3_1.jpg,Type3,20221101050517,20260319094959,,,50,110,,,,SH,SH04,SH040300
2925794,38,한섬 FX 마인 더캐시미어 제주점,제주특별자치도 제주시 1100로 3178 (노형동),,63091,,126.485332189237,33.46981155562,6,https://tong.visitkorea.or.kr/cms/resource/86/4020086_image2_1.jpg,https://tong.visitkorea.or.kr/cms/resource/86/4020086_image3_1.jpg,Type3,20221031192952,20260401045851,,,50,110,,,,SH,SH04,SH040300
2925821,38,다이나핏 제주점,제주특별자치도 제주시 중앙로7길 9 (일도일동),,63277,,126.525702228467,33.5150207960801,6,https://tong.visitkorea.or.kr/cms/resource/71/4020371_image2_1.jpg,https://tong.visitkorea.or.kr/cms/resource/71/4020371_image3_1.jpg,Type3,20221101111857,20260319094959,,,50,110,,,,SH,SH04,SH040300
2926949,32,제주엠리조트,제주특별자치도 서귀포시 중산간서로157번길 28-6 (강정동),,63558,,126.4943561301,33.2578066302,6,http://tong.visitkorea.or.kr/cms/resource/34/2926934_image2_1.jpg,http://tong.visitkorea.or.kr/cms/resource/34/2926934_image3_1.jpg,Type3,20221201155358,20251125095946,39,3,50,130,B02,B0201,B02010100,AC,AC01,AC010100
2928848,38,베스띠벨리 구제주점,제주특별자치도 제주시 중앙로 41 (일도일동),,63277,,126.52485022306,33.5144850519124,6,https://tong.visitkorea.or.kr/cms/resource/60/4045060_image2_1.png,https://tong.visitkorea.or.kr/cms/resource/60/4045060_image3_1.png,Type3,20221031183201,20260327092150,,,50,110,,,,SH,SH04,SH040300
2928853,38,제일모직아울렛 노형점,제주특별자치도 제주시 도령로 22 (노형동),,63081,,126.481814108192,33.4870114649942,6,https://tong.visitkorea.or.kr/cms/resource/30/4020330_image2_1.jpg,https://tong.visitkorea.or.kr/cms/resource/30/4020330_image3_1.jpg,Type3,20221031202923,20260319094959,,,50,110,,,,SH,SH04,SH040300
2929365,38,MLB 제주점,제주특별자치도 제주시 중앙로7길 9 (일도일동),,63277,,126.525702228467,33.5150207960801,6,https://tong.visitkorea.or.kr/cms/resource/16/4020416_image2_1.jpg,https://tong.visitkorea.or.kr/cms/resource/16/4020416_image3_1.jpg,Type3,20221101033839,20260319094959,,,50,110,,,,SH,SH04,SH040300
2929823,38,올리브영 제주국제공항점,제주특별자치도 제주시 공항로 2 (용담이동),1층,63115,,126.495951277797,33.5059364682672,6,https://tong.visitkorea.or.kr/cms/resource/82/4029082_image2_1.jpg,https://tong.visitkorea.or.kr/cms/resource/82/4029082_image3_1.jpg,Type3,20221031191308,20260330091611,,,50,110,,,,SH,SH04,SH040300
2930569,38,원더플레이스 제주 칠성로점,제주특별자치도 제주시 관덕로11길 17 (일도일동),시티오브드림 1층,63277,,126.525170802937,33.5146534359302,6,https://tong.visitkorea.or.kr/cms/resource/37/4020137_image2_1.jpg,https://tong.visitkorea.or.kr/cms/resource/37/4020137_image3_1.jpg,Type3,20221031235943,20260319094959,,,50,110,,,,SH,SH04,SH040300
2930611,38,홈플러스 메가푸드마켓 서귀포점,제주특별자치도 서귀포시 중앙로 180 (동홍동),,63585,,126.559934556059,33.2604859888121,6,https://tong.visitkorea.or.kr/cms/resource/32/4019932_image2_1.jpg,https://tong.visitkorea.or.kr/cms/resource/32/4019932_image3_1.jpg,Type3,20221101152537,20260319094959,,,50,130,,,,SH,SH04,SH040300
2930613,38,데상트골프 신제주점,제주특별자치도 제주시 노연로 94 (연동),,63133,,126.490204421725,33.4857110958867,6,https://tong.visitkorea.or.kr/cms/resource/40/4020140_image2_1.jpg,https://tong.visitkorea.or.kr/cms/resource/40/4020140_image3_1.jpg,Type3,20221101030735,20260407003555,,,50,110,,,,SH,SH04,SH040300
2930887,38,크록스 제주중문점,제주특별자치도 서귀포시 중문관광로72번길 29-9 (색달동),,63535,,126.411556504447,33.249698457597,6,https://tong.visitkorea.or.kr/cms/resource/82/4020082_image2_1.jpg,https://tong.visitkorea.or.kr/cms/resource/82/4020082_image3_1.jpg,Type3,20221031183240,20260317101259,,,50,130,,,,SH,SH04,SH040300
2930914,38,루이까스텔 서귀포점,제주특별자치도 서귀포시 중정로 104 (서귀동),,63595,,126.567334798204,33.2483906273506,6,https://tong.visitkorea.or.kr/cms/resource/84/4020084_image2_1.jpg,https://tong.visitkorea.or.kr/cms/resource/84/4020084_image3_1.jpg,Type3,20221031183354,20260319094959,,,50,130,,,,SH,SH04,SH040300
2930935,12,한담해안산책로,제주특별자치도 제주시 애월읍 곽지리,,63034,,126.3105978795,33.4591976873,6,https://tong.visitkorea.or.kr/cms/resource_photo/66/3587666_image2_1.jpg,https://tong.visitkorea.or.kr/cms/resource_photo/66/3587666_image3_1.jpg,Type1,20221206182536,20260803113920,,,50,110,,,,NA,NA05,NA050100
2931100,38,에스마켓 서귀포점,제주특별자치도 서귀포시 중정로61번길 1 (서귀동),1층,63591,,126.562798724267,33.2480324151583,6,https://tong.visitkorea.or.kr/cms/resource/04/4017304_image2_1.jpg,https://tong.visitkorea.or.kr/cms/resource/04/4017304_image3_1.jpg,Type3,20221101040144,20260318101005,,,50,130,,,,SH,SH04,SH040300
2931257,38,수목원길 야시장,제주특별자치도 제주시 은수길 69,,63141,,126.4882144217,33.4706491825,6,https://tong.visitkorea.or.kr/cms/resource/46/4074046_image2_1.jpg,https://tong.visitkorea.or.kr/cms/resource/46/4074046_image3_1.jpg,Type1,20221207114608,20260611172508,,,50,110,,,,SH,SH06,SH060200
2931335,38,라코스테 제주점,제주특별자치도 제주시 관덕로11길 8 (일도일동),,63277,,126.525582737694,33.5138407881265,6,https://tong.visitkorea.or.kr/cms/resource/75/4041875_image2_1.jpeg,https://tong.visitkorea.or.kr/cms/resource/75/4041875_image3_1.jpeg,Type3,20221101034351,20260325093432,,,50,110,,,,SH,SH04,SH040300
2931360,38,올리브영 제주한라병원점,"제주특별자치도 제주시 도령로 73 (연동, 연동 펠리체)",연동 펠리체 2층,63127,,126.485948322561,33.4901161837273,6,https://tong.visitkorea.or.kr/cms/resource/65/4029065_image2_1.png,https://tong.visitkorea.or.kr/cms/resource/65/4029065_image3_1.png,Type3,20221101100925,20260317101259,,,50,110,,,,SH,SH04,SH040300
2931669,38,뉴발란스 제주점,제주특별자치도 제주시 관덕로11길 16 (일도일동),,63277,,126.525619570515,33.5144874595037,6,https://tong.visitkorea.or.kr/cms/resource/36/4020136_image2_1.jpg,https://tong.visitkorea.or.kr/cms/resource/36/4020136_image3_1.jpg,Type3,20221101034619,20260319094959,,,50,110,,,,SH,SH04,SH040300
2931671,38,블랙야크 서귀포점,제주특별자치도 서귀포시 중앙로 54 (서귀동),,63591,,126.561808783056,33.2493323281287,6,https://tong.visitkorea.or.kr/cms/resource/04/4020404_image2_1.jpg,https://tong.visitkorea.or.kr/cms/resource/04/4020404_image3_1.jpg,Type3,20221031203908,20260319094959,,,50,130,,,,SH,SH04,SH040300
2931723,32,제주901,제주특별자치도 제주시 1100로 2977-10 (노형동),,63078,,126.48627741278395,33.45289418805199,6,https://tong.visitkorea.or.kr/cms/resource/80/4068980_image2_1.jpg,https://tong.visitkorea.or.kr/cms/resource/80/4068980_image3_1.jpg,Type3,20221207163536,20260528172546,,,50,110,,,,AC,AC03,AC030300
2931727,38,아리따움 제주노형점,제주특별자치도 제주시 원노형로 82 (노형동),삼원빌딩 1층,63086,,126.484566773712,33.4814220725104,6,https://tong.visitkorea.or.kr/cms/resource/61/4020361_image2_1.jpg,https://tong.visitkorea.or.kr/cms/resource/61/4020361_image3_1.jpg,Type3,20221031183811,20260330091611,,,50,110,,,,SH,SH04,SH040300
2931775,38,고려홍삼,제주특별자치도 제주시 신광로 27 (연동),,63124,,126.490323944513,33.489681748482,6,https://tong.visitkorea.or.kr/cms/resource/47/4020347_image2_1.jpg,https://tong.visitkorea.or.kr/cms/resource/47/4020347_image3_1.jpg,Type3,20221031203033,20260319094959,,,50,110,,,,SH,SH04,SH040300
2931892,14,빛의 벙커,제주특별자치도 서귀포시 성산읍 서성일로1168번길 89-17,,63641,,126.8996000000,33.4399000000,6,https://tong.visitkorea.or.kr/cms/resource/08/3548808_image2_1.jpg,https://tong.visitkorea.or.kr/cms/resource/08/3548808_image3_1.jpg,Type1,20221208113818,20260731154749,,,50,130,,,,VE,VE07,VE070300
2931932,14,아라리오뮤지엄 탑동시네마,제주특별자치도 제주시 탑동로 14 (삼도이동),,63165,,126.5233924898,33.5174206183,6,https://tong.visitkorea.or.kr/cms/resource/17/2931917_image2_1.jpg,https://tong.visitkorea.or.kr/cms/resource/17/2931917_image3_1.jpg,Type3,20221208141631,20260610083438,,,50,110,,,,VE,VE07,VE070600
2932006,12,서귀포 패류화석산지,제주특별자치도 서귀포시 남성중로 43 (서홍동),,63594,,126.5582787717,33.2398207377,6,http://tong.visitkorea.or.kr/cms/resource/17/3391817_image2_1.jpg,http://tong.visitkorea.or.kr/cms/resource/17/3391817_image3_1.jpg,Type3,20221128185503,20251224141924,39,3,50,130,A01,A0101,A01010500,NA,NA04,NA040400
2932050,38,휠라키즈 신제주점,제주특별자치도 제주시 신광로 51 (연동),1층,63123,,126.490210177891,33.4874833795336,6,https://tong.visitkorea.or.kr/cms/resource/48/4043148_image2_1.jpg,https://tong.visitkorea.or.kr/cms/resource/48/4043148_image3_1.jpg,Type3,20221101131357,20260327092150,,,50,110,,,,SH,SH04,SH040300
2932531,39,장수애섬식당,제주특별자치도 서귀포시 남성중로 2-3,,63594,,126.5596823834,33.2433684182,6,https://tong.visitkorea.or.kr/cms/resource/29/2932529_image2_1.jpg,https://tong.visitkorea.or.kr/cms/resource/29/2932529_image3_1.jpg,Type3,20221213140020,20260714150947,,,50,130,,,,FD,FD01,FD010100
2933508,14,유동룡미술관,제주특별자치도 제주시 용금로 906-10,,63017,,126.2707792522,33.3405858680,6,,,,20221216133035,20260615164402,,,50,110,,,,VE,VE07,VE070600
2938592,39,서작가초밥집,제주특별자치도 서귀포시 태평로 416-1,,63596,,126.5647985422,33.2448488835,6,,,,20221222144243,20260616182245,,,50,130,,,,FD,FD02,FD020200
2939004,39,돈물국수,제주특별자치도 제주시 연무정동길 2,,63282,,126.535422928711,33.5140171097563,6,,,,20221226155812,20260330091611,,,50,110,,,,FD,FD01,FD010100
2940065,39,칠분의오,제주특별자치도 제주시 해맞이해안로 650-20,,63358,,126.8134932697,33.5585025345,6,,,,20230102110549,20260707101044,,,50,110,,,,FD,FD02,FD020300
2940076,39,카고크루즈,제주특별자치도 제주시 탑동로 43,,63166,,126.5203520258,33.5176470006,6,,,,20230102111457,20260707101651,,,50,110,,,,FD,FD02,FD020300
2940391,32,광이멀스테이,제주특별자치도 제주시 월각로 151,,63022,,126.3048803787,33.4058844989,6,,,,20230103151134,20250919150418,39,4,50,110,B02,B0201,B02010700,AC,AC03,AC030100
2940981,12,루나폴,제주특별자치도 서귀포시 일주서로 1836,,63527,,126.3219962251,33.2514073999,6,http://tong.visitkorea.or.kr/cms/resource/85/3423685_image2_1.jpg,http://tong.visitkorea.or.kr/cms/resource/85/3423685_image3_1.jpg,Type3,20230105163315,20250512153917,39,3,50,130,A02,A0202,A02020600,VE,VE02,VE020100
2941421,39,수눌음,제주특별자치도 서귀포시 하모항구로 50 수눌음,,63506,,126.2500422457,33.2181497776,6,,,,20230109163122,20260605084251,,,50,130,,,,FD,FD01,FD010100
2946074,12,금능포구,제주특별자치도 제주시 한림읍 금능리,,63010,,126.2351090186,33.3902295795,6,http://tong.visitkorea.or.kr/cms/resource/86/2947286_image2_1.jpg,http://tong.visitkorea.or.kr/cms/resource/86/2947286_image3_1.jpg,Type1,20230128184744,20251030092627,39,4,50,110,A02,A0203,A02030100,VE,VE04,VE040200
2946085,39,롤링브루잉,제주특별자치도 제주시 동문로 21-1 (일도일동),,63278,,126.5291124418,33.5131031405,6,https://tong.visitkorea.or.kr/cms/resource/01/2947401_image2_1.jpg,https://tong.visitkorea.or.kr/cms/resource/01/2947401_image3_1.jpg,Type1,20230128193725,20260608112929,,,50,110,,,,FD,FD05,FD050100
2946628,12,환상숲곶자왈공원,제주특별자치도 제주시 한경면 녹차분재로 594-1,,63005,,126.2629199720,33.3224018640,6,https://tong.visitkorea.or.kr/cms/resource/63/4073563_image2_1.jpg,https://tong.visitkorea.or.kr/cms/resource/63/4073563_image3_1.jpg,Type1,20230131174918,20260703130225,,,50,110,,,,NA,NA04,NA040600
2948051,12,산양큰엉곶,제주특별자치도 제주시 한경면 청수리,청수리 956-6,63006,,126.2503099104,33.2907297100,6,,,,20230207174552,20250318151744,39,4,50,110,A01,A0101,A01010400,NA,NA01,NA010200
2948165,32,에코랜드 호텔,제주특별자치도 제주시 번영로 1278-169,,63346,,126.6681893538,33.4558430751,6,http://tong.visitkorea.or.kr/cms/resource/47/2948147_image2_1.png,http://tong.visitkorea.or.kr/cms/resource/47/2948147_image3_1.png,Type3,20230208104245,20250718090000,39,4,50,110,B02,B0201,B02010900,AC,AC04,AC040100
2949573,14,제주문학관,제주특별자치도 제주시 연북로 339 (도남동),,63234,,126.5178573851,33.4813850713,6,http://tong.visitkorea.or.kr/cms/resource/29/2949529_image2_1.JPG,http://tong.visitkorea.or.kr/cms/resource/29/2949529_image3_1.JPG,Type3,20230216112831,20250905100941,39,4,50,110,A02,A0206,A02060300,VE,VE07,VE070300
2953017,38,제주수울 (JEJUSUUL),제주특별자치도 제주시 서문로 72-1,,63154,,126.5186569134,33.5120353174,6,https://tong.visitkorea.or.kr/cms/resource/16/2953016_image2_1.jpg,https://tong.visitkorea.or.kr/cms/resource/16/2953016_image3_1.jpg,Type3,20230327175234,20260804153625,,,50,110,,,,SH,SH05,SH050300
2977041,12,열대과일농장 유진팡,제주특별자치도 서귀포시 원님로399번길 31-7,,63616,,126.7425157103,33.3399177814,6,https://tong.visitkorea.or.kr/cms/resource/95/2976895_image2_1.jpg,https://tong.visitkorea.or.kr/cms/resource/95/2976895_image3_1.jpg,Type3,20230418172634,20260807151941,,,50,130,,,,EX,EX03,EX030300
2980017,38,빈폴 제주점,제주특별자치도 제주시 관덕로11길 15,,63277,,126.52532153713766,33.514406112482405,6,,,,20230420172847,20260202080937,,,50,110,,,,SH,SH05,SH050200
2986689,14,제주고산리유적안내센터,제주특별자치도 제주시 노을해안로 1100,,63008,,126.1659029816,33.3044553480,6,https://tong.visitkorea.or.kr/cms/resource/87/2986687_image2_1.jpg,https://tong.visitkorea.or.kr/cms/resource/87/2986687_image3_1.jpg,Type3,20230427175524,20260731082348,,,50,110,,,,VE,VE07,VE070300
2991120,32,물결그림,제주특별자치도 제주시 함덕5길 8-7,,63333,,126.6595658566,33.5444525773,6,http://tong.visitkorea.or.kr/cms/resource/94/2991094_image2_1.jpg,http://tong.visitkorea.or.kr/cms/resource/94/2991094_image3_1.jpg,Type3,20230621135053,20250917150338,39,4,50,110,B02,B0201,B02010700,AC,AC03,AC030100
2994124,28,중문승마공원,제주특별자치도 서귀포시 대포동 2270,,63543,,126.4454255053,33.2425888443,6,,,,20230717163739,20260806144155,,,50,130,,,,LS,LS01,LS010700
2997830,15,2025 제주 반려동물 문화산업 한마당,제주특별자치도 제주시 연삼로 286 (도남동),,63219,064-711-1002,126.5238621803,33.4918756720,6,http://tong.visitkorea.or.kr/cms/resource/39/3524439_image2_1.jpg,http://tong.visitkorea.or.kr/cms/resource/39/3524439_image3_1.jpg,Type3,20230816142344,20250820172259,39,4,50,110,A02,A0208,A02081300,EV,EV03,EV030400
3005374,14,아이바가든,제주특별자치도 제주시 애월읍 고성남서길 10,,63065,,126.4220642723,33.4336186579,6,https://tong.visitkorea.or.kr/cms/resource/43/3552843_image2_1.jpg,https://tong.visitkorea.or.kr/cms/resource/43/3552843_image3_1.jpg,Type1,20230831104351,20260616142925,,,50,110,,,,VE,VE07,VE070600
3008392,12,성읍녹차동굴,제주특별자치도 서귀포시 중산간동로 4772,,63624,,126.79127221088336,33.381059712535404,6,https://tong.visitkorea.or.kr/cms/resource/79/3008379_image2_1.jpg,https://tong.visitkorea.or.kr/cms/resource/79/3008379_image3_1.jpg,Type1,20230901114052,20260602102127,,,50,130,,,,NA,NA03,NA030100
3009659,12,성읍녹차마을,제주특별자치도 서귀포시 중산간동로 4778 녹차가공공장,,63624,,126.7906832086,33.3813449392,6,http://tong.visitkorea.or.kr/cms/resource/38/3009638_image2_1.jpg,http://tong.visitkorea.or.kr/cms/resource/38/3009638_image3_1.jpg,Type1,20230912115122,20250418102256,39,3,50,130,A02,A0203,A02030100,VE,VE04,VE040200
3011245,12,수산한못,제주특별자치도 서귀포시 성산읍 수산리,,63630,,126.843215,33.429055,6,https://tong.visitkorea.or.kr/cms/resource/20/3009620_image2_1.jpg,https://tong.visitkorea.or.kr/cms/resource/20/3009620_image3_1.jpg,Type3,20230912104834,20260520164708,,,50,130,,,,NA,NA02,NA020300
3011941,15,"화북, 포구문화제",제주특별자치도 제주시 화북이동,1619-8 화북포구,63304,064-728-4682,126.5658911161,33.5246449368,6,http://tong.visitkorea.or.kr/cms/resource/84/3540884_image2_1.jpg,http://tong.visitkorea.or.kr/cms/resource/84/3540884_image3_1.jpg,Type3,20230918140155,20250918153037,39,4,50,110,A02,A0207,A02070200,EV,EV01,EV010400
3012012,12,석예원 본초 족욕 성산점,제주특별자치도 서귀포시 성산읍 섭지코지로25번길 34,2층,63641,,126.9195734269,33.4421097515,6,http://tong.visitkorea.or.kr/cms/resource/69/3011969_image2_1.jpg,http://tong.visitkorea.or.kr/cms/resource/69/3011969_image3_1.jpg,Type3,20230918145715,20251023143000,39,3,50,130,A02,A0202,A02020500,EX,EX05,EX050600
3013172,12,신천리 벽화마을,제주특별자치도 서귀포시 성산읍 신천서로 5,,63637,,126.84980128954909,33.34418048945659,6,https://tong.visitkorea.or.kr/cms/resource/59/3013159_image2_1.jpg,https://tong.visitkorea.or.kr/cms/resource/59/3013159_image3_1.jpg,Type3,20230920135303,20260430102610,,,50,130,,,,VE,VE04,VE040100
3013283,12,송악산둘레길,제주특별자치도 서귀포시 대정읍 상모리,245,63508,,126.28931,33.204334,6,https://tong.visitkorea.or.kr/cms/resource/78/4064178_image2_1.jpg,https://tong.visitkorea.or.kr/cms/resource/78/4064178_image3_1.jpg,Type1,20230920150625,20260514082738,,,50,130,,,,VE,VE04,VE040300
3013310,12,황우지선녀탕,제주특별자치도 서귀포시 서홍동,795-5,63578,,126.548922,33.239452,6,https://tong.visitkorea.or.kr/cms/resource/36/3585236_image2_1.jpg,https://tong.visitkorea.or.kr/cms/resource/36/3585236_image3_1.jpg,Type1,20230920154140,20260514163818,,,50,130,,,,NA,NA02,NA020800
3014969,15,문화의 달 행사,제주특별자치도 서귀포시 남성중로 2-9 (서홍동),,63594,064-760-0901,126.5598424335,33.2438675382,6,http://tong.visitkorea.or.kr/cms/resource/69/3562069_image2_1.jpg,http://tong.visitkorea.or.kr/cms/resource/69/3562069_image3_1.jpg,Type3,20230925141041,20251105132853,39,3,50,130,A02,A0207,A02070200,EV,EV01,EV010200
3015172,12,졸띠유채밭,제주특별자치도 서귀포시 성산읍 동류암로 8,,63640,,126.9192593887,33.4497589013,6,http://tong.visitkorea.or.kr/cms/resource/61/3013261_image2_1.jpg,http://tong.visitkorea.or.kr/cms/resource/61/3013261_image3_1.jpg,Type3,20230920144754,20251023143000,39,3,50,130,A01,A0101,A01010500,NA,NA03,NA030500
3015608,12,수망리 마흐니숲길,제주특별자치도 서귀포시 남원읍 수망리,산203,63615,,126.658416,33.379987,6,https://tong.visitkorea.or.kr/cms/resource/92/3015592_image2_1.jpg,https://tong.visitkorea.or.kr/cms/resource/92/3015592_image3_1.jpg,Type3,20230920133356,20260429113527,,,50,130,,,,NA,NA01,NA010200
3015632,12,쇠소깍산물관광농원,제주특별자치도 서귀포시 남원읍 하례로 90,,63613,,126.62470544688196,33.2578722425109,6,https://tong.visitkorea.or.kr/cms/resource/26/3015626_image2_1.jpg,https://tong.visitkorea.or.kr/cms/resource/26/3015626_image3_1.jpg,Type3,20230920142952,20260429134352,,,50,130,,,,EX,EX03,EX030300
3015651,12,태웃개,제주특별자치도 서귀포시 남원읍 태위로398번길 57,,63610,,126.69089653863153,33.27064392225753,6,https://tong.visitkorea.or.kr/cms/resource/45/3015645_image2_1.jpg,https://tong.visitkorea.or.kr/cms/resource/45/3015645_image3_1.jpg,Type3,20230920155552,20260430092453,,,50,130,,,,NA,NA02,NA020700
3015718,12,편백포레스트,제주특별자치도 서귀포시 남원읍 서성로 544-97,,63614,,126.6597257315336,33.31725189925932,6,https://tong.visitkorea.or.kr/cms/resource/82/3015682_image2_1.jpg,https://tong.visitkorea.or.kr/cms/resource/82/3015682_image3_1.jpg,Type3,20230920162323,20260429132931,,,50,130,,,,EX,EX03,EX030200
3015782,12,거린사슴전망대,제주특별자치도 서귀포시 1100로 791 (대포동),,63554,,126.4547,33.3075,6,https://tong.visitkorea.or.kr/cms/resource/57/3015757_image2_1.jpg,https://tong.visitkorea.or.kr/cms/resource/57/3015757_image3_1.jpg,Type3,20230920163532,20260429132336,,,50,130,,,,VE,VE01,VE010200
3022258,12,제원하늘농원,제주특별자치도 제주시 조천읍 대흘북길 72-5,,63343,,126.6664495134059,33.502978324166364,6,https://tong.visitkorea.or.kr/cms/resource/49/3510949_image2_1.jpg,https://tong.visitkorea.or.kr/cms/resource/49/3510949_image3_1.jpg,Type1,20231023133458,20260311100340,,,50,110,,,,EX,EX05,EX050600
3026604,12,효명사,제주특별자치도 서귀포시 516로 815-41 효명사,,63607,,126.5941765584,33.3233287582,6,http://tong.visitkorea.or.kr/cms/resource/93/3026593_image2_1.jpg,http://tong.visitkorea.or.kr/cms/resource/93/3026593_image3_1.jpg,Type3,20230912110214,20250403104931,39,3,50,130,A02,A0201,A02010800,HS,HS03,HS030100
3026668,12,안덕 월라봉,제주특별자치도 서귀포시 안덕면 감산리,,63531,,126.3497730000,33.2436440000,6,https://tong.visitkorea.or.kr/cms/resource/50/3026650_image2_1.jpg,https://tong.visitkorea.or.kr/cms/resource/50/3026650_image3_1.jpg,Type3,20230912105542,20260730114051,,,50,130,,,,NA,NA01,NA010100
3026711,12,가시리국산화풍력발전단지,제주특별자치도 서귀포시 표선면 녹산로 464-78,,63622,,126.7341100468,33.3939370848,6,http://tong.visitkorea.or.kr/cms/resource/92/3026692_image2_1.jpg,http://tong.visitkorea.or.kr/cms/resource/92/3026692_image3_1.jpg,Type3,20230920140339,20250408135047,39,3,50,130,A02,A0204,A02040400,EX,EX06,EX060900
3026734,12,표선소금막해변,제주특별자치도 서귀포시 표선면 표선동서로 378-18,,63629,,126.84151895207609,33.333980788052564,6,https://tong.visitkorea.or.kr/cms/resource/26/3026726_image2_1.jpg,https://tong.visitkorea.or.kr/cms/resource/26/3026726_image3_1.jpg,Type3,20230920154958,20260514172829,,,50,130,,,,NA,NA02,NA020900
3027466,12,달달미깡감귤밭,제주 제주시 애월읍 광령리,3899-5,695904,,126.421894,33.459298,6,https://tong.visitkorea.or.kr/cms/resource/54/3027454_image2_1.jpg,https://tong.visitkorea.or.kr/cms/resource/54/3027454_image3_1.jpg,Type3,20230920141216,20260514163305,,,50,130,,,,EX,EX03,EX030300
3030120,39,옥돔마을,제주특별자치도 서귀포시 남원읍 남태해안로 509,,63617,,126.74950594180186,33.28756273496645,6,https://tong.visitkorea.or.kr/cms/resource/75/3038075_image2_1.jpg,https://tong.visitkorea.or.kr/cms/resource/75/3038075_image3_1.jpg,Type3,20231102105347,20260416174536,,,50,130,,,,FD,FD01,FD010100
3030178,39,로빙화,제주특별자치도 서귀포시 남원읍 남태해안로 13,,63621,,126.70926191840505,33.27511663280418,6,https://tong.visitkorea.or.kr/cms/resource/51/3030151_image2_1.jpg,https://tong.visitkorea.or.kr/cms/resource/51/3030151_image3_1.jpg,Type3,20231102112414,20260420101912,,,50,130,,,,FD,FD02,FD020300
3030250,39,온더스톤 브런치카페 제주성산점,제주특별자치도 서귀포시 성산읍 해맞이해안로 2746,H동 1~2층,63639,,126.9182256717,33.4702982825,6,http://tong.visitkorea.or.kr/cms/resource/04/3030204_image2_1.jpg,http://tong.visitkorea.or.kr/cms/resource/04/3030204_image3_1.jpg,Type3,20231102113317,20250206142004,39,3,50,130,A05,A0502,A05020200,FD,FD02,FD020300
3030286,39,어린왕자감귤밭,제주특별자치도 서귀포시 대정읍 추사로36번길 45-1,,63520,,126.28183165687958,33.25329704972264,6,https://tong.visitkorea.or.kr/cms/resource/59/3030259_image2_1.jpg,https://tong.visitkorea.or.kr/cms/resource/59/3030259_image3_1.jpg,Type3,20231102115101,20260420103335,,,50,130,,,,FD,FD05,FD050100
3030351,14,서귀포예술의전당,제주특별자치도 서귀포시 태평로 270 (서홍동),,63594,,126.55079114238754,33.24633337911781,6,https://tong.visitkorea.or.kr/cms/resource/35/3030335_image2_1.jpg,https://tong.visitkorea.or.kr/cms/resource/35/3030335_image3_1.jpg,Type3,20231102120743,20260420093656,,,50,130,,,,VE,VE06,VE060100
3030422,14,제주아리랑 혼,제주특별자치도 서귀포시 표선면 번영로 2564-21,제주아리랑,63624,,126.77842221078322,33.402513952034916,6,https://tong.visitkorea.or.kr/cms/resource/67/3030367_image2_1.jpg,https://tong.visitkorea.or.kr/cms/resource/67/3030367_image3_1.jpg,Type3,20231102122748,20260420103931,,,50,130,,,,VE,VE06,VE060100
3030930,28,감귤카트,제주특별자치도 서귀포시 중문관광로 42 (색달동),,63535,,126.407836,33.254956,6,https://tong.visitkorea.or.kr/cms/resource/23/3030923_image2_1.jpg,https://tong.visitkorea.or.kr/cms/resource/23/3030923_image3_1.jpg,Type3,20231103100207,20260416102536,,,50,130,,,,LS,LS01,LS010300
3030949,28,우리승마장,제주특별자치도 서귀포시 성산읍 중산간동로 4517,,63636,,126.81236938482873,33.38689755308953,6,https://tong.visitkorea.or.kr/cms/resource/35/3030935_image2_1.jpg,https://tong.visitkorea.or.kr/cms/resource/35/3030935_image3_1.jpg,Type3,20231103101055,20260416154810,,,50,130,,,,LS,LS01,LS010700
3030978,28,쇠와꽃승마장,제주특별자치도 서귀포시 성산읍 섭지코지로25번길 88-17,,63641,,126.92000566003668,33.447315605017515,6,https://tong.visitkorea.or.kr/cms/resource/68/3030968_image2_1.jpg,https://tong.visitkorea.or.kr/cms/resource/68/3030968_image3_1.jpg,Type3,20231103102311,20260416142807,,,50,130,,,,LS,LS01,LS010700
3031021,28,제주아리온승마장,제주특별자치도 서귀포시 안덕면 신화역사로403번길 79,,63523,,126.33401003465123,33.31102329396897,6,https://tong.visitkorea.or.kr/cms/resource/98/3030998_image2_1.jpg,https://tong.visitkorea.or.kr/cms/resource/98/3030998_image3_1.jpg,Type3,20231103103445,20260416103214,,,50,130,,,,LS,LS01,LS010700
3031022,32,제주호텔더엠,제주특별자치도 서귀포시 태평로353번길 14 (서귀동),,63595,,126.56067625968052,33.24684620774138,6,,,,20231103104232,20260224143859,,,50,130,,,,AC,AC04,AC040100
3031466,32,디아넥스호텔,제주특별자치도 서귀포시 안덕면 산록남로762번길 71,,63525,,126.39263481977545,33.303039319526924,6,https://tong.visitkorea.or.kr/cms/resource/03/3571403_image2_1.jpg,https://tong.visitkorea.or.kr/cms/resource/03/3571403_image3_1.jpg,Type3,20231106102322,20260416095050,,,50,130,,,,AC,AC01,AC010100
3031467,28,모구리야영장,제주특별자치도 서귀포시 성산읍 서성일로 260,,63632,,126.82215932549602,33.40662861624756,6,https://tong.visitkorea.or.kr/cms/resource/50/3031150_image2_1.jpg,https://tong.visitkorea.or.kr/cms/resource/50/3031150_image3_1.jpg,Type3,20231103142429,20260416154403,,,50,130,,,,AC,AC05,AC050100
3031492,28,뷰 제주하늘,제주특별자치도 서귀포시 성산읍 서성일로 397,,63632,,126.83281088482597,33.41308749999648,6,https://tong.visitkorea.or.kr/cms/resource/76/3031476_image2_1.jpg,https://tong.visitkorea.or.kr/cms/resource/76/3031476_image3_1.jpg,Type3,20231103143402,20260416100508,,,50,130,,,,LS,LS01,LS010700
3031517,28,표선해수욕장 야영장,제주특별자치도 서귀포시 표선면 민속해안로 620,,63629,,126.83937164463333,33.32561225733271,6,https://tong.visitkorea.or.kr/cms/resource/07/3031507_image2_1.jpg,https://tong.visitkorea.or.kr/cms/resource/07/3031507_image3_1.jpg,Type3,20231103150244,20260416144426,,,50,130,,,,AC,AC05,AC050100
3031541,12,하모체육공원,제주특별자치도 서귀포시 대정읍 하모리,2139-3,63507,,126.252426,33.218625,6,https://tong.visitkorea.or.kr/cms/resource/26/3031526_image2_1.jpg,https://tong.visitkorea.or.kr/cms/resource/26/3031526_image3_1.jpg,Type3,20231103154941,20260416101018,,,50,130,,,,VE,VE03,VE030100
3031552,28,서귀포홍리실내수영장,제주특별자치도 서귀포시 지장샘로182번길 149 (동홍동),,63579,,126.56501565723214,33.26830609934349,6,https://tong.visitkorea.or.kr/cms/resource/49/3031549_image2_1.jpg,https://tong.visitkorea.or.kr/cms/resource/49/3031549_image3_1.jpg,Type3,20231103155820,20260416153814,,,50,130,,,,LS,LS02,LS020700
3031571,28,서광카트체험장,제주특별자치도 서귀포시 안덕면 서광리,771,63521,,126.321626,33.288638,6,https://tong.visitkorea.or.kr/cms/resource/55/3031555_image2_1.jpg,https://tong.visitkorea.or.kr/cms/resource/55/3031555_image3_1.jpg,Type3,20231103160324,20260416104149,,,50,130,,,,LS,LS01,LS010300
3031581,32,카세로지,제주특별자치도 서귀포시 표선면 가시로 383,,63623,,126.7869121327,33.3454127339,6,http://tong.visitkorea.or.kr/cms/resource/79/3031579_image2_1.jpg,http://tong.visitkorea.or.kr/cms/resource/79/3031579_image3_1.jpg,Type3,20231103180427,20251125144645,39,3,50,130,B02,B0201,B02010100,AC,AC01,AC010100
3035057,15,구팔일 댕댕이 대잔치！,제주특별자치도 제주시 애월읍 천덕로 880-24,,63038,1833-9810,126.36737929508537,33.39087381270927,6,https://tong.visitkorea.or.kr/cms/resource/36/4063736_image2_1.jpg,https://tong.visitkorea.or.kr/cms/resource/36/4063736_image3_1.jpg,Type3,20231109113442,20260512101131,,,50,110,,,,EV,EV03,EV030400
3037417,12,미깡창고,제주특별자치도 제주시 애월읍 중산간서로 6710-1,,63062,,126.4452558345,33.4605140048,6,http://tong.visitkorea.or.kr/cms/resource/89/3037389_image2_1.jpg,http://tong.visitkorea.or.kr/cms/resource/89/3037389_image3_1.jpg,Type3,20231113111117,20250414171029,39,4,50,110,A02,A0203,A02030100,EX,EX03,EX030300
3037574,28,[한라산 둘레길 9구간] 숫모르편백숲길,제주특별자치도 제주시 명림로 584 (봉개동),절물자연휴양림입구~한라생태숲,63313,,126.62999593753408,33.43942555847447,6,https://tong.visitkorea.or.kr/cms/resource/71/3037571_image2_1.jpg,https://tong.visitkorea.or.kr/cms/resource/71/3037571_image3_1.jpg,Type3,20231113120405,20260422153255,,,50,110,,,,LS,LS01,LS011900
3037603,12,맛동산 감귤체험농장,제주특별자치도 제주시 애월읍 광령2길 62-1,,63062,,126.42985216031016,33.45476723766368,6,https://tong.visitkorea.or.kr/cms/resource/88/3037588_image2_1.jpg,https://tong.visitkorea.or.kr/cms/resource/88/3037588_image3_1.jpg,Type3,20231113121318,20260410135915,,,50,110,,,,EX,EX03,EX030300
3037623,14,제주 스카이워터쇼,제주특별자치도 제주시 구좌읍 번영로 2172-80,,63355,,126.7442727110463,33.42422382472475,6,https://tong.visitkorea.or.kr/cms/resource/08/3037608_image2_1.jpg,https://tong.visitkorea.or.kr/cms/resource/08/3037608_image3_1.jpg,Type3,20231113122003,20260410150102,,,50,110,,,,VE,VE06,VE060100
3037793,12,금능돌담해변길,제주특별자치도 제주시 한림읍 금능9길 24,,63010,,126.22905593237593,33.39031479807184,6,https://tong.visitkorea.or.kr/cms/resource/81/3037781_image2_1.jpg,https://tong.visitkorea.or.kr/cms/resource/81/3037781_image3_1.jpg,Type3,20231113141412,20260410133531,,,50,110,,,,NA,NA05,NA050100
3037925,39,스페이스제로,제주특별자치도 제주시 애월읍 천덕로 880-24,에이동 3층,63038,,126.366562,33.390063,6,https://tong.visitkorea.or.kr/cms/resource/09/3037909_image2_1.jpg,https://tong.visitkorea.or.kr/cms/resource/09/3037909_image3_1.jpg,Type3,20231113150619,20260410134557,,,50,110,,,,FD,FD05,FD050100
3037977,28,청아투명카약,제주특별자치도 제주시 애월읍 애월로 11,한담공원,63043,,126.310542,33.460272,6,https://tong.visitkorea.or.kr/cms/resource/43/3037943_image2_1.jpg,https://tong.visitkorea.or.kr/cms/resource/43/3037943_image3_1.jpg,Type3,20231113152352,20260410141637,,,50,110,,,,LS,LS02,LS020200
3038062,12,제주이호랜드,제주특별자치도 제주시 이호일동,374-1,63108,,126.455058,33.499659,6,https://tong.visitkorea.or.kr/cms/resource/39/3038039_image2_1.jpg,https://tong.visitkorea.or.kr/cms/resource/39/3038039_image3_1.jpg,Type3,20231113154449,20260410165936,,,50,110,,,,NA,NA02,NA020900
3038449,39,더힐링타임,제주특별자치도 제주시 서해안로 652 (용담삼동),,63151,,126.506458568504,33.515923124308,6,https://tong.visitkorea.or.kr/cms/resource/32/3038432_image2_1.jpg,https://tong.visitkorea.or.kr/cms/resource/32/3038432_image3_1.jpg,Type3,20231113135929,20260410142621,,,50,110,,,,FD,FD05,FD050100
3038479,12,장생의숲길,제주특별자치도 제주시 명림로 584 (봉개동),,63313,,126.63036259117361,33.439737252689625,6,https://tong.visitkorea.or.kr/cms/resource/66/3038466_image2_1.jpg,https://tong.visitkorea.or.kr/cms/resource/66/3038466_image3_1.jpg,Type3,20231114100006,20260410130959,,,50,110,,,,NA,NA04,NA040600
3056135,12,호떡골목,제주특별자치도 제주시 동문로 16 (일도일동),,63264,,126.52831973043567,33.51279665661436,6,https://tong.visitkorea.or.kr/cms/resource/29/3056129_image2_1.jpg,https://tong.visitkorea.or.kr/cms/resource/29/3056129_image3_1.jpg,Type1,20231204102133,20260401132114,,,50,110,,,,VE,VE04,VE040100
3056151,12,제동목장 입구,제주특별자치도 제주시 조천읍 교래7길 218,,63346,,126.6969128618206,33.41950376280661,6,https://tong.visitkorea.or.kr/cms/resource/70/3056070_image2_1.jpg,https://tong.visitkorea.or.kr/cms/resource/70/3056070_image3_1.jpg,Type3,20231204101249,20260331132547,,,50,110,,,,VE,VE04,VE040100
3056205,12,관곶,제주특별자치도 제주시 조천읍 조함해안로 217-1,,63332,,126.64406921204653,33.5532235889717,6,https://tong.visitkorea.or.kr/cms/resource/34/4054634_image2_1.jpg,https://tong.visitkorea.or.kr/cms/resource/34/4054634_image3_1.jpg,Type1,20231204102859,20260527102853,,,50,110,,,,NA,NA05,NA050100
3056279,12,누웨마루거리,제주특별자치도 제주시 신광로 47 (연동),,63123,,126.49029390914617,33.487754418626565,6,https://tong.visitkorea.or.kr/cms/resource/54/3056254_image2_1.jpg,https://tong.visitkorea.or.kr/cms/resource/54/3056254_image3_1.jpg,Type3,20231204104735,20260401105048,,,50,110,,,,VE,VE04,VE040100
3056356,39,카페술도가제주바당,제주특별자치도 제주시 구좌읍 한동로 27,1층,63359,,126.8245257246,33.5372379420,6,https://tong.visitkorea.or.kr/cms/resource/55/3056355_image2_1.jpg,https://tong.visitkorea.or.kr/cms/resource/55/3056355_image3_1.jpg,Type3,20231204105817,20260803150018,,,50,110,,,,FD,FD01,FD010100
3056401,12,감수굴 밭담길,제주특별자치도 제주시 구좌읍 평대7길 34,,63360,,126.84326807148297,33.53102682077065,6,https://tong.visitkorea.or.kr/cms/resource/87/3056387_image2_1.jpg,https://tong.visitkorea.or.kr/cms/resource/87/3056387_image3_1.jpg,Type3,20231204110507,20260401133236,,,50,110,,,,VE,VE04,VE040200
3056448,12,올레바당체험마을,제주특별자치도 제주시 한림읍 한림해안로 267-6,,63023,,126.26406290297412,33.42542169301652,6,https://tong.visitkorea.or.kr/cms/resource/29/3056429_image2_1.jpg,https://tong.visitkorea.or.kr/cms/resource/29/3056429_image3_1.jpg,Type3,20231204111401,20260401092013,,,50,110,,,,EX,EX03,EX030100
3056519,12,귤의정원 바령,제주특별자치도 제주시 조천읍 선흘남3길 87,,63340,,126.70604748291626,33.505387985002336,6,https://tong.visitkorea.or.kr/cms/resource/69/3056469_image2_1.jpg,https://tong.visitkorea.or.kr/cms/resource/69/3056469_image3_1.jpg,Type3,20231204112639,20260331131715,,,50,110,,,,EX,EX03,EX030300
3056592,12,용담레포츠공원,제주특별자치도 제주시 서해안로 580 (용담삼동),,63114,,126.4994427069005,33.51823715798163,6,https://tong.visitkorea.or.kr/cms/resource/45/3056545_image2_1.jpg,https://tong.visitkorea.or.kr/cms/resource/45/3056545_image3_1.jpg,Type3,20231204113531,20260401105550,,,50,110,,,,VE,VE03,VE030100
3056625,12,애월한담공원,제주특별자치도 제주시 애월읍 애월로 11,,63043,,126.31126447797632,33.46002879059966,6,https://tong.visitkorea.or.kr/cms/resource/01/3056601_image2_1.jpg,https://tong.visitkorea.or.kr/cms/resource/01/3056601_image3_1.jpg,Type3,20231204114059,20260401133532,,,50,110,,,,NA,NA02,NA020800
3056663,12,엉알해안산책로,제주특별자치도 제주시 한경면 노을해안로 1143,,63008,,126.16412263702532,33.30805442882491,6,https://tong.visitkorea.or.kr/cms/resource/42/3056642_image2_1.jpg,https://tong.visitkorea.or.kr/cms/resource/42/3056642_image3_1.jpg,Type3,20231204114727,20260401130841,,,50,110,,,,NA,NA02,NA020800
3056829,12,제주바다체험장,제주특별자치도 제주시 구좌읍 일주동로 1921,,63357,,126.73709456410437,33.55543573406823,6,https://tong.visitkorea.or.kr/cms/resource/62/3056762_image2_1.jpg,https://tong.visitkorea.or.kr/cms/resource/62/3056762_image3_1.jpg,Type3,20231204120500,20260331132920,,,50,110,,,,EX,EX03,EX030400
3057021,12,개똥이네농장,제주특별자치도 제주시 조천읍 종인내길 133,,63344,,126.62278314549967,33.49488846768377,6,https://tong.visitkorea.or.kr/cms/resource/62/3056962_image2_1.jpg,https://tong.visitkorea.or.kr/cms/resource/62/3056962_image3_1.jpg,Type3,20231204122707,20260331134801,,,50,110,,,,EX,EX03,EX030300
3057180,12,차귀도유람선,제주특별자치도 제주시 한경면 노을해안로 1160,,63008,,126.16489810263236,33.30892422479478,6,https://tong.visitkorea.or.kr/cms/resource/19/3556219_image2_1.jpg,https://tong.visitkorea.or.kr/cms/resource/19/3556219_image3_1.jpg,Type1,20231204141551,20260331133657,,,50,110,,,,EX,EX07,EX070100
3057219,12,두산봉,제주특별자치도 서귀포시 성산읍 시흥리,산1-5,63638,,126.885832,33.480384,6,https://tong.visitkorea.or.kr/cms/resource/16/3057216_image2_1.jpg,https://tong.visitkorea.or.kr/cms/resource/16/3057216_image3_1.jpg,Type3,20231204142657,20260401100618,,,50,130,,,,NA,NA01,NA010100
3057244,12,조천만세동산,제주특별자치도 제주시 조천읍 조천리,1142-1,63335,,126.642205,33.540496,6,https://tong.visitkorea.or.kr/cms/resource/35/3057235_image2_1.jpg,https://tong.visitkorea.or.kr/cms/resource/35/3057235_image3_1.jpg,Type3,20231204143325,20260401094430,,,50,110,,,,HS,HS01,HS011000
3057286,12,함덕잠수함,제주특별자치도 제주시 조천읍 조함해안로 378,,63333,,126.65681931018375,33.54780234884782,6,https://tong.visitkorea.or.kr/cms/resource/77/3057277_image2_1.jpg,https://tong.visitkorea.or.kr/cms/resource/77/3057277_image3_1.jpg,Type3,20231204144558,20260428095646,,,50,110,,,,EX,EX07,EX070100
3057363,12,탐나는농장,제주특별자치도 제주시 애월읍 오당빌레길 88,,63036,,126.3585287584191,33.4480342148416,6,https://tong.visitkorea.or.kr/cms/resource/55/3057355_image2_1.jpg,https://tong.visitkorea.or.kr/cms/resource/55/3057355_image3_1.jpg,Type3,20231204145755,20260401105422,,,50,110,,,,EX,EX03,EX030300
3057412,12,보메와산감귤체험농장,제주특별자치도 제주시 조천읍 미래로 53,,63342,,126.68018591188707,33.48449858436093,6,https://tong.visitkorea.or.kr/cms/resource/86/3057386_image2_1.jpg,https://tong.visitkorea.or.kr/cms/resource/86/3057386_image3_1.jpg,Type3,20231204150534,20260401120536,,,50,110,,,,EX,EX03,EX030300
3057498,39,자드부팡,제주특별자치도 제주시 조천읍 북흘로 385-216,,63340,,126.7108781046064,33.512477923076446,6,https://tong.visitkorea.or.kr/cms/resource/59/3057459_image2_1.jpg,https://tong.visitkorea.or.kr/cms/resource/59/3057459_image3_1.jpg,Type3,20231204152338,20260401103228,,,50,110,,,,FD,FD05,FD050100
3059362,39,혼저,제주특별자치도 제주시 한림읍 한림로 158,,63010,,126.2248544545,33.3857660241,6,http://tong.visitkorea.or.kr/cms/resource/59/3059359_image2_1.jpg,http://tong.visitkorea.or.kr/cms/resource/59/3059359_image3_1.jpg,Type3,20231205143119,20250905171455,39,4,50,110,A05,A0502,A05020100,FD,FD01,FD010100
3061575,12,흑돼지거리,제주특별자치도 제주시 일도일동,,63277,,126.526861,33.515417,6,https://tong.visitkorea.or.kr/cms/resource/69/3061569_image2_1.jpg,https://tong.visitkorea.or.kr/cms/resource/69/3061569_image3_1.jpg,Type3,20231207094720,20260406094239,,,50,110,,,,VE,VE04,VE040100
3061637,12,렛츠런팜,제주특별자치도 제주시 조천읍 남조로 1649-24,,63345,,126.67552416119422,33.41304730702276,6,https://tong.visitkorea.or.kr/cms/resource/32/3061632_image2_1.jpg,https://tong.visitkorea.or.kr/cms/resource/32/3061632_image3_1.jpg,Type3,20231207095514,20260406093555,,,50,110,,,,EX,EX03,EX030200
3061676,14,너븐숭이 4.3기념관,제주특별자치도 제주시 조천읍 북촌3길 3,,63339,,126.68865605865707,33.546012249070245,6,https://tong.visitkorea.or.kr/cms/resource/46/3061646_image2_1.jpg,https://tong.visitkorea.or.kr/cms/resource/46/3061646_image3_1.jpg,Type3,20231207100618,20260420092114,,,50,110,,,,VE,VE07,VE070200
3061701,12,용두암해안도로,제주특별자치도 제주시 서해안로 687-8 (용담이동),,63152,,126.51209310788026,33.515548807796954,6,https://tong.visitkorea.or.kr/cms/resource/94/3061694_image2_1.jpg,https://tong.visitkorea.or.kr/cms/resource/94/3061694_image3_1.jpg,Type3,20231207101315,20260406094239,,,50,110,,,,NA,NA05,NA050100
3061738,12,산지항로표지관리소,제주특별자치도 제주시 사라봉동길 108-1 (건입동),,63284,,126.5455560998841,33.52120444391013,6,https://tong.visitkorea.or.kr/cms/resource/19/3061719_image2_1.jpg,https://tong.visitkorea.or.kr/cms/resource/19/3061719_image3_1.jpg,Type3,20231207102239,20260406094239,,,50,110,,,,VE,VE01,VE010800
3061788,28,삼다수승마목장,제주특별자치도 제주시 조천읍 비자림로 485-15,,63345,,126.66151165000895,33.42929212362723,6,https://tong.visitkorea.or.kr/cms/resource/80/3061780_image2_1.jpg,https://tong.visitkorea.or.kr/cms/resource/80/3061780_image3_1.jpg,Type3,20231207104420,20260406094450,,,50,110,,,,LS,LS01,LS010700
3062141,39,카페광령올레17,제주특별자치도 제주시 애월읍 광성로 295,,63062,,126.43881107885791,33.46102534870949,6,https://tong.visitkorea.or.kr/cms/resource/34/3062134_image2_1.jpg,https://tong.visitkorea.or.kr/cms/resource/34/3062134_image3_1.jpg,Type3,20231207142055,20260406094239,,,50,110,,,,FD,FD05,FD050100
3063420,14,디앤디파트먼트,제주특별자치도 제주시 탑동로2길 3 (삼도이동),,63165,,126.52331515099465,33.51770459484915,6,https://tong.visitkorea.or.kr/cms/resource/61/3552761_image2_1.jpg,https://tong.visitkorea.or.kr/cms/resource/61/3552761_image3_1.jpg,Type1,20231201144844,20260331094113,,,50,110,,,,VE,VE12,VE120300
3065203,39,애월본카페,제주특별자치도 제주시 애월읍 애월해안로 179,,63045,,126.3320764177,33.4677831838,6,https://tong.visitkorea.or.kr/cms/resource/78/3065178_image2_1.jpg,https://tong.visitkorea.or.kr/cms/resource/78/3065178_image3_1.jpg,Type3,20231211111528,20260623103051,,,50,110,,,,FD,FD05,FD050100
3066880,39,이스트포레스트,제주특별자치도 제주시 구좌읍 종달로1길 26-1,,63364,,126.8987666020,33.4958816395,6,https://tong.visitkorea.or.kr/cms/resource/31/3066831_image2_1.jpg,https://tong.visitkorea.or.kr/cms/resource/31/3066831_image3_1.jpg,Type3,20231212153636,20260727090716,,,50,110,,,,FD,FD02,FD020300
3066924,14,제주웰컴센터,제주특별자치도 제주시 선덕로 23 (연동),,63122,,126.4991894640,33.4857565119,6,http://tong.visitkorea.or.kr/cms/resource/08/3066908_image2_1.jpg,http://tong.visitkorea.or.kr/cms/resource/08/3066908_image3_1.jpg,Type3,20231212160306,20250723182945,39,4,50,110,A02,A0206,A02060300,VE,VE07,VE070300
3066943,28,귀덕바다투명카약,제주특별자치도 제주시 한림읍 귀덕9길 4,,63024,,126.2911820698,33.4433002202,6,https://tong.visitkorea.or.kr/cms/resource/29/3066929_image2_1.jpg,https://tong.visitkorea.or.kr/cms/resource/29/3066929_image3_1.jpg,Type3,20231212160806,20260803094552,,,50,110,,,,LS,LS02,LS020200
3066990,28,중문오프로드체험장,제주특별자치도 서귀포시 상예로 349 (상예동),,63548,,126.3969317768,33.2758000517,6,https://tong.visitkorea.or.kr/cms/resource/63/3066963_image2_1.jpg,https://tong.visitkorea.or.kr/cms/resource/63/3066963_image3_1.jpg,Type3,20231212161618,20260803093751,,,50,130,,,,LS,LS01,LS011500
3067040,28,제주홀스타승마장,제주특별자치도 제주시 산록북로 8 (연동),,63080,,126.4938240985,33.4223830885,6,https://tong.visitkorea.or.kr/cms/resource/27/3067027_image2_1.jpg,https://tong.visitkorea.or.kr/cms/resource/27/3067027_image3_1.jpg,Type3,20231212162736,20260803094224,,,50,110,,,,LS,LS01,LS010700
3067072,28,뱅듸승마클럽,제주특별자치도 제주시 조천읍 번영로 1118-33,,63345,,126.6534918471,33.4666510080,6,https://tong.visitkorea.or.kr/cms/resource/63/3067063_image2_1.jpg,https://tong.visitkorea.or.kr/cms/resource/63/3067063_image3_1.jpg,Type3,20231212163520,20260730161822,,,50,110,,,,LS,LS01,LS010700
3069080,12,유채꽃재배단지,제주특별자치도 서귀포시 성산읍 고성리,270-1,63640,,126.924974,33.454952,6,https://tong.visitkorea.or.kr/cms/resource/09/4064209_image2_1.jpg,https://tong.visitkorea.or.kr/cms/resource/09/4064209_image3_1.jpg,Type1,20231214160225,20260514082738,,,50,130,,,,EX,EX07,EX070200
3071677,39,서귀포 제주에인 감귤밭 카페,제주특별자치도 서귀포시 호근서호로 20-14 (호근동),,63569,,126.5390093115,33.2565638566,6,https://tong.visitkorea.or.kr/cms/resource/46/3071646_image2_1.jpg,https://tong.visitkorea.or.kr/cms/resource/46/3071646_image3_1.jpg,Type3,20230918150707,20260804085356,,,50,130,,,,FD,FD05,FD050100
3071718,12,엉또돌다카페앤농원,제주특별자치도 서귀포시 월산로 30 (강정동),,63556,,126.4943532290,33.2633393524,6,http://tong.visitkorea.or.kr/cms/resource/87/3071687_image2_1.jpg,http://tong.visitkorea.or.kr/cms/resource/87/3071687_image3_1.jpg,Type3,20230918152554,20250807162813,39,3,50,130,A02,A0203,A02030100,EX,EX03,EX030300
3071744,12,속골유원지,제주특별자치도 서귀포시 호근동,1645,63569,,126.5262315324,33.2405340402,6,http://tong.visitkorea.or.kr/cms/resource/19/3071719_image2_1.jpg,http://tong.visitkorea.or.kr/cms/resource/19/3071719_image3_1.jpg,Type3,20230918154644,20250411094933,39,3,50,130,A02,A0202,A02020700,VE,VE03,VE030500
3071776,12,트로이테마농원,제주특별자치도 서귀포시 안덕면 녹차분재로 56,,63521,,126.3020508283,33.2906707905,6,https://tong.visitkorea.or.kr/cms/resource/71/3071771_image2_1.jpg,https://tong.visitkorea.or.kr/cms/resource/71/3071771_image3_1.jpg,Type3,20230920141957,20260608155633,,,50,130,,,,EX,EX03,EX030300
3071796,12,제주향농원,제주특별자치도 서귀포시 천제연로 315-29 (회수동),,63540,,126.4389,33.254,6,https://tong.visitkorea.or.kr/cms/resource/88/3071788_image2_1.jpg,https://tong.visitkorea.or.kr/cms/resource/88/3071788_image3_1.jpg,Type3,20230920145234,20260430094111,,,50,130,,,,EX,EX03,EX030300
3071816,12,오저여,제주특별자치도 제주시 구좌읍 행원리,,63349,,126.814276,33.561454,6,https://tong.visitkorea.or.kr/cms/resource/00/3071800_image2_1.jpg,https://tong.visitkorea.or.kr/cms/resource/00/3071800_image3_1.jpg,Type3,20231113114053,20260410145351,,,50,110,,,,NA,NA05,NA050100
3071841,28,에코승마아카데미,제주특별자치도 제주시 조천읍 비자림로 1065,,63346,,126.71885605224321,33.43447842869007,6,https://tong.visitkorea.or.kr/cms/resource/25/3071825_image2_1.jpg,https://tong.visitkorea.or.kr/cms/resource/25/3071825_image3_1.jpg,Type3,20231113122725,20260410173559,,,50,110,,,,LS,LS01,LS010700
3071875,12,제주송정농원,제주특별자치도 제주시 영평동,2470-5,63308,,126.564215,33.48018,6,https://tong.visitkorea.or.kr/cms/resource/42/3071842_image2_1.jpg,https://tong.visitkorea.or.kr/cms/resource/42/3071842_image3_1.jpg,Type3,20231114095208,20260409173644,,,50,110,,,,EX,EX03,EX030300
3073199,28,유리바닥보트,제주특별자치도 서귀포시 안덕면 화순해안로106번길 8,,63530,,126.3364143813,33.2382738043,6,https://tong.visitkorea.or.kr/cms/resource/67/3073167_image2_1.jpg,https://tong.visitkorea.or.kr/cms/resource/67/3073167_image3_1.jpg,Type3,20231221141522,20260807081810,,,50,130,,,,LS,LS02,LS021400
3075388,12,생약누리,제주특별자치도 서귀포시 돈내코로 260 (상효동),,63577,,126.571653,33.305574,6,https://tong.visitkorea.or.kr/cms/resource/73/3075373_image2_1.jpg,https://tong.visitkorea.or.kr/cms/resource/73/3075373_image3_1.jpg,Type3,20231103175751,20260416111349,,,50,130,,,,EX,EX07,EX070200
3075941,39,온오프,제주특별자치도 제주시 우도면 우도해안길 876,,63365,,126.96134190527647,33.5129139781341,6,https://tong.visitkorea.or.kr/cms/resource/49/4055749_image2_1.jpg,https://tong.visitkorea.or.kr/cms/resource/49/4055749_image3_1.jpg,Type3,20231211112618,20260406173502,,,50,110,,,,FD,FD01,FD010100
3076367,32,아름다운리조트,제주특별자치도 서귀포시 성산읍 해맞이해안로 2644,,63638,,126.90999159317485,33.475196126060176,6,,,,20231103114609,20260224145132,,,50,130,,,,AC,AC02,AC020100
3076375,32,골드원호텔앤스위트,제주특별자치도 서귀포시 이어도로 1032 (서호동),,63571,,126.5223874248,33.2442095839,6,https://tong.visitkorea.or.kr/cms/resource/32/4075932_image2_1.jpg,https://tong.visitkorea.or.kr/cms/resource/32/4075932_image3_1.jpg,Type3,20231103115812,20260616150653,,,50,130,,,,AC,AC01,AC010100
3076381,32,유어스호텔,제주특별자치도 서귀포시 천제연로178번길 21 (중문동),,63546,,126.4238174278,33.2498275995,6,https://tong.visitkorea.or.kr/cms/resource/95/4072795_image2_1.jpg,https://tong.visitkorea.or.kr/cms/resource/95/4072795_image3_1.jpg,Type3,20231103120224,20260610142449,,,50,130,,,,AC,AC01,AC010100
3076392,32,오션스퀘어리조트,제주특별자치도 서귀포시 성산읍 환해장성로 667,,63633,,126.9092223004,33.4131469205,6,https://tong.visitkorea.or.kr/cms/resource/50/4075050_image2_1.jpg,https://tong.visitkorea.or.kr/cms/resource/50/4075050_image3_1.jpg,Type1,20231103121733,20260616104456,,,50,130,,,,AC,AC02,AC020100
3076441,32,제주헬스케어타운리조트,제주특별자치도 서귀포시 솔오름로20번길 12 (동홍동),,63579,,126.55652953793282,33.28496019440604,6,,,,20231103122327,20260211081009,,,50,130,,,,AC,AC02,AC020100
3076447,32,블룸호텔,제주특별자치도 서귀포시 중문관광로72번길 53 (색달동),,63535,,126.40808830694736,33.24986774521085,6,,,,20231103122753,20260304100426,,,50,130,,,,AC,AC01,AC010100
3076459,32,비케이호텔 제주(BK호텔 제주),제주특별자치도 서귀포시 칠십리로91번길 12 (서귀동),,63596,,126.56427492237869,33.241037583296624,6,https://tong.visitkorea.or.kr/cms/resource/29/3525329_image2_1.jpg,https://tong.visitkorea.or.kr/cms/resource/29/3525329_image3_1.jpg,Type3,20231103133443,20260312142910,,,50,130,,,,AC,AC01,AC010100
3076467,32,담모라 호텔앤리조트,제주특별자치도 서귀포시 안덕면 일주서로 1975-11,,63528,,126.306031842984,33.2497188899302,6,https://tong.visitkorea.or.kr/cms/resource/94/3526494_image2_1.jpg,https://tong.visitkorea.or.kr/cms/resource/94/3526494_image3_1.jpg,Type3,20231103134100,20260312090840,,,50,130,,,,AC,AC01,AC010100
3076478,32,키코앤일레인호텔,제주특별자치도 서귀포시 일주서로 660 (회수동),,63540,,126.43904279986344,33.254594278335055,6,,,,20231103135344,20260213135716,,,50,130,,,,AC,AC04,AC040100
3076484,32,이스턴호텔제주,제주특별자치도 서귀포시 서호중로 65 (서호동),,63568,,126.5200722338,33.2543640883,6,,,,20231103140030,20260610083438,,,50,130,,,,AC,AC01,AC010100
3076491,32,제주티라호텔,제주특별자치도 서귀포시 성산읍 섭지코지로25번길 41,,63641,,126.9184414759,33.4426841764,6,https://tong.visitkorea.or.kr/cms/resource/08/4077708_image2_1.jpg,https://tong.visitkorea.or.kr/cms/resource/08/4077708_image3_1.jpg,Type3,20231103141001,20260622110336,,,50,130,,,,AC,AC01,AC010100
3079902,32,샐리스제주호텔,제주특별자치도 제주시 애월읍 고내로 46,,63046,,126.3417157599,33.4646615533,6,https://tong.visitkorea.or.kr/cms/resource/42/4075442_image2_1.jpg,https://tong.visitkorea.or.kr/cms/resource/42/4075442_image3_1.jpg,Type1,20240110135249,20260615181707,,,50,110,,,,AC,AC01,AC010100
3079917,32,팜파스호텔 제주,제주특별자치도 제주시 서해안로 368-3 (용담삼동),,63115,,126.4849928083,33.5115579258,6,https://tong.visitkorea.or.kr/cms/resource/42/4096342_image2_1.jpg,https://tong.visitkorea.or.kr/cms/resource/42/4096342_image3_1.jpg,Type3,20240110135750,20260806092156,,,50,110,,,,AC,AC01,AC010100
3079932,32,제주노블레스관광호텔,제주특별자치도 제주시 월성로4길 19 (용담이동),,63164,,126.50332740933527,33.501634317340255,6,,,,20240110140143,20260211104547,,,50,110,,,,AC,AC01,AC010100
3079939,32,라마다제주함덕호텔,제주특별자치도 제주시 조천읍 신북로 470,,63333,,126.65987322520544,33.54314999627822,6,,,,20240110140554,20260211104713,,,50,110,,,,AC,AC01,AC010100
3079952,32,제주서우봉비치호텔,제주특별자치도 제주시 조천읍 함덕6길 10,,63333,,126.6602866568,33.5428304494,6,https://tong.visitkorea.or.kr/cms/resource/94/4073794_image2_1.jpg,https://tong.visitkorea.or.kr/cms/resource/94/4073794_image3_1.jpg,Type1,20240110141037,20260611141305,,,50,110,,,,AC,AC01,AC010100
3079965,32,탑스텐 빌라드 애월 제주,제주특별자치도 제주시 애월읍 애월해안로 516-7,,63047,,126.3593540000,33.4770810000,6,https://tong.visitkorea.or.kr/cms/resource/06/4077606_image2_1.jpg,https://tong.visitkorea.or.kr/cms/resource/06/4077606_image3_1.jpg,Type3,20240110141519,20260622103130,,,50,110,,,,AC,AC01,AC010100
3079973,32,일성리조트 제주비치,제주특별자치도 제주시 한림읍 한림로 127,,63010,,126.2211180134,33.3856640884,6,https://tong.visitkorea.or.kr/cms/resource/98/4074098_image2_1.jpg,https://tong.visitkorea.or.kr/cms/resource/98/4074098_image3_1.jpg,Type1,20240110141918,20260612093803,,,50,110,,,,AC,AC02,AC020100
3079994,32,MJ리조트,제주특별자치도 제주시 구좌읍 해맞이해안로 1651,,63363,,126.8800922865,33.5292043387,6,https://tong.visitkorea.or.kr/cms/resource/87/4074387_image2_1.jpg,https://tong.visitkorea.or.kr/cms/resource/87/4074387_image3_1.jpg,Type1,20240110142311,20260612135848,,,50,110,,,,AC,AC02,AC020100
3080046,32,수앤수리조트&호텔,제주특별자치도 제주시 애월읍 부룡수길 60,,63047,,126.3587681636,33.4746062077,6,https://tong.visitkorea.or.kr/cms/resource/96/4075496_image2_1.jpg,https://tong.visitkorea.or.kr/cms/resource/96/4075496_image3_1.jpg,Type1,20240110143520,20260616094615,,,50,110,,,,AC,AC02,AC020100
3080144,12,김경숙해바라기농장,제주특별자치도 제주시 번영로 854-1 (회천동),,63330,,126.62792591776503,33.47770045117845,6,https://tong.visitkorea.or.kr/cms/resource/81/3556281_image2_1.jpg,https://tong.visitkorea.or.kr/cms/resource/81/3556281_image3_1.jpg,Type1,20231204103857,20260331134624,,,50,110,,,,NA,NA05,NA050100
3080165,39,봄날,제주특별자치도 제주시 애월읍 애월로1길 25,,63043,,126.3096740754,33.4624526957,6,,,,20231211111206,20260728150349,,,50,110,,,,FD,FD05,FD050100
3080382,32,아이미제주비치호텔 함덕,제주특별자치도 제주시 조천읍 조함해안로 474,,63333,,126.6634133350,33.5432848478,6,https://tong.visitkorea.or.kr/cms/resource/57/4086557_image2_1.jpg,https://tong.visitkorea.or.kr/cms/resource/57/4086557_image3_1.jpg,Type3,20240111145942,20260714082047,,,50,110,,,,AC,AC01,AC010100
3080405,12,캔디원,제주특별자치도 제주시 조천읍 선교로 384,,63341,,126.70775177421912,33.47129448253796,6,https://tong.visitkorea.or.kr/cms/resource/37/3553437_image2_1.jpg,https://tong.visitkorea.or.kr/cms/resource/37/3553437_image3_1.jpg,Type1,20231113151230,20260410151725,,,50,110,,,,EX,EX07,EX070200
3080468,39,마노르블랑,제주특별자치도 서귀포시 안덕면 일주서로2100번길 46,,63527,,126.29498660505223,33.25482361959292,6,https://tong.visitkorea.or.kr/cms/resource/32/3505432_image2_1.jpg,https://tong.visitkorea.or.kr/cms/resource/32/3505432_image3_1.jpg,Type3,20231103141427,20260311100340,,,50,130,,,,FD,FD05,FD050100
3081317,12,일출봉유채밭,제주특별자치도 서귀포시 성산읍 성산리,397,63643,,126.928174,33.460248,6,https://tong.visitkorea.or.kr/cms/resource/41/4064241_image2_1.jpg,https://tong.visitkorea.or.kr/cms/resource/41/4064241_image3_1.jpg,Type1,20230901151308,20260514082738,,,50,130,,,,NA,NA04,NA040500
3082119,32,발트하우스,제주특별자치도 서귀포시 표선면 번영로 3361-26,,63627,,126.8279307185,33.3491324273,6,http://tong.visitkorea.or.kr/cms/resource/58/3082058_image2_1.jpg,http://tong.visitkorea.or.kr/cms/resource/58/3082058_image3_1.jpg,Type3,20240116140937,20250806163835,39,3,50,130,B02,B0201,B02010700,AC,AC03,AC030100
3082301,12,감사공묘역,제주특별자치도 제주시 조천읍 함대로 362,,63335,,126.66113556108903,33.51296425339782,6,https://tong.visitkorea.or.kr/cms/resource/96/3082296_image2_1.jpg,https://tong.visitkorea.or.kr/cms/resource/96/3082296_image3_1.jpg,Type3,20231201180445,20260331094812,,,50,110,,,,HS,HS01,HS011000
3083715,14,제주홀릭뮤지엄,제주특별자치도 제주시 애월읍 평화로 2835,,63062,,126.44162522614434,33.45646869202743,6,https://tong.visitkorea.or.kr/cms/resource/90/3302890_image2_1.jpg,https://tong.visitkorea.or.kr/cms/resource/90/3302890_image3_1.jpg,Type3,20240118153038,20260414150136,,,50,110,,,,VE,VE07,VE070300
3084957,32,리치호텔,제주특별자치도 제주시 애월읍 고내로13길 100,,63046,,126.3489500598,33.4720973090,6,http://tong.visitkorea.or.kr/cms/resource/26/3084826_image2_1.jpg,http://tong.visitkorea.or.kr/cms/resource/26/3084826_image3_1.jpg,Type3,20240122150538,20251124182037,39,4,50,110,B02,B0201,B02010100,AC,AC01,AC010100
3084988,32,아덴힐리조트&골프,제주특별자치도 제주시 한림읍 화전길 82,,63021,,126.3672651377,33.3481279810,6,http://tong.visitkorea.or.kr/cms/resource/35/3084635_image2_1.jpg,http://tong.visitkorea.or.kr/cms/resource/35/3084635_image3_1.jpg,Type3,20240122142729,20251125145311,39,4,50,110,B02,B0201,B02010500,AC,AC02,AC020100
3089161,32,호텔컬리넌 제주,제주특별자치도 제주시 사장1길 26 (연동),,63133,,126.4928539116,33.4853925632,6,http://tong.visitkorea.or.kr/cms/resource/60/3089160_image2_1.jpg,http://tong.visitkorea.or.kr/cms/resource/60/3089160_image3_1.jpg,Type3,20240125170852,20251125145652,39,4,50,110,B02,B0201,B02010100,AC,AC01,AC010100
3089169,32,호텔스위트캐슬,제주특별자치도 제주시 조천읍 신북로 443,,63333,,126.65690366800033,33.5442077624247,6,https://tong.visitkorea.or.kr/cms/resource/62/3089162_image2_1.jpg,https://tong.visitkorea.or.kr/cms/resource/62/3089162_image3_1.jpg,Type3,20240125162814,20260414144242,,,50,110,,,,AC,AC01,AC010100
3089186,32,글로스터호텔 제주,제주특별자치도 제주시 삼무로 57 (연동),,63125,,126.4926621543,33.4901448115,6,http://tong.visitkorea.or.kr/cms/resource/82/3089182_image2_1.jpg,http://tong.visitkorea.or.kr/cms/resource/82/3089182_image3_1.jpg,Type3,20240125163531,20251124175404,39,4,50,110,B02,B0201,B02010100,AC,AC01,AC010100
3089195,32,어반아일랜드호텔,제주특별자치도 제주시 삼무로 76 (연동),,63124,,126.4947508744,33.4895893506,6,http://tong.visitkorea.or.kr/cms/resource/87/3089187_image2_1.jpg,http://tong.visitkorea.or.kr/cms/resource/87/3089187_image3_1.jpg,Type3,20240125170558,20251124175924,39,4,50,110,B02,B0201,B02010100,AC,AC01,AC010100
3090896,32,더스테이센추리호텔,제주특별자치도 제주시 애월읍 일주서로 7113,,63053,,126.40892247238192,33.48486587221451,6,https://tong.visitkorea.or.kr/cms/resource/16/4057816_image2_1.jpg,https://tong.visitkorea.or.kr/cms/resource/16/4057816_image3_1.jpg,Type3,20240129180616,20260414140515,,,50,110,,,,AC,AC01,AC010100
3097805,12,떠오르길·김녕 바닷길,제주특별자치도 제주시 구좌읍 김녕로1길 51-3,,63357,,126.74888021379536,33.55789195458667,6,https://tong.visitkorea.or.kr/cms/resource/47/4054647_image2_1.jpg,https://tong.visitkorea.or.kr/cms/resource/47/4054647_image3_1.jpg,Type1,20240207164708,20260331230133,,,50,110,,,,NA,NA02,NA020900
3097814,12,세기알해변,제주특별자치도 제주시 구좌읍 김녕리,1200-5,63357,,126.7563000000,33.5577000000,6,https://tong.visitkorea.or.kr/cms/resource/71/3535971_image2_1.jpg,https://tong.visitkorea.or.kr/cms/resource/71/3535971_image3_1.jpg,Type1,20240207165356,20260720134507,,,50,110,,,,NA,NA02,NA020900
3102129,32,연월한옥,제주특별자치도 제주시 한경면 녹차분재로 505,연월한옥,63005,,126.2698159646,33.3170326640,6,,,,20240217145829,20241127135551,,,50,110,B02,B0201,B02011600,AC,AC03,AC030200
3108284,15,우도 소라축제,제주특별자치도 제주시 우도면 우도해안길 86,앞 항구,63365,064-728-4329,126.950702770738,33.4940031561357,6,https://tong.visitkorea.or.kr/cms/resource/14/4057814_image2_1.jpg,https://tong.visitkorea.or.kr/cms/resource/14/4057814_image3_1.jpg,Type3,20240307175700,20260416173246,,,50,110,,,,EV,EV01,EV010300
3110802,12,씬오브제주,제주특별자치도 제주시 애월읍 금성3길 21,,63034,,126.300416650902,33.44605117498354,6,https://tong.visitkorea.or.kr/cms/resource/46/3470746_image2_1.jpg,https://tong.visitkorea.or.kr/cms/resource/46/3470746_image3_1.jpg,Type3,20240320142247,20260406094239,,,50,110,,,,EX,EX02,EX020400
3112168,14,아우아우,제주특별자치도 제주시 조천읍 와산3길 13-105,,63342,,126.69318766424067,33.48783967329499,6,,,,20240329153846,20260406094239,,,50,110,,,,VE,VE12,VE120300
3303346,12,하우스오브레퓨즈,제주특별자치도 제주시 애월읍 하소로 735,,63067,,126.39600577939106,33.41928303869619,6,https://tong.visitkorea.or.kr/cms/resource/33/3303333_image2_1.JPG,https://tong.visitkorea.or.kr/cms/resource/33/3303333_image3_1.JPG,Type3,20240524152313,20260406105340,,,50,110,,,,EX,EX07,EX070200
3303893,39,목장카페 밭디,제주특별자치도 서귀포시 표선면 번영로 2486,,63624,,126.7722162922663,33.40790001470019,6,https://tong.visitkorea.or.kr/cms/resource/81/4066981_image2_1.jpg,https://tong.visitkorea.or.kr/cms/resource/81/4066981_image3_1.jpg,Type1,20240528170901,20260522172820,,,50,130,,,,FD,FD05,FD050100
3305345,38,오렌즈 신제주점,제주특별자치도 제주시 신광로 63-1 (연동),,63123,,126.490156401301,33.4863409310908,6,https://tong.visitkorea.or.kr/cms/resource/73/4020373_image2_1.jpg,https://tong.visitkorea.or.kr/cms/resource/73/4020373_image3_1.jpg,Type3,20240202162836,20260319094959,,,50,110,,,,SH,SH04,SH040300
3305425,38,CU 제주신화빌라스점,제주특별자치도 서귀포시 안덕면 신화역사로304번길 139,,63522,,126.317525210778,33.3013855011924,6,https://tong.visitkorea.or.kr/cms/resource/09/4044509_image2_1.jpg,https://tong.visitkorea.or.kr/cms/resource/09/4044509_image3_1.jpg,Type3,20240411160609,20260327092150,,,50,130,,,,SH,SH04,SH040300
3305511,38,CU 제주열린점,제주특별자치도 제주시 삼무로 11 (연동),,63125,,126.4879823138,33.4902110670701,6,https://tong.visitkorea.or.kr/cms/resource/34/4020334_image2_1.jpg,https://tong.visitkorea.or.kr/cms/resource/34/4020334_image3_1.jpg,Type3,20240411160415,20260317101259,,,50,110,,,,SH,SH04,SH040300
3305535,38,코치 신세계사이먼프리미엄 아울렛 제주점,제주특별자치도 서귀포시 안덕면 신화역사로304번길 38,,63522,,126.31635202613,33.3049726791712,6,https://tong.visitkorea.or.kr/cms/resource/09/4024209_image2_1.jpg,https://tong.visitkorea.or.kr/cms/resource/09/4024209_image3_1.jpg,Type3,20240202160103,20260330091611,,,50,130,,,,SH,SH04,SH040300
3305644,38,마쥬 신세계사이먼프리미엄아울렛 제주점,제주특별자치도 서귀포시 안덕면 신화역사로304번길 38,B1층,63522,,126.31635202613,33.3049726791712,6,https://tong.visitkorea.or.kr/cms/resource/16/4045016_image2_1.png,https://tong.visitkorea.or.kr/cms/resource/16/4045016_image3_1.png,Type3,20240202170602,20260327092150,,,50,130,,,,SH,SH04,SH040300
3305715,38,톡스앤필의원 제주점,제주특별자치도 제주시 노형로 378 (노형동),청담빌딩,63083,,126.476304019779,33.4835900233367,6,https://tong.visitkorea.or.kr/cms/resource/67/4020367_image2_1.jpg,https://tong.visitkorea.or.kr/cms/resource/67/4020367_image3_1.jpg,Type3,20240202170905,20260319094959,,,50,110,,,,SH,SH04,SH040300
3305760,38,올리브영 서귀포점,제주특별자치도 서귀포시 중정로61번길 4 (서귀동),,63591,,126.563107742108,33.2481014840114,6,https://tong.visitkorea.or.kr/cms/resource/56/4029056_image2_1.jpg,https://tong.visitkorea.or.kr/cms/resource/56/4029056_image3_1.jpg,Type3,20240411164849,20260317101259,,,50,130,,,,SH,SH04,SH040300
3305767,38,휴고보스 신세계사이먼프리미엄 아울렛 제주점,제주특별자치도 서귀포시 안덕면 신화역사로304번길 38,,63522,,126.31635202613,33.3049726791712,6,https://tong.visitkorea.or.kr/cms/resource/13/4024213_image2_1.jpg,https://tong.visitkorea.or.kr/cms/resource/13/4024213_image3_1.jpg,Type3,20240202160001,20260319063120,,,50,130,,,,SH,SH04,SH040300
3305785,38,세인트앤드류스 신세계사이먼프리미엄아울렛 제주점,제주특별자치도 서귀포시 안덕면 신화역사로304번길 38,B1층,63522,,126.31635202613,33.3049726791712,6,https://tong.visitkorea.or.kr/cms/resource/15/4045015_image2_1.jpg,https://tong.visitkorea.or.kr/cms/resource/15/4045015_image3_1.jpg,Type3,20240202143358,20260327092150,,,50,130,,,,SH,SH04,SH040300
3305786,38,GS25 서귀오션점,제주특별자치도 서귀포시 중앙로 19-1 (서귀동),,63595,,126.561774311883,33.2462413271495,6,https://tong.visitkorea.or.kr/cms/resource/46/4043146_image2_1.jpg,https://tong.visitkorea.or.kr/cms/resource/46/4043146_image3_1.jpg,Type3,20240411161941,20260327092150,,,50,130,,,,SH,SH04,SH040300
3305842,38,빌라봉 신세계사이먼프리미엄 아울렛 제주점,제주특별자치도 서귀포시 안덕면 신화역사로304번길 38,B1층,63522,,126.31635202613,33.3049726791712,6,https://tong.visitkorea.or.kr/cms/resource/83/4021383_image2_1.jpg,https://tong.visitkorea.or.kr/cms/resource/83/4021383_image3_1.jpg,Type3,20240202145432,20260330091611,,,50,130,,,,SH,SH04,SH040300
3305879,38,토즈 신세계사이먼프리미엄 아울렛 제주점,제주특별자치도 서귀포시 안덕면 신화역사로304번길 38,,63522,,126.31635202613,33.3049726791712,6,https://tong.visitkorea.or.kr/cms/resource/08/4024208_image2_1.jpg,https://tong.visitkorea.or.kr/cms/resource/08/4024208_image3_1.jpg,Type3,20240202160047,20260330091611,,,50,130,,,,SH,SH04,SH040300
3306086,38,SI빌리지 신세계사이먼프리미엄아울렛 제주점,제주특별자치도 서귀포시 안덕면 신화역사로304번길 38,,63522,,126.31635202613,33.3049726791712,6,https://tong.visitkorea.or.kr/cms/resource/05/4024205_image2_1.jpg,https://tong.visitkorea.or.kr/cms/resource/05/4024205_image3_1.jpg,Type3,20240202103829,20260330091611,,,50,130,,,,SH,SH04,SH040300
3306117,38,와인피부과의원,제주특별자치도 제주시 1100로 3178 (노형동),3-4층,63091,,126.485332189237,33.46981155562,6,https://tong.visitkorea.or.kr/cms/resource/65/4042365_image2_1.jpg,https://tong.visitkorea.or.kr/cms/resource/65/4042365_image3_1.jpg,Type3,20240202171215,20260326092041,,,50,110,,,,SH,SH04,SH040300
3306134,38,올리브영 제주 타운,제주특별자치도 제주시 광양11길 2 (이도이동),,63209,,126.530698234665,33.4989149503494,6,https://tong.visitkorea.or.kr/cms/resource/62/4029062_image2_1.jpg,https://tong.visitkorea.or.kr/cms/resource/62/4029062_image3_1.jpg,Type3,20240411161108,20260317101259,,,50,110,,,,SH,SH04,SH040300
3306189,38,에스마켓 신제주점,제주특별자치도 제주시 신광로 53 (연동),1층,63123,,126.490250179763,33.4873407318799,6,https://tong.visitkorea.or.kr/cms/resource/80/4017180_image2_1.jpg,https://tong.visitkorea.or.kr/cms/resource/80/4017180_image3_1.jpg,Type3,20240202162726,20260318101005,,,50,110,,,,SH,SH04,SH040300
3306257,38,올리브영 제주제원점,제주특별자치도 제주시 신광로 57 (연동),1층,63123,,126.49024720861,33.4870397681794,6,https://tong.visitkorea.or.kr/cms/resource/76/4029076_image2_1.png,https://tong.visitkorea.or.kr/cms/resource/76/4029076_image3_1.png,Type3,20240411165536,20260317101259,,,50,110,,,,SH,SH04,SH040300
3306392,38,올리브영 제주나인몰점,제주특별자치도 제주시 과원로 128 (연동),나인몰 1층,63142,,126.49473584539,33.4806759540066,6,https://tong.visitkorea.or.kr/cms/resource/61/4029061_image2_1.jpg,https://tong.visitkorea.or.kr/cms/resource/61/4029061_image3_1.jpg,Type3,20240411164728,20260330091611,,,50,110,,,,SH,SH04,SH040300
3306402,38,헌터 신세계사이먼프리미엄 아울렛 제주점,제주특별자치도 서귀포시 안덕면 신화역사로304번길 38,B1층,63522,,126.31635202613,33.3049726791712,6,https://tong.visitkorea.or.kr/cms/resource/12/4024212_image2_1.jpg,https://tong.visitkorea.or.kr/cms/resource/12/4024212_image3_1.jpg,Type3,20240202143335,20260330091611,,,50,130,,,,SH,SH04,SH040300
3306485,38,써스데이아일랜드 신세계사이먼프리미엄아울렛 제주점,제주특별자치도 서귀포시 안덕면 신화역사로304번길 38,B1층,63522,,126.31635202613,33.3049726791712,6,https://tong.visitkorea.or.kr/cms/resource/17/4045017_image2_1.png,https://tong.visitkorea.or.kr/cms/resource/17/4045017_image3_1.png,Type3,20240202155950,20260327092150,,,50,130,,,,SH,SH04,SH040300
3306640,38,올리브영 제주일도이동점,제주특별자치도 제주시 고마로 81 (일도이동),,63254,,126.540716401931,33.5070302181742,6,https://tong.visitkorea.or.kr/cms/resource/59/4029059_image2_1.png,https://tong.visitkorea.or.kr/cms/resource/59/4029059_image3_1.png,Type3,20240411165413,20260317101259,,,50,110,,,,SH,SH04,SH040300
3306704,38,질스튜어트 신세계사이먼프리미엄아울렛 제주점,제주특별자치도 서귀포시 안덕면 신화역사로304번길 38,B1층,63522,,126.31635202613,33.3049726791712,6,https://tong.visitkorea.or.kr/cms/resource/70/4042070_image2_1.jpg,https://tong.visitkorea.or.kr/cms/resource/70/4042070_image3_1.jpg,Type3,20240202103819,20260326092041,,,50,130,,,,SH,SH04,SH040300
3306775,38,한섬 아울렛 FX 타임옴므 제주점,제주특별자치도 제주시 1100로 3178 (노형동),"1,2층",63091,,126.485332189237,33.46981155562,6,https://tong.visitkorea.or.kr/cms/resource/87/4020087_image2_1.jpg,https://tong.visitkorea.or.kr/cms/resource/87/4020087_image3_1.jpg,Type3,20240202174934,20260401050057,,,50,110,,,,SH,SH04,SH040300
3306785,38,골프존마켓 신세계사이먼프리미엄아울렛 제주점,제주특별자치도 서귀포시 안덕면 신화역사로304번길 38,B1층,63522,,126.31635202613,33.3049726791712,6,https://tong.visitkorea.or.kr/cms/resource/10/4045010_image2_1.jpg,https://tong.visitkorea.or.kr/cms/resource/10/4045010_image3_1.jpg,Type3,20240202103939,20260327092150,,,50,130,,,,SH,SH04,SH040300
3306805,38,미즈노 신제주점,제주특별자치도 제주시 신광로 32 (연동),1층,63129,,126.489869210269,33.4893894746553,6,https://tong.visitkorea.or.kr/cms/resource/36/4020336_image2_1.jpg,https://tong.visitkorea.or.kr/cms/resource/36/4020336_image3_1.jpg,Type3,20240202170837,20260317101259,,,50,110,,,,SH,SH04,SH040300
3306817,38,올리브영 제주월랑로점,제주특별자치도 제주시 월랑로 43 (노형동),,63100,,126.475430281241,33.4891347222497,6,https://tong.visitkorea.or.kr/cms/resource/84/4029084_image2_1.jpg,https://tong.visitkorea.or.kr/cms/resource/84/4029084_image3_1.jpg,Type3,20240411165252,20260317101259,,,50,110,,,,SH,SH04,SH040300
3306863,38,락포트 신세계사이먼프리미엄아울렛 제주점,제주특별자치도 서귀포시 안덕면 신화역사로304번길 38,B1층,63522,,126.31635202613,33.3049726791712,6,https://tong.visitkorea.or.kr/cms/resource/10/4044510_image2_1.jpg,https://tong.visitkorea.or.kr/cms/resource/10/4044510_image3_1.jpg,Type3,20240202160019,20260327092150,,,50,130,,,,SH,SH04,SH040300
3306873,38,캘빈클라인언더웨어 제주대리점,제주특별자치도 제주시 신광로 44 (연동),1층,63129,,126.489828806996,33.4883157827993,6,https://tong.visitkorea.or.kr/cms/resource/70/4020370_image2_1.jpg,https://tong.visitkorea.or.kr/cms/resource/70/4020370_image3_1.jpg,Type3,20240202160546,20260319094959,,,50,110,,,,SH,SH04,SH040300
3306874,38,노스페이스 신제주점,제주특별자치도 제주시 노연로 115 (연동),,63123,,126.492479275592,33.4860187697738,6,https://tong.visitkorea.or.kr/cms/resource/11/4020411_image2_1.jpg,https://tong.visitkorea.or.kr/cms/resource/11/4020411_image3_1.jpg,Type3,20240221202029,20260401051953,,,50,110,,,,SH,SH04,SH040300
3306898,38,송지오 신세계사이먼프리미엄 아울렛 제주점,제주특별자치도 서귀포시 안덕면 신화역사로304번길 38,,63522,,126.31635202613,33.3049726791712,6,https://tong.visitkorea.or.kr/cms/resource/72/4042072_image2_1.jpeg,https://tong.visitkorea.or.kr/cms/resource/72/4042072_image3_1.jpeg,Type3,20240202103851,20260326092041,,,50,130,,,,SH,SH04,SH040300
3306940,38,올리브영 제주세화점,제주특별자치도 제주시 구좌읍 일주동로 3113,,63360,,126.852454106428,33.5232458500246,6,https://tong.visitkorea.or.kr/cms/resource/63/4029063_image2_1.png,https://tong.visitkorea.or.kr/cms/resource/63/4029063_image3_1.png,Type3,20240411165010,20260317101259,,,50,110,,,,SH,SH04,SH040300
3306943,38,디스커버리 제주점,제주특별자치도 제주시 관덕로11길 24 (일도일동),,63277,,126.525691222746,33.5152427254121,6,https://tong.visitkorea.or.kr/cms/resource/64/4020364_image2_1.jpg,https://tong.visitkorea.or.kr/cms/resource/64/4020364_image3_1.jpg,Type3,20240202160554,20260319094959,,,50,110,,,,SH,SH04,SH040300
3306952,38,구호 신세계사이먼프리미엄아울렛 제주점,제주특별자치도 서귀포시 안덕면 신화역사로304번길 38,B1층,63522,,126.31635202613,33.3049726791712,6,https://tong.visitkorea.or.kr/cms/resource/11/4045011_image2_1.png,https://tong.visitkorea.or.kr/cms/resource/11/4045011_image3_1.png,Type3,20240202104006,20260327092150,,,50,130,,,,SH,SH04,SH040300
3306983,38,페세리코 신세계사이먼프리미엄 아울렛 제주점,제주특별자치도 서귀포시 안덕면 신화역사로304번길 38,,63522,,126.31635202613,33.3049726791712,6,https://tong.visitkorea.or.kr/cms/resource/07/4024207_image2_1.jpg,https://tong.visitkorea.or.kr/cms/resource/07/4024207_image3_1.jpg,Type3,20240202160034,20260330091611,,,50,130,,,,SH,SH04,SH040300
3307027,38,골든구스 신세계사이먼프리미엄아울렛 제주점,제주특별자치도 서귀포시 안덕면 신화역사로304번길 38,,63522,,126.31635202613,33.3049726791712,6,https://tong.visitkorea.or.kr/cms/resource/10/4024210_image2_1.jpg,https://tong.visitkorea.or.kr/cms/resource/10/4024210_image3_1.jpg,Type3,20240202103902,20260330091611,,,50,130,,,,SH,SH04,SH040300
3307036,38,엄브로 제주점,제주특별자치도 제주시 노연로 93 (연동),,63123,,126.490216749808,33.4860127292561,6,https://tong.visitkorea.or.kr/cms/resource/04/4045704_image2_1.jpg,https://tong.visitkorea.or.kr/cms/resource/04/4045704_image3_1.jpg,Type3,20240202162853,20260330091611,,,50,110,,,,SH,SH04,SH040300
3307062,38,지오다노 신세계사이먼프리미엄아울렛 제주점,제주특별자치도 서귀포시 안덕면 신화역사로304번길 38,B1층,63522,,126.31635202613,33.3049726791712,6,https://tong.visitkorea.or.kr/cms/resource/19/4045019_image2_1.jpg,https://tong.visitkorea.or.kr/cms/resource/19/4045019_image3_1.jpg,Type3,20240202155955,20260327092150,,,50,130,,,,SH,SH04,SH040300
3307094,38,롯데하이마트 서귀포점,제주특별자치도 서귀포시 일주동로 8631 (동홍동),,63589,,126.56603770758,33.2539438470186,6,https://tong.visitkorea.or.kr/cms/resource/00/4020400_image2_1.jpg,https://tong.visitkorea.or.kr/cms/resource/00/4020400_image3_1.jpg,Type3,20240202192149,20260316105417,,,50,130,,,,SH,SH04,SH040300
3307098,38,라이프워크 신세계사이먼프리미엄 아울렛 제주점,제주특별자치도 서귀포시 안덕면 신화역사로304번길 38,B1층,63522,,126.31635202613,33.3049726791712,6,https://tong.visitkorea.or.kr/cms/resource/11/4024211_image2_1.jpg,https://tong.visitkorea.or.kr/cms/resource/11/4024211_image3_1.jpg,Type3,20240202103952,20260330091611,,,50,130,,,,SH,SH04,SH040300
3307106,38,CU 제주항국제여객터미널,제주특별자치도 제주시 임항로 191 (건입동),,63280,,126.5440785094,33.5258373782,6,https://tong.visitkorea.or.kr/cms/resource/95/4020395_image2_1.jpg,https://tong.visitkorea.or.kr/cms/resource/95/4020395_image3_1.jpg,Type3,20240411184106,20260715200640,,,50,110,,,,SH,SH04,SH040300
3307329,38,올리브영 서귀포광장점,제주특별자치도 서귀포시 서문로 1 (서귀동),,63592,,126.560754113588,33.2522392497203,6,https://tong.visitkorea.or.kr/cms/resource/48/4029048_image2_1.png,https://tong.visitkorea.or.kr/cms/resource/48/4029048_image3_1.png,Type3,20240411153506,20260330091611,,,50,130,,,,SH,SH04,SH040300
3307452,38,올리브영 제주한라대점,제주특별자치도 제주시 한라대학로 37 (노형동),1층,63088,,126.47541661026,33.4782658840834,6,https://tong.visitkorea.or.kr/cms/resource/93/4029093_image2_1.jpg,https://tong.visitkorea.or.kr/cms/resource/93/4029093_image3_1.jpg,Type3,20240411165658,20260317101259,,,50,110,,,,SH,SH04,SH040300
3307504,38,올리브영 제주아라일동점,제주특별자치도 제주시 연북로 527 (아라일동),,63233,,126.536163681745,33.4851989356373,6,https://tong.visitkorea.or.kr/cms/resource/81/4029081_image2_1.jpg,https://tong.visitkorea.or.kr/cms/resource/81/4029081_image3_1.jpg,Type3,20240411165131,20260317101259,,,50,110,,,,SH,SH04,SH040300
3307523,38,북앤북스,제주특별자치도 제주시 1100로 3308 (노형동),,63086,,126.481718642804,33.4816322571847,6,https://tong.visitkorea.or.kr/cms/resource/44/4017444_image2_1.jpg,https://tong.visitkorea.or.kr/cms/resource/44/4017444_image3_1.jpg,Type3,20240202174905,20260318101005,,,50,110,,,,SH,SH04,SH040300
3307669,38,아이잗바바 신세계사이먼프리미엄아울렛 제주점,제주특별자치도 서귀포시 안덕면 신화역사로304번길 38,B1층,63522,,126.31635202613,33.3049726791712,6,https://tong.visitkorea.or.kr/cms/resource/12/4045012_image2_1.png,https://tong.visitkorea.or.kr/cms/resource/12/4045012_image3_1.png,Type3,20240202143324,20260327092150,,,50,130,,,,SH,SH04,SH040300
3307688,38,올리브영 제주협재점,제주특별자치도 제주시 한림읍 한림로 336,,63011,,126.24062602351,33.3934132787812,6,https://tong.visitkorea.or.kr/cms/resource/94/4029094_image2_1.jpg,https://tong.visitkorea.or.kr/cms/resource/94/4029094_image3_1.jpg,Type3,20240411165822,20260317101259,,,50,110,,,,SH,SH04,SH040300
3307736,38,듀엘 신세계사이먼프리미엄 아울렛 제주점,제주특별자치도 서귀포시 안덕면 신화역사로304번길 38,B1층,63522,,126.31635202613,33.3049726791712,6,https://tong.visitkorea.or.kr/cms/resource/06/4024206_image2_1.jpg,https://tong.visitkorea.or.kr/cms/resource/06/4024206_image3_1.jpg,Type3,20240202165510,20260330091611,,,50,130,,,,SH,SH04,SH040300
3317905,12,현애원,제주특별자치도 서귀포시 성산읍 산성효자로114번길 131-1,,63639,,126.90839950157283,33.456075237513254,6,https://tong.visitkorea.or.kr/cms/resource/32/3514132_image2_1.jpg,https://tong.visitkorea.or.kr/cms/resource/32/3514132_image3_1.jpg,Type1,20240620155149,20260312090840,,,50,130,,,,NA,NA04,NA040700
3318880,15,제8회 농촌융복합산업 제주국제박람회,제주특별자치도 서귀포시 중문관광로 191 (중문동),,63546,064-722-7915,126.4207718907,33.2440353493,6,https://tong.visitkorea.or.kr/cms/resource/10/4066710_image2_1.jpg,https://tong.visitkorea.or.kr/cms/resource/10/4066710_image3_1.jpg,Type3,20240621154139,20260716102956,,,50,130,,,,EV,EV03,EV030200
3329719,12,제주안전체험관,제주특별자치도 제주시 애월읍 평화로 1885,,63038,,126.3734284420147,33.394132960406694,6,https://tong.visitkorea.or.kr/cms/resource/18/3329718_image2_1.jpg,https://tong.visitkorea.or.kr/cms/resource/18/3329718_image3_1.jpg,Type3,20240627135532,20260406094239,,,50,110,,,,EX,EX07,EX070200
3331534,12,나무와열매 체험농장,제주특별자치도 서귀포시 안덕면 덕수동로25번길 42-8,,63527,,126.30800722797906,33.25819487104735,6,https://tong.visitkorea.or.kr/cms/resource/76/3331576_image2_1.jpg,https://tong.visitkorea.or.kr/cms/resource/76/3331576_image3_1.jpg,Type3,20240705172345,20260406094239,,,50,130,,,,EX,EX03,EX030300
3343597,12,오레브핫스프링앤스파,제주특별자치도 서귀포시 태평로 152 (호근동),,63571,,126.53825656755784,33.24329540701989,6,https://tong.visitkorea.or.kr/cms/resource/11/3343511_image2_1.jpg,https://tong.visitkorea.or.kr/cms/resource/11/3343511_image3_1.jpg,Type3,20240806135558,20260514095135,,,50,130,,,,EX,EX05,EX050500
3344437,12,가파도 소망전망대,제주특별자치도 서귀포시 대정읍 가파리,513,63514,,126.268899,33.169011,6,https://tong.visitkorea.or.kr/cms/resource/99/3344399_image2_1.jpg,https://tong.visitkorea.or.kr/cms/resource/99/3344399_image3_1.jpg,Type3,20240807154450,20260406094239,,,50,130,,,,VE,VE01,VE010200
3344565,32,JW 메리어트 제주 리조트 & 스파,제주특별자치도 서귀포시 태평로 152 (호근동),,63571,,126.538638,33.243844,6,https://tong.visitkorea.or.kr/cms/resource/32/3344532_image2_1.jpg,https://tong.visitkorea.or.kr/cms/resource/32/3344532_image3_1.jpg,Type3,20240807173511,20260406094239,,,50,130,,,,AC,AC01,AC010100
3349628,15,제주독서대전,제주특별자치도 제주시 사라봉동길 30 (건입동),,63284,064-728-8342,126.5478984552,33.5149873859,6,http://tong.visitkorea.or.kr/cms/resource/29/3560629_image2_1.jpg,http://tong.visitkorea.or.kr/cms/resource/29/3560629_image3_1.jpg,Type3,20240816172445,20251103151845,39,4,50,110,A02,A0207,A02070200,EV,EV01,EV010200
3371999,12,제주동화마을,제주특별자치도 제주시 구좌읍 비자림로 1191,,63355,,126.7320377305,33.4354329703,6,https://tong.visitkorea.or.kr/cms/resource/33/4094033_image2_1.JPG,https://tong.visitkorea.or.kr/cms/resource/33/4094033_image3_1.JPG,Type1,20240923163154,20260729141049,,,50,110,,,,NA,NA04,NA040700
3374822,15,서귀포은갈치축제,제주특별자치도 서귀포시 칠십리로72번길 18 (서귀동),서귀포항 동부두 일원,63596,064-733-3501,126.5656503433,33.2403346868,6,http://tong.visitkorea.or.kr/cms/resource/68/3520768_image2_1.JPG,http://tong.visitkorea.or.kr/cms/resource/68/3520768_image3_1.JPG,Type3,20240926112302,20250904131738,39,3,50,130,A02,A0207,A02070200,EV,EV01,EV010300
3386123,14,주정공장수용소 4·3역사관,제주특별자치도 제주시 임항로 98 (건입동),,63280,,126.53480935519346,33.51810710408291,6,https://tong.visitkorea.or.kr/cms/resource/06/3386706_image2_1.jpg,https://tong.visitkorea.or.kr/cms/resource/06/3386706_image3_1.jpg,Type3,20241011165456,20260414110135,,,50,110,,,,VE,VE07,VE070300
3396532,12,안의울림,제주특별자치도 제주시 애월읍 애월북서길 15,,63043,,126.31198657631539,33.465353093269776,6,https://tong.visitkorea.or.kr/cms/resource/41/3396341_image2_1.jpg,https://tong.visitkorea.or.kr/cms/resource/41/3396341_image3_1.jpg,Type3,20241023174837,20260514082738,,,50,110,,,,EX,EX07,EX070200
3399432,15,2026 제5회 제주비엔날레 허끄곡 모닥치곡 이야홍 : 변용의 기술,제주특별자치도 제주시 1100로 2894-78 (연동),,63079,064-710-4300,126.4896860910,33.4525500193,6,https://tong.visitkorea.or.kr/cms/resource/77/4073777_image2_1.jpg,https://tong.visitkorea.or.kr/cms/resource/77/4073777_image3_1.jpg,Type3,20241028161112,20260611132042,,,50,110,,,,EV,EV03,EV030100
3401751,39,카페에벤에셀,제주특별자치도 제주시 1100로 3198-20 (노형동),,63091,,126.48581224833323,33.47294795011673,6,,,,20241030151059,20260331140128,,,50,110,,,,FD,FD05,FD050100
3410530,12,뽀로로앤타요 테마파크 제주,제주특별자치도 서귀포시 안덕면 병악로 269,,63526,,126.37078169480472,33.29915276484855,6,https://tong.visitkorea.or.kr/cms/resource/46/3409746_image2_1.jpg,https://tong.visitkorea.or.kr/cms/resource/46/3409746_image3_1.jpg,Type3,20241108134452,20260331112440,,,50,130,,,,VE,VE02,VE020100
3410648,12,가을동화 감귤밭,제주특별자치도 서귀포시 남원읍 하례로 504,,63607,,126.61653673940317,33.291322899887895,6,https://tong.visitkorea.or.kr/cms/resource/43/3410543_image2_1.jpg,https://tong.visitkorea.or.kr/cms/resource/43/3410543_image3_1.jpg,Type3,20241108145631,20260330173313,,,50,130,,,,EX,EX03,EX030300
3424281,38,코오롱스포츠 솟솟리버스제주점,제주특별자치도 제주시 탑동로 13 (삼도이동),1~3층,63166,,126.52330687653745,33.51696147392741,6,,,,20241126153528,20260211105038,,,50,110,,,,SH,SH05,SH050200
3434312,39,연리지가든,제주특별자치도 제주시 한경면 두조로 190-20,,63002,,126.20278243837885,33.34464930657684,6,,,,20241203134339,20260323095249,,,50,110,,,,FD,FD01,FD010100
3434326,39,언덕집국수,제주특별자치도 제주시 애월읍 애월해안로 494,,63047,,126.35690686805356,33.47839683614086,6,,,,20241203135029,20260323095249,,,50,110,,,,FD,FD01,FD010100
3434327,39,신창흑돼지두루치기,제주특별자치도 서귀포시 대정읍 동일하모로 182,,63507,,126.250600357265,33.2258794035974,6,,,,20241203135336,20260323095249,,,50,130,,,,FD,FD01,FD010100
3439423,12,아르떼 키즈파크 제주,제주특별자치도 제주시 애월읍 월각로 929,,63039,,126.358596923303,33.3539454457208,6,https://tong.visitkorea.or.kr/cms/resource/08/3441108_image2_1.png,https://tong.visitkorea.or.kr/cms/resource/08/3441108_image3_1.png,Type3,20241209102223,20260323095249,,,50,110,,,,VE,VE02,VE020100
3443241,39,코리코카페 제주점,제주특별자치도 제주시 구좌읍 비자림로 1199,제주동화마을,63355,,126.7325203236,33.4365434621,6,http://tong.visitkorea.or.kr/cms/resource/64/3443264_image2_1.jpg,http://tong.visitkorea.or.kr/cms/resource/64/3443264_image3_1.jpg,Type1,20241212142545,20250728165851,39,4,50,110,A05,A0502,A05020900,FD,FD05,FD050100
3444948,39,부부요리단,제주특별자치도 서귀포시 월드컵로 63 (법환동),1층,63572,,126.5059832166,33.2437000371,6,http://tong.visitkorea.or.kr/cms/resource/90/3444890_image2_1.jpg,http://tong.visitkorea.or.kr/cms/resource/90/3444890_image3_1.jpg,Type1,20241213161915,20250724142431,39,3,50,130,A05,A0502,A05020100,FD,FD01,FD010100
3464225,28,제주 서핑도 실내서핑장,제주특별자치도 제주시 애월읍 광령평화3길 21,,63062,,126.4325584456548,33.44729215921779,6,https://tong.visitkorea.or.kr/cms/resource/88/3464488_image2_1.jpg,https://tong.visitkorea.or.kr/cms/resource/88/3464488_image3_1.jpg,Type3,20250107175202,20260414153338,,,50,110,,,,LS,LS02,LS020100
3478595,39,레몬뮤지엄,제주특별자치도 서귀포시 남원읍 하례로620번길 41,,63608,,126.61785145715464,33.2988584963486,6,https://tong.visitkorea.or.kr/cms/resource/55/3478455_image2_1.jpg,https://tong.visitkorea.or.kr/cms/resource/55/3478455_image3_1.jpg,Type3,20250217104119,20260424091626,,,50,130,,,,FD,FD05,FD050100
3482354,15,골체오름 벚꽃축제,제주특별자치도 제주시 조천읍 선흘리 1914,골체오름,63346,064-782-5479,126.703677,33.450301,6,https://tong.visitkorea.or.kr/cms/resource/77/4054577_image2_1.png,https://tong.visitkorea.or.kr/cms/resource/77/4054577_image3_1.png,Type3,20250313162225,20260331161540,,,50,110,,,,EV,EV01,EV010500
3482430,32,켄싱턴리조트 제주중문,제주특별자치도 서귀포시 중문관광로72번길 29-29 (색달동),,63535,,126.41253340355246,33.24761409007948,6,https://tong.visitkorea.or.kr/cms/resource/08/3482408_image2_1.jpg,https://tong.visitkorea.or.kr/cms/resource/08/3482408_image3_1.jpg,Type3,20250314133825,20260311100340,,,50,130,,,,AC,AC02,AC020100
3483664,39,대한목장,제주특별자치도 서귀포시 남원읍 하례로620번길 19,,63608,,126.61861598876489,33.30244940937115,6,,,,20250325182401,20260305171859,,,50,130,,,,FD,FD05,FD050100
3487794,32,선셋티아,제주특별자치도 제주시 조천읍 선흘남4길 31,,63340,,126.7057134727,33.5077912236,6,https://tong.visitkorea.or.kr/cms/resource/89/3487789_image2_1.jpg,https://tong.visitkorea.or.kr/cms/resource/89/3487789_image3_1.jpg,Type3,20250422115840,20260610083438,,,50,110,,,,AC,AC03,AC030100
3491457,12,빛의 섬 루미버스,제주특별자치도 서귀포시 표선면 민속해안로 631-34,,63629,,126.84308825727145,33.321287172094095,6,https://tong.visitkorea.or.kr/cms/resource/55/3491455_image2_1.jpg,https://tong.visitkorea.or.kr/cms/resource/55/3491455_image3_1.jpg,Type3,20250516174708,20260427103638,,,50,130,,,,VE,VE02,VE020100
3492149,39,모아시 (MOASI),제주특별자치도 서귀포시 대정읍 무릉중앙로24번길 16,,63501,,126.19915947894222,33.27084661663679,6,https://tong.visitkorea.or.kr/cms/resource/47/3492147_image2_1.png,https://tong.visitkorea.or.kr/cms/resource/47/3492147_image3_1.png,Type3,20250520155753,20260406094239,,,50,130,,,,FD,FD05,FD050100
3495841,15,숲으로 오라,제주특별자치도 제주시 연삼로 286 (도남동),시민복지타운광장,63219,010-6461-0759,126.5238513705,33.4918468474,6,https://tong.visitkorea.or.kr/cms/resource/66/4074666_image2_1.jpg,https://tong.visitkorea.or.kr/cms/resource/66/4074666_image3_1.jpg,Type3,20250605164244,20260612162350,,,50,110,,,,EV,EV01,EV010200
3497636,39,자매국수,제주특별자치도 제주시 항골남길 46 (이호일동),,63108,,126.45916675751323,33.49857683347304,6,https://tong.visitkorea.or.kr/cms/resource/09/3497609_image2_1.jpg,https://tong.visitkorea.or.kr/cms/resource/09/3497609_image3_1.jpg,Type3,20250612133530,20260311100340,,,50,110,,,,FD,FD01,FD010100
3498094,12,세화리 농어촌체험휴양마을,제주특별자치도 제주시 구좌읍 세평항로 46-9,,63361,,126.85603220698485,33.526991970150945,6,https://tong.visitkorea.or.kr/cms/resource/88/3498088_image2_1.jpg,https://tong.visitkorea.or.kr/cms/resource/88/3498088_image3_1.jpg,Type3,20250616142806,20260304100426,,,50,110,,,,EX,EX03,EX030100
3502045,38,선물고팡 공항본점,제주특별자치도 제주시 월성로 15 (용담이동),,63162,,126.50494102693447,33.50297178700443,6,https://tong.visitkorea.or.kr/cms/resource/22/3502022_image2_1.jpg,https://tong.visitkorea.or.kr/cms/resource/22/3502022_image3_1.jpg,Type3,20250702163144,20260427103638,,,50,110,,,,SH,SH05,SH050300
3505052,12,꽃귤농장,제주특별자치도 서귀포시 대포로 116 (대포동),,63544,,126.43365754364268,33.23980796182953,6,https://tong.visitkorea.or.kr/cms/resource/23/3505023_image2_1.jpg,https://tong.visitkorea.or.kr/cms/resource/23/3505023_image3_1.jpg,Type3,20250711101330,20260311100340,,,50,130,,,,EX,EX03,EX030300
3512205,15,2026 서귀포 원도심 문화페스티벌,제주특별자치도 서귀포시 이중섭로 11 (서귀동),,63595,064-760-2572,126.56445889201075,33.24708081676599,6,https://tong.visitkorea.or.kr/cms/resource/17/4044417_image2_1.jpg,https://tong.visitkorea.or.kr/cms/resource/17/4044417_image3_1.jpg,Type3,20250724092241,20260323161942,,,50,130,,,,EV,EV02,EV020700
3515241,32,호텔 골든데이지 서귀포오션,제주특별자치도 서귀포시 동홍로 7 (서귀동),,63590,,126.56742464706149,33.24938478003323,6,https://tong.visitkorea.or.kr/cms/resource/25/3515125_image2_1.jpg,https://tong.visitkorea.or.kr/cms/resource/25/3515125_image3_1.jpg,Type3,20250731111503,20260311100340,,,50,130,,,,AC,AC01,AC010100
3520495,32,취다선 리조트,제주특별자치도 서귀포시 성산읍 해맞이해안로 2688,,63639,,126.91270319146102,33.471847887441896,6,https://tong.visitkorea.or.kr/cms/resource/59/3520459_image2_1.png,https://tong.visitkorea.or.kr/cms/resource/59/3520459_image3_1.png,Type3,20250812163833,20260311100340,,,50,130,,,,AC,AC01,AC010100
3530351,12,샛도리물,제주특별자치도 제주시 삼양일동,1938-9,63326,,126.5892,33.5291,6,https://tong.visitkorea.or.kr/cms/resource/57/3530357_image2_1.jpg,https://tong.visitkorea.or.kr/cms/resource/57/3530357_image3_1.jpg,Type1,20250902131907,20260415143357,,,50,110,,,,NA,NA02,NA020700
3530411,12,정모시쉼터,제주특별자치도 서귀포시 칠십리로 156-8 (서귀동),,63596,,126.57062993878547,33.244898585742895,6,https://tong.visitkorea.or.kr/cms/resource/12/3530412_image2_1.jpg,https://tong.visitkorea.or.kr/cms/resource/12/3530412_image3_1.jpg,Type1,20250902141751,20260407095501,,,50,130,,,,NA,NA01,NA010400
3543626,39,몽라브,제주특별자치도 제주시 오등6길 55 (오등동),"제1, 2동 1층",63240,,126.52760640895447,33.46679448043981,6,https://tong.visitkorea.or.kr/cms/resource/19/3543619_image2_1.jpg,https://tong.visitkorea.or.kr/cms/resource/19/3543619_image3_1.jpg,Type3,20250924162519,20260406094239,,,50,110,,,,FD,FD05,FD050100
3544591,15,포켓몬 원더 아일랜드 in JEJU,제주특별자치도 서귀포시 중문관광로 93 (색달동),,63535,031-272-0108,126.4145703230215,33.25205020409702,6,https://tong.visitkorea.or.kr/cms/resource/89/3544589_image2_1.jpg,https://tong.visitkorea.or.kr/cms/resource/89/3544589_image3_1.jpg,Type3,20250925181309,20260204180500,,,50,130,,,,EV,EV03,EV030400
3545110,38,메르시제주소품샵,제주특별자치도 제주시 용두암길 20 (용담이동),1층,63152,,126.51263432804139,33.51455797525212,6,https://tong.visitkorea.or.kr/cms/resource/09/3545109_image2_1.jpg,https://tong.visitkorea.or.kr/cms/resource/09/3545109_image3_1.jpg,Type1,20250929104837,20260427100851,,,50,110,,,,SH,SH07,SH070100
3545698,28,[제주올레 18-2코스] 하추자 올레,제주특별자치도 제주시 추자면 신양2길 28-8,(신양항~추자면사무소),63001,,126.32903711792602,33.944600691683846,6,https://tong.visitkorea.or.kr/cms/resource/05/3545605_image2_1.jpg,https://tong.visitkorea.or.kr/cms/resource/05/3545605_image3_1.jpg,Type1,20250930095009,20260406164237,,,50,110,,,,LS,LS01,LS011900
3545719,12,돌낭예술원,제주특별자치도 서귀포시 남원읍 서성로 544-35,,63609,,126.65460327821138,33.31977178437227,6,https://tong.visitkorea.or.kr/cms/resource/25/3545625_image2_1.jpg,https://tong.visitkorea.or.kr/cms/resource/25/3545625_image3_1.jpg,Type1,20250930100430,20260406150135,,,50,130,,,,NA,NA04,NA040700
3545735,14,만춘서점,제주특별자치도 제주시 조천읍 함덕로 9,,63333,,126.67343088634944,33.54072434423091,6,https://tong.visitkorea.or.kr/cms/resource/50/3545550_image2_1.jpg,https://tong.visitkorea.or.kr/cms/resource/50/3545550_image3_1.jpg,Type1,20250930102632,20260406170427,,,50,110,,,,VE,VE12,VE120100
3545966,39,갈치바다 애월,제주특별자치도 제주시 애월읍 애월로 15-1,1~2층 갈치바다 애월,63043,,126.31099269269497,33.460415216807874,6,https://tong.visitkorea.or.kr/cms/resource/31/3545931_image2_1.jpg,https://tong.visitkorea.or.kr/cms/resource/31/3545931_image3_1.jpg,Type3,20250930132754,20260427102747,,,50,110,,,,FD,FD01,FD010100
3546163,14,김영수도서관,제주특별자치도 제주시 중앙로8길 18 (삼도이동),,63166,,126.52138373358315,33.5149928252347,6,https://tong.visitkorea.or.kr/cms/resource/35/3546135_image2_1.jpg,https://tong.visitkorea.or.kr/cms/resource/35/3546135_image3_1.jpg,Type1,20251001092511,20260421172637,,,50,110,,,,VE,VE09,VE090300
3546746,39,백가네제주한상 함덕본점,제주특별자치도 제주시 조천읍 함덕로 40,"1층 102호, 103호",63333,,126.67113275161599,33.54239550146812,6,https://tong.visitkorea.or.kr/cms/resource/37/3546737_image2_1.jpg,https://tong.visitkorea.or.kr/cms/resource/37/3546737_image3_1.jpg,Type3,20251010095949,20260427150612,,,50,110,,,,FD,FD01,FD010100
3546882,15,2025 음악실연자 페스티벌,제주특별자치도 제주시 중앙로 2 (삼도이동),,63165,070-4242-0838,126.5246670689,33.5181838831,6,http://tong.visitkorea.or.kr/cms/resource/81/3546881_image2_1.jpg,http://tong.visitkorea.or.kr/cms/resource/81/3546881_image3_1.jpg,Type3,20251010125734,20251023143000,39,4,50,110,A02,A0208,A02081000,EV,EV02,EV020700
3553653,12,온평리 포구,제주특별자치도 서귀포시 성산읍 환해장성로 513,,63633,,126.903,33.4017,6,https://tong.visitkorea.or.kr/cms/resource/13/3553613_image2_1.jpg,https://tong.visitkorea.or.kr/cms/resource/13/3553613_image3_1.jpg,Type1,20251022165513,20260309174858,,,50,130,,,,NA,NA02,NA020700
3553902,12,신산환해장성,제주특별자치도 서귀포시 성산읍 환해장성로 201,,63634,,126.8817,33.3874,6,https://tong.visitkorea.or.kr/cms/resource/70/3553870_image2_1.jpg,https://tong.visitkorea.or.kr/cms/resource/70/3553870_image3_1.jpg,Type1,20251023093301,20260309174743,,,50,130,,,,HS,HS01,HS010200
3553979,12,소라의성,제주특별자치도 서귀포시 칠십리로214번길 17-17 (동홍동),,63599,,126.57695532118301,33.24517918333078,6,https://tong.visitkorea.or.kr/cms/resource/64/3553964_image2_1.jpg,https://tong.visitkorea.or.kr/cms/resource/64/3553964_image3_1.jpg,Type1,20251023095857,20260309173709,,,50,130,,,,VE,VE01,VE010100
3554702,15,원도심 야간여행 ‘섬夜시즌’ 운영,제주특별자치도 서귀포시 칠십리로 120-12 (서귀동),,63596,064-741-8754,126.5675084795,33.2419428720,6,http://tong.visitkorea.or.kr/cms/resource/00/3554700_image2_1.jpg,http://tong.visitkorea.or.kr/cms/resource/00/3554700_image3_1.jpg,Type3,20251023154602,20251023155016,39,3,50,130,A02,A0208,A02081300,EV,EV03,EV030400
3557958,12,상추자항,제주특별자치도 제주시 추자면 추자로 37,,63000,,126.29562905541727,33.96267344496003,6,https://tong.visitkorea.or.kr/cms/resource/55/3557955_image2_1.jpg,https://tong.visitkorea.or.kr/cms/resource/55/3557955_image3_1.jpg,Type1,20251028165408,20260309173308,,,50,110,,,,NA,NA02,NA020700
3559559,12,두머니물공원,제주특별자치도 서귀포시 법환동,1534,63573,,126.5073,33.231,6,https://tong.visitkorea.or.kr/cms/resource/54/3559554_image2_1.jpg,https://tong.visitkorea.or.kr/cms/resource/54/3559554_image3_1.jpg,Type1,20251031092656,20260309173002,,,50,130,,,,VE,VE03,VE030100
3559716,12,대수산봉,제주특별자치도 서귀포시 성산읍 서성일로1168번길 89-17,,63641,,126.9023,33.438,6,https://tong.visitkorea.or.kr/cms/resource/45/3559645_image2_1.jpg,https://tong.visitkorea.or.kr/cms/resource/45/3559645_image3_1.jpg,Type1,20251031111012,20260309093631,,,50,130,,,,NA,NA01,NA010100
3559736,12,통오름,제주특별자치도 서귀포시 성산읍 독자봉로 281,,63635,,126.8556,33.3927,6,https://tong.visitkorea.or.kr/cms/resource/56/3559656_image2_1.jpg,https://tong.visitkorea.or.kr/cms/resource/56/3559656_image3_1.jpg,Type1,20251031112437,20260311100340,,,50,130,,,,NA,NA01,NA010100
3559794,12,모진이몽돌해변,제주특별자치도 제주시 추자면 신양4길 18,,63001,,126.3346,33.9457,6,https://tong.visitkorea.or.kr/cms/resource/75/3559675_image2_1.jpg,https://tong.visitkorea.or.kr/cms/resource/75/3559675_image3_1.jpg,Type1,20251031113717,20260311100340,,,50,110,,,,NA,NA02,NA020900
3563239,28,남원용암해수풀장,제주특별자치도 서귀포시 남원읍 남태해안로 140,,63621,,126.71960459494495,33.27781728662693,6,https://tong.visitkorea.or.kr/cms/resource/33/3563233_image2_1.jpg,https://tong.visitkorea.or.kr/cms/resource/33/3563233_image3_1.jpg,Type1,20251107154822,20260309154326,,,50,130,,,,LS,LS02,LS020700
3571055,38,무릉외갓집,제주특별자치도 서귀포시 대정읍 중산간서로2881번길 35-8,,63501,,126.2366,33.2729,6,https://tong.visitkorea.or.kr/cms/resource/25/3571025_image2_1.jpg,https://tong.visitkorea.or.kr/cms/resource/25/3571025_image3_1.jpg,Type1,20251120192138,20260309164930,,,50,130,,,,SH,SH05,SH050300
3584915,14,코코컬처클럽,제주특별자치도 서귀포시 성산읍 환해장성로 201,,63634,,126.8881,33.387,6,https://tong.visitkorea.or.kr/cms/resource/01/3584901_image2_1.jpg,https://tong.visitkorea.or.kr/cms/resource/01/3584901_image3_1.jpg,Type3,20251216185233,20260427175703,,,50,130,,,,VE,VE12,VE120300
4002242,38,소랑아시,제주특별자치도 서귀포시 중문관광로 27 (색달동),1층,63534,,126.414881,33.255586,,https://tong.visitkorea.or.kr/cms/resource/40/4002240_image2_1.jpg,https://tong.visitkorea.or.kr/cms/resource/40/4002240_image3_1.jpg,Type3,20260119174446,20260325093432,,,50,130,,,,SH,SH07,SH070100
4002695,39,대들보,제주특별자치도 서귀포시 막숙포로 64 (법환동),,63573,,126.514769215191,33.2358737269205,,https://tong.visitkorea.or.kr/cms/resource/90/4002690_image2_1.jpg,https://tong.visitkorea.or.kr/cms/resource/90/4002690_image3_1.jpg,Type3,20260120145913,20260330140548,,,50,130,,,,FD,FD01,FD010100
4002730,39,바다풍경 정육식당,제주특별자치도 제주시 서해안로 654 (용담삼동),,63151,,126.506844520896,33.5161742212317,,https://tong.visitkorea.or.kr/cms/resource/24/4002724_image2_1.jpg,https://tong.visitkorea.or.kr/cms/resource/24/4002724_image3_1.jpg,Type3,20260120152621,20260323174529,,,50,110,,,,FD,FD01,FD010100
4002769,39,이금돈지,제주특별자치도 제주시 노연로 143 (연동),,63123,,126.495362938093,33.4860847312458,,https://tong.visitkorea.or.kr/cms/resource/68/4002768_image2_1.jpg,https://tong.visitkorea.or.kr/cms/resource/68/4002768_image3_1.jpg,Type3,20260120155929,20260323173637,,,50,110,,,,FD,FD01,FD010100
4002802,39,제미니국수김밥,제주특별자치도 서귀포시 쇠소깍로 134 (하효동),,63600,,126.62263544788,33.2522463123755,,https://tong.visitkorea.or.kr/cms/resource/01/4002801_image2_1.jpg,https://tong.visitkorea.or.kr/cms/resource/01/4002801_image3_1.jpg,Type3,20260120161933,20260323181242,,,50,130,,,,FD,FD01,FD010100
4002839,39,제주할망밥상,제주특별자치도 서귀포시 안덕면 화순해안로 89,,63530,,126.335716162007,33.2400420030732,,https://tong.visitkorea.or.kr/cms/resource/38/4002838_image2_1.jpg,https://tong.visitkorea.or.kr/cms/resource/38/4002838_image3_1.jpg,Type3,20260120164957,20260323180121,,,50,130,,,,FD,FD01,FD010100
4002890,39,더해장,제주특별자치도 서귀포시 일주서로 680 (회수동),,63540,,126.437249555931,33.2550879893374,,https://tong.visitkorea.or.kr/cms/resource/87/4002887_image2_1.jpg,https://tong.visitkorea.or.kr/cms/resource/87/4002887_image3_1.jpg,Type3,20260120172733,20260323175459,,,50,130,,,,FD,FD01,FD010100
4002932,39,볼고롱짬뽕,제주특별자치도 서귀포시 서호로 40-1 (서호동),,63569,,126.522831174436,33.2576235257242,,https://tong.visitkorea.or.kr/cms/resource/21/4002921_image2_1.jpg,https://tong.visitkorea.or.kr/cms/resource/21/4002921_image3_1.jpg,Type3,20260120175122,20260323182802,,,50,130,,,,FD,FD02,FD020100
4009584,38,러쉬 제주점,제주특별자치도 서귀포시 안덕면 산방로 141,,63528,,126.319190550487,33.2392235100208,,https://tong.visitkorea.or.kr/cms/resource/77/4042077_image2_1.jpeg,https://tong.visitkorea.or.kr/cms/resource/77/4042077_image3_1.jpeg,Type3,20260131041320,20260326092041,,,50,130,,,,SH,SH04,SH040300
4009585,38,올리브영 서귀포동광점,제주특별자치도 서귀포시 안덕면 신화역사로 434,,63523,,126.333882880174,33.3095758427774,,https://tong.visitkorea.or.kr/cms/resource/50/4029050_image2_1.png,https://tong.visitkorea.or.kr/cms/resource/50/4029050_image3_1.png,Type3,20260131041601,20260309093631,,,50,130,,,,SH,SH04,SH040300
4009586,38,탠디 신세계사이먼프리미엄 아울렛 제주점,제주특별자치도 서귀포시 안덕면 신화역사로304번길 38,,63522,,126.31635202613,33.3049726791712,,https://tong.visitkorea.or.kr/cms/resource/54/4024254_image2_1.jpeg,https://tong.visitkorea.or.kr/cms/resource/54/4024254_image3_1.jpeg,Type3,20260131042107,20260330091611,,,50,130,,,,SH,SH04,SH040300
4009587,38,올리브영 서귀포혁신도시점,제주특별자치도 서귀포시 일주동로 9155 (법환동),,63572,,126.514578681489,33.2477134455031,,https://tong.visitkorea.or.kr/cms/resource/52/4029052_image2_1.png,https://tong.visitkorea.or.kr/cms/resource/52/4029052_image3_1.png,Type3,20260131043124,20260309093631,,,50,130,,,,SH,SH04,SH040300
4009588,38,나이키골프 제주중문점,제주특별자치도 서귀포시 중문관광로72번길 29-9 (색달동),B1층,63535,,126.411556504447,33.249698457597,,https://tong.visitkorea.or.kr/cms/resource/29/4024229_image2_1.jpg,https://tong.visitkorea.or.kr/cms/resource/29/4024229_image3_1.jpg,Type3,20260131043410,20260309100814,,,50,130,,,,SH,SH04,SH040300
4009589,38,내셔널지오그래픽 서귀포점,제주특별자치도 서귀포시 중앙로 55 (서귀동),,63592,,126.561355293257,33.2495277357102,,https://tong.visitkorea.or.kr/cms/resource/30/4024230_image2_1.jpg,https://tong.visitkorea.or.kr/cms/resource/30/4024230_image3_1.jpg,Type3,20260131043652,20260309100814,,,50,130,,,,SH,SH04,SH040300
4009590,38,렌즈미 에비뉴안경 노형점,제주특별자치도 제주시 1100로 3347 (노형동),,63083,,126.479605628771,33.4848372184625,,https://tong.visitkorea.or.kr/cms/resource/41/4024241_image2_1.jpeg,https://tong.visitkorea.or.kr/cms/resource/41/4024241_image3_1.jpeg,Type3,20260131044630,20260317101259,,,50,110,,,,SH,SH04,SH040300
4009591,38,올리브영 제주삼화점,제주특별자치도 제주시 건주로 60 (도련일동),,63324,,126.580363633047,33.5140393705702,,https://tong.visitkorea.or.kr/cms/resource/58/4029058_image2_1.jpg,https://tong.visitkorea.or.kr/cms/resource/58/4029058_image3_1.jpg,Type3,20260131044822,20260309093631,,,50,110,,,,SH,SH04,SH040300
4009592,38,디어브리즈,제주특별자치도 제주시 구좌읍 월정3길 42,1층,63358,,126.794055818845,33.55473832111,,https://tong.visitkorea.or.kr/cms/resource/36/4024236_image2_1.jpg,https://tong.visitkorea.or.kr/cms/resource/36/4024236_image3_1.jpg,Type3,20260131050608,20260317101259,,,50,110,,,,SH,SH04,SH040300
4009593,38,제주김치스쿨,제주특별자치도 제주시 서해안로 136 (도두일동),,63112,,126.464173013342,33.5024496477088,,https://tong.visitkorea.or.kr/cms/resource/53/4024253_image2_1.jpeg,https://tong.visitkorea.or.kr/cms/resource/53/4024253_image3_1.jpeg,Type3,20260131052244,20260317101259,,,50,110,,,,SH,SH04,SH040300
4009594,38,귤귤스토어 도두점,제주특별자치도 제주시 서해안로 238 (도두일동),,63112,,126.471492103941,33.5088043753245,,https://tong.visitkorea.or.kr/cms/resource/24/4024224_image2_1.jpg,https://tong.visitkorea.or.kr/cms/resource/24/4024224_image3_1.jpg,Type3,20260131052332,20260317101259,,,50,110,,,,SH,SH04,SH040300
4009595,38,올리브영 제주용담점,제주특별자치도 제주시 서해안로 620 (용담삼동),,63150,,126.503149072487,33.5168551200172,,https://tong.visitkorea.or.kr/cms/resource/67/4029067_image2_1.png,https://tong.visitkorea.or.kr/cms/resource/67/4029067_image3_1.png,Type3,20260131052431,20260309093631,,,50,110,,,,SH,SH04,SH040300
4009596,38,몽클락 제주,제주특별자치도 제주시 서해안로 687-8 (용담이동),,63152,,126.512092759277,33.5155491953863,,https://tong.visitkorea.or.kr/cms/resource/69/4024269_image2_1.jpeg,https://tong.visitkorea.or.kr/cms/resource/69/4024269_image3_1.jpeg,Type3,20260131052518,20260317101259,,,50,110,,,,SH,SH04,SH040300
4009597,38,스노우피크 신제주점,제주특별자치도 제주시 신광로 30 (연동),1층,63129,,126.489867758518,33.4895269614377,,https://tong.visitkorea.or.kr/cms/resource/87/4024287_image2_1.jpeg,https://tong.visitkorea.or.kr/cms/resource/87/4024287_image3_1.jpeg,Type3,20260131052753,20260317101259,,,50,110,,,,SH,SH04,SH040300
4009598,38,렌즈미 신제주점,제주특별자치도 제주시 신광로 40 (연동),,63129,,126.489888785439,33.4886017442088,,https://tong.visitkorea.or.kr/cms/resource/40/4024240_image2_1.jpeg,https://tong.visitkorea.or.kr/cms/resource/40/4024240_image3_1.jpeg,Type3,20260131053027,20260317101259,,,50,110,,,,SH,SH04,SH040300
4009599,38,마리떼프랑스와저버 신제주점,제주특별자치도 제주시 신광로 44-1 (연동),1층,63129,,126.489739704667,33.4881155329998,,https://tong.visitkorea.or.kr/cms/resource/49/4024249_image2_1.jpeg,https://tong.visitkorea.or.kr/cms/resource/49/4024249_image3_1.jpeg,Type3,20260131053441,20260317101259,,,50,110,,,,SH,SH04,SH040300
4009600,38,CU 제주애월한담점,제주특별자치도 제주시 애월읍 애월로 37,,63043,,126.312270179629,33.4621761546953,,https://tong.visitkorea.or.kr/cms/resource/65/4024265_image2_1.jpeg,https://tong.visitkorea.or.kr/cms/resource/65/4024265_image3_1.jpeg,Type3,20260131054820,20260317101259,,,50,110,,,,SH,SH04,SH040300
4009601,38,섬타르 신제주점,제주특별자치도 제주시 연동6길 5 (연동),1층,63132,,126.489446068654,33.4855107957617,,https://tong.visitkorea.or.kr/cms/resource/79/4024279_image2_1.jpeg,https://tong.visitkorea.or.kr/cms/resource/79/4024279_image3_1.jpeg,Type3,20260131055144,20260317101259,,,50,110,,,,SH,SH04,SH040300
4009602,38,스마트약국 제주,제주특별자치도 제주시 연북로 1 (노형동),1층,63084,,126.481834000763,33.4824421892687,,https://tong.visitkorea.or.kr/cms/resource/88/4024288_image2_1.jpeg,https://tong.visitkorea.or.kr/cms/resource/88/4024288_image3_1.jpeg,Type3,20260131055320,20260317101259,,,50,110,,,,SH,SH04,SH040300
4009603,38,더한섬하우스 제주점,제주특별자치도 제주시 연북로 257 (오라이동),,63145,,126.50893553764,33.4817164874775,,https://tong.visitkorea.or.kr/cms/resource/35/4024235_image2_1.jpg,https://tong.visitkorea.or.kr/cms/resource/35/4024235_image3_1.jpg,Type3,20260131055549,20260317101259,,,50,110,,,,SH,SH04,SH040300
4009610,38,디즈니골프 제주중앙지하상가점,제주특별자치도 제주시 중앙로 60 (일도일동),,63168,,126.524440112964,33.512837715448,,https://tong.visitkorea.or.kr/cms/resource/37/4024237_image2_1.jpg,https://tong.visitkorea.or.kr/cms/resource/37/4024237_image3_1.jpg,Type3,20260131144931,20260319063551,,,50,110,,,,SH,SH04,SH040300
4009611,38,그린조이 제주중앙지하상가점,제주특별자치도 제주시 중앙로 60 (일도일동),,63168,,126.524440112964,33.512837715448,,https://tong.visitkorea.or.kr/cms/resource/27/4024227_image2_1.jpg,https://tong.visitkorea.or.kr/cms/resource/27/4024227_image3_1.jpg,Type3,20260131145014,20260319063328,,,50,110,,,,SH,SH04,SH040300
4009612,38,모노로그 제주중앙지하상가점,제주특별자치도 제주시 중앙로 60 (일도일동),,63168,,126.524440112964,33.512837715448,,https://tong.visitkorea.or.kr/cms/resource/68/4024268_image2_1.jpeg,https://tong.visitkorea.or.kr/cms/resource/68/4024268_image3_1.jpeg,Type3,20260131145055,20260319064037,,,50,110,,,,SH,SH04,SH040300
4009613,38,소품샵 제주소품 함덕점,제주특별자치도 제주시 조천읍 평사길 7,1층,63333,,126.672779742746,33.5433184605338,,https://tong.visitkorea.or.kr/cms/resource/83/4024283_image2_1.jpeg,https://tong.visitkorea.or.kr/cms/resource/83/4024283_image3_1.jpeg,Type3,20260131145319,20260317101259,,,50,110,,,,SH,SH04,SH040300
4009614,38,노르디스크 제주점,제주특별자치도 제주시 중앙로 40 (일도일동),,63166,,126.524496513434,33.5147458770984,,https://tong.visitkorea.or.kr/cms/resource/32/4024232_image2_1.jpg,https://tong.visitkorea.or.kr/cms/resource/32/4024232_image3_1.jpg,Type3,20260131145725,20260317101259,,,50,110,,,,SH,SH04,SH040300
4009615,38,로이드 제주점,제주특별자치도 제주시 중앙로 74 (이도일동),1층,63168,,126.52432966243,33.5116614371945,,https://tong.visitkorea.or.kr/cms/resource/42/4024242_image2_1.jpeg,https://tong.visitkorea.or.kr/cms/resource/42/4024242_image3_1.jpeg,Type3,20260131150123,20260317101259,,,50,110,,,,SH,SH04,SH040300
4009616,38,디스이즈네버댓 제주점,제주특별자치도 제주시 중앙로7길 13-1 (일도일동),,63277,,126.52620372055,33.5149763734393,,https://tong.visitkorea.or.kr/cms/resource/98/4024898_image2_1.jpg,https://tong.visitkorea.or.kr/cms/resource/98/4024898_image3_1.jpg,Type3,20260131150346,20260317101259,,,50,110,,,,SH,SH04,SH040300
4009617,38,문화공간 휴,제주특별자치도 제주시 중앙로8길 2 (일도일동),1층,63166,,126.524228396162,33.5149626717876,,https://tong.visitkorea.or.kr/cms/resource/71/4024271_image2_1.jpeg,https://tong.visitkorea.or.kr/cms/resource/71/4024271_image3_1.jpeg,Type3,20260131150816,20260317101259,,,50,110,,,,SH,SH04,SH040300
4009618,38,살로몬 제주점,제주특별자치도 제주시 탑동로 5 (삼도이동),1층,63166,,126.524176420811,33.5167693484119,,https://tong.visitkorea.or.kr/cms/resource/78/4024278_image2_1.jpeg,https://tong.visitkorea.or.kr/cms/resource/78/4024278_image3_1.jpeg,Type3,20260131151311,20260317101259,,,50,110,,,,SH,SH04,SH040300
4012413,38,블랙야크 제주점,제주특별자치도 제주시 관덕로11길 27-1 (일도일동),,63277,,126.525422295579,33.515667245905,,https://tong.visitkorea.or.kr/cms/resource/75/4024275_image2_1.jpeg,https://tong.visitkorea.or.kr/cms/resource/75/4024275_image3_1.jpeg,Type3,20260206083835,20260309100814,,,50,110,,,,SH,SH04,SH040300
4012996,38,안녕성산,제주특별자치도 서귀포시 성산읍 일출로 270-1,2층,63643,,126.93453595439,33.4618957419143,,https://tong.visitkorea.or.kr/cms/resource/99/4024299_image2_1.jpeg,https://tong.visitkorea.or.kr/cms/resource/99/4024299_image3_1.jpeg,Type3,20260207083306,20260401074504,,,50,130,,,,SH,SH04,SH040300
4012997,38,듀엘 신세계사이먼프리미엄아울렛 제주점,제주특별자치도 서귀포시 안덕면 신화역사로304번길 38,,63522,,126.31635202613,33.3049726791712,,https://tong.visitkorea.or.kr/cms/resource/16/4042416_image2_1.jpg,https://tong.visitkorea.or.kr/cms/resource/16/4042416_image3_1.jpg,Type3,20260207083350,20260327092150,,,50,130,,,,SH,SH04,SH040300
4012998,38,골든듀 신세계사이먼프리미엄아울렛 제주점,제주특별자치도 서귀포시 안덕면 신화역사로304번길 38,B1층,63522,,126.31635202613,33.3049726791712,,https://tong.visitkorea.or.kr/cms/resource/09/4042409_image2_1.png,https://tong.visitkorea.or.kr/cms/resource/09/4042409_image3_1.png,Type3,20260207083434,20260327092150,,,50,130,,,,SH,SH04,SH040300
4012999,38,월드컵약국,제주특별자치도 서귀포시 일주동로 9213 (법환동),,63572,,126.508491059708,33.248712252659,,https://tong.visitkorea.or.kr/cms/resource/74/4024474_image2_1.jpeg,https://tong.visitkorea.or.kr/cms/resource/74/4024474_image3_1.jpeg,Type3,20260207083514,20260318101005,,,50,130,,,,SH,SH04,SH040300
4013000,38,삼성스토어 서귀포,제주특별자치도 서귀포시 일주서로 17 (강정동),,63560,,126.505981099608,33.2495838290148,,https://tong.visitkorea.or.kr/cms/resource/71/4042371_image2_1.png,https://tong.visitkorea.or.kr/cms/resource/71/4042371_image3_1.png,Type3,20260207083553,20260326092041,,,50,130,,,,SH,SH04,SH040300
4013001,38,중문안경방,제주특별자치도 서귀포시 중문상로 43 (중문동),,63545,,126.425470429042,33.2523995874145,,https://tong.visitkorea.or.kr/cms/resource/10/4023910_image2_1.png,https://tong.visitkorea.or.kr/cms/resource/10/4023910_image3_1.png,Type3,20260207083633,20260318101005,,,50,130,,,,SH,SH04,SH040300
4013002,38,에잇세컨즈 서귀포점,제주특별자치도 서귀포시 중정로 69 (서귀동),1층,63591,,126.563721580326,33.2482640388818,,https://tong.visitkorea.or.kr/cms/resource/14/4024414_image2_1.jpeg,https://tong.visitkorea.or.kr/cms/resource/14/4024414_image3_1.jpeg,Type3,20260207083718,20260312090840,,,50,130,,,,SH,SH04,SH040300
4013003,38,오름약국,제주특별자치도 서귀포시 중정로 70 (서귀동),1층,63595,,126.563831943749,33.24777808645,,https://tong.visitkorea.or.kr/cms/resource/03/4024303_image2_1.jpeg,https://tong.visitkorea.or.kr/cms/resource/03/4024303_image3_1.jpeg,Type3,20260207083758,20260401074710,,,50,130,,,,SH,SH04,SH040300
4013004,38,아이더 서귀포점,제주특별자치도 서귀포시 중정로 72 (서귀동),,63595,,126.563979565262,33.2479138486588,,https://tong.visitkorea.or.kr/cms/resource/95/4024295_image2_1.jpeg,https://tong.visitkorea.or.kr/cms/resource/95/4024295_image3_1.jpeg,Type3,20260207083843,20260312090840,,,50,130,,,,SH,SH04,SH040300
4013200,38,코오롱스포츠 서귀포명동로점,제주특별자치도 서귀포시 중정로 97 (서귀동),,63591,,126.566632860605,33.2486833772932,,https://tong.visitkorea.or.kr/cms/resource/09/4024309_image2_1.jpeg,https://tong.visitkorea.or.kr/cms/resource/09/4024309_image3_1.jpeg,Type3,20260207174036,20260312090840,,,50,130,,,,SH,SH04,SH040300
4013201,38,코오롱스포츠 신제주점,제주특별자치도 제주시 1100로 3319 (노형동),,63083,,126.480654012399,33.4826070200451,,https://tong.visitkorea.or.kr/cms/resource/10/4024310_image2_1.jpeg,https://tong.visitkorea.or.kr/cms/resource/10/4024310_image3_1.jpeg,Type3,20260207174121,20260312090840,,,50,110,,,,SH,SH04,SH040300
4013202,38,더조은약국,제주특별자치도 제주시 과원로 110 (연동),1층,63142,,126.493480157363,33.4793623460299,,https://tong.visitkorea.or.kr/cms/resource/83/4022583_image2_1.jpg,https://tong.visitkorea.or.kr/cms/resource/83/4022583_image3_1.jpg,Type3,20260207174201,20260318101005,,,50,110,,,,SH,SH04,SH040300
4013203,38,브라운브레스 제주칠성점,제주특별자치도 제주시 관덕로11길 12 (일도일동),,63277,,126.5255528652,33.5140486706,,https://tong.visitkorea.or.kr/cms/resource/73/4024473_image2_1.jpeg,https://tong.visitkorea.or.kr/cms/resource/73/4024473_image3_1.jpeg,Type3,20260207174241,20260715200439,,,50,110,,,,SH,SH04,SH040300
4013204,38,탠저비 칠성로점,제주특별자치도 제주시 관덕로11길 4 (일도일동),,63277,,126.525527485806,33.5134925626779,,https://tong.visitkorea.or.kr/cms/resource/13/4024313_image2_1.jpeg,https://tong.visitkorea.or.kr/cms/resource/13/4024313_image3_1.jpeg,Type3,20260207174323,20260318101005,,,50,110,,,,SH,SH04,SH040300
4013205,38,리복 제주점,제주특별자치도 제주시 관덕로11길 4-1 (일도일동),,63277,,126.525675008365,33.5135197245311,,https://tong.visitkorea.or.kr/cms/resource/48/4024248_image2_1.jpeg,https://tong.visitkorea.or.kr/cms/resource/48/4024248_image3_1.jpeg,Type3,20260207174403,20260318101005,,,50,110,,,,SH,SH04,SH040300
4013206,38,내셔널지오그래픽키즈 제주점,제주특별자치도 제주시 관덕로11길 9 (일도일동),,63277,,126.525353456743,33.5139635178592,,https://tong.visitkorea.or.kr/cms/resource/31/4024231_image2_1.jpg,https://tong.visitkorea.or.kr/cms/resource/31/4024231_image3_1.jpg,Type3,20260207174451,20260312090840,,,50,110,,,,SH,SH04,SH040300
4013207,38,에브리바디빈티지,제주특별자치도 제주시 관덕로8길 31 (이도일동),2층,63169,,126.523365331925,33.5105174891967,,https://tong.visitkorea.or.kr/cms/resource/01/4024301_image2_1.jpeg,https://tong.visitkorea.or.kr/cms/resource/01/4024301_image3_1.jpeg,Type3,20260207174531,20260318101005,,,50,110,,,,SH,SH04,SH040300
4013208,38,아이더 신제주점,제주특별자치도 제주시 노연로 109 (연동),1층,63123,,126.491755888775,33.4860202230195,,https://tong.visitkorea.or.kr/cms/resource/87/4022787_image2_1.jpeg,https://tong.visitkorea.or.kr/cms/resource/87/4022787_image3_1.jpeg,Type3,20260207174616,20260312090840,,,50,110,,,,SH,SH04,SH040300
4013209,38,마운티아 신제주점,제주특별자치도 제주시 노연로 112 (연동),1층,63133,,126.492103849564,33.485597901067,,https://tong.visitkorea.or.kr/cms/resource/67/4024267_image2_1.jpeg,https://tong.visitkorea.or.kr/cms/resource/67/4024267_image3_1.jpeg,Type3,20260207174657,20260318101005,,,50,110,,,,SH,SH04,SH040300
4013210,38,안녕제주,제주특별자치도 제주시 노연로 42 (노형동),1층,63082,,126.484561996402,33.485807217804,,https://tong.visitkorea.or.kr/cms/resource/25/4022325_image2_1.jpg,https://tong.visitkorea.or.kr/cms/resource/25/4022325_image3_1.jpg,Type3,20260207174737,20260401063526,,,50,110,,,,SH,SH04,SH040300
4013211,38,올리브영 제주연동신라점,제주특별자치도 제주시 노연로 49 (노형동),1층,63081,,126.485577867386,33.4861999348151,,https://tong.visitkorea.or.kr/cms/resource/15/4024415_image2_1.jpeg,https://tong.visitkorea.or.kr/cms/resource/15/4024415_image3_1.jpeg,Type3,20260207174827,20260312090840,,,50,110,,,,SH,SH04,SH040300
4013212,38,에이플러스건강식품,제주특별자치도 제주시 노연로 70 (연동),1층,63132,,126.487456622718,33.485744751578,,https://tong.visitkorea.or.kr/cms/resource/02/4024302_image2_1.jpeg,https://tong.visitkorea.or.kr/cms/resource/02/4024302_image3_1.jpeg,Type3,20260207174909,20260318101005,,,50,110,,,,SH,SH04,SH040300
4013213,38,365열린약국,제주특별자치도 제주시 노형로 380 (노형동),1층,63083,,126.476619662438,33.4838112549963,,https://tong.visitkorea.or.kr/cms/resource/75/4024475_image2_1.jpeg,https://tong.visitkorea.or.kr/cms/resource/75/4024475_image3_1.jpeg,Type3,20260207174949,20260318101005,,,50,110,,,,SH,SH04,SH040300
4013214,38,롯데하이마트 신제주점,제주특별자치도 제주시 도령로 16 (노형동),,63081,,126.481069945178,33.486544121544,,https://tong.visitkorea.or.kr/cms/resource/72/4042372_image2_1.png,https://tong.visitkorea.or.kr/cms/resource/72/4042372_image3_1.png,Type3,20260207175034,20260326092041,,,50,110,,,,SH,SH04,SH040300
4013215,38,휠라언더웨어 신제주점,"제주특별자치도 제주시 도령로 73 (연동, 연동 펠리체)",1층,63127,,126.485948322561,33.4901161837273,,https://tong.visitkorea.or.kr/cms/resource/19/4024319_image2_1.jpeg,https://tong.visitkorea.or.kr/cms/resource/19/4024319_image3_1.jpeg,Type3,20260207175119,20260401075953,,,50,110,,,,SH,SH04,SH040300
4013216,38,탠저비 한라병원점,"제주특별자치도 제주시 도령로 73 (연동, 연동 펠리체)",,63127,,126.485948322561,33.4901161837273,,https://tong.visitkorea.or.kr/cms/resource/14/4024314_image2_1.jpeg,https://tong.visitkorea.or.kr/cms/resource/14/4024314_image3_1.jpeg,Type3,20260207175201,20260318101005,,,50,110,,,,SH,SH04,SH040300
4013217,38,아이엠제주 탠저비,제주특별자치도 제주시 삼무로 40 (연동),1층,63124,,126.490970612666,33.4896668254079,,https://tong.visitkorea.or.kr/cms/resource/97/4024897_image2_1.jpg,https://tong.visitkorea.or.kr/cms/resource/97/4024897_image3_1.jpg,Type3,20260207175241,20260318101005,,,50,110,,,,SH,SH04,SH040300
4013218,38,한라미디어,제주특별자치도 제주시 삼무로 78 (연동),,63124,,126.494976936555,33.489522643624,,https://tong.visitkorea.or.kr/cms/resource/17/4024317_image2_1.jpeg,https://tong.visitkorea.or.kr/cms/resource/17/4024317_image3_1.jpeg,Type3,20260207175320,20260401075747,,,50,110,,,,SH,SH04,SH040300
4013219,38,쌤소나이트 제주오라아울렛점,제주특별자치도 제주시 서광로 82 (오라삼동),1층,63148,,126.505205811273,33.4997536993176,,https://tong.visitkorea.or.kr/cms/resource/92/4024292_image2_1.jpeg,https://tong.visitkorea.or.kr/cms/resource/92/4024292_image3_1.jpeg,Type3,20260207175403,20260312090840,,,50,110,,,,SH,SH04,SH040300
4013220,38,탠저비 도두점,제주특별자치도 제주시 서해안로 228 (도두일동),,63112,,126.470489626128,33.5083889705363,,https://tong.visitkorea.or.kr/cms/resource/16/4024416_image2_1.jpeg,https://tong.visitkorea.or.kr/cms/resource/16/4024416_image3_1.jpeg,Type3,20260207175444,20260318101005,,,50,110,,,,SH,SH04,SH040300
4013221,38,어코드 제주,제주특별자치도 제주시 서해안로 342 (도두이동),2층,63115,,126.481630632131,33.5101799398737,,https://tong.visitkorea.or.kr/cms/resource/00/4024300_image2_1.jpeg,https://tong.visitkorea.or.kr/cms/resource/00/4024300_image3_1.jpeg,Type3,20260207175523,20260318101005,,,50,110,,,,SH,SH04,SH040300
4013222,38,피크,제주특별자치도 제주시 신광로 28 (연동),1층,63129,,126.489920091223,33.4897039790157,,https://tong.visitkorea.or.kr/cms/resource/76/4024476_image2_1.jpeg,https://tong.visitkorea.or.kr/cms/resource/76/4024476_image3_1.jpeg,Type3,20260207175603,20260401081646,,,50,110,,,,SH,SH04,SH040300
4013223,38,슈마커 플러스 제주연동점,제주특별자치도 제주시 신광로 52 (연동),밸리스빌딩 1층,63131,,126.489615229505,33.4874520797513,,https://tong.visitkorea.or.kr/cms/resource/26/4023926_image2_1.jpg,https://tong.visitkorea.or.kr/cms/resource/26/4023926_image3_1.jpg,Type3,20260207175644,20260318101005,,,50,110,,,,SH,SH04,SH040300
4013224,38,ABC마트 GSA 신제주연동점,제주특별자치도 제주시 신광로 58 (연동),,63131,,126.489654426738,33.4870798836126,,https://tong.visitkorea.or.kr/cms/resource/74/4042374_image2_1.png,https://tong.visitkorea.or.kr/cms/resource/74/4042374_image3_1.png,Type3,20260207175730,20260326092041,,,50,110,,,,SH,SH04,SH040300
4013225,38,탠저비 제원점,제주특별자치도 제주시 신광로 61 (연동),1층,63123,,126.490318724182,33.4866237070175,,https://tong.visitkorea.or.kr/cms/resource/12/4024312_image2_1.jpeg,https://tong.visitkorea.or.kr/cms/resource/12/4024312_image3_1.jpeg,Type3,20260207175812,20260318101005,,,50,110,,,,SH,SH04,SH040300
4013226,38,GS25 연동서강점,제주특별자치도 제주시 신대로16길 43 (연동),광성빌딩,63123,,126.491787295208,33.4867223316676,,https://tong.visitkorea.or.kr/cms/resource/70/4042370_image2_1.png,https://tong.visitkorea.or.kr/cms/resource/70/4042370_image3_1.png,Type3,20260207180023,20260326092041,,,50,110,,,,SH,SH04,SH040300
4013227,38,한라사이클,제주특별자치도 제주시 신대로19길 11 (연동),1층,63134,,126.497561324261,33.4837452844026,,https://tong.visitkorea.or.kr/cms/resource/68/4022868_image2_1.jpg,https://tong.visitkorea.or.kr/cms/resource/68/4022868_image3_1.jpg,Type3,20260207180102,20260318101005,,,50,110,,,,SH,SH04,SH040300
4013228,38,귤귤스토어 애월점,제주특별자치도 제주시 애월읍 애월로1길 24-13,,63043,,126.3099194957,33.4632794332,,https://tong.visitkorea.or.kr/cms/resource/99/4022599_image2_1.jpeg,https://tong.visitkorea.or.kr/cms/resource/99/4022599_image3_1.jpeg,Type3,20260207180142,20260715200601,,,50,110,,,,SH,SH04,SH040300
4013229,38,러블리제주,제주특별자치도 제주시 애월읍 애월해안로 686,1층,63049,,126.375220750659,33.4819460818341,,https://tong.visitkorea.or.kr/cms/resource/17/4024417_image2_1.jpeg,https://tong.visitkorea.or.kr/cms/resource/17/4024417_image3_1.jpeg,Type3,20260207180222,20260318101005,,,50,110,,,,SH,SH04,SH040300
4013230,38,하이츠 제주,제주특별자치도 제주시 애월읍 하소로 735,1층,63067,,126.396034482354,33.4192920702216,,https://tong.visitkorea.or.kr/cms/resource/16/4024316_image2_1.jpeg,https://tong.visitkorea.or.kr/cms/resource/16/4024316_image3_1.jpeg,Type3,20260207180302,20260318101005,,,50,110,,,,SH,SH04,SH040300
4013231,38,갤럭시 제주점,제주특별자치도 제주시 연북로 259 (오라이동),,63145,,126.509136801609,33.4815139753064,,https://tong.visitkorea.or.kr/cms/resource/19/4024819_image2_1.jpeg,https://tong.visitkorea.or.kr/cms/resource/19/4024819_image3_1.jpeg,Type3,20260207180348,20260313123427,,,50,110,,,,SH,SH04,SH040300
4013232,38,말본골프 포트메인 제주직영점,제주특별자치도 제주시 연북로 269 (오라이동),1층,63145,,126.510228326464,33.4814943111499,,https://tong.visitkorea.or.kr/cms/resource/68/4042268_image2_1.png,https://tong.visitkorea.or.kr/cms/resource/68/4042268_image3_1.png,Type3,20260207180429,20260326092041,,,50,110,,,,SH,SH04,SH040300
4013233,38,어메이징크리 제주점,제주특별자치도 제주시 연북로 66 (연동),,63138,,126.488205070434,33.4815732906343,,https://tong.visitkorea.or.kr/cms/resource/63/4042263_image2_1.png,https://tong.visitkorea.or.kr/cms/resource/63/4042263_image3_1.png,Type3,20260207180509,20260326092041,,,50,110,,,,SH,SH04,SH040300
4013234,38,유타골프 제주점,제주특별자치도 제주시 연북로 76 (연동),,63138,,126.489399163279,33.4815487337564,,https://tong.visitkorea.or.kr/cms/resource/79/4024479_image2_1.jpeg,https://tong.visitkorea.or.kr/cms/resource/79/4024479_image3_1.jpeg,Type3,20260207180550,20260318101005,,,50,110,,,,SH,SH04,SH040300
4013235,38,제주오라쇼핑,제주특별자치도 제주시 오남로 118 (오라이동),,63146,,126.51615025355,33.485644348299,,https://tong.visitkorea.or.kr/cms/resource/80/4024480_image2_1.jpeg,https://tong.visitkorea.or.kr/cms/resource/80/4024480_image3_1.jpeg,Type3,20260207180631,20260318101005,,,50,110,,,,SH,SH04,SH040300
4013236,38,스포츠메카 외도본점,제주특별자치도 제주시 일주서로 7298 (외도일동),1층,63069,,126.426658760837,33.4922890803883,,https://tong.visitkorea.or.kr/cms/resource/91/4024291_image2_1.jpeg,https://tong.visitkorea.or.kr/cms/resource/91/4024291_image3_1.jpeg,Type3,20260207180714,20260318101005,,,50,110,,,,SH,SH04,SH040300
4013237,38,아일랜드 프로젝트 본점,제주특별자치도 제주시 전농로 29 (삼도일동),,63173,,126.516408048805,33.504691765741,,https://tong.visitkorea.or.kr/cms/resource/55/4022755_image2_1.jpg,https://tong.visitkorea.or.kr/cms/resource/55/4022755_image3_1.jpg,Type3,20260207180755,20260318101005,,,50,110,,,,SH,SH04,SH040300
4013238,38,헬로제주,제주특별자치도 제주시 조천읍 조함해안로 504,1층,63333,,126.666865346791,33.5423935245741,,https://tong.visitkorea.or.kr/cms/resource/02/4030502_image2_1.jpg,https://tong.visitkorea.or.kr/cms/resource/02/4030502_image3_1.jpg,Type3,20260207180834,20260318101005,,,50,110,,,,SH,SH04,SH040300
4013239,38,K2 제주MS,제주특별자치도 제주시 중앙로 35 (일도일동),,63277,,126.524915759389,33.5151568075435,,https://tong.visitkorea.or.kr/cms/resource/18/4024418_image2_1.jpeg,https://tong.visitkorea.or.kr/cms/resource/18/4024418_image3_1.jpeg,Type3,20260207180918,20260312090840,,,50,110,,,,SH,SH04,SH040300
4013240,38,테일러메이드 구제주점,제주특별자치도 제주시 중앙로 50 (일도일동),1층,63166,,126.52452028354,33.5139028914264,,https://tong.visitkorea.or.kr/cms/resource/15/4024315_image2_1.jpeg,https://tong.visitkorea.or.kr/cms/resource/15/4024315_image3_1.jpeg,Type3,20260207181004,20260401075539,,,50,110,,,,SH,SH04,SH040300
4013241,38,링스스포츠,제주특별자치도 제주시 중앙로 60 (일도일동),,63168,,126.524440112964,33.512837715448,,https://tong.visitkorea.or.kr/cms/resource/19/4024419_image2_1.jpeg,https://tong.visitkorea.or.kr/cms/resource/19/4024419_image3_1.jpeg,Type3,20260207181043,20260318101005,,,50,110,,,,SH,SH04,SH040300
4013242,38,무자크 제주중앙점,제주특별자치도 제주시 중앙로 60 (일도일동),,63168,,126.524440112964,33.512837715448,,https://tong.visitkorea.or.kr/cms/resource/56/4022756_image2_1.jpg,https://tong.visitkorea.or.kr/cms/resource/56/4022756_image3_1.jpg,Type3,20260207181128,20260318101005,,,50,110,,,,SH,SH04,SH040300
4013243,38,안경사랑 제주시,제주특별자치도 제주시 중앙로 88 (이도일동),,63169,,126.523797816116,33.5106290562744,,https://tong.visitkorea.or.kr/cms/resource/90/4024190_image2_1.jpg,https://tong.visitkorea.or.kr/cms/resource/90/4024190_image3_1.jpg,Type3,20260207181214,20260318101005,,,50,110,,,,SH,SH04,SH040300
4013244,38,양키캔들 제주칠성로점,제주특별자치도 제주시 중앙로5길 9 (일도일동),1층,63277,,126.525731610253,33.5154157148527,,https://tong.visitkorea.or.kr/cms/resource/45/4022745_image2_1.jpg,https://tong.visitkorea.or.kr/cms/resource/45/4022745_image3_1.jpg,Type3,20260207181259,20260318101005,,,50,110,,,,SH,SH04,SH040300
4013245,38,아레나 제주점,제주특별자치도 제주시 중앙로7길 16 (일도일동),,63277,,126.526356823047,33.5147701341465,,https://tong.visitkorea.or.kr/cms/resource/94/4024294_image2_1.jpeg,https://tong.visitkorea.or.kr/cms/resource/94/4024294_image3_1.jpeg,Type3,20260207181341,20260318101005,,,50,110,,,,SH,SH04,SH040300
4013246,38,커버낫 제주점,제주특별자치도 제주시 칠성로길 21 (일도일동),1층,63277,,126.525102780651,33.5143378891154,,https://tong.visitkorea.or.kr/cms/resource/08/4024308_image2_1.jpeg,https://tong.visitkorea.or.kr/cms/resource/08/4024308_image3_1.jpeg,Type3,20260207181422,20260318101005,,,50,110,,,,SH,SH04,SH040300
4013247,38,나이키칠성로점,제주특별자치도 제주시 칠성로길 26 (일도일동),,63277,,126.525564325141,33.5142562605355,,https://tong.visitkorea.or.kr/cms/resource/20/4024420_image2_1.jpeg,https://tong.visitkorea.or.kr/cms/resource/20/4024420_image3_1.jpeg,Type3,20260207181515,20260312090840,,,50,110,,,,SH,SH04,SH040300
4013248,38,수풀,제주특별자치도 제주시 한림읍 한수풀로 36,2층,63030,,126.266656410114,33.4178598110931,,https://tong.visitkorea.or.kr/cms/resource/86/4024286_image2_1.jpeg,https://tong.visitkorea.or.kr/cms/resource/86/4024286_image3_1.jpeg,Type3,20260207181555,20260318101005,,,50,110,,,,SH,SH04,SH040300
4013249,38,낙산약국,제주특별자치도 제주시 도령로 87 (연동),1층,63127,,126.487275468846,33.4908688308155,,https://tong.visitkorea.or.kr/cms/resource/21/4024421_image2_1.jpeg,https://tong.visitkorea.or.kr/cms/resource/21/4024421_image3_1.jpeg,Type3,20260207181635,20260401081231,,,50,110,,,,SH,SH04,SH040300
4013356,38,아일로 서귀포점,제주특별자치도 서귀포시 중정로 84 (서귀동),,63595,,126.565220449176,33.2482160915385,,https://tong.visitkorea.or.kr/cms/resource/96/4024296_image2_1.jpeg,https://tong.visitkorea.or.kr/cms/resource/96/4024296_image3_1.jpeg,Type3,20260209204543,20260318101005,,,50,130,,,,SH,SH04,SH040300
4017092,32,금배네민박,제주특별자치도 제주시 구좌읍 월정5길 18-11,,63358,,126.796457301106,33.5531227586376,,,,,20260220173224,20260323095249,,,50,110,,,,AC,AC03,AC030300
4026795,38,베베드피노 서귀포점,제주특별자치도 서귀포시 동문로 70 (서귀동),1층,63591,,126.567291367642,33.2488203737472,,https://tong.visitkorea.or.kr/cms/resource/43/4045943_image2_1.png,https://tong.visitkorea.or.kr/cms/resource/43/4045943_image3_1.png,Type3,20260228113724,20260327092150,,,50,130,,,,SH,SH04,SH040300
4026796,38,라이프워크 메가스토어 제주점,제주특별자치도 서귀포시 안덕면 사계남로 186-8,,63528,,126.308516321833,33.2292855231565,,https://tong.visitkorea.or.kr/cms/resource/17/4042417_image2_1.png,https://tong.visitkorea.or.kr/cms/resource/17/4042417_image3_1.png,Type3,20260228113803,20260326092041,,,50,130,,,,SH,SH04,SH040300
4026797,38,아이에비뉴 신세계사이먼프리미엄아울렛 제주점,제주특별자치도 서귀포시 안덕면 신화역사로304번길 38,,63522,,126.31635202613,33.3049726791712,,https://tong.visitkorea.or.kr/cms/resource/20/4042420_image2_1.png,https://tong.visitkorea.or.kr/cms/resource/20/4042420_image3_1.png,Type3,20260228113924,20260327092150,,,50,130,,,,SH,SH04,SH040300
4026798,38,코메타엘엑스 신세계사이먼프리미엄아울렛 제주점,제주특별자치도 서귀포시 안덕면 신화역사로304번길 38,,63522,,126.31635202613,33.3049726791712,,https://tong.visitkorea.or.kr/cms/resource/25/4042425_image2_1.png,https://tong.visitkorea.or.kr/cms/resource/25/4042425_image3_1.png,Type3,20260228114004,20260326092041,,,50,130,,,,SH,SH04,SH040300
4026799,38,페트레이 신세계사이먼프리미엄아울렛 제주점,제주특별자치도 서귀포시 안덕면 신화역사로304번길 38,,63522,,126.31635202613,33.3049726791712,,https://tong.visitkorea.or.kr/cms/resource/23/4042423_image2_1.png,https://tong.visitkorea.or.kr/cms/resource/23/4042423_image3_1.png,Type3,20260228114043,20260326092041,,,50,130,,,,SH,SH04,SH040300
4026800,38,산드로 신세계사이먼프리미엄아울렛 제주점,제주특별자치도 서귀포시 안덕면 신화역사로304번길 38,B1층,63522,,126.31635202613,33.3049726791712,,https://tong.visitkorea.or.kr/cms/resource/15/4042415_image2_1.png,https://tong.visitkorea.or.kr/cms/resource/15/4042415_image3_1.png,Type3,20260228114411,20260327092150,,,50,130,,,,SH,SH04,SH040300
4026801,38,아크테릭스 신세계사이먼프리미엄아울렛 제주점,제주특별자치도 서귀포시 안덕면 신화역사로304번길 38,B1층,63522,,126.31635202613,33.3049726791712,,https://tong.visitkorea.or.kr/cms/resource/31/4045031_image2_1.png,https://tong.visitkorea.or.kr/cms/resource/31/4045031_image3_1.png,Type3,20260228114655,20260327092150,,,50,130,,,,SH,SH04,SH040300
4026802,38,안다르 신세계사이먼프리미엄아울렛 제주점,제주특별자치도 서귀포시 안덕면 신화역사로304번길 38,B1층,63522,,126.31635202613,33.3049726791712,,https://tong.visitkorea.or.kr/cms/resource/24/4045924_image2_1.png,https://tong.visitkorea.or.kr/cms/resource/24/4045924_image3_1.png,Type3,20260228114734,20260330091611,,,50,130,,,,SH,SH04,SH040300
4026803,38,어뉴골프 신세계사이먼프리미엄아울렛 제주점,제주특별자치도 서귀포시 안덕면 신화역사로304번길 38,B1층,63522,,126.31635202613,33.3049726791712,,https://tong.visitkorea.or.kr/cms/resource/33/4045033_image2_1.png,https://tong.visitkorea.or.kr/cms/resource/33/4045033_image3_1.png,Type3,20260228114813,20260330091611,,,50,130,,,,SH,SH04,SH040300
4026804,38,와키윌리 신세계사이먼프리미엄아울렛 제주점,제주특별자치도 서귀포시 안덕면 신화역사로304번길 38,B1층,63522,,126.31635202613,33.3049726791712,,https://tong.visitkorea.or.kr/cms/resource/54/4045354_image2_1.jpg,https://tong.visitkorea.or.kr/cms/resource/54/4045354_image3_1.jpg,Type3,20260228114852,20260330091611,,,50,130,,,,SH,SH04,SH040300
4026805,38,조안테디베어 제주신화월드점,제주특별자치도 서귀포시 안덕면 신화역사로304번길 38,B1층,63522,,126.31635202613,33.3049726791712,,https://tong.visitkorea.or.kr/cms/resource/25/4045025_image2_1.png,https://tong.visitkorea.or.kr/cms/resource/25/4045025_image3_1.png,Type3,20260228114930,20260327092150,,,50,130,,,,SH,SH04,SH040300
4026806,38,커버낫 신세계사이먼프리미엄아울렛 제주점,제주특별자치도 서귀포시 안덕면 신화역사로304번길 38,B1층,63522,,126.31635202613,33.3049726791712,,https://tong.visitkorea.or.kr/cms/resource/18/4042418_image2_1.jpg,https://tong.visitkorea.or.kr/cms/resource/18/4042418_image3_1.jpg,Type3,20260228115053,20260327092150,,,50,130,,,,SH,SH04,SH040300
4026807,38,키르시 신세계사이먼프리미엄아울렛 제주점,제주특별자치도 서귀포시 안덕면 신화역사로304번길 38,B1층,63522,,126.31635202613,33.3049726791712,,https://tong.visitkorea.or.kr/cms/resource/23/4042623_image2_1.jpg,https://tong.visitkorea.or.kr/cms/resource/23/4042623_image3_1.jpg,Type3,20260228115132,20260327092150,,,50,130,,,,SH,SH04,SH040300
4026808,38,신화테마파크,제주특별자치도 서귀포시 안덕면 신화역사로304번길 98,,63521,,126.307543154776,33.3065311964764,,https://tong.visitkorea.or.kr/cms/resource/66/4042066_image2_1.png,https://tong.visitkorea.or.kr/cms/resource/66/4042066_image3_1.png,Type3,20260228115210,20260326092041,,,50,130,,,,SH,SH04,SH040300
4026809,38,라이프워크 메가스토어 서귀포점,제주특별자치도 서귀포시 일주동로 8670 (동홍동),,63585,,126.561832909434,33.2536577124182,,https://tong.visitkorea.or.kr/cms/resource/83/4042383_image2_1.png,https://tong.visitkorea.or.kr/cms/resource/83/4042383_image3_1.png,Type3,20260228115248,20260326092041,,,50,130,,,,SH,SH04,SH040300
4026810,38,다이소 서귀포혁신도시점,제주특별자치도 서귀포시 일주동로 9153 (법환동),,63572,,126.514905694781,33.2476645007288,,https://tong.visitkorea.or.kr/cms/resource/32/4029532_image2_1.jpg,https://tong.visitkorea.or.kr/cms/resource/32/4029532_image3_1.jpg,Type3,20260228115330,20260319091612,,,50,130,,,,SH,SH04,SH040300
4026811,38,모던하우스 서귀포점,제주특별자치도 서귀포시 일주동로 9159 (법환동),,63572,,126.514233082812,33.2476886538111,,https://tong.visitkorea.or.kr/cms/resource/77/4042377_image2_1.jpg,https://tong.visitkorea.or.kr/cms/resource/77/4042377_image3_1.jpg,Type3,20260228115408,20260326092041,,,50,130,,,,SH,SH04,SH040300
4026812,38,다이소 서귀포중문점,제주특별자치도 서귀포시 일주서로 996 (색달동),,63534,,126.404480914504,33.258908011594,,https://tong.visitkorea.or.kr/cms/resource/36/4029536_image2_1.png,https://tong.visitkorea.or.kr/cms/resource/36/4029536_image3_1.png,Type3,20260228115535,20260319092005,,,50,130,,,,SH,SH04,SH040300
4026813,38,캄포스 제주 부티크,제주특별자치도 서귀포시 중문관광로72번길 35 (색달동),,63535,,126.410330074977,33.2485996126094,,https://tong.visitkorea.or.kr/cms/resource/87/4042387_image2_1.png,https://tong.visitkorea.or.kr/cms/resource/87/4042387_image3_1.png,Type3,20260228115613,20260326092041,,,50,130,,,,SH,SH04,SH040300
4026814,38,버디,제주특별자치도 서귀포시 중앙로 53 (서귀동),1층,63592,,126.56134994894,33.249287252074,,https://tong.visitkorea.or.kr/cms/resource/28/4045028_image2_1.png,https://tong.visitkorea.or.kr/cms/resource/28/4045028_image3_1.png,Type3,20260228115730,20260327092150,,,50,130,,,,SH,SH04,SH040300
4026815,38,휠라키즈 서귀포점,제주특별자치도 서귀포시 중앙로 69 (서귀동),,63592,,126.561079374369,33.2507362088925,,https://tong.visitkorea.or.kr/cms/resource/68/4042368_image2_1.png,https://tong.visitkorea.or.kr/cms/resource/68/4042368_image3_1.png,Type3,20260228115814,20260326092041,,,50,130,,,,SH,SH04,SH040300
4026816,38,아리따움 제주서귀포점,제주특별자치도 서귀포시 중앙로54번길 14 (서귀동),,63591,,126.562262262693,33.2494614155919,,https://tong.visitkorea.or.kr/cms/resource/88/4041988_image2_1.jpeg,https://tong.visitkorea.or.kr/cms/resource/88/4041988_image3_1.jpeg,Type3,20260228115903,20260326092041,,,50,130,,,,SH,SH04,SH040300
4026817,38,호성이네 빛나는 선물가게,제주특별자치도 서귀포시 중앙로54번길 34 (서귀동),,63591,,126.563452546323,33.2495843440587,,https://tong.visitkorea.or.kr/cms/resource/74/4045274_image2_1.jpg,https://tong.visitkorea.or.kr/cms/resource/74/4045274_image3_1.jpg,Type3,20260228115950,20260327092150,,,50,130,,,,SH,SH04,SH040300
4026818,38,올레올레 서귀포올레시장점,제주특별자치도 서귀포시 중앙로54번길 35 (서귀동),,63591,,126.5632430039,33.2499021543,,https://tong.visitkorea.or.kr/cms/resource/84/4045984_image2_1.png,https://tong.visitkorea.or.kr/cms/resource/84/4045984_image3_1.png,Type3,20260228120038,20260715200316,,,50,130,,,,SH,SH04,SH040300
4026819,38,아트박스 서귀포점,제주특별자치도 서귀포시 중정로61번길 4 (서귀동),,63591,,126.563107742108,33.2481014840114,,https://tong.visitkorea.or.kr/cms/resource/32/4045032_image2_1.png,https://tong.visitkorea.or.kr/cms/resource/32/4045032_image3_1.png,Type3,20260228120237,20260327092150,,,50,130,,,,SH,SH04,SH040300
4026820,38,CU 서귀포항점,제주특별자치도 서귀포시 칠십리로91번길 12 (서귀동),1층,63596,,126.5642748644,33.2410376924,,https://tong.visitkorea.or.kr/cms/resource/76/4042376_image2_1.png,https://tong.visitkorea.or.kr/cms/resource/76/4042376_image3_1.png,Type3,20260228120320,20260715200357,,,50,130,,,,SH,SH04,SH040300
4026821,38,다이소 제주노형점,제주특별자치도 제주시 1100로 3325 (노형동),,63083,,126.4802473266,33.4834509185512,,https://tong.visitkorea.or.kr/cms/resource/40/4029540_image2_1.png,https://tong.visitkorea.or.kr/cms/resource/40/4029540_image3_1.png,Type3,20260228120450,20260319093136,,,50,110,,,,SH,SH04,SH040300
4026822,38,정관장 일도점,제주특별자치도 제주시 고마로 150 (이도이동),,63218,,126.543169290337,33.5013086748855,,https://tong.visitkorea.or.kr/cms/resource/84/4042384_image2_1.png,https://tong.visitkorea.or.kr/cms/resource/84/4042384_image3_1.png,Type3,20260228120540,20260326092041,,,50,110,,,,SH,SH04,SH040300
4026823,38,다이소 제주동문시장점,제주특별자치도 제주시 관덕로 68 (일도일동),,63192,,126.526511001839,33.5128644912115,,https://tong.visitkorea.or.kr/cms/resource/44/4029544_image2_1.jpg,https://tong.visitkorea.or.kr/cms/resource/44/4029544_image3_1.jpg,Type3,20260228120712,20260319093332,,,50,110,,,,SH,SH04,SH040300
4026824,38,레코브 씨티어브드림즈 제주점,제주특별자치도 제주시 관덕로11길 17 (일도일동),2층,63277,,126.525170802937,33.5146534359302,,https://tong.visitkorea.or.kr/cms/resource/26/4045026_image2_1.png,https://tong.visitkorea.or.kr/cms/resource/26/4045026_image3_1.png,Type3,20260228120753,20260327092150,,,50,110,,,,SH,SH04,SH040300
4026825,38,라이프워크 제주탑동직영점,제주특별자치도 제주시 관덕로11길 30 (일도일동),,63277,,126.525705458197,33.5156715761242,,https://tong.visitkorea.or.kr/cms/resource/90/4042390_image2_1.png,https://tong.visitkorea.or.kr/cms/resource/90/4042390_image3_1.png,Type3,20260228120831,20260326092041,,,50,110,,,,SH,SH04,SH040300
4026826,38,루이까스텔 칠성점,제주특별자치도 제주시 관덕로11길 31 (건입동),,63277,,126.525473177223,33.5158895024304,,https://tong.visitkorea.or.kr/cms/resource/20/4045020_image2_1.png,https://tong.visitkorea.or.kr/cms/resource/20/4045020_image3_1.png,Type3,20260228120909,20260327092150,,,50,110,,,,SH,SH04,SH040300
4026827,38,수박빈티지,제주특별자치도 제주시 관덕로7길 39 (삼도이동),B1층,63166,,126.523228674486,33.5166539973383,,https://tong.visitkorea.or.kr/cms/resource/85/4045985_image2_1.png,https://tong.visitkorea.or.kr/cms/resource/85/4045985_image3_1.png,Type3,20260228121108,20260327092150,,,50,110,,,,SH,SH04,SH040300
4026828,38,EE플레이스 제주시청점,제주특별자치도 제주시 광양10길 10 (이도이동),1층,63207,,126.529042507129,33.4992495602685,,https://tong.visitkorea.or.kr/cms/resource/79/4042379_image2_1.png,https://tong.visitkorea.or.kr/cms/resource/79/4042379_image3_1.png,Type3,20260228121148,20260326092041,,,50,110,,,,SH,SH04,SH040300
4026829,38,코데즈컴바인 제주이도점,제주특별자치도 제주시 구남동5길 10 (이도이동),1동,63230,,126.540019867255,33.4897944915248,,https://tong.visitkorea.or.kr/cms/resource/86/4042386_image2_1.png,https://tong.visitkorea.or.kr/cms/resource/86/4042386_image3_1.png,Type3,20260228121227,20260326092041,,,50,110,,,,SH,SH04,SH040300
4026830,38,오브젝트 제주점,제주특별자치도 제주시 구좌읍 동복로 87,,63347,,126.715696257598,33.5534231894041,,https://tong.visitkorea.or.kr/cms/resource/21/4045021_image2_1.png,https://tong.visitkorea.or.kr/cms/resource/21/4045021_image3_1.png,Type3,20260228121305,20260327092150,,,50,110,,,,SH,SH04,SH040300
4026831,38,제주동화마을,제주특별자치도 제주시 구좌읍 비자림로 1191,,63355,,126.732037746765,33.4354329886865,,https://tong.visitkorea.or.kr/cms/resource/76/4042476_image2_1.jpg,https://tong.visitkorea.or.kr/cms/resource/76/4042476_image3_1.jpg,Type3,20260228121343,20260326092041,,,50,110,,,,SH,SH04,SH040300
4026832,38,헬로제주 구좌점,제주특별자치도 제주시 구좌읍 해맞이해안로 460,1층,63358,,126.79576990844,33.5555727909314,,https://tong.visitkorea.or.kr/cms/resource/23/4043523_image2_1.jpg,https://tong.visitkorea.or.kr/cms/resource/23/4043523_image3_1.jpg,Type3,20260228121421,20260327092150,,,50,110,,,,SH,SH04,SH040300
4026833,38,조랑말을탄돈키호테제주소품샵 노형점,제주특별자치도 제주시 노연로 33 (노형동),1층,63081,,126.483672949369,33.4862556653545,,https://tong.visitkorea.or.kr/cms/resource/22/4045022_image2_1.png,https://tong.visitkorea.or.kr/cms/resource/22/4045022_image3_1.png,Type3,20260228121459,20260327092150,,,50,110,,,,SH,SH04,SH040300
4026834,38,다비치안경 신제주점,제주특별자치도 제주시 노연로 43 (노형동),,63081,,126.484686728105,33.4862387876833,,https://tong.visitkorea.or.kr/cms/resource/74/4042074_image2_1.jpg,https://tong.visitkorea.or.kr/cms/resource/74/4042074_image3_1.jpg,Type3,20260228121544,20260326092041,,,50,110,,,,SH,SH04,SH040300
4026835,38,피렌체 제주점,제주특별자치도 제주시 노연로 80 (연동),,63132,,126.488905281133,33.4856033240627,,https://tong.visitkorea.or.kr/cms/resource/28/4043528_image2_1.jpg,https://tong.visitkorea.or.kr/cms/resource/28/4043528_image3_1.jpg,Type3,20260228121622,20260327092150,,,50,110,,,,SH,SH04,SH040300
4026836,38,와이드앵글 신제주점,제주특별자치도 제주시 노연로 94 (연동),,63133,,126.490204421725,33.4857110958867,,https://tong.visitkorea.or.kr/cms/resource/59/4045059_image2_1.png,https://tong.visitkorea.or.kr/cms/resource/59/4045059_image3_1.png,Type3,20260228121741,20260327092150,,,50,110,,,,SH,SH04,SH040300
4026837,38,ABC마트 GS 제주본점,제주특별자치도 제주시 노연로 95 (연동),1-2층,63123,,126.490476429309,33.4860782610304,,https://tong.visitkorea.or.kr/cms/resource/87/4045087_image2_1.png,https://tong.visitkorea.or.kr/cms/resource/87/4045087_image3_1.png,Type3,20260228121827,20260327092150,,,50,110,,,,SH,SH04,SH040300
4026838,38,GS25 제주노형점,제주특별자치도 제주시 도령로 31 (노형동),,63098,,126.482150160136,33.4878756929729,,https://tong.visitkorea.or.kr/cms/resource/82/4042382_image2_1.png,https://tong.visitkorea.or.kr/cms/resource/82/4042382_image3_1.png,Type3,20260228121905,20260326092041,,,50,110,,,,SH,SH04,SH040300
4026839,38,한국선간보,제주특별자치도 제주시 도리로 111 (이호일동),,63108,,126.463279504351,33.5014840558179,,https://tong.visitkorea.or.kr/cms/resource/66/4045066_image2_1.png,https://tong.visitkorea.or.kr/cms/resource/66/4045066_image3_1.png,Type3,20260228121943,20260327092150,,,50,110,,,,SH,SH04,SH040300
4026840,38,토이마켓 제주점,제주특별자치도 제주시 동문로 192 (건입동),,63285,,126.546309826677,33.5118154703037,,https://tong.visitkorea.or.kr/cms/resource/88/4042388_image2_1.png,https://tong.visitkorea.or.kr/cms/resource/88/4042388_image3_1.png,Type3,20260228122021,20260326092041,,,50,110,,,,SH,SH04,SH040300
4026841,38,와인창고 동문시장점,제주특별자치도 제주시 동문로4길 3 (일도일동),,63264,,126.5286957175,33.5126222702,,https://tong.visitkorea.or.kr/cms/resource/86/4045986_image2_1.png,https://tong.visitkorea.or.kr/cms/resource/86/4045986_image3_1.png,Type3,20260228122058,20260715200522,,,50,110,,,,SH,SH04,SH040300
4026842,38,마이제주기프트,제주특별자치도 제주시 삼무로 35 (연동),1층,63125,,126.490574334195,33.4901228450208,,https://tong.visitkorea.or.kr/cms/resource/75/4045975_image2_1.png,https://tong.visitkorea.or.kr/cms/resource/75/4045975_image3_1.png,Type3,20260228122137,20260327092150,,,50,110,,,,SH,SH04,SH040300
4026843,38,아식스 신제주점,제주특별자치도 제주시 삼무로 42 (연동),,63124,,126.491166003286,33.4896693408727,,https://tong.visitkorea.or.kr/cms/resource/69/4045069_image2_1.png,https://tong.visitkorea.or.kr/cms/resource/69/4045069_image3_1.png,Type3,20260228122217,20260327092150,,,50,110,,,,SH,SH04,SH040300
4026844,38,정관장 연동점,제주특별자치도 제주시 삼무로 52 (연동),,63124,,126.492218293124,33.4896424620914,,https://tong.visitkorea.or.kr/cms/resource/31/4045731_image2_1.jpg,https://tong.visitkorea.or.kr/cms/resource/31/4045731_image3_1.jpg,Type3,20260228122302,20260326092041,,,50,110,,,,SH,SH04,SH040300
4026845,38,혜명한약국,제주특별자치도 제주시 서광로2길 11-1 (오라일동),,63188,,126.513157026035,33.4992156607582,,https://tong.visitkorea.or.kr/cms/resource/67/4042367_image2_1.png,https://tong.visitkorea.or.kr/cms/resource/67/4042367_image3_1.png,Type3,20260228122339,20260326092041,,,50,110,,,,SH,SH04,SH040300
4026846,38,CU 도두항점,제주특별자치도 제주시 서해안로 164 (도두일동),1층,63112,,126.466415539058,33.5040124922716,,https://tong.visitkorea.or.kr/cms/resource/99/4045199_image2_1.png,https://tong.visitkorea.or.kr/cms/resource/99/4045199_image3_1.png,Type3,20260228122418,20260327092150,,,50,110,,,,SH,SH04,SH040300
4026847,38,랜드로바 신제주점,제주특별자치도 제주시 신광로 31 (연동),,63124,,126.490348327072,33.48937684023,,https://tong.visitkorea.or.kr/cms/resource/78/4042378_image2_1.png,https://tong.visitkorea.or.kr/cms/resource/78/4042378_image3_1.png,Type3,20260228122502,20260326092041,,,50,110,,,,SH,SH04,SH040300
4026848,38,구호 신제주점,제주특별자치도 제주시 신광로 37 (연동),1층,63124,,126.490321271529,33.4887237059125,,https://tong.visitkorea.or.kr/cms/resource/64/4045064_image2_1.png,https://tong.visitkorea.or.kr/cms/resource/64/4045064_image3_1.png,Type3,20260228122541,20260327092150,,,50,110,,,,SH,SH04,SH040300
4026849,38,비너스 와코루 마더피아 신제주특별자치도점,제주특별자치도 제주시 신광로 43 (연동),1층,63124,,126.490251360548,33.4882962440632,,https://tong.visitkorea.or.kr/cms/resource/70/4045070_image2_1.png,https://tong.visitkorea.or.kr/cms/resource/70/4045070_image3_1.png,Type3,20260228122706,20260327092150,,,50,110,,,,SH,SH04,SH040300
4026850,38,믹스존,제주특별자치도 제주시 신성로13길 13 (이도이동),,63207,,126.529679376528,33.4991086261149,,https://tong.visitkorea.or.kr/cms/resource/70/4042170_image2_1.png,https://tong.visitkorea.or.kr/cms/resource/70/4042170_image3_1.png,Type3,20260228123051,20260326092041,,,50,110,,,,SH,SH04,SH040300
4026851,38,라이프워크 메가스토어 애월점,제주특별자치도 제주시 애월읍 애월해안로 202,,63045,,126.333677701004,33.4664627181442,,https://tong.visitkorea.or.kr/cms/resource/32/4042632_image2_1.jpg,https://tong.visitkorea.or.kr/cms/resource/32/4042632_image3_1.jpg,Type3,20260228123131,20260326092041,,,50,110,,,,SH,SH04,SH040300
4026852,38,한국금거래소 제주직영점,제주특별자치도 제주시 연동7길 16 (연동),1층,63124,,126.490572574089,33.488530626459,,https://tong.visitkorea.or.kr/cms/resource/07/4045707_image2_1.jpg,https://tong.visitkorea.or.kr/cms/resource/07/4045707_image3_1.jpg,Type3,20260228123211,20260330091611,,,50,110,,,,SH,SH04,SH040300
4026853,38,블랙야크키즈 제주점,제주특별자치도 제주시 연북로 21 (노형동),,63084,,126.483555411697,33.4824009588886,,https://tong.visitkorea.or.kr/cms/resource/30/4044230_image2_1.png,https://tong.visitkorea.or.kr/cms/resource/30/4044230_image3_1.png,Type3,20260228123355,20260326092041,,,50,110,,,,SH,SH04,SH040300
4026854,38,AK골프 제주점,제주특별자치도 제주시 연북로 265 (오라이동),,63145,,126.509718278864,33.4814860735181,,https://tong.visitkorea.or.kr/cms/resource/70/4042270_image2_1.png,https://tong.visitkorea.or.kr/cms/resource/70/4042270_image3_1.png,Type3,20260228123441,20260326092041,,,50,110,,,,SH,SH04,SH040300
4026855,38,타이틀리스트 제주점,제주특별자치도 제주시 연북로 70 (연동),,63138,,126.48875891845,33.4815610608465,,https://tong.visitkorea.or.kr/cms/resource/16/4043516_image2_1.jpg,https://tong.visitkorea.or.kr/cms/resource/16/4043516_image3_1.jpg,Type3,20260228123531,20260327092150,,,50,110,,,,SH,SH04,SH040300
4026856,38,한국인삼백화점,제주특별자치도 제주시 연삼로 3 (연동),,63117,,126.492917648102,33.4940460849342,,https://tong.visitkorea.or.kr/cms/resource/63/4045963_image2_1.jpg,https://tong.visitkorea.or.kr/cms/resource/63/4045963_image3_1.jpg,Type3,20260228123621,20260327092150,,,50,110,,,,SH,SH04,SH040300
4026857,38,삼성스토어 제주인화,제주특별자치도 제주시 연삼로 633 (건입동),,63307,,126.554775045425,33.5071030859558,,https://tong.visitkorea.or.kr/cms/resource/67/4042267_image2_1.png,https://tong.visitkorea.or.kr/cms/resource/67/4042267_image3_1.png,Type3,20260228123717,20260326092041,,,50,110,,,,SH,SH04,SH040300
4026858,38,CU 제주연오로점,제주특별자치도 제주시 연오로 108 (연동),,63135,,126.501321682988,33.4833460097639,,https://tong.visitkorea.or.kr/cms/resource/69/4042269_image2_1.png,https://tong.visitkorea.or.kr/cms/resource/69/4042269_image3_1.png,Type3,20260228123811,20260326092041,,,50,110,,,,SH,SH04,SH040300
4026859,38,정관장 노형점,제주특별자치도 제주시 월랑로 13 (노형동),,63099,,126.477578042735,33.4870314567262,,https://tong.visitkorea.or.kr/cms/resource/67/4045067_image2_1.png,https://tong.visitkorea.or.kr/cms/resource/67/4045067_image3_1.png,Type3,20260228123912,20260327092150,,,50,110,,,,SH,SH04,SH040300
4026860,38,종종제주,제주특별자치도 제주시 조천읍 선교로 66,1층,63340,,126.712477988887,33.4879241166427,,https://tong.visitkorea.or.kr/cms/resource/68/4045068_image2_1.png,https://tong.visitkorea.or.kr/cms/resource/68/4045068_image3_1.png,Type3,20260228124113,20260327092150,,,50,110,,,,SH,SH04,SH040300
4026861,38,핸썸제주,제주특별자치도 제주시 조천읍 함덕로 38,1층,63333,,126.671320273499,33.5422685677496,,https://tong.visitkorea.or.kr/cms/resource/09/4043509_image2_1.jpg,https://tong.visitkorea.or.kr/cms/resource/09/4043509_image3_1.jpg,Type3,20260228124157,20260327092150,,,50,110,,,,SH,SH04,SH040300
4026862,38,다이소 제주시청점,제주특별자치도 제주시 중앙로 213 (이도이동),,63208,,126.529472144321,33.5006342353571,,https://tong.visitkorea.or.kr/cms/resource/51/4029551_image2_1.jpg,https://tong.visitkorea.or.kr/cms/resource/51/4029551_image3_1.jpg,Type3,20260228124354,20260319104039,,,50,110,,,,SH,SH04,SH040300
4026863,38,ABC마트 SP 제주시청점,제주특별자치도 제주시 중앙로 226 (이도이동),1층,63207,,126.529644196072,33.4994650724252,,https://tong.visitkorea.or.kr/cms/resource/71/4045071_image2_1.png,https://tong.visitkorea.or.kr/cms/resource/71/4045071_image3_1.png,Type3,20260228124457,20260327092150,,,50,110,,,,SH,SH04,SH040300
4026864,38,오렌즈 제주시청점,제주특별자치도 제주시 중앙로 239 (이도이동),1층,63209,,126.530880293115,33.4985203815353,,https://tong.visitkorea.or.kr/cms/resource/71/4042271_image2_1.png,https://tong.visitkorea.or.kr/cms/resource/71/4042271_image3_1.png,Type3,20260228124553,20260326092041,,,50,110,,,,SH,SH04,SH040300
4026865,38,마뗑킴 하고하우스 제주점,제주특별자치도 제주시 중앙로 27-5 (일도일동),1-2층,63277,,126.525269480507,33.51566251305,,https://tong.visitkorea.or.kr/cms/resource/65/4045065_image2_1.png,https://tong.visitkorea.or.kr/cms/resource/65/4045065_image3_1.png,Type3,20260228124638,20260327092150,,,50,110,,,,SH,SH04,SH040300
4026866,38,아이더 제주점,제주특별자치도 제주시 중앙로 49 (일도일동),1층,63277,,126.524885912218,33.5138237822616,,https://tong.visitkorea.or.kr/cms/resource/64/4042264_image2_1.png,https://tong.visitkorea.or.kr/cms/resource/64/4042264_image3_1.png,Type3,20260228125040,20260326092041,,,50,110,,,,SH,SH04,SH040300
4026867,38,탑동보룡약국,제주특별자치도 제주시 탑동로 24 (삼도이동),형화빌딩,63165,,126.522460881414,33.517560202795,,https://tong.visitkorea.or.kr/cms/resource/81/4045881_image2_1.png,https://tong.visitkorea.or.kr/cms/resource/81/4045881_image3_1.png,Type3,20260228125507,20260326092041,,,50,110,,,,SH,SH04,SH040300
4026868,38,헬리녹스 크리에이티브 센터 제주,제주특별자치도 제주시 탑동로 5 (삼도이동),B1층,63166,,126.524176420811,33.5167693484119,,https://tong.visitkorea.or.kr/cms/resource/37/4045737_image2_1.jpg,https://tong.visitkorea.or.kr/cms/resource/37/4045737_image3_1.jpg,Type3,20260228125708,20260326092041,,,50,110,,,,SH,SH04,SH040300
4026869,38,이솝 제주,제주특별자치도 제주시 탑동로2길 3 (삼도이동),,63165,,126.52331515606,33.5177045919272,,https://tong.visitkorea.or.kr/cms/resource/76/4041976_image2_1.png,https://tong.visitkorea.or.kr/cms/resource/76/4041976_image3_1.png,Type3,20260228125751,20260325093432,,,50,110,,,,SH,SH04,SH040300
4026870,38,다이소 제주애월점,제주특별자치도 제주시 애월읍 애원로 38,,63044,,126.320472435386,33.4608564762545,,https://tong.visitkorea.or.kr/cms/resource/54/4029554_image2_1.jpg,https://tong.visitkorea.or.kr/cms/resource/54/4029554_image3_1.jpg,Type3,20260228125940,20260319105055,,,50,110,,,,SH,SH04,SH040300
4026871,38,다이소 제주연동본점,제주특별자치도 제주시 일주서로 7864 (연동),,63126,,126.486790323496,33.4935070425069,,https://tong.visitkorea.or.kr/cms/resource/58/4029558_image2_1.jpg,https://tong.visitkorea.or.kr/cms/resource/58/4029558_image3_1.jpg,Type3,20260228130035,20260319105258,,,50,110,,,,SH,SH04,SH040300
4026872,38,다이소 제주함덕점,제주특별자치도 제주시 조천읍 일주동로 1186,,63334,,126.667658372328,33.5368388693223,,https://tong.visitkorea.or.kr/cms/resource/62/4029562_image2_1.png,https://tong.visitkorea.or.kr/cms/resource/62/4029562_image3_1.png,Type3,20260228130129,20260319105501,,,50,110,,,,SH,SH04,SH040300
4033076,39,미스터밀크 송당점,제주특별자치도 제주시 구좌읍 비자림로 1195,1층,63355,,126.732793923897,33.4354388577167,,https://tong.visitkorea.or.kr/cms/resource/36/4033036_image2_1.jpg,https://tong.visitkorea.or.kr/cms/resource/36/4033036_image3_1.jpg,Type3,20260305163115,20260305163119,,,50,110,,,,FD,FD05,FD050100
4039258,15,제20회 한국후계농업경영인 전국대회,제주특별자치도 제주시 애월읍 봉성리 산59-8,새별오름,695907,070-4814-0634,126.356655,33.366391,,https://tong.visitkorea.or.kr/cms/resource/57/4039257_image2_1.jpg,https://tong.visitkorea.or.kr/cms/resource/57/4039257_image3_1.jpg,Type3,20260310113334,20260311100340,,,50,110,,,,EV,EV03,EV030400
4039339,12,1100도로,제주특별자치도 서귀포시 대포동 산6-2,,697825,,126.458399,33.301492,,,,,20260310144903,20260414101014,,,50,130,,,,NA,NA05,NA050100
4053764,39,담소요,제주특별자치도 서귀포시 남원읍 신례천로 193,,63608,,126.6243207151,33.2996250887575,,https://tong.visitkorea.or.kr/cms/resource/60/4053760_image2_1.jpg,https://tong.visitkorea.or.kr/cms/resource/60/4053760_image3_1.jpg,Type3,20260327100346,20260330091611,,,50,130,,,,FD,FD05,FD050100
4054291,38,생각하는 정원[면세점(TAX REFUND SHOP)],제주특별자치도 제주시 한경면 녹차분재로 675,,63005,,126.255005128834,33.3255844945227,,https://tong.visitkorea.or.kr/cms/resource/97/4017497_image2_1.jpg,https://tong.visitkorea.or.kr/cms/resource/97/4017497_image3_1.jpg,Type3,20260330210232,20260331003708,,,50,110,,,,SH,SH04,SH040300
4054311,38,모이소[면세점(TAX REFUND SHOP)],"제주특별자치도 제주시 신광로8길 14 (연동, 송네하우스)",,63131,,126.488524753214,33.4870970448797,,https://tong.visitkorea.or.kr/cms/resource/77/4024477_image2_1.jpeg,https://tong.visitkorea.or.kr/cms/resource/77/4024477_image3_1.jpeg,Type3,20260330211950,20260331012459,,,50,110,,,,SH,SH04,SH040300
4054639,12,시인이생진시비거리,제주 서귀포시 성산읍 성산리 305-1,,699903,,126.935946,33.467033,,https://tong.visitkorea.or.kr/cms/resource/40/4054640_image2_1.jpg,https://tong.visitkorea.or.kr/cms/resource/40/4054640_image3_1.jpg,Type1,20260331225000,20260408181752,,,50,130,,,,VE,VE04,VE040100
4055439,39,카페 어림비,제주특별자치도 제주시 애월읍 어림비로 300-14,,63038,,126.334024756053,33.4072120312608,,https://tong.visitkorea.or.kr/cms/resource/85/4055085_image2_1.jpg,https://tong.visitkorea.or.kr/cms/resource/85/4055085_image3_1.jpg,Type1,20260403151557,20260427173219,,,50,110,,,,FD,FD05,FD050100
4056853,39,애월전당포,제주특별자치도 제주시 애월읍 애월로 117,,63043,,126.32006438561,33.4647213162589,,https://tong.visitkorea.or.kr/cms/resource/49/4056849_image2_1.jpg,https://tong.visitkorea.or.kr/cms/resource/49/4056849_image3_1.jpg,Type1,20260409145443,20260409150419,,,50,110,,,,FD,FD05,FD050100
4057071,39,적점 제주,제주특별자치도 제주시 산지로 17 (건입동),나동 1층,63278,,126.529633040597,33.5153134737439,,https://tong.visitkorea.or.kr/cms/resource/14/4057014_image2_1.jpg,https://tong.visitkorea.or.kr/cms/resource/14/4057014_image3_1.jpg,Type1,20260410103446,20260410105502,,,50,110,,,,FD,FD02,FD020400
4057123,38,종이잡지클럽 제주,제주특별자치도 제주시 산지로 17 (건입동),2층,63278,,126.529633040597,33.5153134737439,,https://tong.visitkorea.or.kr/cms/resource/03/4057103_image2_1.jpg,https://tong.visitkorea.or.kr/cms/resource/03/4057103_image3_1.jpg,Type1,20260410132901,20260410132958,,,50,110,,,,SH,SH05,SH050200
4057186,38,뚜띠콜로리 뮤제오,제주특별자치도 제주시 애월읍 장전로 109-12,,63055,,126.389788617726,33.4518970262277,,https://tong.visitkorea.or.kr/cms/resource/52/4057152_image2_1.jpg,https://tong.visitkorea.or.kr/cms/resource/52/4057152_image3_1.jpg,Type1,20260410144945,20260410150222,,,50,110,,,,SH,SH05,SH050100
4057215,39,회수다옥,제주특별자치도 서귀포시 1100로 453-38 (회수동),,63551,,126.4508562411,33.2862605200,,https://tong.visitkorea.or.kr/cms/resource/35/4056735_image2_1.jpg,https://tong.visitkorea.or.kr/cms/resource/35/4056735_image3_1.jpg,Type1,20260410173106,20260715130205,,,50,130,,,,FD,FD05,FD050200
4057731,14,제주책방·사랑방,제주특별자치도 제주시 관덕로17길 27-1 (일도일동),,63277,,126.5283194776,33.5149162874,,https://tong.visitkorea.or.kr/cms/resource/12/4057712_image2_1.jpg,https://tong.visitkorea.or.kr/cms/resource/12/4057712_image3_1.jpg,Type1,20260414114130,20260630112657,,,50,110,,,,VE,VE09,VE090300
4057922,14,건입박물관,제주특별자치도 제주시 산지로 5-14 (건입동),,63278,,126.530845054356,33.5159813698533,,https://tong.visitkorea.or.kr/cms/resource/93/4057893_image2_1.jpg,https://tong.visitkorea.or.kr/cms/resource/93/4057893_image3_1.jpg,Type1,20260414161457,20260417093549,,,50,110,,,,VE,VE07,VE070100
4057941,14,제주물사랑홍보관,제주특별자치도 제주시 산지로 5-16 (건입동),,63278,,126.531024685825,33.5155645236088,,https://tong.visitkorea.or.kr/cms/resource/30/4057930_image2_1.jpg,https://tong.visitkorea.or.kr/cms/resource/30/4057930_image3_1.jpg,Type1,20260414173943,20260417093126,,,50,110,,,,VE,VE07,VE070100
4058075,38,사슴책방,제주특별자치도 제주시 조천읍 중산간동로 698-73,1층,63343,,126.657981835069,33.4959833104175,,https://tong.visitkorea.or.kr/cms/resource/18/4058018_image2_1.jpg,https://tong.visitkorea.or.kr/cms/resource/18/4058018_image3_1.jpg,Type1,20260415104645,20260415105907,,,50,110,,,,SH,SH05,SH050200
4058180,12,우뭇개해안,제주특별자치도 서귀포시 성산읍 성산리,,63643,,126.939029,33.46229,,https://tong.visitkorea.or.kr/cms/resource/72/4058172_image2_1.jpg,https://tong.visitkorea.or.kr/cms/resource/72/4058172_image3_1.jpg,Type1,20260415144516,20260415153330,,,50,130,,,,NA,NA02,NA020800
4058357,38,책방 소리소문,제주특별자치도 제주시 한경면 저지동길 8-31,,63005,,126.259522468691,33.3325842923743,,https://tong.visitkorea.or.kr/cms/resource/94/4058294_image2_1.jpg,https://tong.visitkorea.or.kr/cms/resource/94/4058294_image3_1.jpg,Type1,20260415173703,20260417095700,,,50,110,,,,SH,SH05,SH050200
4058390,32,신라스테이 플러스 이호테우,제주특별자치도 제주시 연대마을길 76 (외도이동),,63068,,126.421984587718,33.4928286939994,,https://tong.visitkorea.or.kr/cms/resource/88/4058388_image2_1.jpg,https://tong.visitkorea.or.kr/cms/resource/88/4058388_image3_1.jpg,Type1,20260416095611,20260417150633,,,50,110,,,,AC,AC01,AC010100
4060475,39,엄마국수,제주특별자치도 서귀포시 천제연로 274 (중문동),A동,63544,,126.433913510818,33.2509774072758,,https://tong.visitkorea.or.kr/cms/resource/60/4060460_image2_1.jpg,https://tong.visitkorea.or.kr/cms/resource/60/4060460_image3_1.jpg,Type3,20260427130506,20260427130525,,,50,130,,,,FD,FD01,FD010100
4060735,39,하르방식당,제주특별자치도 서귀포시 태평로353번길 11 (서귀동),,63592,,126.560103683633,33.2470816098434,,https://tong.visitkorea.or.kr/cms/resource/31/4060731_image2_1.jpg,https://tong.visitkorea.or.kr/cms/resource/31/4060731_image3_1.jpg,Type3,20260428091813,20260428091817,,,50,130,,,,FD,FD01,FD010100
4060785,39,이끼숲소길,제주특별자치도 제주시 애월읍 장소로 621,,63042,,126.389440763927,33.399481181624,,https://tong.visitkorea.or.kr/cms/resource/84/4060684_image2_1.jpg,https://tong.visitkorea.or.kr/cms/resource/84/4060684_image3_1.jpg,Type1,20260428100625,20260428100629,,,50,110,,,,FD,FD05,FD050100
4060957,14,하리보 해피월드,제주특별자치도 제주시 아연로 444-1 (오등동),,63240,,126.528770546154,33.4738817185569,,https://tong.visitkorea.or.kr/cms/resource/45/4060945_image2_1.jpg,https://tong.visitkorea.or.kr/cms/resource/45/4060945_image3_1.jpg,Type1,20260428150338,20260428165404,,,50,110,,,,VE,VE07,VE070300
4061120,12,아라동 치유의 숲,제주특별자치도 제주시 아라일동 산31-8,,690121,,126.555575,33.443987,,https://tong.visitkorea.or.kr/cms/resource/87/4061087_image2_1.jpg,https://tong.visitkorea.or.kr/cms/resource/87/4061087_image3_1.jpg,Type1,20260428165139,20260429134631,,,50,110,,,,NA,NA01,NA010200
4063148,12,수산저수지,제주특별자치도 제주시 애월읍 수산리,,63049,,126.387528,33.471222,,https://tong.visitkorea.or.kr/cms/resource/34/4063134_image2_1.jpg,https://tong.visitkorea.or.kr/cms/resource/34/4063134_image3_1.jpg,Type1,20260508160917,20260508162335,,,50,110,,,,NA,NA02,NA020300
4063885,12,안친오름,제주특별자치도 제주시 구좌읍 송당리 880-1,,63355,,126.785714,33.478751,,https://tong.visitkorea.or.kr/cms/resource/72/4063872_image2_1.jpg,https://tong.visitkorea.or.kr/cms/resource/72/4063872_image3_1.jpg,Type3,20260512174445,20260527162519,,,50,110,,,,NA,NA01,NA010100
4068781,39,뽈살집 본점,제주특별자치도 서귀포시 중정로91번길 41 (서귀동),,63591,,126.562847146656,33.2508287213035,,https://tong.visitkorea.or.kr/cms/resource/97/4066997_image2_1.jpg,https://tong.visitkorea.or.kr/cms/resource/97/4066997_image3_1.jpg,Type1,20260528141551,20260528141650,,,50,130,,,,FD,FD01,FD010100
4071126,39,핀스,제주특별자치도 서귀포시 대정읍 노을해안로532번길 8,,63501,,126.1822142971,33.2635820339,,https://tong.visitkorea.or.kr/cms/resource/03/4070603_image2_1.jpg,https://tong.visitkorea.or.kr/cms/resource/03/4070603_image3_1.jpg,Type1,20260605114427,20260707101239,,,50,130,,,,FD,FD05,FD050100
4071128,12,뿔소라공원,제주특별자치도 서귀포시 대정읍 신도리 3125-5,,63500,,126.1719610000,33.2736770000,,https://tong.visitkorea.or.kr/cms/resource/98/4070598_image2_1.jpg,https://tong.visitkorea.or.kr/cms/resource/98/4070598_image3_1.jpg,Type1,20260605115154,20260610115436,,,50,130,,,,NA,NA04,NA040500
4071129,39,코바라멘,제주특별자치도 서귀포시 안덕면 사계남로216번길 29,A동 107호,63528,,126.3103562507,33.2338148223,,https://tong.visitkorea.or.kr/cms/resource/13/4070613_image2_1.jpg,https://tong.visitkorea.or.kr/cms/resource/13/4070613_image3_1.jpg,Type1,20260605115822,20260605115826,,,50,130,,,,FD,FD02,FD020200
4073368,12,향사당,제주특별자치도 제주시 중앙로12길 29 (삼도이동),,63168,,126.5216321815,33.5120459469,,https://tong.visitkorea.or.kr/cms/resource/77/4072177_image2_1.jpeg,https://tong.visitkorea.or.kr/cms/resource/77/4072177_image3_1.jpeg,Type1,20260610161539,20260610161544,,,50,110,,,,HS,HS01,HS011200
4073374,39,음파,제주특별자치도 제주시 관덕로4길 6 (삼도이동),,63168,,126.5211524708,33.5124374574,,https://tong.visitkorea.or.kr/cms/resource/70/4072170_image2_1.jpg,https://tong.visitkorea.or.kr/cms/resource/70/4072170_image3_1.jpg,Type1,20260610162303,20260610162307,,,50,110,,,,FD,FD05,FD050100
4074622,39,연호제 구내식당,제주특별자치도 제주시 산지로 5 (건입동),,63278,,126.5306357603,33.5161703617,,https://tong.visitkorea.or.kr/cms/resource/96/4074296_image2_1.jpg,https://tong.visitkorea.or.kr/cms/resource/96/4074296_image3_1.jpg,Type1,20260612154818,20260612154822,,,50,110,,,,FD,FD01,FD010100
4075750,39,보말칼국수 해월정,제주특별자치도 제주시 구좌읍 해맞이해안로 2340,,63364,,126.9096327910,33.4922552414,,https://tong.visitkorea.or.kr/cms/resource/22/4075322_image2_1.jpg,https://tong.visitkorea.or.kr/cms/resource/22/4075322_image3_1.jpg,Type1,20260616105007,20260616105011,,,50,110,,,,FD,FD01,FD010100
4075756,39,소농로드,제주특별자치도 제주시 구좌읍 비자림로 2615,,63351,,126.8344493687,33.5194102288,,,,,20260616105808,20260616105814,,,50,110,,,,FD,FD05,FD050100
4078062,12,족은노꼬메오름,제주특별자치도 제주시 애월읍 유수암리 산138,,695916,,126.4180000000,33.3937000000,,https://tong.visitkorea.or.kr/cms/resource/58/4078058_image2_1.jpg,https://tong.visitkorea.or.kr/cms/resource/58/4078058_image3_1.jpg,Type3,20260622172819,20260622172825,,,50,110,,,,NA,NA01,NA010100
4081269,32,파르나스 호텔 제주,제주특별자치도 서귀포시 중문관광로72번길 100 (색달동),,63535,,126.4055743672,33.2441693950,,https://tong.visitkorea.or.kr/cms/resource/80/4081280_image2_1.jpg,https://tong.visitkorea.or.kr/cms/resource/80/4081280_image3_1.jpg,Type3,20260703104226,20260703132447,,,50,130,,,,AC,AC01,AC010100
4083815,39,고국수,제주특별자치도 제주시 용문로14길 4 (용담이동),1층,63161,,126.5091061058,33.5063657934,,https://tong.visitkorea.or.kr/cms/resource/20/4083820_image2_1.jpg,https://tong.visitkorea.or.kr/cms/resource/20/4083820_image3_1.jpg,Type3,20260708130700,20260708131505,,,50,110,,,,FD,FD01,FD010100
4091197,12,흘아카이브,제주특별자치도 제주시 조천읍 선진길 88,,63341,,126.7109921676,33.4580967783,,https://tong.visitkorea.or.kr/cms/resource/75/4090175_image2_1.jpg,https://tong.visitkorea.or.kr/cms/resource/75/4090175_image3_1.jpg,Type1,20260722224300,20260723110009,,,50,110,,,,NA,NA04,NA040500
4092010,39,남매네왕갈치,제주특별자치도 서귀포시 중정로73번길 20 (서귀동),지하 1층,63591,,126.5639754324,33.2498913802,,https://tong.visitkorea.or.kr/cms/resource/19/4092019_image2_1.jpg,https://tong.visitkorea.or.kr/cms/resource/19/4092019_image3_1.jpg,Type3,20260724133449,20260724133731,,,50,130,,,,FD,FD01,FD010100
4092698,38,이상한선물가게앨리스,제주특별자치도 제주시 1100로 3045 (노형동),블루동,63078,,126.4844723872,33.4578981799,,https://tong.visitkorea.or.kr/cms/resource/04/4092704_image2_1.jpg,https://tong.visitkorea.or.kr/cms/resource/04/4092704_image3_1.jpg,Type3,20260727134224,20260727134606,,,50,110,,,,SH,SH05,SH050300
4093735,38,오르머,제주특별자치도 제주시 구좌읍 비자림로 1661-13,,63355,,126.7718735675,33.4567756749,,https://tong.visitkorea.or.kr/cms/resource/42/4093342_image2_1.jpg,https://tong.visitkorea.or.kr/cms/resource/42/4093342_image3_1.jpg,Type1,20260728155623,20260728155657,,,50,110,,,,SH,SH05,SH050300
4094553,32,용오름stay,제주특별자치도 제주시 한림읍 일주서로 5834,2층,63024,,126.2897663186,33.4418269217,,https://tong.visitkorea.or.kr/cms/resource/58/4094558_image2_1.jpg,https://tong.visitkorea.or.kr/cms/resource/58/4094558_image3_1.jpg,Type3,20260730082026,20260730083729,,,50,110,,,,AC,AC06,AC060200
