place_id,name,url,average_rating_5,visitor_review_count,blog_review_count
8159415,협재해수욕장,https://place.map.kakao.com/8159415,4.5,447,315
12753448,올레길 14코스(저지-한림 올레),https://place.map.kakao.com/12753448,2.8,10,11
13723603,금능해수욕장,https://place.map.kakao.com/13723603,4.8,248,292
12016339,올레길 14-1코스(저지-서광 올레),https://place.map.kakao.com/12016339,4.6,19,15
10941032,한림공원,https://place.map.kakao.com/10941032,4.4,344,440
25189061,금오름,https://place.map.kakao.com/25189061,4.6,443,557
1260224365,올레길 15-B코스(한림-고내 올레),https://place.map.kakao.com/1260224365,3.7,11,11
26796675,제주월령리 선인장군락,https://place.map.kakao.com/26796675,4.6,110,143
7920396,비양도,https://place.map.kakao.com/7920396,4.4,89,128
627270178,액티브파크,https://place.map.kakao.com/627270178,4.6,68,59
11023307,금능석물원,https://place.map.kakao.com/11023307,4.7,44,17
26865924,제주탐나라공화국,https://place.map.kakao.com/26865924,4.2,18,19
7875147,문도지오름,https://place.map.kakao.com/7875147,4.3,97,83
11200482,한림공원 협재굴,https://place.map.kakao.com/11200482,4.0,25,2
25359013,정물오름,https://place.map.kakao.com/25359013,4.4,47,52
23275861,비블리아성서식물원,https://place.map.kakao.com/23275861,4.7,32,26
7862701,느지리오름,https://place.map.kakao.com/7862701,3.9,25,22
8147328,한림공원 아열대식물원,https://place.map.kakao.com/8147328,4.5,10,4
1857402130,액티브파크 카트,https://place.map.kakao.com/1857402130,4.3,3,16
26142595,귀덕해안도로,https://place.map.kakao.com/26142595,4.5,2,2
12736264,명월성지,https://place.map.kakao.com/12736264,4.7,9,25
312280609,진아영 할머니 삶터,https://place.map.kakao.com/312280609,4.9,20,3
12802833,월령코지,https://place.map.kakao.com/12802833,4.6,17,15
1571018593,수원환해장성,https://place.map.kakao.com/1571018593,4.7,3,0
17808197,한림공원 쌍용굴,https://place.map.kakao.com/17808197,4.3,6,0
261072463,제주올레15코스 공식안내소,https://place.map.kakao.com/261072463,5.0,2,2
26136297,해안도로입구 금릉동쪽방면,https://place.map.kakao.com/26136297,0.0,0,0
11017083,누운오름,https://place.map.kakao.com/11017083,3.8,8,2
7875344,명월대,https://place.map.kakao.com/7875344,0.0,0,2
7915415,비양봉,https://place.map.kakao.com/7915415,4.4,9,4
75727429,한림성당 종탑,https://place.map.kakao.com/75727429,5.0,1,0
681525275,제주 이시돌목장 테시폰식 주택,https://place.map.kakao.com/681525275,5.0,1,0
26164500,해안도로입구 금릉서쪽방면,https://place.map.kakao.com/26164500,5.0,1,0
7949685,세미소,https://place.map.kakao.com/7949685,0.0,0,5
10961283,한림공원 황금굴,https://place.map.kakao.com/10961283,4.3,3,0
15150233,망오름,https://place.map.kakao.com/15150233,4.3,3,0
1426660726,제주 비양도 호니토,https://place.map.kakao.com/1426660726,4.5,2,0
8099434,천아오름,https://place.map.kakao.com/8099434,3.0,3,0
2139457773,명월팽나무군락,https://place.map.kakao.com/2139457773,3.0,1,6
26147156,해안도로입구 옹포귀덕,https://place.map.kakao.com/26147156,0.0,0,0
25728624,옹포천,https://place.map.kakao.com/25728624,0.0,0,0
1571059159,귀덕환해장성,https://place.map.kakao.com/1571059159,0.0,0,0
8061738,한림공원 재암민속마을,https://place.map.kakao.com/8061738,4.0,2,0
19533696,한림공원 야자수길,https://place.map.kakao.com/19533696,4.5,2,0
8466104,용암동굴지대,https://place.map.kakao.com/8466104,4.3,3,0
237466193,세미소오름,https://place.map.kakao.com/237466193,3.5,4,0
8062305,정물알오름,https://place.map.kakao.com/8062305,1.0,1,1
1071649168,오소록이동네,https://place.map.kakao.com/1071649168,0.0,0,0
1212658116,만벵듸 공동장지,https://place.map.kakao.com/1212658116,5.0,1,0
1210770427,잃어버린 마을 웃동네,https://place.map.kakao.com/1210770427,5.0,3,0
862303899,제주올레길 15코스갈림길,https://place.map.kakao.com/862303899,0.0,0,0
196801,옹포리 명월포전적지,https://place.map.kakao.com/196801,5.0,1,0
25359280,정월오름,https://place.map.kakao.com/25359280,3.0,3,0
8260448,도너리오름,https://place.map.kakao.com/8260448,4.1,7,1
7932389,새미소,https://place.map.kakao.com/7932389,5.0,1,2
13723597,해녀콩서식지,https://place.map.kakao.com/13723597,3.6,5,0
10393740,방주오름,https://place.map.kakao.com/10393740,1.0,4,0
11070664,밝은오름,https://place.map.kakao.com/11070664,1.5,4,1
10339539,명월오름,https://place.map.kakao.com/10339539,4.0,3,0
19533520,한림공원 왕벚꽃동산,https://place.map.kakao.com/19533520,0.0,0,0
23182240,펄랑못,https://place.map.kakao.com/23182240,4.3,7,2
12705876,배령연대,https://place.map.kakao.com/12705876,3.0,2,1
25283148,선소오름,https://place.map.kakao.com/25283148,2.3,3,4
1371646005,명월팽나무마을길,https://place.map.kakao.com/1371646005,5.0,2,0
8650849,갯거리오름,https://place.map.kakao.com/8650849,2.5,4,3
12705877,귀덕연대,https://place.map.kakao.com/12705877,0.0,0,0
8131558,한림저수지,https://place.map.kakao.com/8131558,0.0,0,1
13725841,주가홀길,https://place.map.kakao.com/13725841,3.0,1,0
13723507,무명천산책길,https://place.map.kakao.com/13723507,0.0,0,0
1614183279,큰소낭숲길,https://place.map.kakao.com/1614183279,3.0,1,0
1213012109,한림여관,https://place.map.kakao.com/1213012109,0.0,0,0
8177499,고씨종산,https://place.map.kakao.com/8177499,5.0,2,0
4918036,제주 이시돌목장 테시폰식 주택,https://place.map.kakao.com/4918036,0.0,0,0
17939037,한림공원 연못정원,https://place.map.kakao.com/17939037,3.0,1,0
8368519,생쟁이왓굴,https://place.map.kakao.com/8368519,0.0,0,0
8498835,정구수굴,https://place.map.kakao.com/8498835,5.0,1,0
19533512,한림공원 제주석분재원,https://place.map.kakao.com/19533512,4.0,1,0
26919625,컨테이너야드협재타운,https://place.map.kakao.com/26919625,3.0,2,0
17939060,한림공원 공원안내소,https://place.map.kakao.com/17939060,0.0,0,1
10273934,능향원,https://place.map.kakao.com/10273934,4.5,4,0
1216777617,월대 옛터,https://place.map.kakao.com/1216777617,0.0,0,0
1164801757,탐나 라운지Tamna Lounge,https://place.map.kakao.com/1164801757,0.0,0,0
7892246,병두못,https://place.map.kakao.com/7892246,5.0,1,0
13723560,소낭숲길,https://place.map.kakao.com/13723560,0.0,0,0
25243139,밝은오름,https://place.map.kakao.com/25243139,5.0,1,0
7930674,생수동굴,https://place.map.kakao.com/7930674,5.0,1,0
8095100,충혼묘지,https://place.map.kakao.com/8095100,0.0,0,0
24202106,영생이물통,https://place.map.kakao.com/24202106,0.0,0,0
10952168,한두리굴,https://place.map.kakao.com/10952168,0.0,0,0
8029487,우지연대,https://place.map.kakao.com/8029487,0.0,0,0
11153702,조롱굴,https://place.map.kakao.com/11153702,0.0,0,0
11031788,군남빌레굴,https://place.map.kakao.com/11031788,0.0,0,0
1265245054,문수동 4·3성,https://place.map.kakao.com/1265245054,0.0,0,0
22809089,한림천,https://place.map.kakao.com/22809089,0.0,0,0
2140079911,제주금악4.3길센터,https://place.map.kakao.com/2140079911,0.0,0,0
7825395,대미왓굴,https://place.map.kakao.com/7825395,0.0,0,0
1216679210,태평정 옛터,https://place.map.kakao.com/1216679210,0.0,0,0
13723537,무명천산책길3,https://place.map.kakao.com/13723537,0.0,0,0
11048929,감남답굴,https://place.map.kakao.com/11048929,0.0,0,0
27307061,문덕홍지사 생가,https://place.map.kakao.com/27307061,0.0,0,0
8073776,종남괴굴,https://place.map.kakao.com/8073776,0.0,0,0
11250681,종이빌래굴,https://place.map.kakao.com/11250681,0.0,0,0
1892141539,개명물,https://place.map.kakao.com/1892141539,0.0,0,0
13723552,굴렁진숲길,https://place.map.kakao.com/13723552,0.0,0,0
27286410,돌개기못,https://place.map.kakao.com/27286410,4.0,1,1
13723528,도래낭길,https://place.map.kakao.com/13723528,3.5,2,0
1210692515,한림 어업창고 옛터,https://place.map.kakao.com/1210692515,0.0,0,0
974813302,캔틈축일할망당,https://place.map.kakao.com/974813302,5.0,1,0
25724363,귀덕천,https://place.map.kakao.com/25724363,0.0,0,0
8010793,열녀비,https://place.map.kakao.com/8010793,0.0,0,0
751274727,중천이물,https://place.map.kakao.com/751274727,0.0,0,0
237501396,대덕산,https://place.map.kakao.com/237501396,0.0,0,0
25730826,한림천,https://place.map.kakao.com/25730826,0.0,0,0
25726121,문수천,https://place.map.kakao.com/25726121,0.0,0,0
69250611,이시돌길,https://place.map.kakao.com/69250611,0.0,0,0
509385038,새시물,https://place.map.kakao.com/509385038,0.0,0,0
7896659,봉화대,https://place.map.kakao.com/7896659,0.0,0,0
7814680,당동산,https://place.map.kakao.com/7814680,0.0,0,0
1212789617,고림동성,https://place.map.kakao.com/1212789617,0.0,0,0
8050763,윤남동산,https://place.map.kakao.com/8050763,0.0,0,0
1926127013,신물,https://place.map.kakao.com/1926127013,0.0,0,1
13723566,무명천산책길2,https://place.map.kakao.com/13723566,0.0,0,0
8013486,열녀비,https://place.map.kakao.com/8013486,0.0,0,0
10348879,명간선생오인왕조비,https://place.map.kakao.com/10348879,0.0,0,0
25728990,웅포천,https://place.map.kakao.com/25728990,0.0,0,0
10461038,봉화대,https://place.map.kakao.com/10461038,0.0,0,0
25316350,어도오름,https://place.map.kakao.com/25316350,3.5,17,5
8706670,금성천,https://place.map.kakao.com/8706670,0.0,0,0
8221826,눈오름,https://place.map.kakao.com/8221826,3.0,2,0
25724362,귀덕천,https://place.map.kakao.com/25724362,0.0,0,0
11816186,올레길 15-A코스(한림-고내 올레),https://place.map.kakao.com/11816186,2.3,7,2
7982565,신명지,https://place.map.kakao.com/7982565,0.0,0,0
10661486,열녀비,https://place.map.kakao.com/10661486,0.0,0,0
24662866,어음천,https://place.map.kakao.com/24662866,0.0,0,0
8001851,열녀문,https://place.map.kakao.com/8001851,0.0,0,0
25022153,곽지해수욕장,https://place.map.kakao.com/25022153,4.6,231,294
26324457,정자정천,https://place.map.kakao.com/26324457,0.0,0,0
279266130,금성천 정자,https://place.map.kakao.com/279266130,5.0,4,0
648454678,제주제일농원,https://place.map.kakao.com/648454678,0.0,0,0
23705150,한담마을 장한철산책로,https://place.map.kakao.com/23705150,4.6,142,61
19293737,한담해변,https://place.map.kakao.com/19293737,3.7,64,75
900206222,남당수,https://place.map.kakao.com/900206222,4.0,1,0
1134184953,애월카페거리,https://place.map.kakao.com/1134184953,2.8,56,39
899730245,남당암수,https://place.map.kakao.com/899730245,4.0,1,0
13565277,과물노천탕,https://place.map.kakao.com/13565277,3.9,20,5
12729043,곽지패총,https://place.map.kakao.com/12729043,0.0,0,0
2038933507,남당암수 정자,https://place.map.kakao.com/2038933507,0.0,0,0
664283303,비체올린,https://place.map.kakao.com/664283303,2.2,51,164
8318161,방림원,https://place.map.kakao.com/8318161,4.2,44,64
10711279,저지예술인마을,https://place.map.kakao.com/10711279,3.8,15,10
24894904,납읍난대림지역,https://place.map.kakao.com/24894904,4.3,11,0
2110648536,해거름마을공원 인증센터,https://place.map.kakao.com/2110648536,4.6,12,1
17810240,금산자연농원,https://place.map.kakao.com/17810240,0.0,0,0
27337465,버들못,https://place.map.kakao.com/27337465,0.0,0,2
85419607,저지오름,https://place.map.kakao.com/85419607,4.2,72,107
12736208,애월환해장성,https://place.map.kakao.com/12736208,4.3,7,3
1223295170,잃어버린 마을 자리왓,https://place.map.kakao.com/1223295170,0.0,0,0
25180821,과오름,https://place.map.kakao.com/25180821,2.4,5,1
1138552280,장한철 생가,https://place.map.kakao.com/1138552280,3.3,7,6
1868828759,9.81파크 제주,https://place.map.kakao.com/1868828759,3.8,371,905
878819879,상가리야자숲,https://place.map.kakao.com/878819879,3.5,41,272
261257666,제주올레14코스 공식안내소,https://place.map.kakao.com/261257666,4.6,8,2
12705878,애월연대,https://place.map.kakao.com/12705878,0.0,0,1
13725802,납읍숲길,https://place.map.kakao.com/13725802,0.0,0,0
7912596,사낭굴,https://place.map.kakao.com/7912596,0.0,0,0
27253711,빌레못굴,https://place.map.kakao.com/27253711,4.6,7,1
11108228,연화못,https://place.map.kakao.com/11108228,3.3,10,6
17786069,말젯오름,https://place.map.kakao.com/17786069,5.0,1,0
8229310,샛오름,https://place.map.kakao.com/8229310,5.0,1,0
25274725,새별오름,https://place.map.kakao.com/25274725,4.5,397,634
19763694,환상숲곶자왈공원,https://place.map.kakao.com/19763694,4.3,171,154
345010245,고내해변,https://place.map.kakao.com/345010245,0.0,0,0
8112433,판포오름,https://place.map.kakao.com/8112433,2.0,5,2
7995864,애월진성,https://place.map.kakao.com/7995864,5.0,1,1
27539430,생각하는정원,https://place.map.kakao.com/27539430,3.5,68,78
747735691,농업회사법인 화조원,https://place.map.kakao.com/747735691,3.6,150,671
10446937,악락심천,https://place.map.kakao.com/10446937,0.0,0,0
2125721083,금등풍차해안,https://place.map.kakao.com/2125721083,3.7,3,1
1176629049,돔배물,https://place.map.kakao.com/1176629049,2.0,1,0
7937552,서호못,https://place.map.kakao.com/7937552,5.0,1,1
25728187,어음천,https://place.map.kakao.com/25728187,0.0,0,0
1125794314,빠빠유기농블루베리,https://place.map.kakao.com/1125794314,0.0,0,0
10543541,솔동산,https://place.map.kakao.com/10543541,0.0,0,0
1191333971,소애못,https://place.map.kakao.com/1191333971,0.0,0,0
13723645,도새기숲길,https://place.map.kakao.com/13723645,1.0,1,0
1264933802,납읍리 4·3성,https://place.map.kakao.com/1264933802,5.0,2,0
10116894,가메오름,https://place.map.kakao.com/10116894,4.0,2,1
8163059,항물동산,https://place.map.kakao.com/8163059,0.0,0,0
8493366,열녀비,https://place.map.kakao.com/8493366,0.0,0,0
8550435,충혼비,https://place.map.kakao.com/8550435,5.0,2,0
8550434,충혼비,https://place.map.kakao.com/8550434,5.0,1,0
10335895,뫼아지동산,https://place.map.kakao.com/10335895,0.0,0,0
8464876,앞동산,https://place.map.kakao.com/8464876,0.0,0,0
8649358,고내봉,https://place.map.kakao.com/8649358,3.6,22,20
7834106,돔바위,https://place.map.kakao.com/7834106,0.0,0,0
1199397808,잃어버린 마을 하늬골,https://place.map.kakao.com/1199397808,5.0,1,0
1628198649,저지오름 전망대,https://place.map.kakao.com/1628198649,0.0,0,0
1997539367,다락쉼터 인증센터,https://place.map.kakao.com/1997539367,4.3,15,2
608824576,저지리알못,https://place.map.kakao.com/608824576,3.0,2,0
810317017,하늘타리농원,https://place.map.kakao.com/810317017,5.0,1,0
15225508,해오름전망대,https://place.map.kakao.com/15225508,5.0,2,0
14513668,무병장수테마파크,https://place.map.kakao.com/14513668,4.3,20,9
10356367,마오름,https://place.map.kakao.com/10356367,1.0,2,0
699849252,제주올레16코스 공식안내소,https://place.map.kakao.com/699849252,5.0,2,3
7900266,봉화대,https://place.map.kakao.com/7900266,0.0,0,0
1199258334,조수국민학교 옛터,https://place.map.kakao.com/1199258334,0.0,0,0
13723550,오시록헌농로,https://place.map.kakao.com/13723550,0.0,0,0
7905464,빌레못,https://place.map.kakao.com/7905464,0.0,0,0
7884881,뱀냇도,https://place.map.kakao.com/7884881,0.0,0,0
635802124,고내포구 우주물,https://place.map.kakao.com/635802124,5.0,1,0
1266592394,카약&트라익파크,https://place.map.kakao.com/1266592394,0.0,0,0
17580857,방림원 방림동산,https://place.map.kakao.com/17580857,0.0,0,0
13723463,저지고망숲길,https://place.map.kakao.com/13723463,0.0,0,0
7957264,송아오름,https://place.map.kakao.com/7957264,1.0,2,2
10337128,마중오름,https://place.map.kakao.com/10337128,2.3,6,3
17576702,방림원 수생식물관,https://place.map.kakao.com/17576702,0.0,0,0
18039453,방림원 백화동산,https://place.map.kakao.com/18039453,0.0,0,0
7824873,대빌레못,https://place.map.kakao.com/7824873,0.0,0,0
26980110,하가리연꽃마을,https://place.map.kakao.com/26980110,2.9,10,9
13725898,뒷동산아리랑길,https://place.map.kakao.com/13725898,0.0,0,0
1415302090,이달봉 초대소,https://place.map.kakao.com/1415302090,5.0,1,0
1627776686,저지오름 분화구,https://place.map.kakao.com/1627776686,5.0,1,0
1571108580,고내환해장성,https://place.map.kakao.com/1571108580,4.3,3,0
13725890,저지오름둘레길,https://place.map.kakao.com/13725890,0.0,0,0
8039899,이달봉,https://place.map.kakao.com/8039899,2.5,8,0
1213590025,상가리 4.3희생자 위령단,https://place.map.kakao.com/1213590025,3.5,2,0
1629897035,배롱낙원,https://place.map.kakao.com/1629897035,5.0,1,3
1627709922,저지오름 칠성단,https://place.map.kakao.com/1627709922,0.0,0,0
8490593,이달이촛대봉,https://place.map.kakao.com/8490593,3.0,6,1
685570063,용선달리하르방당,https://place.map.kakao.com/685570063,0.0,0,0
8203356,기념비,https://place.map.kakao.com/8203356,0.0,0,0
291576834,저지리 오름허릿당,https://place.map.kakao.com/291576834,0.0,0,0
8701056,강정동산,https://place.map.kakao.com/8701056,1.0,1,0
1067889833,한양동연못,https://place.map.kakao.com/1067889833,5.0,1,0
1216276622,수동(물골)성,https://place.map.kakao.com/1216276622,0.0,0,0
55475637,먼물습지,https://place.map.kakao.com/55475637,0.0,0,0
13723679,하르방당,https://place.map.kakao.com/13723679,0.0,0,0
13725904,용선달리설촌,https://place.map.kakao.com/13725904,5.0,1,0
11077891,뒷동산,https://place.map.kakao.com/11077891,0.0,0,0
1448242489,돌사랑,https://place.map.kakao.com/1448242489,5.0,4,0
26395414,돗곳,https://place.map.kakao.com/26395414,3.0,1,0
8095159,추모비,https://place.map.kakao.com/8095159,1.0,1,0
24576572,밀양박공승조 망묘단비,https://place.map.kakao.com/24576572,0.0,0,0
25342606,이계오름,https://place.map.kakao.com/25342606,1.5,2,2
557218490,개구미동굴,https://place.map.kakao.com/557218490,0.0,0,0
8109089,가메창,https://place.map.kakao.com/8109089,1.0,2,1
8055702,일체동산,https://place.map.kakao.com/8055702,0.0,0,0
13723644,폭낭쉼터,https://place.map.kakao.com/13723644,5.0,1,0
11205845,현장이동산,https://place.map.kakao.com/11205845,0.0,0,0
1109307691,퐁낭,https://place.map.kakao.com/1109307691,0.0,0,0
242379687,동지샘이못,https://place.map.kakao.com/242379687,0.0,0,0
1491574189,오당빌레쉼터,https://place.map.kakao.com/1491574189,0.0,0,0
12765573,문형행가옥,https://place.map.kakao.com/12765573,0.0,0,0
15151316,두모저수지,https://place.map.kakao.com/15151316,0.0,0,1
26455799,두강봉,https://place.map.kakao.com/26455799,5.0,1,0
12765621,오광준가옥,https://place.map.kakao.com/12765621,0.0,0,0
1213819298,육시우영,https://place.map.kakao.com/1213819298,0.0,0,0
26396673,손천당,https://place.map.kakao.com/26396673,0.0,0,0
25186327,군남동산,https://place.map.kakao.com/25186327,0.0,0,0
8001854,열녀비,https://place.map.kakao.com/8001854,0.0,0,0
8051764,장기동산,https://place.map.kakao.com/8051764,0.0,0,0
8202821,금성천,https://place.map.kakao.com/8202821,0.0,0,0
12728583,제주 잣동네 말방아,https://place.map.kakao.com/12728583,0.0,0,0
10342864,멋못,https://place.map.kakao.com/10342864,0.0,0,0
8138993,감낭굴,https://place.map.kakao.com/8138993,0.0,0,0
1308407472,문귀인가옥,https://place.map.kakao.com/1308407472,0.0,0,0
12705872,두모연대,https://place.map.kakao.com/12705872,5.0,1,0
1215287848,두모지서 터,https://place.map.kakao.com/1215287848,0.0,0,0
11832646,용흥농장,https://place.map.kakao.com/11832646,0.0,0,0
8087937,지중굴,https://place.map.kakao.com/8087937,0.0,0,0
1199362165,잃어버린 마을 조수리 하동,https://place.map.kakao.com/1199362165,0.0,0,0
1524250072,낙천잣길,https://place.map.kakao.com/1524250072,0.0,0,0
8175919,강홍식축항기념비,https://place.map.kakao.com/8175919,5.0,1,0
14491314,고망숲길,https://place.map.kakao.com/14491314,0.0,0,0
11943943,올레길 16코스(고내-광령 올레),https://place.map.kakao.com/11943943,4.2,17,17
8641860,항파두리 항몽유적지,https://place.map.kakao.com/8641860,4.1,80,266
22761633,구엄리 돌염전,https://place.map.kakao.com/22761633,4.1,59,239
336100555,새별프렌즈,https://place.map.kakao.com/336100555,3.6,127,1059
11889968,애월해안도로,https://place.map.kakao.com/11889968,4.7,43,3
10271092,큰노꼬메오름,https://place.map.kakao.com/10271092,4.9,114,4
891104398,제주불빛정원,https://place.map.kakao.com/891104398,3.7,69,359
11950714,테디베어하우스 테지움 제주점,https://place.map.kakao.com/11950714,4.1,93,230
8217224,궷물오름,https://place.map.kakao.com/8217224,3.7,40,54
7964847,수산봉,https://place.map.kakao.com/7964847,3.6,34,101
964193471,어음리억새군락지,https://place.map.kakao.com/964193471,4.5,20,67
136914935,천아계곡,https://place.map.kakao.com/136914935,4.3,11,6
27182155,한라산국립공원 어리목탐방로,https://place.map.kakao.com/27182155,4.2,11,26
25575353,애월돌고래전망대,https://place.map.kakao.com/25575353,3.9,14,8
7888119,큰바리메,https://place.map.kakao.com/7888119,4.5,34,30
7878638,무수천,https://place.map.kakao.com/7878638,3.7,3,2
902606653,파호이호이 라바필드파크,https://place.map.kakao.com/902606653,3.3,12,50
779604763,왕벚꽃거리,https://place.map.kakao.com/779604763,4.2,10,8
1326687688,그린스케이프,https://place.map.kakao.com/1326687688,4.4,9,32
2008460705,항파두리 항몽유적지 나홀로나무,https://place.map.kakao.com/2008460705,3.4,7,4
8214370,족은노꼬메오름,https://place.map.kakao.com/8214370,4.3,22,1
7962202,수산저수지,https://place.map.kakao.com/7962202,5.0,4,10
689032169,고래전망대,https://place.map.kakao.com/689032169,4.4,17,0
13725737,중엄새물,https://place.map.kakao.com/13725737,3.3,6,1
8363683,새별오름관광타운,https://place.map.kakao.com/8363683,4.5,2,0
13725673,수산봉둘레길,https://place.map.kakao.com/13725673,5.0,1,0
12772339,수산리곰솔,https://place.map.kakao.com/12772339,5.0,6,3
10769042,천아오름,https://place.map.kakao.com/10769042,3.5,2,5
10889367,파군봉,https://place.map.kakao.com/10889367,3.1,9,1
17582871,렛츠런파크제주 아름다운승마장,https://place.map.kakao.com/17582871,5.0,1,0
10798266,족은바리메,https://place.map.kakao.com/10798266,3.0,5,3
305903187,영모원,https://place.map.kakao.com/305903187,5.0,3,0
26396800,맛동산정우농장,https://place.map.kakao.com/26396800,5.0,6,10
25197040,노로오름,https://place.map.kakao.com/25197040,4.0,3,3
25575355,신엄리원담,https://place.map.kakao.com/25575355,0.0,0,0
2132173808,고스트타운 고스트하우스,https://place.map.kakao.com/2132173808,4.8,5,0
25187989,극락오름,https://place.map.kakao.com/25187989,2.7,3,0
8076005,한라산 웃세족은오름,https://place.map.kakao.com/8076005,4.8,11,0
2034435221,새별헤이요,https://place.map.kakao.com/2034435221,0.0,0,1
7870117,만세동산,https://place.map.kakao.com/7870117,5.0,4,0
8007088,어리목계곡,https://place.map.kakao.com/8007088,4.0,1,0
751171691,달달미깡감귤밭,https://place.map.kakao.com/751171691,3.9,22,92
7914532,사제비동산,https://place.map.kakao.com/7914532,3.0,2,0
356142959,최영장군사당,https://place.map.kakao.com/356142959,4.3,3,1
10440260,산세미오름,https://place.map.kakao.com/10440260,3.0,6,2
864474726,한라산둘레길 천아숲길,https://place.map.kakao.com/864474726,3.6,10,2
17574886,제주공룡랜드 3D입체영화관,https://place.map.kakao.com/17574886,0.0,0,0
18099489,항몽유적지 삼별초항거순의비,https://place.map.kakao.com/18099489,0.0,0,0
25259581,붉은오름,https://place.map.kakao.com/25259581,4.7,3,0
8065787,족은노로오름,https://place.map.kakao.com/8065787,0.0,0,0
11039987,검은데기오름,https://place.map.kakao.com/11039987,2.0,2,0
1229036426,잃어버린 마을 원동,https://place.map.kakao.com/1229036426,4.5,4,0
8220369,눈오름,https://place.map.kakao.com/8220369,1.5,4,0
13725641,장수물,https://place.map.kakao.com/13725641,0.0,0,0
7994249,양주굴,https://place.map.kakao.com/7994249,0.0,0,0
24023777,민대가리동산,https://place.map.kakao.com/24023777,5.0,3,0
10153502,광령저수지,https://place.map.kakao.com/10153502,0.0,0,0
25310024,안오름,https://place.map.kakao.com/25310024,3.0,4,3
7986111,알오름,https://place.map.kakao.com/7986111,4.0,1,0
8121453,발이오름,https://place.map.kakao.com/8121453,0.0,0,0
17985357,렛츠런파크제주 골프고객휴게소,https://place.map.kakao.com/17985357,0.0,0,0
8224820,남두연대,https://place.map.kakao.com/8224820,0.0,0,1
11019303,노루물/노리물,https://place.map.kakao.com/11019303,0.0,0,0
7906497,북돌아진 오름,https://place.map.kakao.com/7906497,4.1,8,5
1304746374,제주포크테마파크,https://place.map.kakao.com/1304746374,5.0,2,0
13725594,고성천길,https://place.map.kakao.com/13725594,0.0,0,0
825220597,숭조당길,https://place.map.kakao.com/825220597,0.0,0,0
8404203,북문,https://place.map.kakao.com/8404203,5.0,1,0
25210557,도래오름,https://place.map.kakao.com/25210557,2.0,1,0
295076442,소왕물,https://place.map.kakao.com/295076442,0.0,0,0
25392324,한대오름,https://place.map.kakao.com/25392324,4.8,4,3
894074048,유수암리산새미오름방묘,https://place.map.kakao.com/894074048,0.0,0,0
13725665,수산저수지둑방길,https://place.map.kakao.com/13725665,0.0,0,0
1005641233,폴리파크,https://place.map.kakao.com/1005641233,0.0,0,0
228295093,눈오름,https://place.map.kakao.com/228295093,1.0,1,0
7863048,쳇망오름,https://place.map.kakao.com/7863048,0.0,0,0
1588806555,유수암천,https://place.map.kakao.com/1588806555,0.0,0,0
24244412,제주애견공원,https://place.map.kakao.com/24244412,0.0,0,0
1213784256,장전리 추모원,https://place.map.kakao.com/1213784256,0.0,0,0
26444634,탐라양씨 건승원,https://place.map.kakao.com/26444634,0.0,0,0
8580695,정타굴,https://place.map.kakao.com/8580695,4.0,1,0
8103530,충혼비,https://place.map.kakao.com/8103530,0.0,0,0
8057086,장구목오름,https://place.map.kakao.com/8057086,4.8,5,0
1571581376,신엄리석상,https://place.map.kakao.com/1571581376,0.0,0,0
7923624,새마을 공덕비,https://place.map.kakao.com/7923624,0.0,0,0
8650416,고성천,https://place.map.kakao.com/8650416,0.0,0,0
8428549,안천이오름,https://place.map.kakao.com/8428549,1.0,1,0
8118287,풍모굴,https://place.map.kakao.com/8118287,0.0,0,0
12706380,광령지석묘 9호,https://place.map.kakao.com/12706380,0.0,0,0
25724118,광령천,https://place.map.kakao.com/25724118,0.0,0,0
17579197,렛츠런파크제주 매직포니,https://place.map.kakao.com/17579197,0.0,0,0
17581924,제주공룡랜드 토이랜드,https://place.map.kakao.com/17581924,0.0,0,0
10154919,괴오름,https://place.map.kakao.com/10154919,3.0,1,1
12728582,제주 당거리동네 말방아,https://place.map.kakao.com/12728582,0.0,0,1
825706779,유수암 폭낭,https://place.map.kakao.com/825706779,5.0,1,0
17580298,렛츠런파크제주 신관람대,https://place.map.kakao.com/17580298,0.0,0,0
17089570,한라산 샘터,https://place.map.kakao.com/17089570,0.0,0,0
10838735,한라산 민대가리동산(촛대봉),https://place.map.kakao.com/10838735,0.0,0,0
346175174,의녀 홍윤애 지묘,https://place.map.kakao.com/346175174,5.0,1,0
13725591,고성숲길,https://place.map.kakao.com/13725591,4.5,4,0
8346948,사제비동산약수터,https://place.map.kakao.com/8346948,0.0,0,0
1213636755,광령1리 추모공원,https://place.map.kakao.com/1213636755,0.0,0,0
26405621,한대오름숲길,https://place.map.kakao.com/26405621,0.0,0,0
8149799,항파두성,https://place.map.kakao.com/8149799,5.0,2,1
7920053,빈네오름,https://place.map.kakao.com/7920053,3.0,1,0
8038106,윤남못,https://place.map.kakao.com/8038106,0.0,0,0
25497316,녹고뫼안트레 안내센터,https://place.map.kakao.com/25497316,0.0,0,0
360374444,논골물,https://place.map.kakao.com/360374444,0.0,0,0
1687982750,렛츠런파크제주 행복마루,https://place.map.kakao.com/1687982750,0.0,0,0
1542616197,상귀리 본향당,https://place.map.kakao.com/1542616197,0.0,0,0
65456820,렛츠런파크제주 해피랜드,https://place.map.kakao.com/65456820,0.0,0,0
25263528,사재비동산,https://place.map.kakao.com/25263528,0.0,0,0
14922691,쇠죽은못,https://place.map.kakao.com/14922691,0.0,0,0
17576449,렛츠런파크제주 자전거트랙,https://place.map.kakao.com/17576449,0.0,0,0
39399880,금덕무환자나무및팽나무군락,https://place.map.kakao.com/39399880,5.0,1,0
17579198,렛츠런파크제주 모험랜드,https://place.map.kakao.com/17579198,0.0,0,0
25215519,동물오름,https://place.map.kakao.com/25215519,0.0,0,0
8576933,폭낭오름,https://place.map.kakao.com/8576933,2.0,2,1
8679274,검은들먹오름,https://place.map.kakao.com/8679274,3.0,1,0
17788460,다래오름북동쪽,https://place.map.kakao.com/17788460,0.0,0,0
17581920,렛츠런파크제주 골프고객휴게소,https://place.map.kakao.com/17581920,0.0,0,0
18522134,숨은물벵듸,https://place.map.kakao.com/18522134,0.0,0,0
1650629303,렛츠런파크제주 해피빌,https://place.map.kakao.com/1650629303,0.0,0,0
25187565,궤미오름,https://place.map.kakao.com/25187565,0.0,0,0
10200400,김행철선생공덕비,https://place.map.kakao.com/10200400,5.0,2,0
17581480,렛츠런파크제주 KNets존,https://place.map.kakao.com/17581480,0.0,0,0
17576446,렛츠런파크제주 담덕의꿈,https://place.map.kakao.com/17576446,0.0,0,0
17581922,렛츠런파크제주 토끼우리,https://place.map.kakao.com/17581922,0.0,0,0
8397355,수산천,https://place.map.kakao.com/8397355,0.0,0,0
17577086,렛츠런파크제주 청동마상,https://place.map.kakao.com/17577086,0.0,0,0
901276331,장전연못,https://place.map.kakao.com/901276331,0.0,0,0
17579199,렛츠런파크제주 원형놀이마당,https://place.map.kakao.com/17579199,0.0,0,0
17583160,렛츠런파크제주 꿈의무대,https://place.map.kakao.com/17583160,0.0,0,0
8195061,고성천,https://place.map.kakao.com/8195061,0.0,0,0
8168831,거리못,https://place.map.kakao.com/8168831,0.0,0,0
25195576,냇새오름,https://place.map.kakao.com/25195576,2.0,1,0
8136213,하귀지석묘1호,https://place.map.kakao.com/8136213,0.0,0,0
12706381,광령지석묘 8호,https://place.map.kakao.com/12706381,0.0,0,0
25267011,살핀오름,https://place.map.kakao.com/25267011,1.0,1,0
12706379,광령지석묘 7호,https://place.map.kakao.com/12706379,0.0,0,0
17576447,렛츠런파크제주 상설체험장,https://place.map.kakao.com/17576447,0.0,0,0
8057914,자랑못,https://place.map.kakao.com/8057914,0.0,0,0
12706241,광령지석묘 6호,https://place.map.kakao.com/12706241,0.0,0,0
25727457,소왕천,https://place.map.kakao.com/25727457,0.0,0,0
883066284,하귀지석묘 2호,https://place.map.kakao.com/883066284,0.0,0,0
8195225,곡반제단,https://place.map.kakao.com/8195225,0.0,0,0
11192672,영송누운소나무,https://place.map.kakao.com/11192672,0.0,0,0
1457576300,고부이씨 유수암지파묘역,https://place.map.kakao.com/1457576300,5.0,2,0
1902186349,광령지석묘 10호,https://place.map.kakao.com/1902186349,0.0,0,0
10753236,이스렁오름,https://place.map.kakao.com/10753236,0.0,0,0
26564427,엄장해암길,https://place.map.kakao.com/26564427,0.0,0,1
12706229,광령지석묘 2호,https://place.map.kakao.com/12706229,3.0,1,0
1570050001,소길리석관묘,https://place.map.kakao.com/1570050001,0.0,0,0
108974542,큰섬지,https://place.map.kakao.com/108974542,0.0,0,0
11087693,동문,https://place.map.kakao.com/11087693,0.0,0,0
15171269,한라산 오름샘터,https://place.map.kakao.com/15171269,0.0,0,0
25239827,민대가리오름,https://place.map.kakao.com/25239827,0.0,0,0
12706240,광령지석묘 4호,https://place.map.kakao.com/12706240,0.0,0,0
25228842,망체오름,https://place.map.kakao.com/25228842,0.0,0,0
10573955,한라산 어스렁오름,https://place.map.kakao.com/10573955,0.0,0,0
8659491,광령지석묘 1호,https://place.map.kakao.com/8659491,0.0,0,0
13725660,수산밭길,https://place.map.kakao.com/13725660,0.0,0,0
8227174,광령지석묘 5호,https://place.map.kakao.com/8227174,0.0,0,0
8227950,노카짓도,https://place.map.kakao.com/8227950,0.0,0,0
7841809,동마루고개,https://place.map.kakao.com/7841809,0.0,0,0
8248693,남문,https://place.map.kakao.com/8248693,0.0,0,0
7999061,열녀비,https://place.map.kakao.com/7999061,0.0,0,0
8116723,충헌비,https://place.map.kakao.com/8116723,0.0,0,0
8098545,축성공덕비,https://place.map.kakao.com/8098545,0.0,0,0
7938305,서문,https://place.map.kakao.com/7938305,0.0,0,0
8702143,광령지석묘 3호,https://place.map.kakao.com/8702143,0.0,0,0
11016811,기생고개,https://place.map.kakao.com/11016811,0.0,0,0
8096359,충효렬비,https://place.map.kakao.com/8096359,0.0,0,0
8116898,충혼비,https://place.map.kakao.com/8116898,0.0,0,0
8245604,내성,https://place.map.kakao.com/8245604,0.0,0,0
8709859,공덕비,https://place.map.kakao.com/8709859,0.0,0,0
8148898,항거순의비,https://place.map.kakao.com/8148898,0.0,0,0
8190340,구류굴,https://place.map.kakao.com/8190340,0.0,0,0
346112176,마이못,https://place.map.kakao.com/346112176,0.0,0,2
8513067,조부연대,https://place.map.kakao.com/8513067,0.0,0,0
7899493,보호수,https://place.map.kakao.com/7899493,0.0,0,0
862577451,가막샘,https://place.map.kakao.com/862577451,0.0,0,0
8360173,망루대,https://place.map.kakao.com/8360173,0.0,0,0
7954763,송덕비,https://place.map.kakao.com/7954763,0.0,0,0
7975628,신동문선생송덕비,https://place.map.kakao.com/7975628,0.0,0,0
8578079,추모비,https://place.map.kakao.com/8578079,0.0,0,0
957305576,관광지순환버스,https://place.map.kakao.com/957305576,,,0
7912085,비자림,https://place.map.kakao.com/7912085,4.4,573,669
7863269,만장굴,https://place.map.kakao.com/7863269,4.0,275,54
25023085,김녕해수욕장,https://place.map.kakao.com/25023085,4.5,245,292
259569525,제주동화마을,https://place.map.kakao.com/259569525,4.3,164,740
18502107,올레길 21코스,https://place.map.kakao.com/18502107,4.3,13,5
17600274,월정리해수욕장,https://place.map.kakao.com/17600274,4.2,167,260
7964223,세화해변,https://place.map.kakao.com/7964223,4.5,154,7
852041742,스누피가든,https://place.map.kakao.com/852041742,4.6,660,1770
17605888,올레길 20코스(김녕-하도 올레),https://place.map.kakao.com/17605888,4.0,11,10
994758455,행원해변,https://place.map.kakao.com/994758455,4.2,118,191
10626439,용눈이오름,https://place.map.kakao.com/10626439,4.6,225,370
21777957,제주레일바이크,https://place.map.kakao.com/21777957,3.2,189,335
17110921,김녕미로공원,https://place.map.kakao.com/17110921,4.5,207,456
25200772,다랑쉬오름,https://place.map.kakao.com/25200772,4.8,210,151
82389937,비밀의숲,https://place.map.kakao.com/82389937,3.4,244,957
13095815,메이즈랜드,https://place.map.kakao.com/13095815,4.0,111,208
10599658,아부오름,https://place.map.kakao.com/10599658,4.3,114,129
1950858245,세기알해변,https://place.map.kakao.com/1950858245,4.7,63,173
1128906047,김녕바닷길,https://place.map.kakao.com/1128906047,4.2,25,15
17754603,청굴물,https://place.map.kakao.com/17754603,4.2,60,201
11340501,하도해변,https://place.map.kakao.com/11340501,4.3,50,1
8428406,안돌오름,https://place.map.kakao.com/8428406,3.6,68,47
10375099,별방진,https://place.map.kakao.com/10375099,4.3,55,148
27192641,만장굴입구매표소,https://place.map.kakao.com/27192641,3.1,10,1
17600314,평대리해수욕장,https://place.map.kakao.com/17600314,4.6,54,1
10773441,지미봉,https://place.map.kakao.com/10773441,4.6,135,58
25303334,아끈다랑쉬오름,https://place.map.kakao.com/25303334,4.4,50,28
18502101,종달리해변,https://place.map.kakao.com/18502101,4.1,18,1
12706219,종달리해안도로,https://place.map.kakao.com/12706219,4.7,7,21
1365381,오저여,https://place.map.kakao.com/1365381,4.6,84,75
1060814722,종달리수국길,https://place.map.kakao.com/1060814722,3.9,24,6
8494697,안친오름,https://place.map.kakao.com/8494697,2.4,35,142
27583373,월정리카페거리,https://place.map.kakao.com/27583373,4.4,8,4
579272394,송당무끈모루,https://place.map.kakao.com/579272394,3.9,29,4
24325332,김녕성세기해변 인증센터,https://place.map.kakao.com/24325332,4.6,17,2
260054074,제주올레21코스 공식안내소,https://place.map.kakao.com/260054074,3.8,5,4
25730211,천미천,https://place.map.kakao.com/25730211,4.0,6,32
8174706,거슨세미오름,https://place.map.kakao.com/8174706,4.2,22,14
12658130,용천동굴,https://place.map.kakao.com/12658130,4.3,7,2
7814539,당오름,https://place.map.kakao.com/7814539,4.2,19,28
25069292,제주 종달리전망대,https://place.map.kakao.com/25069292,4.6,25,4
852336814,다랑쉬굴,https://place.map.kakao.com/852336814,4.7,36,13
26917460,김녕금속공예벽화마을,https://place.map.kakao.com/26917460,3.4,5,11
25199090,높은오름,https://place.map.kakao.com/25199090,4.6,31,15
11700415,하도리철새도래지,https://place.map.kakao.com/11700415,4.7,9,0
12747492,송당본향당,https://place.map.kakao.com/12747492,4.5,6,11
832267635,월정리해안도로,https://place.map.kakao.com/832267635,5.0,3,0
17788818,돝오름,https://place.map.kakao.com/17788818,4.3,29,1
11016572,김녕오조해안도로,https://place.map.kakao.com/11016572,4.8,4,0
8107618,토끼섬,https://place.map.kakao.com/8107618,4.5,13,13
25214418,동검은이오름,https://place.map.kakao.com/25214418,4.4,27,2
1450954629,오름정원,https://place.map.kakao.com/1450954629,0.0,0,0
904237401,비자림로삼나무숲,https://place.map.kakao.com/904237401,4.0,2,0
21204137,제주 이승만별장 귀빈사,https://place.map.kakao.com/21204137,2.0,21,3
17754594,김녕리도대불,https://place.map.kakao.com/17754594,4.7,7,2
1046761895,해녀불턱,https://place.map.kakao.com/1046761895,4.6,5,0
1327492050,4.3사건희생자 위령탑,https://place.map.kakao.com/1327492050,5.0,4,0
10898342,토끼섬 문주란자생지,https://place.map.kakao.com/10898342,4.7,3,1
12736195,동복 환해장성,https://place.map.kakao.com/12736195,5.0,3,1
8194588,김녕굴,https://place.map.kakao.com/8194588,4.3,7,0
12736207,한동환해장성,https://place.map.kakao.com/12736207,5.0,1,3
10328462,묘산봉,https://place.map.kakao.com/10328462,3.9,11,5
861687870,송당곶자왈,https://place.map.kakao.com/861687870,3.7,7,1
832134784,탕탕물,https://place.map.kakao.com/832134784,0.0,0,1
17754599,덩개해안,https://place.map.kakao.com/17754599,4.3,3,0
964186769,고망난돌,https://place.map.kakao.com/964186769,0.0,0,1
7896521,밧돌오름,https://place.map.kakao.com/7896521,4.1,9,2
7860733,둔지봉,https://place.map.kakao.com/7860733,4.3,8,2
2068346136,동복방파제,https://place.map.kakao.com/2068346136,4.2,5,1
7959260,손자봉,https://place.map.kakao.com/7959260,4.1,15,0
17600241,김녕해안길,https://place.map.kakao.com/17600241,0.0,0,0
8108149,철새 천연기념물 희귀새도래및철새서식지,https://place.map.kakao.com/8108149,5.0,4,1
8316763,민오름,https://place.map.kakao.com/8316763,1.0,1,0
7951103,성불오름,https://place.map.kakao.com/7951103,3.3,7,3
8233946,동복관광체험어장,https://place.map.kakao.com/8233946,3.0,4,0
1248004584,잃어버린 마을 다랑쉬마을,https://place.map.kakao.com/1248004584,4.7,10,0
246072041,손지오름,https://place.map.kakao.com/246072041,4.2,6,8
12706179,표선~세화해안도로,https://place.map.kakao.com/12706179,3.0,1,1
12736231,행원환해장성,https://place.map.kakao.com/12736231,0.0,0,0
26802543,솔트리감성수목원,https://place.map.kakao.com/26802543,1.0,1,0
25343635,입산봉,https://place.map.kakao.com/25343635,2.8,10,1
1622318577,김녕리 서문 하르방당,https://place.map.kakao.com/1622318577,0.0,0,0
7912662,북오름,https://place.map.kakao.com/7912662,3.2,13,7
1919331701,월정환해장성,https://place.map.kakao.com/1919331701,0.0,0,0
25237382,문석이오름,https://place.map.kakao.com/25237382,3.8,12,1
18161834,만장굴 안내소,https://place.map.kakao.com/18161834,0.0,0,0
763945645,무끈모루숲,https://place.map.kakao.com/763945645,1.0,1,0
7878622,목지섬,https://place.map.kakao.com/7878622,5.0,2,10
406989661,종달리생개납돈짓당,https://place.map.kakao.com/406989661,5.0,1,0
19386786,제주해녀 항일운동기념공원 제주해녀항일운동기념탑,https://place.map.kakao.com/19386786,4.0,2,3
8379747,비치미오름,https://place.map.kakao.com/8379747,3.2,6,1
7815059,당처물동굴,https://place.map.kakao.com/7815059,3.0,4,1
18467792,각시당,https://place.map.kakao.com/18467792,5.0,1,0
928082168,스누피가든 찰리브라운의 야구잔디광장,https://place.map.kakao.com/928082168,0.0,0,4
8071141,중동굴,https://place.map.kakao.com/8071141,3.3,4,0
13725576,종달리옛소금밭,https://place.map.kakao.com/13725576,4.7,3,0
912688071,녹산폭포,https://place.map.kakao.com/912688071,0.0,0,0
1888661141,모산이연못,https://place.map.kakao.com/1888661141,5.0,1,1
1258027990,도깨동산,https://place.map.kakao.com/1258027990,3.5,4,4
1770131464,송당저수지,https://place.map.kakao.com/1770131464,0.0,0,0
17638607,월정모살길,https://place.map.kakao.com/17638607,0.0,0,0
1508703830,헤이파크,https://place.map.kakao.com/1508703830,0.0,0,1
10327022,묘산봉관광단지,https://place.map.kakao.com/10327022,0.0,0,0
18502098,종달리해변쉼터,https://place.map.kakao.com/18502098,0.0,0,0
8422867,어대오름,https://place.map.kakao.com/8422867,3.4,11,3
503324529,도예시선,https://place.map.kakao.com/503324529,5.0,2,201
25173826,거친오름,https://place.map.kakao.com/25173826,1.0,1,0
45043379,갯것할망당,https://place.map.kakao.com/45043379,0.0,0,0
182065323,대한민국 관광도로 제주구좌숨비해안로,https://place.map.kakao.com/182065323,0.0,0,0
629812388,숨비소리길,https://place.map.kakao.com/629812388,0.0,0,0
17475343,월랑봉,https://place.map.kakao.com/17475343,0.0,0,0
11700417,하도철새탐조대,https://place.map.kakao.com/11700417,3.0,1,1
17592659,궤네기동굴,https://place.map.kakao.com/17592659,4.3,3,0
8037603,은다리오름,https://place.map.kakao.com/8037603,2.3,3,0
1570552545,평대환해장성,https://place.map.kakao.com/1570552545,0.0,0,0
8109737,가메옥,https://place.map.kakao.com/8109737,3.0,1,0
1246199,광해군 기착비,https://place.map.kakao.com/1246199,0.0,0,0
8516270,종달구좌해안도로,https://place.map.kakao.com/8516270,5.0,1,0
23120023,동복리 4.3사건희생자 위령탑,https://place.map.kakao.com/23120023,5.0,1,0
1570343912,하도환해장성,https://place.map.kakao.com/1570343912,0.0,0,0
760494494,팔자좋아길,https://place.map.kakao.com/760494494,1.0,1,0
850727521,공간정원,https://place.map.kakao.com/850727521,5.0,2,0
18467806,별방밭길,https://place.map.kakao.com/18467806,4.0,1,0
8520293,종제기오름,https://place.map.kakao.com/8520293,2.3,4,0
1663830737,엉불턱 우도전망대,https://place.map.kakao.com/1663830737,4.0,2,25
7860041,뒤굽은이오름,https://place.map.kakao.com/7860041,3.4,8,0
17592655,개웃샘물,https://place.map.kakao.com/17592655,4.0,1,0
8094829,체오름,https://place.map.kakao.com/8094829,3.5,2,0
26975258,행원연대봉,https://place.map.kakao.com/26975258,4.5,4,2
7898811,부공시흥망념비,https://place.map.kakao.com/7898811,3.0,1,0
7917833,비자림로,https://place.map.kakao.com/7917833,5.0,1,0
1464644130,마이시크릿포레스트,https://place.map.kakao.com/1464644130,0.0,0,2
8109975,파크써던랜드 (폐장),https://place.map.kakao.com/8109975,0.0,0,0
1223458686,잃어버린 마을 장기동,https://place.map.kakao.com/1223458686,0.0,0,0
1016140464,김녕불턱,https://place.map.kakao.com/1016140464,0.0,0,0
8194279,괭이모루,https://place.map.kakao.com/8194279,3.0,1,1
10793634,좌가연대,https://place.map.kakao.com/10793634,3.0,1,0
229404879,궤살메,https://place.map.kakao.com/229404879,0.0,0,0
10795108,종달연대,https://place.map.kakao.com/10795108,0.0,0,0
1572219787,금용사 우물,https://place.map.kakao.com/1572219787,0.0,0,0
23182021,용목개와당,https://place.map.kakao.com/23182021,5.0,1,1
1441127403,종달리 돈지할망당,https://place.map.kakao.com/1441127403,5.0,1,0
246058408,선족이오름,https://place.map.kakao.com/246058408,5.0,1,0
11153172,주체오름,https://place.map.kakao.com/11153172,3.4,5,0
7890357,배생굴,https://place.map.kakao.com/7890357,1.0,1,0
18467834,지미봉밭길,https://place.map.kakao.com/18467834,0.0,0,0
11064668,벌러진동산,https://place.map.kakao.com/11064668,4.9,7,0
1452240825,월정리 어촌해양관광센터,https://place.map.kakao.com/1452240825,0.0,0,0
17600283,쑥동산,https://place.map.kakao.com/17600283,0.0,0,0
11280954,거먹남굴,https://place.map.kakao.com/11280954,0.0,0,0
12711102,김녕리묘산봉 광산김씨방묘,https://place.map.kakao.com/12711102,0.0,0,0
1520298515,평대옛길,https://place.map.kakao.com/1520298515,0.0,0,0
524931223,벳바른불턱,https://place.map.kakao.com/524931223,0.0,0,0
8060120,족은돌이미,https://place.map.kakao.com/8060120,0.0,0,0
10648881,영동물고개,https://place.map.kakao.com/10648881,0.0,0,0
17638576,성세기태역길,https://place.map.kakao.com/17638576,0.0,0,0
18467800,낯물밭길,https://place.map.kakao.com/18467800,4.0,1,0
7823928,대물동산,https://place.map.kakao.com/7823928,5.0,1,0
241150751,사근이오름,https://place.map.kakao.com/241150751,2.0,1,0
1115609750,에이스수목원,https://place.map.kakao.com/1115609750,0.0,0,0
8035621,육군중사 문재걸위령비,https://place.map.kakao.com/8035621,5.0,1,0
18467819,연대동산,https://place.map.kakao.com/18467819,0.0,0,0
25213746,돌리미오름,https://place.map.kakao.com/25213746,2.0,2,1
1258026507,평대리불턱,https://place.map.kakao.com/1258026507,3.0,1,0
470568805,자연예찬농원,https://place.map.kakao.com/470568805,0.0,0,0
46397141,대숲,https://place.map.kakao.com/46397141,3.0,1,0
1224175601,연두망,https://place.map.kakao.com/1224175601,0.0,0,0
8057938,작치도,https://place.map.kakao.com/8057938,0.0,0,0
18467816,알찡물,https://place.map.kakao.com/18467816,3.0,1,0
8586993,칡오름,https://place.map.kakao.com/8586993,0.0,0,1
10922194,한여도,https://place.map.kakao.com/10922194,5.0,1,0
8676274,감은이오름,https://place.map.kakao.com/8676274,3.0,2,0
1489761395,동복리4.3사건희생자쉼터,https://place.map.kakao.com/1489761395,0.0,0,0
25340091,은월봉,https://place.map.kakao.com/25340091,0.0,0,0
24351055,람지쉼터,https://place.map.kakao.com/24351055,0.0,0,0
2076178877,당처물동굴 뒷길,https://place.map.kakao.com/2076178877,3.0,1,0
8162116,효자비,https://place.map.kakao.com/8162116,0.0,0,0
11042684,갑오탑,https://place.map.kakao.com/11042684,0.0,0,0
8235704,공적비,https://place.map.kakao.com/8235704,4.5,2,0
246117334,멀세운동산,https://place.map.kakao.com/246117334,5.0,1,0
7997531,양외못,https://place.map.kakao.com/7997531,0.0,0,0
10814650,큰돌이미,https://place.map.kakao.com/10814650,0.0,0,1
420675006,솔숲,https://place.map.kakao.com/420675006,0.0,0,0
7937664,서수모루,https://place.map.kakao.com/7937664,0.0,0,0
17638638,월정마을안길,https://place.map.kakao.com/17638638,0.0,0,0
7912287,식은이오름,https://place.map.kakao.com/7912287,2.0,1,0
246141812,메인동산,https://place.map.kakao.com/246141812,0.0,0,0
246120105,한두술동산,https://place.map.kakao.com/246120105,0.0,0,0
8026958,웃선족이오름,https://place.map.kakao.com/8026958,0.0,0,0
11289159,흘림물고개,https://place.map.kakao.com/11289159,0.0,0,0
7957751,소여도,https://place.map.kakao.com/7957751,0.0,0,0
7997933,알선족이오름,https://place.map.kakao.com/7997933,2.0,1,0
8052848,장삿밭동산,https://place.map.kakao.com/8052848,2.0,1,0
8498243,연두봉봉화대,https://place.map.kakao.com/8498243,0.0,0,0
167086702,행원동문숲길,https://place.map.kakao.com/167086702,0.0,0,0
8001853,열녀비,https://place.map.kakao.com/8001853,0.0,0,0
7977242,신주동반회기념비,https://place.map.kakao.com/7977242,5.0,1,0
10157838,공덕비,https://place.map.kakao.com/10157838,0.0,0,0
8186276,공덕비,https://place.map.kakao.com/8186276,0.0,0,0
8184159,효자비,https://place.map.kakao.com/8184159,2.5,2,0
10626234,올레길 1코스(시흥-광치기 올레),https://place.map.kakao.com/10626234,4.3,24,13
10289213,두산봉,https://place.map.kakao.com/10289213,4.6,32,21
13723429,제주올레1코스 공식안내소,https://place.map.kakao.com/13723429,4.8,9,13
246107756,말산메,https://place.map.kakao.com/246107756,4.6,36,2
814511654,시흥초등학교 제주올레1코스 표지석,https://place.map.kakao.com/814511654,5.0,3,0
7912384,우도산호해변,https://place.map.kakao.com/7912384,4.7,99,6
12753467,올레길 2코스(광치기-온평 올레),https://place.map.kakao.com/12753467,3.7,15,12
1211858128,짱구네유채꽃밭,https://place.map.kakao.com/1211858128,3.6,13,11
25206398,대왕산,https://place.map.kakao.com/25206398,3.2,5,1
7959730,소왕산,https://place.map.kakao.com/7959730,1.0,1,0
8025182,우도,https://place.map.kakao.com/8025182,3.8,207,80
13725575,쇠물통,https://place.map.kakao.com/13725575,5.0,1,0
25297842,식산봉,https://place.map.kakao.com/25297842,4.2,14,10
2004162974,현애원,https://place.map.kakao.com/2004162974,3.6,16,44
24325323,성산일출봉 인증센터,https://place.map.kakao.com/24325323,4.5,23,2
8000996,영등하루방,https://place.map.kakao.com/8000996,1.0,1,0
12705898,오소포연대,https://place.map.kakao.com/12705898,3.0,1,0
480417904,우도정원,https://place.map.kakao.com/480417904,3.5,12,29
8132634,하고수동해변,https://place.map.kakao.com/8132634,4.7,96,25
13723527,홍조단괴해빈,https://place.map.kakao.com/13723527,4.6,5,2
1583020690,부종인묘비,https://place.map.kakao.com/1583020690,0.0,0,0
12736226,수산진성,https://place.map.kakao.com/12736226,3.0,1,2
12629873,남제주억새오름길,https://place.map.kakao.com/12629873,1.0,2,0
12765590,수산본향당,https://place.map.kakao.com/12765590,0.0,0,0
1183980997,병문동산 4.3성,https://place.map.kakao.com/1183980997,5.0,1,0
10251955,답다니탑망대,https://place.map.kakao.com/10251955,3.6,10,4
8244638,누루못굴,https://place.map.kakao.com/8244638,0.0,0,0
13723600,오조리성터,https://place.map.kakao.com/13723600,0.0,0,0
8184158,효자비,https://place.map.kakao.com/8184158,0.0,0,0
140566378,일출봉유채밭,https://place.map.kakao.com/140566378,2.3,6,106
1223398874,4.3희생자 차두옥 위령비,https://place.map.kakao.com/1223398874,4.5,4,0
1183928164,서북청년회 주둔지·성산동국민학교 옛터,https://place.map.kakao.com/1183928164,3.3,15,0
54147727,이생진시비거리,https://place.map.kakao.com/54147727,4.6,10,7
492202244,우도해양관광,https://place.map.kakao.com/492202244,0.0,0,0
8215747,구렁이굴,https://place.map.kakao.com/8215747,0.0,0,0
13723536,산물통,https://place.map.kakao.com/13723536,0.0,0,0
25214070,돌산,https://place.map.kakao.com/25214070,0.0,0,0
1318627003,성산포항 제주관광안내센터,https://place.map.kakao.com/1318627003,5.0,1,0
8226104,구현비,https://place.map.kakao.com/8226104,0.0,0,0
1615407701,옛 정의현성,https://place.map.kakao.com/1615407701,0.0,0,0
13723595,내수면둑방길,https://place.map.kakao.com/13723595,4.3,4,0
25034428,돌미오름,https://place.map.kakao.com/25034428,0.0,0,0
8020109,우도해녀항일기념비,https://place.map.kakao.com/8020109,4.5,2,0
8231786,낭끼오름,https://place.map.kakao.com/8231786,4.0,9,4
13723517,쇠물통언덕,https://place.map.kakao.com/13723517,0.0,0,0
279324125,하고수동 방사탑,https://place.map.kakao.com/279324125,3.0,1,0
17531439,7181감귤농원,https://place.map.kakao.com/17531439,0.0,0,0
13725586,고성윗마을 갈림길,https://place.map.kakao.com/13725586,0.0,0,0
13723483,성산마을제단,https://place.map.kakao.com/13723483,5.0,1,1
1231567746,동남상가거리,https://place.map.kakao.com/1231567746,0.0,0,0
10834738,충혼묘비,https://place.map.kakao.com/10834738,0.0,0,0
1844628823,루프탑라운지 스카이라군,https://place.map.kakao.com/1844628823,0.0,0,0
8206578,김인선선생오봉애여사공덕비,https://place.map.kakao.com/8206578,0.0,0,0
25192869,남거니오름,https://place.map.kakao.com/25192869,4.0,1,0
8210291,남거산,https://place.map.kakao.com/8210291,0.0,0,0
8148451,함덕해수욕장,https://place.map.kakao.com/8148451,4.5,628,822
14617417,올레길 19코스(조천-김녕 올레),https://place.map.kakao.com/14617417,4.2,13,8
26319779,사려니숲길,https://place.map.kakao.com/26319779,4.5,229,115
13322621,제주돌문화공원,https://place.map.kakao.com/13322621,4.4,206,419
17184223,에코랜드 테마파크,https://place.map.kakao.com/17184223,3.9,296,247
21348535,산굼부리,https://place.map.kakao.com/21348535,3.9,193,18
21627106,한라산국립공원 성판악탐방로,https://place.map.kakao.com/21627106,4.3,25,59
25280784,서우봉,https://place.map.kakao.com/25280784,4.8,156,257
12501734,선녀와나무꾼 테마공원,https://place.map.kakao.com/12501734,4.3,90,120
11714326,제주도 카트 제주레포츠랜드,https://place.map.kakao.com/11714326,4.8,1140,122
18489468,거문오름,https://place.map.kakao.com/18489468,4.2,119,9
26625268,교래자연휴양림,https://place.map.kakao.com/26625268,4.6,65,7
11739827,닭머르,https://place.map.kakao.com/11739827,4.4,91,191
21025450,한라산 성판악탐방안내소,https://place.map.kakao.com/21025450,4.6,31,3
921324600,서프라이즈테마파크,https://place.map.kakao.com/921324600,4.7,56,213
8335690,동백동산,https://place.map.kakao.com/8335690,4.6,37,43
26564431,닭머르해안길 1코스,https://place.map.kakao.com/26564431,4.3,18,3
14760896,삼다수숲길,https://place.map.kakao.com/14760896,4.6,49,71
8064706,조천만세동산,https://place.map.kakao.com/8064706,4.5,13,8
1315762161,새미동산,https://place.map.kakao.com/1315762161,3.5,24,68
8577982,제주센트럴파크,https://place.map.kakao.com/8577982,2.2,17,33
14617439,신흥해수욕장,https://place.map.kakao.com/14617439,4.3,39,102
426667759,올티스,https://place.map.kakao.com/426667759,4.9,68,160
26563988,한라산둘레길 사려니숲길,https://place.map.kakao.com/26563988,4.3,9,1
1922453785,창꼼,https://place.map.kakao.com/1922453785,4.2,49,5
18084841,거문오름 탐방안내소,https://place.map.kakao.com/18084841,4.2,27,92
27445592,샤이니숲길,https://place.map.kakao.com/27445592,3.5,30,37
26874134,동백동산,https://place.map.kakao.com/26874134,4.3,13,29
1788215084,후박나무길,https://place.map.kakao.com/1788215084,4.7,6,8
1144766060,포레스트사파리,https://place.map.kakao.com/1144766060,3.2,19,6
95057088,아일로사,https://place.map.kakao.com/95057088,,,45
8004690,연북정,https://place.map.kakao.com/8004690,4.2,12,18
14617442,관곶,https://place.map.kakao.com/14617442,4.8,16,44
8033485,원당봉,https://place.map.kakao.com/8033485,4.1,22,63
164550863,함덕서우봉해변 인증센터,https://place.map.kakao.com/164550863,4.6,17,7
1492017451,붉은오름자연휴양림 무장애나눔길,https://place.map.kakao.com/1492017451,2.0,1,2
962115439,복자 김기량 순교현양비,https://place.map.kakao.com/962115439,5.0,3,4
10566814,세미오름,https://place.map.kakao.com/10566814,3.4,11,12
674085731,제주올레19코스 공식안내소,https://place.map.kakao.com/674085731,5.0,11,3
12747497,와흘본향당,https://place.map.kakao.com/12747497,4.5,2,2
25240627,바농오름,https://place.map.kakao.com/25240627,4.4,27,36
21605747,한라산 성판악입구약수터,https://place.map.kakao.com/21605747,5.0,1,0
8188069,골체오름,https://place.map.kakao.com/8188069,4.0,15,17
235344963,감사공묘역,https://place.map.kakao.com/235344963,4.9,20,70
8460981,우진제비오름,https://place.map.kakao.com/8460981,4.3,21,6
838885813,서우봉 산책로,https://place.map.kakao.com/838885813,4.9,14,6
1021330156,귤의 정원 바령,https://place.map.kakao.com/1021330156,4.9,22,107
10417720,물찻오름,https://place.map.kakao.com/10417720,4.6,9,8
26916283,제주서우봉 일제동굴진지,https://place.map.kakao.com/26916283,3.8,4,1
703661215,대흘리메밀꽃밭,https://place.map.kakao.com/703661215,4.0,2,2
8082298,조천해안도로,https://place.map.kakao.com/8082298,5.0,1,2
967199520,용천수탐방길,https://place.map.kakao.com/967199520,5.0,2,0
8490981,알밤오름,https://place.map.kakao.com/8490981,3.8,17,8
25382966,큰지그리오름,https://place.map.kakao.com/25382966,4.3,20,10
10186196,남생이못,https://place.map.kakao.com/10186196,4.8,5,0
14632904,북촌리등명대,https://place.map.kakao.com/14632904,4.3,4,0
26428378,개똥이네농장,https://place.map.kakao.com/26428378,2.3,7,1
237571,대섬,https://place.map.kakao.com/237571,5.0,3,0
13725573,시비코지,https://place.map.kakao.com/13725573,4.6,7,1
647065008,제원하늘농원,https://place.map.kakao.com/647065008,5.0,1,3
17576609,에코랜드테마파크 풍차,https://place.map.kakao.com/17576609,0.0,0,2
8071163,죽도,https://place.map.kakao.com/8071163,3.5,2,8
11289720,물오름,https://place.map.kakao.com/11289720,2.3,3,5
1801139261,도리관광농원,https://place.map.kakao.com/1801139261,4.5,20,12
25190845,까끄래기오름,https://place.map.kakao.com/25190845,3.0,12,6
317991665,선흘의자동굴,https://place.map.kakao.com/317991665,3.0,3,0
375006385,제주생태관광지원센터,https://place.map.kakao.com/375006385,0.0,0,0
27147963,신흥리방사탑1호,https://place.map.kakao.com/27147963,4.5,4,0
7877823,목시물굴,https://place.map.kakao.com/7877823,5.0,2,0
17557684,제주돌문화공원 설문대할망제단,https://place.map.kakao.com/17557684,3.0,2,3
441233161,창고망난돌,https://place.map.kakao.com/441233161,5.0,1,0
815714167,낙선동 4·3성,https://place.map.kakao.com/815714167,4.7,3,5
12663544,벵뒤굴,https://place.map.kakao.com/12663544,4.0,2,0
1228644787,제주돌문화공원 제주전통초가마을,https://place.map.kakao.com/1228644787,3.0,1,0
8066752,조천비석거리,https://place.map.kakao.com/8066752,5.0,1,0
7881286,민오름,https://place.map.kakao.com/7881286,3.5,8,3
1248915819,신촌4.3성터,https://place.map.kakao.com/1248915819,0.0,0,3
8241683,꾀꼬리오름,https://place.map.kakao.com/8241683,2.8,8,1
529201089,용물,https://place.map.kakao.com/529201089,5.0,1,0
12736219,북촌환해장성,https://place.map.kakao.com/12736219,4.3,3,4
1570687703,함덕환해장성,https://place.map.kakao.com/1570687703,0.0,0,0
8363069,부소오름,https://place.map.kakao.com/8363069,3.6,8,7
696427344,새물깍,https://place.map.kakao.com/696427344,5.0,1,5
8035989,웃밤,https://place.map.kakao.com/8035989,3.8,12,0
17577216,에코랜드테마파크 라벤더팜역,https://place.map.kakao.com/17577216,4.8,4,1
8065515,조천진성,https://place.map.kakao.com/8065515,0.0,0,1
26564432,함덕북촌마을길,https://place.map.kakao.com/26564432,0.0,0,1
1249437757,잃어버린 마을 종남마을,https://place.map.kakao.com/1249437757,5.0,3,0
7834108,돔배오름,https://place.map.kakao.com/7834108,1.8,4,0
7833736,도툴굴,https://place.map.kakao.com/7833736,4.3,3,0
845230825,신흥리방사탑2호,https://place.map.kakao.com/845230825,5.0,2,0
17556345,선녀와나무꾼 테마공원 추억의영화마을,https://place.map.kakao.com/17556345,2.0,1,0
1264244169,너븐숭이 일대,https://place.map.kakao.com/1264244169,4.7,11,0
7814464,당오름,https://place.map.kakao.com/7814464,0.0,0,0
1442653927,조천환해장성,https://place.map.kakao.com/1442653927,0.0,0,0
1664175878,스위스스토어,https://place.map.kakao.com/1664175878,4.0,1,0
1222946236,서모봉일제동굴진지,https://place.map.kakao.com/1222946236,4.2,6,0
10612164,신촌향사,https://place.map.kakao.com/10612164,0.0,0,1
1253721952,조천-함덕 곶자왈 지대,https://place.map.kakao.com/1253721952,5.0,1,0
1570870423,신촌환해장성,https://place.map.kakao.com/1570870423,0.0,0,0
1085855342,신흥환해장성,https://place.map.kakao.com/1085855342,0.0,0,0
17951916,선녀와나무꾼 테마공원 연꽃농원,https://place.map.kakao.com/17951916,0.0,0,0
12705852,조천연대,https://place.map.kakao.com/12705852,5.0,1,2
1248875418,조천읍 충혼묘지,https://place.map.kakao.com/1248875418,0.0,0,0
608720457,함덕해수욕장 잔디광장,https://place.map.kakao.com/608720457,5.0,2,3
1101453897,큰도물,https://place.map.kakao.com/1101453897,3.0,1,1
10624324,왜포연대,https://place.map.kakao.com/10624324,0.0,0,0
582048244,거문오름 동굴,https://place.map.kakao.com/582048244,0.0,0,0
662876845,먼물깍,https://place.map.kakao.com/662876845,4.3,3,2
613253194,초록숲 지그리,https://place.map.kakao.com/613253194,5.0,4,0
7936209,3.1독립운동기념탑,https://place.map.kakao.com/7936209,5.0,2,0
1731144250,제주햇살농원,https://place.map.kakao.com/1731144250,0.0,0,0
520426778,와흘굴,https://place.map.kakao.com/520426778,5.0,3,0
1472229994,제주드론파크,https://place.map.kakao.com/1472229994,0.0,0,1
18119049,제주돌문화공원 매표휴게소,https://place.map.kakao.com/18119049,0.0,0,0
19164039,이승훈유배지,https://place.map.kakao.com/19164039,5.0,1,0
8191401,구그네오름,https://place.map.kakao.com/8191401,1.5,4,0
1586310652,서우봉 동굴,https://place.map.kakao.com/1586310652,3.0,3,0
1748114795,두말치물,https://place.map.kakao.com/1748114795,4.7,3,1
17558042,제주돌문화공원 돌하르방,https://place.map.kakao.com/17558042,0.0,0,1
1208765829,삼다원 녹차관광농원,https://place.map.kakao.com/1208765829,1.0,1,0
12765619,조군현가옥,https://place.map.kakao.com/12765619,5.0,1,0
8303282,다려도,https://place.map.kakao.com/8303282,4.0,2,3
17810435,와산도예,https://place.map.kakao.com/17810435,0.0,0,0
17562721,제주돌문화공원 역사속의돌문화,https://place.map.kakao.com/17562721,0.0,0,0
1173444143,북받친밭(이덕구산전),https://place.map.kakao.com/1173444143,5.0,3,0
25206936,대천이오름,https://place.map.kakao.com/25206936,1.7,3,1
12765628,북촌리 선사주거지유적,https://place.map.kakao.com/12765628,0.0,0,2
10810149,방애오름,https://place.map.kakao.com/10810149,1.0,1,0
1232263885,함덕4구 평사동 4.3성,https://place.map.kakao.com/1232263885,5.0,2,0
25725972,멍중내,https://place.map.kakao.com/25725972,0.0,0,0
1270319885,쇠물깍,https://place.map.kakao.com/1270319885,5.0,1,0
18119058,제주 돌문화공원 고인돌,https://place.map.kakao.com/18119058,0.0,0,0
11158564,전주이씨계성군장손가묘지,https://place.map.kakao.com/11158564,0.0,0,0
7822670,대성이동굴,https://place.map.kakao.com/7822670,0.0,0,0
18119064,제주돌문화공원 성곽형전망대,https://place.map.kakao.com/18119064,3.0,1,0
8253384,넓은못,https://place.map.kakao.com/8253384,5.0,2,6
12765571,조천리 황씨종손가옥,https://place.map.kakao.com/12765571,0.0,0,0
1507601381,함도그비치,https://place.map.kakao.com/1507601381,0.0,0,0
1572667234,조천리금대,https://place.map.kakao.com/1572667234,0.0,0,0
7888728,반못,https://place.map.kakao.com/7888728,3.0,1,2
18224992,제주돌문화공원 제주전통초가,https://place.map.kakao.com/18224992,3.0,1,0
18854976,곶자왈공유화운동기념비,https://place.map.kakao.com/18854976,0.0,0,0
8065788,족은방애오름,https://place.map.kakao.com/8065788,1.3,3,0
1003367240,경찰숲터,https://place.map.kakao.com/1003367240,5.0,3,0
10471809,부대악,https://place.map.kakao.com/10471809,2.5,4,0
1249812621,와흘리 4.3사건 희생자 위령탑,https://place.map.kakao.com/1249812621,5.0,3,0
1232127642,의사 한백흥 송정옥기념비,https://place.map.kakao.com/1232127642,0.0,0,0
867317876,비자림2,https://place.map.kakao.com/867317876,0.0,0,0
11280084,대섭이굴,https://place.map.kakao.com/11280084,0.0,0,0
10587029,애향탑,https://place.map.kakao.com/10587029,0.0,0,0
830488122,불카분낭,https://place.map.kakao.com/830488122,0.0,0,0
7860797,말찻오름,https://place.map.kakao.com/7860797,3.5,6,1
17581610,제주미니미니랜드 유럽,https://place.map.kakao.com/17581610,0.0,0,0
14632906,북촌동굴,https://place.map.kakao.com/14632906,4.4,5,0
1999143006,함덕4구상점가,https://place.map.kakao.com/1999143006,0.0,0,0
10186346,넙거리오름,https://place.map.kakao.com/10186346,3.3,3,0
254649815,거문오름_탐방,https://place.map.kakao.com/254649815,0.0,0,0
1231357543,옴팡밭,https://place.map.kakao.com/1231357543,4.5,4,0
12705881,함덕연대,https://place.map.kakao.com/12705881,0.0,0,0
1258149028,조천지서 앞밭,https://place.map.kakao.com/1258149028,0.0,0,0
14632913,난시빌레,https://place.map.kakao.com/14632913,5.0,1,0
18119069,제주 돌문화공원 원당사지오층석탑,https://place.map.kakao.com/18119069,0.0,0,0
8083938,천미천,https://place.map.kakao.com/8083938,0.0,0,0
592437676,레드스톤에스테이트 탐라목장,https://place.map.kakao.com/592437676,0.0,0,0
11267601,궤펜이오름,https://place.map.kakao.com/11267601,3.0,1,0
8663817,구사산,https://place.map.kakao.com/8663817,4.8,4,0
8216051,늪서리오름,https://place.map.kakao.com/8216051,3.7,3,0
1231619353,당팟,https://place.map.kakao.com/1231619353,0.0,0,0
25725752,동회천,https://place.map.kakao.com/25725752,0.0,0,0
452986792,레드스톤에스테이트 부설연구농장,https://place.map.kakao.com/452986792,0.0,0,0
17558799,선녀와나무꾼 테마공원 옛사골먹거리장터,https://place.map.kakao.com/17558799,0.0,0,0
17583314,제주미니미니랜드 오세아니아,https://place.map.kakao.com/17583314,0.0,0,0
18118957,제주돌 문화공원 미아보호소,https://place.map.kakao.com/18118957,0.0,0,0
17582079,제주미니미니랜드 아메리카,https://place.map.kakao.com/17582079,0.0,0,0
18119068,제주돌문화공원 돌문화영상,https://place.map.kakao.com/18119068,0.0,0,0
1138206453,제주돌문화공원 오백장군위령탑,https://place.map.kakao.com/1138206453,0.0,0,0
2002042401,한라산국립공원 _성판악1,https://place.map.kakao.com/2002042401,0.0,0,0
7832259,독지최지석기념비,https://place.map.kakao.com/7832259,0.0,0,0
1699149087,용암길탐방로,https://place.map.kakao.com/1699149087,0.0,0,0
10134664,괴못,https://place.map.kakao.com/10134664,0.0,0,0
2020069855,당신의캠프닉,https://place.map.kakao.com/2020069855,0.0,0,0
27470626,선린지리조트 전린지리조트전망대,https://place.map.kakao.com/27470626,0.0,0,0
17558040,제주돌문화공원 연못,https://place.map.kakao.com/17558040,5.0,1,0
1590302862,신화연리지영농조합법인,https://place.map.kakao.com/1590302862,0.0,0,1
1636958749,고요세라믹,https://place.map.kakao.com/1636958749,0.0,0,0
17583315,제주미니미니랜드 환상의나라,https://place.map.kakao.com/17583315,0.0,0,0
2132169693,벵뒤못,https://place.map.kakao.com/2132169693,5.0,3,0
8060802,족은지그리오름,https://place.map.kakao.com/8060802,2.3,3,2
1249414452,총 맞은 비석,https://place.map.kakao.com/1249414452,0.0,0,1
17556442,제주돌문화공원 훈장묘,https://place.map.kakao.com/17556442,0.0,0,0
613867384,한라산국립공원 _성판악3,https://place.map.kakao.com/613867384,0.0,0,0
18119051,제주돌문화공원 의식생활,https://place.map.kakao.com/18119051,0.0,0,0
7992566,어후오름,https://place.map.kakao.com/7992566,5.0,2,0
17576607,제주미니미니랜드 아시아,https://place.map.kakao.com/17576607,0.0,0,0
18119062,제주돌문화공원 원두막휴게소,https://place.map.kakao.com/18119062,0.0,0,0
17560164,제주돌문화공원 존자암지부도,https://place.map.kakao.com/17560164,0.0,0,0
10380414,본술산,https://place.map.kakao.com/10380414,1.0,1,0
7923975,상잣성,https://place.map.kakao.com/7923975,0.0,0,0
18119052,제주돌문화공원 생활속의돌문화,https://place.map.kakao.com/18119052,0.0,0,0
7878620,목지동산,https://place.map.kakao.com/7878620,0.0,0,0
18119066,제주돌문화공원 별관휴게소,https://place.map.kakao.com/18119066,4.0,1,0
25726116,문서천,https://place.map.kakao.com/25726116,0.0,0,0
15174304,한라산 사라악샘터,https://place.map.kakao.com/15174304,0.0,0,0
530095284,한라산국립공원 _성판악4,https://place.map.kakao.com/530095284,0.0,0,0
1052723320,한라산국립공원 _성판악2,https://place.map.kakao.com/1052723320,0.0,0,0
1249514567,김용철 묘,https://place.map.kakao.com/1249514567,0.0,0,0
18119067,제주돌문화공원 주생활,https://place.map.kakao.com/18119067,0.0,0,0
17562723,제주돌문화공원 선사인의돌문화,https://place.map.kakao.com/17562723,0.0,0,0
17580559,제주미니미니랜드 아프리카,https://place.map.kakao.com/17580559,0.0,0,0
10454597,사랑터울,https://place.map.kakao.com/10454597,0.0,0,0
12765597,조규창가옥,https://place.map.kakao.com/12765597,0.0,0,0
13582142,솔동산농원,https://place.map.kakao.com/13582142,0.0,0,0
18119060,제주돌문화공원 미아보호휴게소,https://place.map.kakao.com/18119060,0.0,0,0
18119061,제주돌문화공원 생산생업,https://place.map.kakao.com/18119061,0.0,0,0
8183660,공적비및기념비,https://place.map.kakao.com/8183660,0.0,0,0
8426762,샛궤펜이,https://place.map.kakao.com/8426762,0.0,0,0
10843829,충혼묘비,https://place.map.kakao.com/10843829,0.0,0,0
25725751,동회천,https://place.map.kakao.com/25725751,0.0,0,0
1467255766,백응선선생묘소,https://place.map.kakao.com/1467255766,0.0,0,0
13597626,올레길 18코스(제주원도심-조천 올레),https://place.map.kakao.com/13597626,4.4,15,9
7934984,삼양해수욕장,https://place.map.kakao.com/7934984,3.9,111,183
321362474,샛도리물,https://place.map.kakao.com/321362474,5.0,10,39
689672300,불탑사오층석탑,https://place.map.kakao.com/689672300,0.0,0,3
7924192,제주삼양동유적,https://place.map.kakao.com/7924192,4.7,9,14
1303199487,이덕구 가족묘,https://place.map.kakao.com/1303199487,0.0,0,0
13725568,신촌가는옛길,https://place.map.kakao.com/13725568,3.0,4,0
12747503,새미하로산당,https://place.map.kakao.com/12747503,4.0,2,1
8191971,논오름,https://place.map.kakao.com/8191971,2.0,2,1
1306241973,동회천 4.3희생자 위령비,https://place.map.kakao.com/1306241973,0.0,0,0
74760424,새미숲,https://place.map.kakao.com/74760424,0.0,0,1
12502134,삼양역사올레길,https://place.map.kakao.com/12502134,0.0,0,0
8040155,이붕탑,https://place.map.kakao.com/8040155,0.0,0,0
1712659586,삼양해수욕장종합상황실,https://place.map.kakao.com/1712659586,5.0,1,0
8050463,음나물내,https://place.map.kakao.com/8050463,0.0,0,0
26616781,이덕구선조묘비,https://place.map.kakao.com/26616781,0.0,0,0
8685159,효열비,https://place.map.kakao.com/8685159,0.0,0,0
895998525,도련지석묘 1호,https://place.map.kakao.com/895998525,5.0,1,0
12706122,도련지석묘2호,https://place.map.kakao.com/12706122,5.0,1,0
12772351,고분양태,https://place.map.kakao.com/12772351,0.0,0,0
12706181,삼양지석묘 1호,https://place.map.kakao.com/12706181,0.0,0,0
12765549,삼양동초가,https://place.map.kakao.com/12765549,2.0,1,0
1313559691,도련 재일교포 공덕 기념비,https://place.map.kakao.com/1313559691,0.0,0,0
25726897,삼수천,https://place.map.kakao.com/25726897,0.0,0,0
26842880,김경숙해바라기농장,https://place.map.kakao.com/26842880,3.3,23,39
12736232,삼양환해장성,https://place.map.kakao.com/12736232,3.0,3,3
25401008,도련귤나무,https://place.map.kakao.com/25401008,0.0,0,5
1306423391,도련1동 4.3희생자 위령비,https://place.map.kakao.com/1306423391,0.0,0,0
7916369,사라봉,https://place.map.kakao.com/7916369,4.8,77,11
1412236336,화북동 용천수,https://place.map.kakao.com/1412236336,3.0,1,0
1463252680,도련1동 4.3 희생자 위령제단,https://place.map.kakao.com/1463252680,0.0,0,0
13725563,잃어버린마을곤을동,https://place.map.kakao.com/13725563,4.9,25,1
356693676,나뚜라리농원,https://place.map.kakao.com/356693676,5.0,1,4
7899031,별도봉,https://place.map.kakao.com/7899031,4.6,21,36
12729389,해신사,https://place.map.kakao.com/12729389,4.4,5,7
26199573,별도봉산책로,https://place.map.kakao.com/26199573,4.7,3,1
12736220,곤을동환해장성,https://place.map.kakao.com/12736220,4.0,4,0
11054575,봉아오름,https://place.map.kakao.com/11054575,3.0,3,0
8067272,제주4.3평화공원,https://place.map.kakao.com/8067272,4.8,136,82
12729463,삼사석지,https://place.map.kakao.com/12729463,5.0,3,4
7899034,별도환해장성,https://place.map.kakao.com/7899034,4.4,7,1
10977931,화북비석거리,https://place.map.kakao.com/10977931,4.3,3,0
7894206,별도연대,https://place.map.kakao.com/7894206,5.0,3,3
25319845,열안지오름,https://place.map.kakao.com/25319845,2.0,4,0
27302956,안세미오름,https://place.map.kakao.com/27302956,4.4,24,12
12736227,화북진지,https://place.map.kakao.com/12736227,5.0,2,1
8111773,칡오름,https://place.map.kakao.com/8111773,2.5,4,1
96404021,큰짓물,https://place.map.kakao.com/96404021,4.5,2,0
14666420,제주녹색농원,https://place.map.kakao.com/14666420,0.0,0,0
241172259,봉개오름,https://place.map.kakao.com/241172259,0.0,0,0
8402972,알오름,https://place.map.kakao.com/8402972,4.3,6,2
1131137226,삼사석,https://place.map.kakao.com/1131137226,0.0,0,0
8654782,고냉이술,https://place.map.kakao.com/8654782,2.7,3,0
13723962,애기업은돌,https://place.map.kakao.com/13723962,4.4,9,0
25726898,삼수천,https://place.map.kakao.com/25726898,0.0,0,0
7818011,대락동산,https://place.map.kakao.com/7818011,5.0,2,0
17807422,모충사,https://place.map.kakao.com/17807422,4.5,2,10
25176062,고냉이굴오름,https://place.map.kakao.com/25176062,2.0,1,0
1256254736,별도봉 일본군 진지동굴(4·3희생자 유해 발굴지),https://place.map.kakao.com/1256254736,5.0,4,0
1256206133,고냉이술궤,https://place.map.kakao.com/1256206133,5.0,1,0
12765547,김석윤가옥,https://place.map.kakao.com/12765547,5.0,1,0
7894204,별도,https://place.map.kakao.com/7894204,5.0,1,0
10661723,열녀비,https://place.map.kakao.com/10661723,0.0,0,0
25726895,삼수천,https://place.map.kakao.com/25726895,0.0,0,0
10977875,화북천,https://place.map.kakao.com/10977875,0.0,0,0
8172884,화북천,https://place.map.kakao.com/8172884,5.0,1,0
8064174,족은칡오름,https://place.map.kakao.com/8064174,2.0,2,0
26549973,삼수천,https://place.map.kakao.com/26549973,0.0,0,0
25726896,삼수천,https://place.map.kakao.com/25726896,0.0,0,0
12711070,거로능동산방묘,https://place.map.kakao.com/12711070,0.0,0,0
10196675,김만덕묘비,https://place.map.kakao.com/10196675,4.2,6,0
10729289,전못,https://place.map.kakao.com/10729289,0.0,0,0
8147082,감투동산,https://place.map.kakao.com/8147082,0.0,0,0
8504220,절동산,https://place.map.kakao.com/8504220,0.0,0,0
10462526,부록천,https://place.map.kakao.com/10462526,0.0,0,0
10271750,능동산,https://place.map.kakao.com/10271750,4.0,1,0
10443263,산신동산,https://place.map.kakao.com/10443263,0.0,0,0
26916277,제주사라봉 일제동굴진지,https://place.map.kakao.com/26916277,4.0,3,0
25726584,부록천,https://place.map.kakao.com/25726584,0.0,0,0
214377173,사라노을숲,https://place.map.kakao.com/214377173,0.0,0,0
25244025,밧세미오름,https://place.map.kakao.com/25244025,2.7,6,1
130526986,봉개동명도암선생유허비,https://place.map.kakao.com/130526986,4.0,1,1
1628700228,사라봉수,https://place.map.kakao.com/1628700228,4.3,3,0
1389831138,성안올레 1코스,https://place.map.kakao.com/1389831138,0.0,0,1
8190244,공덕비,https://place.map.kakao.com/8190244,3.0,1,0
12721319,노루생태관찰원,https://place.map.kakao.com/12721319,3.5,44,82
2030127403,안세미오름 습지,https://place.map.kakao.com/2030127403,0.0,0,0
25725275,대룡소천,https://place.map.kakao.com/25725275,0.0,0,0
25379468,큰노루손이오름,https://place.map.kakao.com/25379468,3.6,5,0
11226996,팔각정,https://place.map.kakao.com/11226996,4.5,4,0
18039333,사라봉공원 김만덕묘탑,https://place.map.kakao.com/18039333,0.0,0,0
1935695346,월남참전기념탑,https://place.map.kakao.com/1935695346,0.0,0,0
260892170,제주올레18코스 공식안내소,https://place.map.kakao.com/260892170,4.2,5,5
10801926,족은노루손이,https://place.map.kakao.com/10801926,2.8,4,0
470176183,포제당,https://place.map.kakao.com/470176183,3.0,1,0
1236775664,사라봉산책로,https://place.map.kakao.com/1236775664,0.0,0,0
18039336,사라봉공원 의병항쟁기념탑,https://place.map.kakao.com/18039336,0.0,0,0
25726274,방천,https://place.map.kakao.com/25726274,0.0,0,0
12747485,월평다라쿳당,https://place.map.kakao.com/12747485,5.0,1,0
8473325,순국지사조봉호기념비,https://place.map.kakao.com/8473325,5.0,2,0
326102329,사라봉숲길,https://place.map.kakao.com/326102329,4.0,1,0
14521417,두맹이골목,https://place.map.kakao.com/14521417,3.0,5,0
1255908977,가시나물 4.3성,https://place.map.kakao.com/1255908977,2.5,2,0
8047929,모충사 의병항쟁기념탑,https://place.map.kakao.com/8047929,3.0,1,0
8471090,의녀반수,https://place.map.kakao.com/8471090,3.0,1,0
18039337,사라봉공원 순국지사조봉호기념탑,https://place.map.kakao.com/18039337,3.0,1,0
1264951717,월평리 4·3성,https://place.map.kakao.com/1264951717,5.0,1,0
7963166,순국지사,https://place.map.kakao.com/7963166,0.0,0,0
1302950802,군인 전사자 추모비,https://place.map.kakao.com/1302950802,5.0,3,0
27588357,제주4.3평화공원 위령탑,https://place.map.kakao.com/27588357,0.0,0,0
25039168,복신미륵동자복,https://place.map.kakao.com/25039168,5.0,4,2
1406565611,산지천 전망대,https://place.map.kakao.com/1406565611,4.3,3,0
25726277,방천,https://place.map.kakao.com/25726277,0.0,0,0
27588360,제주4.3평화공원 위령제단,https://place.map.kakao.com/27588360,0.0,0,1
10213673,기념비,https://place.map.kakao.com/10213673,0.0,0,0
26641142,제주항관광안내소,https://place.map.kakao.com/26641142,0.0,0,0
27588361,제주4.3평화공원 추념광장,https://place.map.kakao.com/27588361,0.0,0,0
506755464,전망대 제주항연안여객터미널,https://place.map.kakao.com/506755464,0.0,0,0
25726275,방천,https://place.map.kakao.com/25726275,0.0,0,0
12706184,중인문로,https://place.map.kakao.com/12706184,5.0,2,0
10284750,뒷동산,https://place.map.kakao.com/10284750,2.7,3,0
1999056292,졸락코지 골목형상점가,https://place.map.kakao.com/1999056292,0.0,0,0
1878404656,4·3해원방사탑,https://place.map.kakao.com/1878404656,0.0,0,0
12273344,우녀천,https://place.map.kakao.com/12273344,0.0,0,1
25222743,들레오름,https://place.map.kakao.com/25222743,2.0,3,1
1810447953,아라4.3길안내센터,https://place.map.kakao.com/1810447953,3.0,2,0
25726829,산지천,https://place.map.kakao.com/25726829,0.0,0,0
1595454561,고서흥공덕비,https://place.map.kakao.com/1595454561,0.0,0,0
11031763,금산유허비,https://place.map.kakao.com/11031763,0.0,0,0
8013599,올림픽기념비,https://place.map.kakao.com/8013599,0.0,0,0
1836353575,깨어진 공적비,https://place.map.kakao.com/1836353575,0.0,0,0
102453956,관광지순환버스,https://place.map.kakao.com/102453956,,,0
12753454,올레길 13코스(용수-저지 올레),https://place.map.kakao.com/12753454,3.8,13,4
26239274,신창풍차해안도로,https://place.map.kakao.com/26239274,4.6,156,190
25294439,수월봉,https://place.map.kakao.com/25294439,4.5,105,71
1901034660,산양큰엉곶,https://place.map.kakao.com/1901034660,4.2,94,847
25049180,신창풍차해안,https://place.map.kakao.com/25049180,4.6,81,28
27105147,수월봉전망대,https://place.map.kakao.com/27105147,4.5,47,3
20056455,엉알해안,https://place.map.kakao.com/20056455,4.6,65,33
416160023,수월봉지질트레일,https://place.map.kakao.com/416160023,4.3,26,80
8085765,차귀도,https://place.map.kakao.com/8085765,4.6,31,16
26055280,천주교제주교구 용수성지,https://place.map.kakao.com/26055280,4.9,12,51
8064310,제주 유리의성,https://place.map.kakao.com/8064310,3.2,30,8
7814429,당산봉,https://place.map.kakao.com/7814429,4.6,38,17
1661007896,산양곶자왈,https://place.map.kakao.com/1661007896,4.3,25,0
13725888,생이기정,https://place.map.kakao.com/13725888,4.7,32,1
21736745,청수곶자왈,https://place.map.kakao.com/21736745,3.2,9,12
1917059406,제주고산리유적,https://place.map.kakao.com/1917059406,3.7,13,9
243953803,저지곶자왈,https://place.map.kakao.com/243953803,1.0,1,0
1843884553,제주고산리유적안내센터,https://place.map.kakao.com/1843884553,5.0,5,76
8060962,절부암,https://place.map.kakao.com/8060962,5.0,1,2
128783471,용찬이굴,https://place.map.kakao.com/128783471,4.3,7,2
1314142379,고산리등명대,https://place.map.kakao.com/1314142379,4.3,3,0
13725859,용수저수지,https://place.map.kakao.com/13725859,1.0,1,4
9440927,가마오름,https://place.map.kakao.com/9440927,4.0,1,3
26916266,제주가마오름 일제동굴진지,https://place.map.kakao.com/26916266,4.5,2,0
10256313,당산봉알봉,https://place.map.kakao.com/10256313,4.2,6,0
12747500,용수마을방사탑 2호,https://place.map.kakao.com/12747500,4.0,2,2
1722657096,청수곶자왈 입구,https://place.map.kakao.com/1722657096,0.0,0,0
8293848,명이동못,https://place.map.kakao.com/8293848,0.0,0,0
13725881,고사리숲길,https://place.map.kakao.com/13725881,0.0,0,0
11117069,새신오름,https://place.map.kakao.com/11117069,2.7,3,3
8663815,굽은오름,https://place.map.kakao.com/8663815,1.5,2,0
10647989,연화못,https://place.map.kakao.com/10647989,1.3,3,0
11192095,용당못,https://place.map.kakao.com/11192095,0.0,0,0
14826665,청수마을,https://place.map.kakao.com/14826665,0.0,0,1
1764303194,선세비,https://place.map.kakao.com/1764303194,5.0,1,0
1216350324,고산국민학교,https://place.map.kakao.com/1216350324,0.0,0,0
8195579,고창언영사비,https://place.map.kakao.com/8195579,0.0,0,0
994203384,차귀도천연보호구역,https://place.map.kakao.com/994203384,4.0,1,0
481815589,엉알길,https://place.map.kakao.com/481815589,4.7,3,0
1295489378,성김대건신부기념상,https://place.map.kakao.com/1295489378,0.0,0,0
65122154,빌레뱅디,https://place.map.kakao.com/65122154,4.7,13,9
10625655,와도,https://place.map.kakao.com/10625655,0.0,0,1
465729084,녹고대,https://place.map.kakao.com/465729084,0.0,0,0
13725853,복원된밭길,https://place.map.kakao.com/13725853,0.0,0,0
1215246321,고산지서 터,https://place.map.kakao.com/1215246321,0.0,0,0
12747506,용수마을방사탑 1호,https://place.map.kakao.com/12747506,4.0,1,0
13725874,고목나무숲길,https://place.map.kakao.com/13725874,4.0,1,0
13725867,특전사숲길,https://place.map.kakao.com/13725867,1.5,2,0
1426992999,오빼미물,https://place.map.kakao.com/1426992999,0.0,0,1
8096189,충혼탑,https://place.map.kakao.com/8096189,0.0,0,0
8062159,전몰충혼비,https://place.map.kakao.com/8062159,0.0,0,0
27215149,덕암헌,https://place.map.kakao.com/27215149,5.0,1,1
13725893,너른밭길,https://place.map.kakao.com/13725893,0.0,0,0
13725910,하동숲길,https://place.map.kakao.com/13725910,0.0,0,0
201572108,모진흘물,https://place.map.kakao.com/201572108,0.0,0,1
13725814,노루쉼터,https://place.map.kakao.com/13725814,0.0,0,0
13725831,효자정려,https://place.map.kakao.com/13725831,0.0,0,0
13725872,쪼른숲길,https://place.map.kakao.com/13725872,0.0,0,0
10135822,구재기동산,https://place.map.kakao.com/10135822,0.0,0,0
8162117,효자비,https://place.map.kakao.com/8162117,0.0,0,0
8167542,효자비,https://place.map.kakao.com/8167542,4.0,1,0
13725862,먼고돌담,https://place.map.kakao.com/13725862,1.0,1,0
7862039,머들동산,https://place.map.kakao.com/7862039,0.0,0,0
7875187,모란동산,https://place.map.kakao.com/7875187,0.0,0,0
8264258,도용나무동산,https://place.map.kakao.com/8264258,0.0,0,0
11816046,밧소랭이,https://place.map.kakao.com/11816046,0.0,0,0
11074681,매주낭굴,https://place.map.kakao.com/11074681,0.0,0,0
8186279,공덕비,https://place.map.kakao.com/8186279,0.0,0,0
12753460,올레길 12코스(무릉-용수 올레),https://place.map.kakao.com/12753460,4.7,18,13
12728719,신도리도요지,https://place.map.kakao.com/12728719,5.0,1,0
874900604,도구리알,https://place.map.kakao.com/874900604,4.7,30,25
25198772,녹남봉,https://place.map.kakao.com/25198772,4.2,9,6
843799102,멜케천,https://place.map.kakao.com/843799102,0.0,0,0
2105646316,고산일과해안도로,https://place.map.kakao.com/2105646316,4.9,8,0
178756588,삼각골천,https://place.map.kakao.com/178756588,0.0,0,0
7982717,신도저수지,https://place.map.kakao.com/7982717,0.0,0,0
1141236688,잃어버린 마을 새나무곶,https://place.map.kakao.com/1141236688,0.0,0,0
26303275,무릉도원올레권역,https://place.map.kakao.com/26303275,0.0,0,0
13725852,신도생태연못,https://place.map.kakao.com/13725852,0.0,0,0
7967153,순국전우추모기념비,https://place.map.kakao.com/7967153,0.0,0,0
2142795492,신도리고인돌,https://place.map.kakao.com/2142795492,0.0,0,0
2142503584,제남김선생일영기념비,https://place.map.kakao.com/2142503584,0.0,0,0
13725865,신도바당올레,https://place.map.kakao.com/13725865,4.8,5,0
1710960156,하멜일행난파희생자위령비,https://place.map.kakao.com/1710960156,0.0,0,0
11299651,보롬이,https://place.map.kakao.com/11299651,1.5,2,0
7877804,무릉리 방사탑1호,https://place.map.kakao.com/7877804,0.0,0,0
10417470,무릉리방사탑4호,https://place.map.kakao.com/10417470,5.0,2,0
644445557,무릉1리 향사,https://place.map.kakao.com/644445557,0.0,0,0
13723673,무릉곶자왈,https://place.map.kakao.com/13723673,5.0,1,2
10548078,손당못,https://place.map.kakao.com/10548078,0.0,0,0
11067975,무릉리방사탑2호,https://place.map.kakao.com/11067975,5.0,1,0
13725819,무릉곶 자왈아름다운숲길,https://place.map.kakao.com/13725819,4.6,12,2
7884082,무릉리방사탑3호,https://place.map.kakao.com/7884082,5.0,1,0
1118580530,무릉저수지,https://place.map.kakao.com/1118580530,0.0,0,1
1787902595,고랫머들,https://place.map.kakao.com/1787902595,5.0,1,0
2140967429,4.3위령비,https://place.map.kakao.com/2140967429,0.0,0,0
13725815,정개왓광장,https://place.map.kakao.com/13725815,0.0,0,0
1250339855,성제숯굿,https://place.map.kakao.com/1250339855,5.0,1,0
13725821,영동케,https://place.map.kakao.com/13725821,0.0,0,0
1265815590,한수기곶,https://place.map.kakao.com/1265815590,0.0,0,0
13725818,항물,https://place.map.kakao.com/13725818,0.0,0,0
13725935,구남물,https://place.map.kakao.com/13725935,4.5,4,0
13009955,올레길 18-1코스(추자도-올레),https://place.map.kakao.com/13009955,4.0,9,2
10839940,추자도,https://place.map.kakao.com/10839940,4.1,33,8
1192113739,올레길 18-2코스(하추자-올레),https://place.map.kakao.com/1192113739,5.0,3,2
13723461,황경한의 묘,https://place.map.kakao.com/13723461,5.0,2,3
18376814,상추자도,https://place.map.kakao.com/18376814,5.0,1,2
1084947873,나바론하늘길,https://place.map.kakao.com/1084947873,4.7,3,4
13723442,돈대산,https://place.map.kakao.com/13723442,4.8,8,1
13723868,나바론절벽,https://place.map.kakao.com/13723868,5.0,7,1
1011773473,후포해변,https://place.map.kakao.com/1011773473,4.5,2,2
13723641,모진이몽돌해변,https://place.map.kakao.com/13723641,4.3,4,1
260803970,제주올레 18-1코스 공식안내소,https://place.map.kakao.com/260803970,5.0,3,1
18376919,하추자도,https://place.map.kakao.com/18376919,4.5,2,2
25206399,대왕산,https://place.map.kakao.com/25206399,4.8,4,1
4527491,용둠벙전망대,https://place.map.kakao.com/4527491,5.0,7,2
920921676,눈물의십자가,https://place.map.kakao.com/920921676,4.6,8,2
12678076,제주 최영 장군 사당,https://place.map.kakao.com/12678076,5.0,5,2
1811724332,하추자무지개해안도로,https://place.map.kakao.com/1811724332,0.0,0,0
1496679411,추자도바다정원,https://place.map.kakao.com/1496679411,0.0,0,0
2064500206,추자도무지개해안도로,https://place.map.kakao.com/2064500206,5.0,1,0
2076852700,용둠벙 숲길,https://place.map.kakao.com/2076852700,5.0,2,0
13723476,신대산전망대,https://place.map.kakao.com/13723476,5.0,2,0
13725892,봉골레산,https://place.map.kakao.com/13725892,4.8,4,1
1838898304,대왕산 황금길,https://place.map.kakao.com/1838898304,0.0,0,0
259535590,묵리고개전망대,https://place.map.kakao.com/259535590,0.0,0,0
1908687980,황경한의 묘 십자가,https://place.map.kakao.com/1908687980,0.0,0,0
2006054567,용둠벙정,https://place.map.kakao.com/2006054567,0.0,0,0
2079018505,다무래미,https://place.map.kakao.com/2079018505,4.7,3,0
17439264,사수도,https://place.map.kakao.com/17439264,4.5,8,1
341687364,은달산 전망터,https://place.map.kakao.com/341687364,0.0,0,0
77587494,영흥리 벽화골목,https://place.map.kakao.com/77587494,0.0,0,0
7946995,석두청산,https://place.map.kakao.com/7946995,5.0,1,0
1961640246,졸복산 전망대,https://place.map.kakao.com/1961640246,0.0,0,0
1833046449,추자도 올레길 해안데크 산책로,https://place.map.kakao.com/1833046449,0.0,0,0
261255300,추자교쉼터,https://place.map.kakao.com/261255300,0.0,0,0
25236822,묵리고개,https://place.map.kakao.com/25236822,0.0,0,0
255939780,추자도어민대일항쟁기념비,https://place.map.kakao.com/255939780,0.0,0,0
2063876125,석두청산쉼터,https://place.map.kakao.com/2063876125,5.0,1,0
87815523,코끼리바위,https://place.map.kakao.com/87815523,5.0,1,0
290926150,봉글래쉼터,https://place.map.kakao.com/290926150,0.0,0,0
261508186,추석산 일제진지동굴,https://place.map.kakao.com/261508186,0.0,0,0
262832080,쉼터,https://place.map.kakao.com/262832080,0.0,0,0
341922278,추자전망대,https://place.map.kakao.com/341922278,0.0,0,0
1962995546,묵리 숟가락나무,https://place.map.kakao.com/1962995546,0.0,0,0
14880319,대관탈도,https://place.map.kakao.com/14880319,4.8,4,1
1917807894,낙조 전망대,https://place.map.kakao.com/1917807894,0.0,0,0
12777585,추자처사각,https://place.map.kakao.com/12777585,5.0,1,0
1483478299,황경한의눈물,https://place.map.kakao.com/1483478299,0.0,0,0
26564426,추자도해안일주길,https://place.map.kakao.com/26564426,0.0,0,0
13723879,순효각,https://place.map.kakao.com/13723879,0.0,0,0
1918221716,치유의 기념비,https://place.map.kakao.com/1918221716,0.0,0,0
1827326119,돈대정,https://place.map.kakao.com/1827326119,0.0,0,0
25361177,졸복산,https://place.map.kakao.com/25361177,4.0,1,0
341505958,신대해수욕장 쉼터,https://place.map.kakao.com/341505958,0.0,0,0
259684113,묵리 용의 화석 바위 전망대,https://place.map.kakao.com/259684113,0.0,0,0
2065149589,추자도숭어체험장,https://place.map.kakao.com/2065149589,0.0,0,0
1809528238,모진이 무지개해안도로,https://place.map.kakao.com/1809528238,0.0,0,0
341469679,바람케길쉼터,https://place.map.kakao.com/341469679,0.0,0,0
291146835,신대해수욕장,https://place.map.kakao.com/291146835,0.0,0,0
13723488,예초리기정길끝,https://place.map.kakao.com/13723488,0.0,0,0
114274632,말머리 바위,https://place.map.kakao.com/114274632,0.0,0,0
300427819,엄바위장승,https://place.map.kakao.com/300427819,3.0,1,0
291377565,쉼터,https://place.map.kakao.com/291377565,0.0,0,0
1317879688,추자도여행자센터,https://place.map.kakao.com/1317879688,0.0,0,0
25223271,등대산,https://place.map.kakao.com/25223271,4.0,1,0
25381568,큰산,https://place.map.kakao.com/25381568,4.0,1,0
1462815323,참굴비상,https://place.map.kakao.com/1462815323,5.0,1,0
20152335,직구도,https://place.map.kakao.com/20152335,5.0,2,0
27108986,화도,https://place.map.kakao.com/27108986,5.0,1,1
1812780933,추자도 전망대,https://place.map.kakao.com/1812780933,0.0,0,0
1906587038,다함께춤추자,https://place.map.kakao.com/1906587038,0.0,0,0
834297500,모정의 쉼터,https://place.map.kakao.com/834297500,5.0,2,0
77396369,대서리 벽화 골목길,https://place.map.kakao.com/77396369,0.0,0,0
1896961229,학교가는샛길,https://place.map.kakao.com/1896961229,0.0,0,0
8166850,횡간도,https://place.map.kakao.com/8166850,5.0,1,0
25375826,추석산,https://place.map.kakao.com/25375826,0.0,0,0
14864647,수덕도,https://place.map.kakao.com/14864647,3.0,1,0
694146849,소관탈도,https://place.map.kakao.com/694146849,5.0,3,0
2064526637,정난주 마리아 동상,https://place.map.kakao.com/2064526637,5.0,1,0
345668963,제4수원지,https://place.map.kakao.com/345668963,0.0,0,0
1810534573,추자호,https://place.map.kakao.com/1810534573,0.0,0,0
338741110,올레길쉼터,https://place.map.kakao.com/338741110,0.0,0,0
291417258,묵리해안쉼터,https://place.map.kakao.com/291417258,0.0,0,0
275809855,일본샘,https://place.map.kakao.com/275809855,0.0,0,0
14883160,추포도,https://place.map.kakao.com/14883160,5.0,1,0
25206889,대창재,https://place.map.kakao.com/25206889,0.0,0,0
1697155021,추자도 참조기 조형물,https://place.map.kakao.com/1697155021,0.0,0,0
25347248,작은산,https://place.map.kakao.com/25347248,0.0,0,0
2065214881,묵리낱말고개,https://place.map.kakao.com/2065214881,0.0,0,0
24710649,절명서,https://place.map.kakao.com/24710649,0.0,0,0
261224457,오지박전망대,https://place.map.kakao.com/261224457,0.0,0,0
1830931917,등대산 나침반,https://place.map.kakao.com/1830931917,0.0,0,0
345670411,제3수원지,https://place.map.kakao.com/345670411,0.0,0,0
356629440,제1수원지,https://place.map.kakao.com/356629440,0.0,0,0
17439267,청도,https://place.map.kakao.com/17439267,5.0,3,1
1903490241,메주박샘,https://place.map.kakao.com/1903490241,0.0,0,0
2138352565,장작정,https://place.map.kakao.com/2138352565,0.0,0,0
25220913,뒷골,https://place.map.kakao.com/25220913,0.0,0,0
415688894,장작평사,https://place.map.kakao.com/415688894,0.0,0,0
1819774928,제2수원지,https://place.map.kakao.com/1819774928,0.0,0,0
1908954493,석두청산 전망대,https://place.map.kakao.com/1908954493,0.0,0,0
25312874,앞산,https://place.map.kakao.com/25312874,0.0,0,0
8116731,충혼묘지,https://place.map.kakao.com/8116731,0.0,0,0
2133273064,영흥리 우물,https://place.map.kakao.com/2133273064,0.0,0,0
1916893260,묵리우물,https://place.map.kakao.com/1916893260,0.0,0,0
20152331,수령섬,https://place.map.kakao.com/20152331,5.0,6,0
1812732157,돈대산 해맞이길,https://place.map.kakao.com/1812732157,0.0,0,0
1790277692,기꺼산 제단,https://place.map.kakao.com/1790277692,5.0,2,0
1982085403,신양정,https://place.map.kakao.com/1982085403,0.0,0,0
1899840171,추자12가지이야기,https://place.map.kakao.com/1899840171,0.0,0,0
1917000545,큰샘,https://place.map.kakao.com/1917000545,0.0,0,0
2142227785,반공탑,https://place.map.kakao.com/2142227785,5.0,1,0
27055539,섬생이,https://place.map.kakao.com/27055539,5.0,1,0
767166221,묵리처녀당,https://place.map.kakao.com/767166221,0.0,0,0
1823094343,치유의 언덕,https://place.map.kakao.com/1823094343,0.0,0,0
2141655350,작은작젯길,https://place.map.kakao.com/2141655350,0.0,0,0
1161586513,쇠머리,https://place.map.kakao.com/1161586513,5.0,1,0
25189280,금파골,https://place.map.kakao.com/25189280,0.0,0,0
416146704,득규네샘,https://place.map.kakao.com/416146704,0.0,0,0
1917784651,마법의 길,https://place.map.kakao.com/1917784651,0.0,0,0
1901745508,선재동자탑,https://place.map.kakao.com/1901745508,0.0,0,0
25202353,닭목재,https://place.map.kakao.com/25202353,0.0,0,0
1536472821,예초리기정길,https://place.map.kakao.com/1536472821,0.0,0,0
12665436,추자면연대,https://place.map.kakao.com/12665436,0.0,0,0
13723472,영흥쉼터,https://place.map.kakao.com/13723472,0.0,0,0
27347133,두령여,https://place.map.kakao.com/27347133,0.0,0,0
98397065,쉼터,https://place.map.kakao.com/98397065,5.0,1,0
20152328,염섬,https://place.map.kakao.com/20152328,5.0,2,0
20152346,미역섬,https://place.map.kakao.com/20152346,5.0,2,0
2133192230,가운데샘,https://place.map.kakao.com/2133192230,0.0,0,0
1098458687,담수장옆길,https://place.map.kakao.com/1098458687,0.0,0,0
20082075,밖미역섬,https://place.map.kakao.com/20082075,5.0,4,0
20152339,덜섬,https://place.map.kakao.com/20152339,5.0,1,0
2143455271,대왕산정,https://place.map.kakao.com/2143455271,5.0,1,0
1831044735,엄바위장승 쉼터,https://place.map.kakao.com/1831044735,0.0,0,0
20152343,보론섬,https://place.map.kakao.com/20152343,5.0,1,0
20152330,흑검도,https://place.map.kakao.com/20152330,5.0,1,0
27347147,노린여,https://place.map.kakao.com/27347147,0.0,0,0
25382983,큰지산,https://place.map.kakao.com/25382983,5.0,4,0
25222238,뒷산,https://place.map.kakao.com/25222238,5.0,1,0
27347125,납덕이,https://place.map.kakao.com/27347125,5.0,1,0
25208929,덕인산,https://place.map.kakao.com/25208929,0.0,0,0
1684997032,악생이,https://place.map.kakao.com/1684997032,5.0,3,0
25226628,막가채산,https://place.map.kakao.com/25226628,0.0,0,0
20152340,상섬,https://place.map.kakao.com/20152340,5.0,1,1
14864868,예도,https://place.map.kakao.com/14864868,5.0,3,0
13723886,묵리 고갯마루,https://place.map.kakao.com/13723886,0.0,0,0
12753592,올레길 1-1코스(우도-올레),https://place.map.kakao.com/12753592,4.6,8,0
11041974,검멀레해변,https://place.map.kakao.com/11041974,4.5,100,5
13723562,비양도망대,https://place.map.kakao.com/13723562,4.0,42,2
1347437237,훈데르트바서파크,https://place.map.kakao.com/1347437237,3.5,46,182
1356550785,비양도,https://place.map.kakao.com/1356550785,4.3,4,18
246104758,소머리오름,https://place.map.kakao.com/246104758,4.7,29,23
20056498,톨칸이해변,https://place.map.kakao.com/20056498,3.3,6,1
26973777,동안경굴,https://place.map.kakao.com/26973777,4.3,6,2
2140673028,비와사폭포,https://place.map.kakao.com/2140673028,4.0,3,0
26092498,후해석벽,https://place.map.kakao.com/26092498,4.7,18,1
8277234,검멀레동굴,https://place.map.kakao.com/8277234,5.0,1,6
26162074,우도해양도립공원,https://place.map.kakao.com/26162074,3.3,8,0
26207894,우도지석묘,https://place.map.kakao.com/26207894,4.3,3,6
1302445901,영일동 방사탑 등대,https://place.map.kakao.com/1302445901,0.0,0,0
193801101,지두청사,https://place.map.kakao.com/193801101,4.6,5,1
286446828,어룡굴,https://place.map.kakao.com/286446828,4.0,1,0
13723591,한반도여,https://place.map.kakao.com/13723591,4.2,5,1
7870134,망동산,https://place.map.kakao.com/7870134,0.0,0,0
11192360,우도저수지,https://place.map.kakao.com/11192360,5.0,1,0
1980627813,러일전쟁 당시 일본군 초소 유허지,https://place.map.kakao.com/1980627813,1.0,1,0
12502131,우도해안도로,https://place.map.kakao.com/12502131,0.0,0,0
7949391,성산해안도로,https://place.map.kakao.com/7949391,4.8,8,1
1718571277,우뭇개해안,https://place.map.kakao.com/1718571277,4.4,45,70
25285071,성산일출봉,https://place.map.kakao.com/25285071,4.7,408,531
17809611,성산일출해양도립공원,https://place.map.kakao.com/17809611,4.7,181,263
1762278118,성산일출봉 정상전망대,https://place.map.kakao.com/1762278118,4.5,14,1
1187261610,성산포경찰서 옛터,https://place.map.kakao.com/1187261610,0.0,0,0
586946804,세계7대자연경관선정기념 인증조형물,https://place.map.kakao.com/586946804,5.0,3,0
13723499,광치기해변,https://place.map.kakao.com/13723499,4.6,198,274
13718563,수마포해안,https://place.map.kakao.com/13718563,5.0,10,7
1187396822,우뭇개동산,https://place.map.kakao.com/1187396822,0.0,0,0
1421516343,성산일출봉 응회구,https://place.map.kakao.com/1421516343,4.8,5,2
8040871,유채꽃밭,https://place.map.kakao.com/8040871,4.3,74,145
13723496,광치기중간,https://place.map.kakao.com/13723496,4.6,31,0
10607235,신양섭지해수욕장,https://place.map.kakao.com/10607235,3.7,39,46
1138433236,제주4.3 성산읍 희생자 추모공원,https://place.map.kakao.com/1138433236,4.9,11,0
26975305,제주일출봉해안 일제동굴진지,https://place.map.kakao.com/26975305,0.0,0,1
1264283480,터진목,https://place.map.kakao.com/1264283480,5.0,4,0
8413659,섭지코지,https://place.map.kakao.com/8413659,4.4,355,295
17581830,휘닉스아일랜드 글라스하우스,https://place.map.kakao.com/17581830,3.5,50,15
25206111,대수산봉,https://place.map.kakao.com/25206111,4.5,36,12
10455716,붉은오름,https://place.map.kakao.com/10455716,4.4,10,2
26295374,섭지코지전망대,https://place.map.kakao.com/26295374,5.0,1,0
8503881,100주년기념탑,https://place.map.kakao.com/8503881,4.6,5,0
23150911,휘닉스제주섭지코지 해안산책로,https://place.map.kakao.com/23150911,5.0,2,0
23121314,아쿠아플라넷제주 오션데크,https://place.map.kakao.com/23121314,4.0,1,0
7970247,신양신산해안도로,https://place.map.kakao.com/7970247,4.3,3,0
25288503,소수산봉,https://place.map.kakao.com/25288503,1.3,4,0
23121312,아쿠아플라넷제주 오름언덕,https://place.map.kakao.com/23121312,0.0,0,1
7953466,선녀바위,https://place.map.kakao.com/7953466,4.8,8,0
23150913,휘닉스제주섭지코지 바람의언덕,https://place.map.kakao.com/23150913,3.8,5,0
23150907,휘닉스제주 불턱BBQ,https://place.map.kakao.com/23150907,5.0,1,0
8331930,봉화대,https://place.map.kakao.com/8331930,5.0,3,0
23121313,아쿠아플라넷제주 상고지언덕,https://place.map.kakao.com/23121313,0.0,0,2
266096178,휘닉스아일랜드 섭지 광장,https://place.map.kakao.com/266096178,0.0,0,0
1565295947,섭지오름,https://place.map.kakao.com/1565295947,0.0,0,0
23150902,아쿠아플라넷제주 사람쉼팡,https://place.map.kakao.com/23150902,0.0,0,3
17993958,휘닉스제주섭지코지 송이길산책로,https://place.map.kakao.com/17993958,0.0,0,2
8615054,협자연대,https://place.map.kakao.com/8615054,3.5,2,0
10658318,연태탑,https://place.map.kakao.com/10658318,5.0,1,0
10381536,봉수성,https://place.map.kakao.com/10381536,4.0,3,0
7901660,봉수대,https://place.map.kakao.com/7901660,0.0,0,0
23150829,삼석총,https://place.map.kakao.com/23150829,5.0,1,0
26560624,칠성로쇼핑거리,https://place.map.kakao.com/26560624,3.9,12,0
7910887,산지천,https://place.map.kakao.com/7910887,4.1,7,1
2000552601,제주여행자센터,https://place.map.kakao.com/2000552601,5.0,2,22
1380862515,탐라문화광장,https://place.map.kakao.com/1380862515,3.4,8,27
227205923,북수구광장,https://place.map.kakao.com/227205923,4.0,2,15
688041619,해병혼 해병대 기념탑,https://place.map.kakao.com/688041619,3.4,5,0
43687775,남수각하늘길벽화거리,https://place.map.kakao.com/43687775,5.0,1,1
19164064,김진구.김춘택유배지,https://place.map.kakao.com/19164064,5.0,2,0
130164057,운주당지구,https://place.map.kakao.com/130164057,0.0,0,0
19164065,송시열유배지,https://place.map.kakao.com/19164065,1.5,2,0
19164057,김정 유배지,https://place.map.kakao.com/19164057,0.0,0,0
708965034,다온,https://place.map.kakao.com/708965034,5.0,5,1
19165475,김윤식.이승오유배지,https://place.map.kakao.com/19165475,5.0,2,0
8671789,관덕정,https://place.map.kakao.com/8671789,4.4,65,63
10805294,제주목 관아,https://place.map.kakao.com/10805294,4.4,48,180
26523226,흑돼지거리,https://place.map.kakao.com/26523226,3.3,10,2
10795473,제주성지,https://place.map.kakao.com/10795473,3.2,6,3
7923901,삼성혈,https://place.map.kakao.com/7923901,4.1,113,179
11540370,용두암,https://place.map.kakao.com/11540370,3.9,281,17
8019804,오현단,https://place.map.kakao.com/8019804,3.5,12,11
12765233,향사당,https://place.map.kakao.com/12765233,5.0,2,44
1698424203,용연계곡,https://place.map.kakao.com/1698424203,4.3,50,46
8458599,제주오리엔탈호텔 카지노,https://place.map.kakao.com/8458599,1.5,2,10
19164053,광해군유배지,https://place.map.kakao.com/19164053,3.7,11,1
9937633,제주향교,https://place.map.kakao.com/9937633,3.4,8,21
621778341,제주국가유산방문자센터 쉼팡,https://place.map.kakao.com/621778341,0.0,0,0
26175298,서부두명품횟집거리,https://place.map.kakao.com/26175298,1.0,1,0
26490438,귤림서원,https://place.map.kakao.com/26490438,2.8,4,2
24325298,용두암 인증센터,https://place.map.kakao.com/24325298,4.7,34,6
22529455,국수문화거리,https://place.map.kakao.com/22529455,1.0,2,2
1266428089,관덕정 앞 광장,https://place.map.kakao.com/1266428089,5.0,2,1
1405219615,제이각,https://place.map.kakao.com/1405219615,3.3,3,2
18100345,제주목관아 외대문,https://place.map.kakao.com/18100345,4.0,4,1
18973444,제주유배길 제주성안유배길,https://place.map.kakao.com/18973444,0.0,0,0
17355561,탑동관광정보안내소,https://place.map.kakao.com/17355561,0.0,0,0
1412161264,성안올레 2코스,https://place.map.kakao.com/1412161264,0.0,0,0
295036758,전농로왕벚꽃거리,https://place.map.kakao.com/295036758,4.3,26,93
17570201,제주목관아 영주협당,https://place.map.kakao.com/17570201,5.0,1,0
8013248,용담해안도로,https://place.map.kakao.com/8013248,4.5,24,1
12683560,복신미륵서자복,https://place.map.kakao.com/12683560,5.0,2,1
1762093770,을묘왜변 제주대첩 전적지,https://place.map.kakao.com/1762093770,5.0,1,0
25726831,산지천,https://place.map.kakao.com/25726831,0.0,0,43
19164061,이세직유배지,https://place.map.kakao.com/19164061,0.0,0,0
26490439,장수당,https://place.map.kakao.com/26490439,2.5,2,0
17575028,제주목관아 우연당,https://place.map.kakao.com/17575028,3.7,3,0
1584116947,돌하르방,https://place.map.kakao.com/1584116947,0.0,0,0
18100348,제주목관아 중대문,https://place.map.kakao.com/18100348,5.0,2,0
1595761726,돌하르방,https://place.map.kakao.com/1595761726,2.0,1,0
204490439,삼도동 녹나무,https://place.map.kakao.com/204490439,0.0,0,0
1595736714,돌하르방,https://place.map.kakao.com/1595736714,0.0,0,0
19164037,이익 유배지,https://place.map.kakao.com/19164037,0.0,0,0
1897491128,건하 로얄팔레스카지노,https://place.map.kakao.com/1897491128,0.0,0,0
1584134283,돌하르방,https://place.map.kakao.com/1584134283,0.0,0,0
1452900307,건하,https://place.map.kakao.com/1452900307,0.0,0,0
2088754576,길상창휘,https://place.map.kakao.com/2088754576,0.0,0,0
19164055,정병조유배지,https://place.map.kakao.com/19164055,0.0,0,0
8111510,골든비치,https://place.map.kakao.com/8111510,0.0,0,0
1585957152,돌하르방,https://place.map.kakao.com/1585957152,0.0,0,0
26245293,제주서문가구거리,https://place.map.kakao.com/26245293,4.0,1,0
16612157,고양부삼성사재단,https://place.map.kakao.com/16612157,0.0,0,0
976105637,제주향교 대성전,https://place.map.kakao.com/976105637,0.0,0,1
27209647,제주시관광안내센터,https://place.map.kakao.com/27209647,3.5,6,1
8030782,용두암해수랜드,https://place.map.kakao.com/8030782,2.3,45,33
1306238312,돌하르방,https://place.map.kakao.com/1306238312,0.0,0,0
1093005006,성안올레 3코스,https://place.map.kakao.com/1093005006,0.0,0,3
917859806,제주향교 고비,https://place.map.kakao.com/917859806,0.0,0,0
1584488681,돌하르방,https://place.map.kakao.com/1584488681,0.0,0,0
1584086676,돌하르방,https://place.map.kakao.com/1584086676,0.0,0,0
2047898941,올레길 공항코스,https://place.map.kakao.com/2047898941,0.0,0,0
1499975126,어울림마당,https://place.map.kakao.com/1499975126,5.0,1,0
12753473,올레길 17코스(광령-제주원도심 올레),https://place.map.kakao.com/12753473,4.3,13,19
12684819,용담지석묘 1호,https://place.map.kakao.com/12684819,5.0,1,0
7891275,병문천,https://place.map.kakao.com/7891275,0.0,0,0
25730865,한천,https://place.map.kakao.com/25730865,0.0,0,0
460779501,제주용담동유적,https://place.map.kakao.com/460779501,3.0,1,1
1999093546,용문골목형상점가,https://place.map.kakao.com/1999093546,0.0,0,0
12706157,용담지석묘5호,https://place.map.kakao.com/12706157,5.0,2,0
12706176,용담지석묘 2호,https://place.map.kakao.com/12706176,0.0,0,0
12706155,용담지석묘6호,https://place.map.kakao.com/12706155,4.0,1,0
25726376,병문천,https://place.map.kakao.com/25726376,0.0,0,0
17353096,터미널관광정보센터,https://place.map.kakao.com/17353096,0.0,0,0
1595934787,농은거사전영준기념비,https://place.map.kakao.com/1595934787,5.0,1,0
965883722,바운스슈퍼파크 제주센터,https://place.map.kakao.com/965883722,3.4,46,176
8067332,제13회 전국체전기념탑,https://place.map.kakao.com/8067332,0.0,0,0
10702072,우정의다짐탑,https://place.map.kakao.com/10702072,0.0,0,0
1562735676,사상양공헌수선정비,https://place.map.kakao.com/1562735676,0.0,0,0
8067491,제주카페거리,https://place.map.kakao.com/8067491,4.4,9,0
904536728,제주웰컴센터,https://place.map.kakao.com/904536728,4.8,4,25
12710902,용담동선사무덤유적,https://place.map.kakao.com/12710902,0.0,0,0
1308773403,"김기옥, 홍윤복, 홍순오 추모비",https://place.map.kakao.com/1308773403,4.2,5,0
539339998,하리보 해피월드,https://place.map.kakao.com/539339998,3.8,57,1086
861100968,수근연대,https://place.map.kakao.com/861100968,4.3,4,0
1309949647,제주북부예비검속희생자 위령비,https://place.map.kakao.com/1309949647,5.0,1,0
1681787975,탐라원,https://place.map.kakao.com/1681787975,3.0,2,4
995984305,제주국제공항 공항전망대,https://place.map.kakao.com/995984305,4.8,6,3
1309532343,도남동 4.3희생자 위령비,https://place.map.kakao.com/1309532343,1.0,1,0
21811778,누웨마루거리,https://place.map.kakao.com/21811778,2.2,11,22
8513748,제주도관광협회 종합안내센터 제주국제공항 국내선,https://place.map.kakao.com/8513748,0.0,0,0
885265884,"용담지석묘 3호,4호",https://place.map.kakao.com/885265884,4.6,5,0
11154850,오라지석묘 1호,https://place.map.kakao.com/11154850,0.0,0,0
17807680,삼무공원 배두리오름,https://place.map.kakao.com/17807680,4.6,5,0
22416165,제주국제공항 종합안내센터,https://place.map.kakao.com/22416165,0.0,0,0
10659776,연대,https://place.map.kakao.com/10659776,5.0,2,0
1256565713,KBS제주 9.15순직방송인 추모비,https://place.map.kakao.com/1256565713,0.0,0,0
1209720636,몰래물,https://place.map.kakao.com/1209720636,3.5,2,3
25730861,한천,https://place.map.kakao.com/25730861,0.0,0,0
11043050,가삿기오름,https://place.map.kakao.com/11043050,2.3,9,1
2045475997,파라다이스카지노 안내데스크 제주국제공항,https://place.map.kakao.com/2045475997,0.0,0,0
1266227132,오라리 방화사건 현장,https://place.map.kakao.com/1266227132,5.0,4,0
10306072,도저굴,https://place.map.kakao.com/10306072,5.0,4,0
20280950,제주올레 제주국제공항안내소,https://place.map.kakao.com/20280950,3.0,2,0
1310137372,도령마루,https://place.map.kakao.com/1310137372,5.0,4,1
1129391821,제주관광협회 종합안내센터 제주국제공항,https://place.map.kakao.com/1129391821,0.0,0,1
488384917,드림타워카지노 안내데스크 제주국제공항,https://place.map.kakao.com/488384917,0.0,0,0
1613697387,제주국제공항 프리미엄컨시어지서비스센터,https://place.map.kakao.com/1613697387,0.0,0,0
198238243,제주국제공항 제주특별자치도관광협회,https://place.map.kakao.com/198238243,0.0,0,0
1662135706,오라동4.3길센터,https://place.map.kakao.com/1662135706,0.0,0,0
377709627,제주국제공항 랜딩카지노,https://place.map.kakao.com/377709627,0.0,0,0
25725611,독사천,https://place.map.kakao.com/25725611,0.0,0,0
1084989638,제주관광 안내데스크 제주국제공항,https://place.map.kakao.com/1084989638,0.0,0,0
19167379,문연사 조설대,https://place.map.kakao.com/19167379,3.0,1,0
8316764,민오름,https://place.map.kakao.com/8316764,4.2,29,43
236301694,방사탑,https://place.map.kakao.com/236301694,4.0,3,2
2076201437,지크이엑스,https://place.map.kakao.com/2076201437,0.0,0,0
11276760,병문천,https://place.map.kakao.com/11276760,0.0,0,0
17557698,미카형증기기관차304호,https://place.map.kakao.com/17557698,4.6,7,2
15919502,오등감귤체험관광농원,https://place.map.kakao.com/15919502,4.0,8,3
26502713,제주관광정보센터,https://place.map.kakao.com/26502713,0.0,0,0
1693764425,제주 종합관광안내센터,https://place.map.kakao.com/1693764425,0.0,0,0
147237080,오라동망배단,https://place.map.kakao.com/147237080,0.0,0,0
1946633544,선달뱅듸,https://place.map.kakao.com/1946633544,0.0,0,0
12710908,문경공고조기묘,https://place.map.kakao.com/12710908,5.0,1,0
11350729,티엘씨레저,https://place.map.kakao.com/11350729,0.0,0,0
25726827,산지천,https://place.map.kakao.com/25726827,0.0,0,0
24022939,구산,https://place.map.kakao.com/24022939,5.0,3,0
1365345636,몰래물마을 방사탑 1호,https://place.map.kakao.com/1365345636,4.0,1,0
802043610,헤븐,https://place.map.kakao.com/802043610,0.0,0,0
12747490,몰래물마을 방사탑 2호,https://place.map.kakao.com/12747490,0.0,0,0
544722148,연동관광안내소,https://place.map.kakao.com/544722148,0.0,0,0
13723904,사수동약수물,https://place.map.kakao.com/13723904,0.0,0,0
21059447,신화의거리,https://place.map.kakao.com/21059447,1.0,3,0
1566739723,히어로플레이파크 제주점,https://place.map.kakao.com/1566739723,4.8,172,368
17880032,파라다이스카지노 메종글래드제주점,https://place.map.kakao.com/17880032,3.0,2,1
25731303,흘천,https://place.map.kakao.com/25731303,0.0,0,0
581695647,도두동무지개해안도로,https://place.map.kakao.com/581695647,4.6,142,247
25731302,흘천,https://place.map.kakao.com/25731302,0.0,0,0
7834621,도두봉,https://place.map.kakao.com/7834621,4.7,196,223
8453959,오드싱오름,https://place.map.kakao.com/8453959,3.4,5,0
25731304,흘천,https://place.map.kakao.com/25731304,0.0,0,0
25725613,독사천,https://place.map.kakao.com/25725613,0.0,0,0
8011701,오구시오름,https://place.map.kakao.com/8011701,2.7,3,0
25321577,오등봉,https://place.map.kakao.com/25321577,1.0,1,0
8641180,한라수목원,https://place.map.kakao.com/8641180,4.5,178,221
8552559,이호테우해수욕장,https://place.map.kakao.com/8552559,4.0,259,371
8215394,부림온천,https://place.map.kakao.com/8215394,3.4,14,4
18973443,제주유배길 면암유배길,https://place.map.kakao.com/18973443,0.0,0,0
71632925,도두봉 키세스존,https://place.map.kakao.com/71632925,4.9,7,3
597476263,엘티엔터테인먼트 LT카지노,https://place.map.kakao.com/597476263,0.0,0,0
1682177963,테마파크툰,https://place.map.kakao.com/1682177963,4.1,34,102
1141154122,오래물광장,https://place.map.kakao.com/1141154122,0.0,0,27
7973783,신비의도로,https://place.map.kakao.com/7973783,3.2,57,25
836599965,수목원테마파크 수목원길,https://place.map.kakao.com/836599965,5.0,1,5
1970325607,제주대벚꽃길,https://place.map.kakao.com/1970325607,4.4,8,53
17577094,한라수목원 화목원,https://place.map.kakao.com/17577094,3.0,1,0
1649727732,오래물,https://place.map.kakao.com/1649727732,4.0,1,0
25193943,남짓은오름 (폐쇄),https://place.map.kakao.com/25193943,3.3,8,0
25181898,광이오름,https://place.map.kakao.com/25181898,4.8,12,18
1984831338,돈키쥬쥬,https://place.map.kakao.com/1984831338,3.6,16,47
7892251,병문천,https://place.map.kakao.com/7892251,0.0,0,0
13723882,도두추억애거리,https://place.map.kakao.com/13723882,4.6,5,5
8013484,광산김씨열녀문,https://place.map.kakao.com/8013484,5.0,1,0
13323388,알작지해변,https://place.map.kakao.com/13323388,3.5,16,44
2118917029,핑크해안도로,https://place.map.kakao.com/2118917029,5.0,1,0
1790267297,정실본향당,https://place.map.kakao.com/1790267297,0.0,0,0
14572409,방선문 계곡,https://place.map.kakao.com/14572409,1.6,8,7
11053768,산천단,https://place.map.kakao.com/11053768,4.7,7,6
17581487,한라수목원 수생식물원,https://place.map.kakao.com/17581487,0.0,0,0
1301274074,공공디자인아트,https://place.map.kakao.com/1301274074,0.0,0,0
1723793918,치유의 숲,https://place.map.kakao.com/1723793918,4.0,2,0
12601986,방선문,https://place.map.kakao.com/12601986,3.5,4,2
17573657,한라수목원 만목원,https://place.map.kakao.com/17573657,0.0,0,0
1851061731,몽돌해변,https://place.map.kakao.com/1851061731,3.6,22,2
8170465,검은오름,https://place.map.kakao.com/8170465,3.8,27,12
17581719,한라수목원 잔디광장,https://place.map.kakao.com/17581719,0.0,0,0
1307676391,잃어버린 마을 죽성 큰가름,https://place.map.kakao.com/1307676391,0.0,0,0
996030876,평화의소녀상,https://place.map.kakao.com/996030876,5.0,4,1
13147665,월대천,https://place.map.kakao.com/13147665,4.2,6,50
8676017,권제오름,https://place.map.kakao.com/8676017,4.4,5,2
1306740757,잃어버린 마을 웃인다라,https://place.map.kakao.com/1306740757,5.0,2,0
10165834,제주 산천단 곰솔 군,https://place.map.kakao.com/10165834,0.0,0,4
7925330,상여오름,https://place.map.kakao.com/7925330,4.4,5,3
25730521,토천,https://place.map.kakao.com/25730521,0.0,0,0
1307528178,잃어버린 마을 죽성 새가름,https://place.map.kakao.com/1307528178,5.0,1,0
25731305,흘천,https://place.map.kakao.com/25731305,0.0,0,0
7891006,방일봉,https://place.map.kakao.com/7891006,1.0,1,0
8656427,홍샘이동산,https://place.map.kakao.com/8656427,1.0,1,0
1258658929,문원공원,https://place.map.kakao.com/1258658929,0.0,0,0
807396775,편백나무숲,https://place.map.kakao.com/807396775,4.9,13,1
1307413349,잃어버린 마을 죽성 새장밧,https://place.map.kakao.com/1307413349,0.0,0,0
17580301,한라 수목원 관목원,https://place.map.kakao.com/17580301,4.0,1,0
531281780,제주고등학교 중농탑,https://place.map.kakao.com/531281780,0.0,0,0
11293209,공덕비,https://place.map.kakao.com/11293209,0.0,0,0
25729361,이호천,https://place.map.kakao.com/25729361,0.0,0,0
12747507,골왓마을방사탑 2호,https://place.map.kakao.com/12747507,5.0,1,0
25051440,제주양씨열녀비,https://place.map.kakao.com/25051440,0.0,0,0
8297242,눈오름,https://place.map.kakao.com/8297242,3.7,3,0
17578680,카카오오름,https://place.map.kakao.com/17578680,3.2,17,0
8049731,이호천,https://place.map.kakao.com/8049731,0.0,0,0
24022940,소산봉,https://place.map.kakao.com/24022940,3.5,2,0
27087359,아라동역사문화탐방로 2코스,https://place.map.kakao.com/27087359,0.0,0,2
12747489,골왓마을방사탑 4호,https://place.map.kakao.com/12747489,0.0,0,0
25729759,조천,https://place.map.kakao.com/25729759,0.0,0,0
10167891,곤베물도,https://place.map.kakao.com/10167891,0.0,0,0
849689401,골왓마을방사탑 5호,https://place.map.kakao.com/849689401,0.0,0,0
8457621,송덕비,https://place.map.kakao.com/8457621,0.0,0,0
1572490170,돌하르방,https://place.map.kakao.com/1572490170,5.0,2,0
17576368,제주러브랜드 옥문관,https://place.map.kakao.com/17576368,0.0,0,0
1307341722,문형순 서장 묘,https://place.map.kakao.com/1307341722,4.5,2,0
12747501,골왓마을방사탑 3호,https://place.map.kakao.com/12747501,0.0,0,0
461556597,맹강물,https://place.map.kakao.com/461556597,0.0,0,0
1707059596,내도바당길,https://place.map.kakao.com/1707059596,0.0,0,0
13723871,외도월대,https://place.map.kakao.com/13723871,4.8,4,0
17576100,제주러브랜드 도깨비광장,https://place.map.kakao.com/17576100,1.0,1,0
12747496,골왓마을방사탑 1호,https://place.map.kakao.com/12747496,0.0,0,0
10629600,오탑,https://place.map.kakao.com/10629600,0.0,0,0
8217223,궝망동산,https://place.map.kakao.com/8217223,0.0,0,0
131180741,내도동방사탑,https://place.map.kakao.com/131180741,3.0,1,0
1835134800,제주대학교 아라캠퍼스 연못,https://place.map.kakao.com/1835134800,0.0,0,0
17576071,제주러브랜드 퍼포먼스광장,https://place.map.kakao.com/17576071,0.0,0,0
25729037,원장천,https://place.map.kakao.com/25729037,0.0,0,0
461315047,덕지물,https://place.map.kakao.com/461315047,0.0,0,0
25729036,원장천,https://place.map.kakao.com/25729036,0.0,0,0
12771784,무신도,https://place.map.kakao.com/12771784,0.0,0,0
7953866,삼의악오름,https://place.map.kakao.com/7953866,4.2,28,2
25729039,원장천,https://place.map.kakao.com/25729039,0.0,0,0
15441131,담화헌오픈스튜디오,https://place.map.kakao.com/15441131,5.0,1,0
25726826,산지천,https://place.map.kakao.com/25726826,0.0,0,0
7937896,섯가물개,https://place.map.kakao.com/7937896,0.0,0,0
223528765,첨단도시숲,https://place.map.kakao.com/223528765,0.0,0,0
8110258,큰내도,https://place.map.kakao.com/8110258,0.0,0,0
8262407,독지검립공덕비,https://place.map.kakao.com/8262407,0.0,0,1
7837965,도근천,https://place.map.kakao.com/7837965,0.0,0,0
1955230491,미니제주도,https://place.map.kakao.com/1955230491,0.0,0,0
8696258,화북천,https://place.map.kakao.com/8696258,0.0,0,0
849053787,한라산신제단,https://place.map.kakao.com/849053787,5.0,1,0
571097406,벵듸포제단,https://place.map.kakao.com/571097406,0.0,0,0
7836830,도근천,https://place.map.kakao.com/7836830,0.0,0,0
25728179,어시천,https://place.map.kakao.com/25728179,0.0,0,0
1771856676,신비의도로,https://place.map.kakao.com/1771856676,0.0,0,0
7899492,보호수,https://place.map.kakao.com/7899492,0.0,0,0
8150948,해송,https://place.map.kakao.com/8150948,0.0,0,0
17990587,카카오 생태연못,https://place.map.kakao.com/17990587,3.0,2,0
620685929,절물용천수,https://place.map.kakao.com/620685929,0.0,0,0
7940279,서삼봉,https://place.map.kakao.com/7940279,3.0,2,0
18742637,삼의봉,https://place.map.kakao.com/18742637,5.0,5,9
24022943,당동산,https://place.map.kakao.com/24022943,1.0,1,0
25728178,어시천,https://place.map.kakao.com/25728178,0.0,0,0
10840693,추모비,https://place.map.kakao.com/10840693,0.0,0,0
25724119,광령천,https://place.map.kakao.com/25724119,0.0,0,0
1704440798,무수천트멍길,https://place.map.kakao.com/1704440798,5.0,1,0
13725587,무수천숲길,https://place.map.kakao.com/13725587,0.0,0,1
2002781822,메밀꽃밭,https://place.map.kakao.com/2002781822,3.2,25,207
25724117,광령천,https://place.map.kakao.com/25724117,0.0,0,0
1566599841,감자남밧,https://place.map.kakao.com/1566599841,0.0,0,0
12706215,외도지석묘 1호,https://place.map.kakao.com/12706215,0.0,0,0
1595678197,사상윤공구동휼민선정비,https://place.map.kakao.com/1595678197,0.0,0,0
1003903131,외도 고비,https://place.map.kakao.com/1003903131,0.0,0,0
27087339,아라동역사문화탐방로 1코스,https://place.map.kakao.com/27087339,1.0,1,0
12706214,외도지석묘 2호,https://place.map.kakao.com/12706214,0.0,0,0
8229121,고인돌,https://place.map.kakao.com/8229121,0.0,0,0
7944951,선물도,https://place.map.kakao.com/7944951,0.0,0,0
1258365840,선우중태 순직지지/홍두현 순직지지,https://place.map.kakao.com/1258365840,0.0,0,0
8499806,열안지오름,https://place.map.kakao.com/8499806,3.3,6,5
27070769,광령계곡,https://place.map.kakao.com/27070769,0.0,0,0
12706183,외도지석묘 5호,https://place.map.kakao.com/12706183,0.0,0,0
12706206,외도지석묘 3호,https://place.map.kakao.com/12706206,0.0,0,0
12706192,외도지석묘 4호,https://place.map.kakao.com/12706192,0.0,0,0
8341417,들위오름,https://place.map.kakao.com/8341417,4.0,1,0
8536098,장작울동산,https://place.map.kakao.com/8536098,0.0,0,0
25726585,부록천,https://place.map.kakao.com/25726585,0.0,0,0
1241481323,잃어버린 마을 리생이,https://place.map.kakao.com/1241481323,5.0,1,0
25728180,어시천,https://place.map.kakao.com/25728180,0.0,0,0
18055891,브이패스,https://place.map.kakao.com/18055891,,,0
17575012,관음사 일주문,https://place.map.kakao.com/17575012,0.0,0,0
17566915,관음사 사천왕문,https://place.map.kakao.com/17566915,0.0,0,1
513058848,관음사 왕벚나무 자생지,https://place.map.kakao.com/513058848,0.0,0,1
17570202,관음사 범종각,https://place.map.kakao.com/17570202,0.0,0,0
25197241,노루손이오름,https://place.map.kakao.com/25197241,3.7,12,20
8385072,밝은오름,https://place.map.kakao.com/8385072,3.0,2,0
647047240,베트남참전위령탑,https://place.map.kakao.com/647047240,5.0,1,0
1377229119,특전사충혼비,https://place.map.kakao.com/1377229119,5.0,5,0
683394986,베트남참전위령탑 고 송서규대령 동상,https://place.map.kakao.com/683394986,0.0,0,0
228268846,구분동산,https://place.map.kakao.com/228268846,0.0,0,0
8077552,진소도,https://place.map.kakao.com/8077552,0.0,0,0
8044614,일불동산,https://place.map.kakao.com/8044614,5.0,1,0
647062572,고 송서규대령동상,https://place.map.kakao.com/647062572,0.0,0,0
1909573726,한라산국립공원 _관음사1,https://place.map.kakao.com/1909573726,0.0,0,0
1682675563,한라산국립공원 _관음사4,https://place.map.kakao.com/1682675563,0.0,0,0
763236155,한라산국립공원 _관음사2,https://place.map.kakao.com/763236155,0.0,0,0
911875142,한라산국립공원 _관음사5,https://place.map.kakao.com/911875142,0.0,0,0
11426355,한라생태숲,https://place.map.kakao.com/11426355,4.5,58,76
27012212,제주축산생명연구원 제주마 방목지,https://place.map.kakao.com/27012212,4.2,59,40
25051219,숫모르숲길,https://place.map.kakao.com/25051219,4.3,6,0
10129920,거친오름,https://place.map.kakao.com/10129920,4.6,25,13
1971963910,한라산둘레길 안내센터,https://place.map.kakao.com/1971963910,0.0,0,0
17583340,한라생태숲 수생식물원,https://place.map.kakao.com/17583340,0.0,0,0
12721368,제주 봉개동 왕벚나무 자생지,https://place.map.kakao.com/12721368,5.0,1,0
17582105,한라생태숲 목련총림,https://place.map.kakao.com/17582105,0.0,0,0
25174790,걸쇠오름,https://place.map.kakao.com/25174790,3.5,2,0
25725542,도근천,https://place.map.kakao.com/25725542,0.0,0,0
27469755,노루생태관찰원 생태연못,https://place.map.kakao.com/27469755,2.0,3,0
8078733,진물굼부리,https://place.map.kakao.com/8078733,0.0,0,0
8067359,절물자연휴양림,https://place.map.kakao.com/8067359,4.6,264,282
554891021,제주시 절물 무장애나눔숲,https://place.map.kakao.com/554891021,0.0,0,0
106327656,사려니숲,https://place.map.kakao.com/106327656,4.3,6,1
241119078,절물오름,https://place.map.kakao.com/241119078,4.4,19,8
7879348,민오름,https://place.map.kakao.com/7879348,4.2,15,17
11622080,제주삼나무길,https://place.map.kakao.com/11622080,4.8,13,34
20673190,절물자연휴양림 장생의숲길,https://place.map.kakao.com/20673190,4.6,7,1
7937029,개월이오름,https://place.map.kakao.com/7937029,3.0,5,1
1314532155,사려니숲길 탐방안내소,https://place.map.kakao.com/1314532155,0.0,0,0
10424248,물장오리,https://place.map.kakao.com/10424248,0.0,0,0
922530559,장생의숲길 전망대,https://place.map.kakao.com/922530559,3.5,2,0
17582076,절물자연휴양림 새우란공원,https://place.map.kakao.com/17582076,0.0,0,0
8382357,성진이오름,https://place.map.kakao.com/8382357,5.0,5,0
25361139,족은절물오름,https://place.map.kakao.com/25361139,0.0,0,0
18097562,절물자연휴양림 안내데스크,https://place.map.kakao.com/18097562,0.0,0,0
241140467,샛개월이,https://place.map.kakao.com/241140467,0.0,0,1
8060959,한라산 절물오름(족은대나),https://place.map.kakao.com/8060959,0.0,0,0
10789590,족은개오리,https://place.map.kakao.com/10789590,2.0,1,0
17576603,절물자연휴양림 연못,https://place.map.kakao.com/17576603,4.0,2,0
17782147,샛개오리,https://place.map.kakao.com/17782147,3.2,5,0
1772974810,약수터,https://place.map.kakao.com/1772974810,0.0,0,0
1231709554,너나들이길,https://place.map.kakao.com/1231709554,0.0,0,0
241130911,족은개월이,https://place.map.kakao.com/241130911,0.0,0,0
8109792,테역장오리,https://place.map.kakao.com/8109792,0.0,0,0
18514310,제주도,https://place.map.kakao.com/18514310,3.9,18,40
1196882951,한라산국립공원,https://place.map.kakao.com/1196882951,4.8,55,2
11283937,탐라계곡,https://place.map.kakao.com/11283937,0.0,0,0
234968820,왕관릉,https://place.map.kakao.com/234968820,5.0,2,0
8023625,한라산 왕관릉(왕관바위),https://place.map.kakao.com/8023625,0.0,0,0
7833931,돌오름,https://place.map.kakao.com/7833931,5.0,2,0
27194575,용진각,https://place.map.kakao.com/27194575,4.5,2,0
8180841,흙붉은오름,https://place.map.kakao.com/8180841,0.0,0,1
1951990803,한라산,https://place.map.kakao.com/1951990803,3.7,3,0
10920338,한천,https://place.map.kakao.com/10920338,0.0,0,0
7984402,살손장오리,https://place.map.kakao.com/7984402,0.0,0,0
234999276,불칸디오름,https://place.map.kakao.com/234999276,0.0,0,0
21627094,한라산국립공원 관음사탐방로,https://place.map.kakao.com/21627094,4.9,14,79
21627162,한라산국립공원 석굴암탐방로,https://place.map.kakao.com/21627162,3.8,4,2
528568723,국립제주호국원 현충탑,https://place.map.kakao.com/528568723,0.0,0,0
25179216,골머리오름,https://place.map.kakao.com/25179216,0.0,0,0
8600804,한천,https://place.map.kakao.com/8600804,0.0,0,0
10276903,능화오름,https://place.map.kakao.com/10276903,0.0,0,0
15149908,한밝저수지,https://place.map.kakao.com/15149908,0.0,0,1
7939328,선녀폭포,https://place.map.kakao.com/7939328,3.0,2,0
8307801,물허벅여인상,https://place.map.kakao.com/8307801,4.0,1,0
226444204,개미목,https://place.map.kakao.com/226444204,5.0,3,0
15166602,한라산 샘터,https://place.map.kakao.com/15166602,5.0,3,0
10574639,어승생,https://place.map.kakao.com/10574639,4.7,77,19
27076163,한라산국립공원 어승생악탐방로,https://place.map.kakao.com/27076163,4.5,6,14
21025370,한라산 어리목탐방지원센터,https://place.map.kakao.com/21025370,4.3,6,7
483139852,어리목광장,https://place.map.kakao.com/483139852,4.5,4,0
460492337,제주 어승생악 일제동굴진지,https://place.map.kakao.com/460492337,5.0,1,0
24022942,삼각봉,https://place.map.kakao.com/24022942,5.0,4,1
15168146,한라산 어리목샘터,https://place.map.kakao.com/15168146,0.0,0,0
8121105,한라산 큰드레큰두레왓,https://place.map.kakao.com/8121105,0.0,0,0
1889077515,한라산국립공원 _어리목1,https://place.map.kakao.com/1889077515,0.0,0,0
10800349,족은두레왓,https://place.map.kakao.com/10800349,2.5,2,0
7953151,선녀바위,https://place.map.kakao.com/7953151,0.0,0,0
17089574,한라산 샘터,https://place.map.kakao.com/17089574,0.0,0,0
975873140,한라산국립공원 _어리목2,https://place.map.kakao.com/975873140,0.0,0,0
235012764,큰두레왓,https://place.map.kakao.com/235012764,0.0,0,0
27601289,어승생제2수원지,https://place.map.kakao.com/27601289,0.0,0,2
8659492,광령천,https://place.map.kakao.com/8659492,0.0,0,1
7998991,약수장,https://place.map.kakao.com/7998991,0.0,0,0
12753435,올레길 10코스(화순-모슬포 올레),https://place.map.kakao.com/12753435,4.8,19,6
12753598,올레길 11코스(모슬포-무릉 올레),https://place.map.kakao.com/12753598,3.0,17,3
7956367,송악산,https://place.map.kakao.com/7956367,4.7,221,109
27254363,제주곶자왈도립공원,https://place.map.kakao.com/27254363,4.5,212,227
7854559,마라도,https://place.map.kakao.com/7854559,4.4,144,145
8137083,가파도,https://place.map.kakao.com/8137083,4.5,117,234
12753433,올레길 10-1코스(가파도 올레),https://place.map.kakao.com/12753433,5.0,6,3
1143416302,송악산둘레길,https://place.map.kakao.com/1143416302,4.9,118,152
1582293512,바다 기찻길,https://place.map.kakao.com/1582293512,4.3,3,7
7914554,형제해안도로,https://place.map.kakao.com/7914554,4.5,25,7
25047260,알뜨르비행장,https://place.map.kakao.com/25047260,4.5,46,2
12735918,추사유배지,https://place.map.kakao.com/12735918,4.3,28,9
1747677716,영락리 방파제,https://place.map.kakao.com/1747677716,4.8,49,49
8588538,하모해변,https://place.map.kakao.com/8588538,3.7,26,0
8294474,대정성지,https://place.map.kakao.com/8294474,3.6,8,14
8306005,단산,https://place.map.kakao.com/8306005,4.5,31,12
26920313,제주곶자왈도립공원 탐방안내소,https://place.map.kakao.com/26920313,4.6,7,9
27052369,송악산 전망대,https://place.map.kakao.com/27052369,4.8,45,0
25284265,섯알오름,https://place.map.kakao.com/25284265,4.1,19,7
24325311,송악산 인증센터,https://place.map.kakao.com/24325311,4.3,10,1
17805755,정난주마리아묘,https://place.map.kakao.com/17805755,4.8,5,1
7876363,모슬봉,https://place.map.kakao.com/7876363,3.6,16,6
14080429,제주올레11코스 공식안내소,https://place.map.kakao.com/14080429,4.0,4,3
8433844,송악산 진지동굴,https://place.map.kakao.com/8433844,4.3,15,3
11163598,일과리해안도로,https://place.map.kakao.com/11163598,4.9,8,0
2040939331,알뜨르비행장 격납고,https://place.map.kakao.com/2040939331,4.6,14,19
8099071,최남단비,https://place.map.kakao.com/8099071,4.6,25,0
276928332,제주모슬포알뜨르비행장 일제 지하벙커,https://place.map.kakao.com/276928332,4.1,26,5
1419908012,산방산둘레길,https://place.map.kakao.com/1419908012,5.0,1,0
13725609,섯알오름예비검속희생자추모비,https://place.map.kakao.com/13725609,4.6,13,2
8011592,영락해안도로,https://place.map.kakao.com/8011592,5.0,4,0
702331180,방어축제의거리,https://place.map.kakao.com/702331180,2.0,1,8
1429766261,제주송악산해안 일제동굴진지,https://place.map.kakao.com/1429766261,3.5,2,0
26916292,제주송악산외륜 일제동굴진지,https://place.map.kakao.com/26916292,4.5,6,0
1656258041,송악산 전망대3,https://place.map.kakao.com/1656258041,3.0,3,0
2128753833,송악산 잔디광장,https://place.map.kakao.com/2128753833,4.3,4,0
13725640,알뜨르비행장길,https://place.map.kakao.com/13725640,4.5,4,0
1658864399,송악산 전망대1,https://place.map.kakao.com/1658864399,4.0,5,0
13725813,신평곶자왈,https://place.map.kakao.com/13725813,3.4,9,0
16524503,제주도예촌,https://place.map.kakao.com/16524503,4.5,4,0
705252376,가파도 소망전망대,https://place.map.kakao.com/705252376,4.5,14,0
164454733,대정읍성,https://place.map.kakao.com/164454733,0.0,0,1
26916284,제주모슬포 알뜨르비행장 일제고사포진지,https://place.map.kakao.com/26916284,3.9,12,0
1102286389,알뜨르비행장 물탱크받침대,https://place.map.kakao.com/1102286389,4.2,11,0
1583255736,남문지못,https://place.map.kakao.com/1583255736,3.0,1,0
1141364951,백조일손지지,https://place.map.kakao.com/1141364951,4.8,9,1
11269510,가시오름,https://place.map.kakao.com/11269510,3.4,8,9
13725762,가파마을 제단,https://place.map.kakao.com/13725762,3.5,2,0
14826612,모슬봉내린길,https://place.map.kakao.com/14826612,0.0,0,0
1658805301,송악산 전망대2,https://place.map.kakao.com/1658805301,3.0,1,0
8534694,장군바위,https://place.map.kakao.com/8534694,5.0,5,0
26564428,노을해안길 1코스,https://place.map.kakao.com/26564428,5.0,2,0
1141238827,문형순 경찰서장 공덕비,https://place.map.kakao.com/1141238827,4.6,5,0
1421823320,제주 셋알오름 일제동굴진지,https://place.map.kakao.com/1421823320,4.8,8,0
10544645,수월이못,https://place.map.kakao.com/10544645,0.0,0,1
13725745,냇골챙이,https://place.map.kakao.com/13725745,0.0,0,0
12728726,구억리검은굴,https://place.map.kakao.com/12728726,5.0,1,0
1407600846,이도종목사추모비,https://place.map.kakao.com/1407600846,0.0,0,0
13725790,모슬봉둘레길,https://place.map.kakao.com/13725790,0.0,0,0
12728729,구억리노랑굴,https://place.map.kakao.com/12728729,5.0,2,0
460710966,남제주 비행기 격납고,https://place.map.kakao.com/460710966,5.0,2,2
13725780,산이물,https://place.map.kakao.com/13725780,3.5,4,0
7849255,동알오름,https://place.map.kakao.com/7849255,1.7,3,0
1141533962,제9연대 본부 옛터,https://place.map.kakao.com/1141533962,0.0,0,0
18973447,제주유배길 추사유배길 집념의길,https://place.map.kakao.com/18973447,0.0,0,0
12728723,신평리도요지,https://place.map.kakao.com/12728723,0.0,0,0
2133343631,오좌수의거비,https://place.map.kakao.com/2133343631,3.5,2,0
13725739,장태코정자,https://place.map.kakao.com/13725739,5.0,1,0
1239950199,남제주 구 대정면사무소,https://place.map.kakao.com/1239950199,0.0,0,0
19164033,추사와매화,https://place.map.kakao.com/19164033,0.0,0,0
1426830948,제주 모슬봉 일제군사시설,https://place.map.kakao.com/1426830948,1.0,1,0
15149054,마라해양도립공원,https://place.map.kakao.com/15149054,4.6,9,1
7813442,이어도,https://place.map.kakao.com/7813442,4.9,301,2
18973446,제주유배길 추사유배길 인연의길,https://place.map.kakao.com/18973446,0.0,0,0
12706384,하모리지석묘,https://place.map.kakao.com/12706384,0.0,0,0
13725771,부근덕,https://place.map.kakao.com/13725771,3.5,2,0
1141185028,이도종 목사 기념비,https://place.map.kakao.com/1141185028,0.0,0,0
7832617,돈두악,https://place.map.kakao.com/7832617,3.5,4,0
974774888,개엄주리코지,https://place.map.kakao.com/974774888,5.0,3,0
2007447100,시계탑상가거리,https://place.map.kakao.com/2007447100,0.0,0,0
1426688292,제주이교동 일제군사시설,https://place.map.kakao.com/1426688292,0.0,0,0
452145361,제주옹기 전수관,https://place.map.kakao.com/452145361,0.0,0,0
13725792,모슬봉숲길,https://place.map.kakao.com/13725792,4.0,1,0
8187154,고인돌,https://place.map.kakao.com/8187154,0.0,0,0
7947601,서림연대,https://place.map.kakao.com/7947601,3.0,1,1
11405154,웃보,https://place.map.kakao.com/11405154,0.0,0,1
12706383,동일리지석묘 1호,https://place.map.kakao.com/12706383,0.0,0,0
13725608,고사포진지,https://place.map.kakao.com/13725608,3.0,4,0
1215358956,순교자 이규석삼부자 묘,https://place.map.kakao.com/1215358956,0.0,0,0
8235118,농남못,https://place.map.kakao.com/8235118,0.0,0,0
1010088018,상모리패총,https://place.map.kakao.com/1010088018,3.0,1,0
18845211,구시흘못,https://place.map.kakao.com/18845211,4.3,4,0
8545669,인성리방사탑1호,https://place.map.kakao.com/8545669,0.0,0,0
11055399,봉우못,https://place.map.kakao.com/11055399,0.0,0,0
1141133244,구억국민학교 옛터,https://place.map.kakao.com/1141133244,5.0,2,0
12706388,동일리지석묘 3호,https://place.map.kakao.com/12706388,0.0,0,0
8222952,금산,https://place.map.kakao.com/8222952,2.7,3,0
8688919,김정희유허비,https://place.map.kakao.com/8688919,0.0,0,0
8286095,대문바위,https://place.map.kakao.com/8286095,5.0,2,0
19164031,추사와귤,https://place.map.kakao.com/19164031,0.0,0,0
12706386,동일리지석묘 2호,https://place.map.kakao.com/12706386,0.0,0,0
223959062,제주대정삼의사비,https://place.map.kakao.com/223959062,5.0,1,0
12665431,안성리돌하르방,https://place.map.kakao.com/12665431,0.0,0,0
13725670,상동마을할망당,https://place.map.kakao.com/13725670,2.0,1,1
2133306243,항일애국지사강창규의비,https://place.map.kakao.com/2133306243,0.0,0,0
1302946535,제주 대정여자고등학교 실습실,https://place.map.kakao.com/1302946535,0.0,0,0
10843832,충혼탑,https://place.map.kakao.com/10843832,0.0,0,0
19157767,단산과방사탑,https://place.map.kakao.com/19157767,5.0,1,1
12706391,일과리 지석묘,https://place.map.kakao.com/12706391,0.0,0,0
8476537,열녀오씨문,https://place.map.kakao.com/8476537,0.0,0,0
10753880,인성리방사탑2호,https://place.map.kakao.com/10753880,0.0,0,0
1571168677,상모리석상,https://place.map.kakao.com/1571168677,0.0,0,0
2133240945,노롱고지못,https://place.map.kakao.com/2133240945,0.0,0,0
1120256028,큰왕돌,https://place.map.kakao.com/1120256028,3.0,2,0
1264231950,선담밧 4·3성,https://place.map.kakao.com/1264231950,5.0,1,0
12706389,동일리지석묘 4호,https://place.map.kakao.com/12706389,0.0,0,0
1141057190,가파국민학교 터,https://place.map.kakao.com/1141057190,0.0,0,0
13725760,게엄주리코지,https://place.map.kakao.com/13725760,4.8,5,0
7886961,바람바위,https://place.map.kakao.com/7886961,0.0,0,0
19157746,동계정온유허비,https://place.map.kakao.com/19157746,5.0,1,0
13725797,보성농로,https://place.map.kakao.com/13725797,0.0,0,0
13725761,큰옹짓물,https://place.map.kakao.com/13725761,5.0,1,0
1442429613,해송길,https://place.map.kakao.com/1442429613,0.0,0,0
8163864,효자비,https://place.map.kakao.com/8163864,0.0,0,0
940702598,충혼비,https://place.map.kakao.com/940702598,0.0,0,0
14794381,대정향교,https://place.map.kakao.com/14794381,4.6,5,18
10189257,난포거사김선생추모비,https://place.map.kakao.com/10189257,0.0,0,0
19158155,추사와전각,https://place.map.kakao.com/19158155,0.0,0,0
27348971,세미물,https://place.map.kakao.com/27348971,0.0,0,0
11273772,제주산방산탄산온천,https://place.map.kakao.com/11273772,3.7,358,436
27199017,마노르블랑,https://place.map.kakao.com/27199017,3.1,236,977
11055702,사계해변,https://place.map.kakao.com/11055702,4.3,70,18
1430733060,산방산꽃드레,https://place.map.kakao.com/1430733060,2.3,6,2
10706886,용머리해안,https://place.map.kakao.com/10706886,4.6,353,525
8386141,산방산,https://place.map.kakao.com/8386141,4.6,184,100
14663887,사계온천,https://place.map.kakao.com/14663887,0.0,0,0
11059651,산방산랜드,https://place.map.kakao.com/11059651,4.1,44,119
1611158990,산방산 유채꽃밭,https://place.map.kakao.com/1611158990,0.0,0,0
1179901505,루나폴,https://place.map.kakao.com/1179901505,4.2,148,795
2018685701,산방산 유채꽃밭,https://place.map.kakao.com/2018685701,0.0,0,0
8173573,화순금모래해수욕장,https://place.map.kakao.com/8173573,3.1,59,11
19158157,추사와건강,https://place.map.kakao.com/19158157,5.0,1,0
13723890,설쿰바당,https://place.map.kakao.com/13723890,3.7,6,0
1411382510,산방정원,https://place.map.kakao.com/1411382510,0.0,0,5
17806435,황우치해변,https://place.map.kakao.com/17806435,4.0,32,14
26171941,하멜기념비,https://place.map.kakao.com/26171941,4.1,13,2
2007760028,플레이사계 지오단길,https://place.map.kakao.com/2007760028,0.0,0,6
12705874,산방연대,https://place.map.kakao.com/12705874,4.8,26,8
694278859,제주4.3 안덕 평화공원,https://place.map.kakao.com/694278859,4.6,10,0
8161022,형제섬,https://place.map.kakao.com/8161022,5.0,4,20
12772334,덕수리 불미공예,https://place.map.kakao.com/12772334,0.0,0,0
1450294644,제주올레10코스 공식안내소,https://place.map.kakao.com/1450294644,4.4,5,4
2026295245,용머리 응회환,https://place.map.kakao.com/2026295245,5.0,1,0
12418108,화순 곶자왈생태탐방숲길,https://place.map.kakao.com/12418108,4.1,34,69
1270449073,사계리수국길,https://place.map.kakao.com/1270449073,2.7,6,0
8103401,충혼비,https://place.map.kakao.com/8103401,0.0,0,0
11056392,썩은다리,https://place.map.kakao.com/11056392,4.0,14,0
18973445,제주유배길 추사유배길사색의길,https://place.map.kakao.com/18973445,0.0,0,0
13723869,퇴적암지대,https://place.map.kakao.com/13723869,2.8,4,0
992205993,산방산 용암돔,https://place.map.kakao.com/992205993,0.0,0,0
17580445,제주 조각공원 전망대,https://place.map.kakao.com/17580445,0.0,0,0
11330871,소인국테마파크,https://place.map.kakao.com/11330871,3.4,69,80
1084814046,남제주 나누리파크,https://place.map.kakao.com/1084814046,3.9,7,0
27300831,덕수리전통민속축제,https://place.map.kakao.com/27300831,0.0,0,1
621285201,곶바구리,https://place.map.kakao.com/621285201,5.0,1,0
19164012,추사와아호,https://place.map.kakao.com/19164012,3.7,3,0
779183673,팽나무 보호수,https://place.map.kakao.com/779183673,5.0,1,0
8001026,안덕계곡,https://place.map.kakao.com/8001026,3.9,51,100
1134213922,서광동리곶자왈생태탐방로,https://place.map.kakao.com/1134213922,4.5,6,28
425010838,돌코리숲,https://place.map.kakao.com/425010838,3.9,11,88
25335651,월라봉,https://place.map.kakao.com/25335651,4.4,30,17
880362592,화순리지석묘,https://place.map.kakao.com/880362592,5.0,1,0
887382980,동하동폭낭,https://place.map.kakao.com/887382980,0.0,0,0
12520358,제주거울미로 이상한나라의앨리스,https://place.map.kakao.com/12520358,2.5,11,5
1197142551,2연대 화순 파견대 주둔지 옛터/제창여관 옛터,https://place.map.kakao.com/1197142551,0.0,0,0
13723824,자귀나무숲길끝,https://place.map.kakao.com/13723824,1.0,1,0
1197167066,화순지서 옛터 앞 삼거리,https://place.map.kakao.com/1197167066,0.0,0,0
1675839904,폭낭쉼터,https://place.map.kakao.com/1675839904,0.0,0,0
1024518488,김광종영세불망비,https://place.map.kakao.com/1024518488,4.0,2,0
1466727511,진지동굴,https://place.map.kakao.com/1466727511,3.0,6,0
8244203,넙게오름,https://place.map.kakao.com/8244203,3.0,5,2
17808836,이상한나라의앨리스 서광카트장,https://place.map.kakao.com/17808836,4.9,7,0
474891750,진모루동산,https://place.map.kakao.com/474891750,4.0,2,0
1894564800,제주루지테마파크,https://place.map.kakao.com/1894564800,3.0,2,0
8096015,충혼비,https://place.map.kakao.com/8096015,0.0,0,0
13723816,올랭이소정상,https://place.map.kakao.com/13723816,4.3,3,0
8103402,충혼비,https://place.map.kakao.com/8103402,0.0,0,0
1089625889,송시태숲,https://place.map.kakao.com/1089625889,5.0,3,0
13723750,기정길,https://place.map.kakao.com/13723750,4.2,5,0
98588671,제주신화전설탐방로,https://place.map.kakao.com/98588671,4.7,3,2
237377496,광해악,https://place.map.kakao.com/237377496,0.0,0,0
13723757,볼레낭길,https://place.map.kakao.com/13723757,2.5,2,0
13723812,임금내전망대,https://place.map.kakao.com/13723812,0.0,0,0
25198519,논오름,https://place.map.kakao.com/25198519,4.0,3,0
1233203425,봉수대,https://place.map.kakao.com/1233203425,0.0,0,0
10585983,안덕계곡 상록수림,https://place.map.kakao.com/10585983,3.0,1,1
1844995022,월라봉 전망대 쉼터,https://place.map.kakao.com/1844995022,3.0,1,0
1111828885,뤼미에르테크,https://place.map.kakao.com/1111828885,0.0,0,0
13723714,한밭소낭길,https://place.map.kakao.com/13723714,4.0,3,0
19164028,추사와창천,https://place.map.kakao.com/19164028,4.5,2,0
11828668,올레길 5코스(남원-쇠소깍 올레),https://place.map.kakao.com/11828668,4.8,20,15
236028555,제주동백수목원,https://place.map.kakao.com/236028555,4.3,191,308
317349030,동백포레스트,https://place.map.kakao.com/317349030,4.1,149,788
7873185,물영아리오름,https://place.map.kakao.com/7873185,4.4,105,128
2083466041,남원큰엉해변,https://place.map.kakao.com/2083466041,4.5,124,33
9966725,최남단체험감귤농장,https://place.map.kakao.com/9966725,3.2,48,208
339316085,남원큰엉해안경승지,https://place.map.kakao.com/339316085,4.6,10,197
1276987776,태웃개,https://place.map.kakao.com/1276987776,4.3,35,125
26980153,위미동백나무군락,https://place.map.kakao.com/26980153,3.6,33,7
25262407,사라오름,https://place.map.kakao.com/25262407,4.9,51,48
27085551,사려니숲,https://place.map.kakao.com/27085551,4.7,23,0
26563993,한남리머체왓숲길,https://place.map.kakao.com/26563993,4.4,21,5
25342411,이승이오름,https://place.map.kakao.com/25342411,4.5,32,39
1228554077,하례감귤체험농장,https://place.map.kakao.com/1228554077,3.9,49,42
1928283908,한남사려니오름숲,https://place.map.kakao.com/1928283908,4.1,18,81
19611949,머체왓숲길 방문객지원센터,https://place.map.kakao.com/19611949,4.4,55,23
7969402,5.16도로숲터널,https://place.map.kakao.com/7969402,4.4,32,16
1619757857,돌낭예술원,https://place.map.kakao.com/1619757857,4.8,37,248
1605931589,유진팡 열대과일농장,https://place.map.kakao.com/1605931589,4.4,31,283
755324204,볼고롱동백,https://place.map.kakao.com/755324204,4.2,13,73
211417707,쇠소깍 산물 관광농원,https://place.map.kakao.com/211417707,4.3,39,203
19304660,제주동백마을,https://place.map.kakao.com/19304660,2.0,1,9
8111466,큰엉,https://place.map.kakao.com/8111466,4.5,29,0
13725930,제주올레5코스 공식안내소,https://place.map.kakao.com/13725930,3.4,5,3
1684273537,한라산둘레길 수악길,https://place.map.kakao.com/1684273537,4.3,3,1
14087877,남원용암해수풀장,https://place.map.kakao.com/14087877,4.5,11,31
775207906,고살리숲길,https://place.map.kakao.com/775207906,3.1,17,31
839760290,한라산사라오름산정호수,https://place.map.kakao.com/839760290,4.7,12,1
26201926,5.16도로,https://place.map.kakao.com/26201926,3.0,15,0
12665029,금호리조트 제주아쿠아나,https://place.map.kakao.com/12665029,2.5,2,3
1460514923,수악오름도시숲,https://place.map.kakao.com/1460514923,4.0,2,24
8455452,수악,https://place.map.kakao.com/8455452,4.3,12,1
11158780,자배봉,https://place.map.kakao.com/11158780,4.2,9,8
1469121380,신례천생태탐방로종합안내소,https://place.map.kakao.com/1469121380,5.0,2,8
26079941,제주그린팜 감귤체험농장,https://place.map.kakao.com/26079941,3.7,3,3
2081648578,국립산림과학원 난대아열대산림연구소 한남연구시험림,https://place.map.kakao.com/2081648578,5.0,2,0
1933974699,사라오름 전망대,https://place.map.kakao.com/1933974699,4.8,9,0
281427294,제주동백마을숲,https://place.map.kakao.com/281427294,3.3,4,0
478857171,한남시험림 탐방안내소,https://place.map.kakao.com/478857171,4.0,1,2
14842147,제주농업생태원,https://place.map.kakao.com/14842147,4.7,3,7
879000770,수망리 마흐니숲길,https://place.map.kakao.com/879000770,3.7,3,2
8164202,효돈천,https://place.map.kakao.com/8164202,5.0,1,1
518824496,꼬딱꼬딱123,https://place.map.kakao.com/518824496,3.8,4,1
10412117,민오름,https://place.map.kakao.com/10412117,4.4,8,2
362047194,위미리수국길,https://place.map.kakao.com/362047194,2.4,9,4
466833983,삼나무숲길,https://place.map.kakao.com/466833983,5.0,1,0
8183004,걸서악,https://place.map.kakao.com/8183004,4.0,6,4
1864397170,벌포연대,https://place.map.kakao.com/1864397170,3.7,3,0
7916414,사려니,https://place.map.kakao.com/7916414,4.3,6,0
612934246,현의합장묘,https://place.map.kakao.com/612934246,4.7,3,0
25192955,남내소,https://place.map.kakao.com/25192955,4.5,2,0
7290837,태흥환해장성,https://place.map.kakao.com/7290837,4.0,1,0
8385052,성널오름,https://place.map.kakao.com/8385052,5.0,1,0
12721305,제주 신례리 왕벚나무 자생지,https://place.map.kakao.com/12721305,4.2,5,2
2046579855,한라산둘레길 목장길,https://place.map.kakao.com/2046579855,0.0,0,0
8027471,웅악,https://place.map.kakao.com/8027471,3.8,4,2
8015155,예촌망,https://place.map.kakao.com/8015155,1.5,2,0
25278387,생길이오름,https://place.map.kakao.com/25278387,3.0,1,1
1788535582,송령이골,https://place.map.kakao.com/1788535582,4.5,2,1
11024091,남원읍 충혼묘지,https://place.map.kakao.com/11024091,0.0,0,0
286861204,포티니아숲,https://place.map.kakao.com/286861204,0.0,0,0
8066261,제주남원관광지,https://place.map.kakao.com/8066261,0.0,0,0
1236170140,동백마을 방문자센터,https://place.map.kakao.com/1236170140,2.6,5,0
8004025,여절악,https://place.map.kakao.com/8004025,4.4,9,1
1620100017,수망리 산마장 잣성,https://place.map.kakao.com/1620100017,0.0,0,0
13723877,조배머들코지,https://place.map.kakao.com/13723877,4.7,3,0
8657685,고이오름,https://place.map.kakao.com/8657685,3.2,5,0
8520109,지귀도,https://place.map.kakao.com/8520109,5.0,17,11
13723864,신그물,https://place.map.kakao.com/13723864,0.0,0,0
7942544,서중천,https://place.map.kakao.com/7942544,0.0,0,1
7969045,신례천,https://place.map.kakao.com/7969045,0.0,0,0
10698145,운지악,https://place.map.kakao.com/10698145,2.4,5,1
12711226,의귀리 김만일 묘역,https://place.map.kakao.com/12711226,0.0,0,0
17948240,휴애리자연생활공원 대나무산책로,https://place.map.kakao.com/17948240,0.0,0,0
1004679271,물영아리 탐방안내소,https://place.map.kakao.com/1004679271,4.0,3,1
27366956,농업회사법인휴애리,https://place.map.kakao.com/27366956,0.0,0,0
129748491,고수동거욱대,https://place.map.kakao.com/129748491,5.0,1,0
1190427152,남원읍 4.3희생자 위령공원,https://place.map.kakao.com/1190427152,5.0,1,0
26825591,제주4·3 수악주둔소,https://place.map.kakao.com/26825591,5.0,3,1
8224254,넉시악,https://place.map.kakao.com/8224254,2.0,3,0
17781640,서걸세,https://place.map.kakao.com/17781640,4.1,7,0
1570376948,서귀포하례농원,https://place.map.kakao.com/1570376948,0.0,0,0
1190414982,현의합장묘 옛터,https://place.map.kakao.com/1190414982,5.0,1,0
335826552,서귀포남원귤팜,https://place.map.kakao.com/335826552,0.0,0,0
17944780,휴애리자연생활공원 용천폭포,https://place.map.kakao.com/17944780,0.0,0,0
1517695950,극락의문,https://place.map.kakao.com/1517695950,0.0,0,0
1184690787,수악주둔소 입구,https://place.map.kakao.com/1184690787,0.0,0,0
8491969,양금석가옥,https://place.map.kakao.com/8491969,0.0,0,1
1277588849,제주농업생태원 소동물원,https://place.map.kakao.com/1277588849,0.0,0,0
7916415,사려니남서쪽,https://place.map.kakao.com/7916415,0.0,0,0
7938319,샘못,https://place.map.kakao.com/7938319,0.0,0,0
8226028,넙거리,https://place.map.kakao.com/8226028,4.5,2,1
126300709,제주농업생태원 폭포,https://place.map.kakao.com/126300709,0.0,0,0
7864566,마흐니,https://place.map.kakao.com/7864566,4.0,1,0
1973450680,속괴,https://place.map.kakao.com/1973450680,5.0,1,0
8701378,흑악,https://place.map.kakao.com/8701378,2.0,1,0
8360323,머체오름,https://place.map.kakao.com/8360323,0.0,0,0
1990519236,큰엄전망대,https://place.map.kakao.com/1990519236,0.0,0,5
2124057600,신례리지석묘1호,https://place.map.kakao.com/2124057600,0.0,0,0
1405491298,한남리본향당,https://place.map.kakao.com/1405491298,0.0,0,0
11249194,신흥천,https://place.map.kakao.com/11249194,0.0,0,0
1944963970,양용찬열사묘역,https://place.map.kakao.com/1944963970,0.0,0,0
17558797,휴애리자연생활공원 소나무산책로,https://place.map.kakao.com/17558797,0.0,0,0
1190786259,잃어버린 마을 종남굴,https://place.map.kakao.com/1190786259,0.0,0,0
1264203708,위미리 4.3성,https://place.map.kakao.com/1264203708,0.0,0,0
17556342,휴애리자연생활공원 와룡바위,https://place.map.kakao.com/17556342,0.0,0,0
8629456,하잣성,https://place.map.kakao.com/8629456,0.0,0,0
1199173321,잃어버린 마을 버너리굴,https://place.map.kakao.com/1199173321,0.0,0,0
22974992,태양을삼켜라세트장,https://place.map.kakao.com/22974992,5.0,2,0
1190764401,의귀국민학교 동녘밭,https://place.map.kakao.com/1190764401,5.0,1,0
1698816971,달콤귤농장,https://place.map.kakao.com/1698816971,0.0,0,0
1377725799,물보라길,https://place.map.kakao.com/1377725799,2.0,1,0
8020459,우렁굴,https://place.map.kakao.com/8020459,0.0,0,0
1190327795,잃어버린 마을 빌레가름,https://place.map.kakao.com/1190327795,5.0,1,0
10547111,수악계곡,https://place.map.kakao.com/10547111,5.0,1,0
2027878813,왕빛나무쉼터,https://place.map.kakao.com/2027878813,0.0,0,3
12706270,신례리지석묘2호,https://place.map.kakao.com/12706270,0.0,0,0
7840524,동수악,https://place.map.kakao.com/7840524,2.5,2,0
1622045531,진산유자힐링랜드,https://place.map.kakao.com/1622045531,0.0,0,0
25218190,두수오름,https://place.map.kakao.com/25218190,4.0,4,0
228825285,백리악,https://place.map.kakao.com/228825285,0.0,0,0
25343687,입석오름,https://place.map.kakao.com/25343687,0.0,0,0
8095112,충혼탑,https://place.map.kakao.com/8095112,0.0,0,0
8077982,중잣성,https://place.map.kakao.com/8077982,0.0,0,0
479475881,제주농업생태원 녹차원,https://place.map.kakao.com/479475881,0.0,0,0
8013485,열녀비,https://place.map.kakao.com/8013485,0.0,0,0
25253060,보리오름,https://place.map.kakao.com/25253060,3.0,2,0
563560938,엠유,https://place.map.kakao.com/563560938,0.0,0,0
25292207,쇄개오름,https://place.map.kakao.com/25292207,0.0,0,0
1740553955,신흥동백나무군락,https://place.map.kakao.com/1740553955,0.0,0,0
1461057863,사리물궤,https://place.map.kakao.com/1461057863,0.0,0,0
8666131,공덕비,https://place.map.kakao.com/8666131,0.0,0,0
835307780,배롱낙원 남원,https://place.map.kakao.com/835307780,0.0,0,0
25459342,신례천,https://place.map.kakao.com/25459342,0.0,0,0
10812380,거인악,https://place.map.kakao.com/10812380,0.0,0,0
10715410,전포천,https://place.map.kakao.com/10715410,0.0,0,0
1190827141,모자쌍묘,https://place.map.kakao.com/1190827141,0.0,0,0
25727539,송천,https://place.map.kakao.com/25727539,0.0,0,0
27455638,봉산농원,https://place.map.kakao.com/27455638,0.0,0,0
308014827,남원관광농원,https://place.map.kakao.com/308014827,0.0,0,0
25173313,거린족은오름,https://place.map.kakao.com/25173313,5.0,1,1
8046900,의귀천,https://place.map.kakao.com/8046900,1.0,1,0
25415563,종남천,https://place.map.kakao.com/25415563,0.0,0,0
8251573,논고악,https://place.map.kakao.com/8251573,0.0,0,0
15168145,한라산 샘터,https://place.map.kakao.com/15168145,0.0,0,0
455127878,신례천생태로2코스,https://place.map.kakao.com/455127878,0.0,0,0
7940835,한라산 섯궤펜이,https://place.map.kakao.com/7940835,0.0,0,0
1612624674,고려 정씨열녀비,https://place.map.kakao.com/1612624674,0.0,0,0
25196144,너터리머루,https://place.map.kakao.com/25196144,0.0,0,0
25280076,서동산,https://place.map.kakao.com/25280076,0.0,0,0
12753459,올레길 4코스(표선-남원 올레),https://place.map.kakao.com/12753459,4.0,15,3
371617521,소노캄 제주 하트나무 포토존,https://place.map.kakao.com/371617521,5.0,1,0
8492823,어위폭포,https://place.map.kakao.com/8492823,4.0,4,0
8108616,토산봉,https://place.map.kakao.com/8108616,3.8,12,0
1183305677,모자상,https://place.map.kakao.com/1183305677,5.0,1,0
7962003,쇠소깍,https://place.map.kakao.com/7962003,4.0,214,488
13723730,해병대길,https://place.map.kakao.com/13723730,3.0,2,0
1909229123,거슨새미,https://place.map.kakao.com/1909229123,0.0,0,0
13725664,망오름 쉼터,https://place.map.kakao.com/13725664,5.0,1,8
1182625042,토산리 향사 옛터,https://place.map.kakao.com/1182625042,0.0,0,0
13725912,거슨새미,https://place.map.kakao.com/13725912,1.0,1,0
161689349,노단새미,https://place.map.kakao.com/161689349,5.0,1,0
10118902,가세오름,https://place.map.kakao.com/10118902,3.7,17,4
1615441814,가시림 수목원,https://place.map.kakao.com/1615441814,4.2,45,203
228779856,토산망,https://place.map.kakao.com/228779856,0.0,0,0
7967197,쇠소깍관광지,https://place.map.kakao.com/7967197,3.7,86,5
11104042,알오름,https://place.map.kakao.com/11104042,2.3,3,1
8095103,충혼비,https://place.map.kakao.com/8095103,0.0,0,0
8330541,봉화대,https://place.map.kakao.com/8330541,0.0,0,0
608868785,토산산책로,https://place.map.kakao.com/608868785,5.0,1,0
22924455,하효쇠소깍해변,https://place.map.kakao.com/22924455,4.2,45,4
8476543,염통오름,https://place.map.kakao.com/8476543,3.0,3,0
10548055,소소름,https://place.map.kakao.com/10548055,4.0,2,0
25723574,가시천,https://place.map.kakao.com/25723574,0.0,0,0
25320711,영통오름,https://place.map.kakao.com/25320711,0.0,0,0
13725653,가마리개,https://place.map.kakao.com/13725653,3.0,1,0
13725649,거문머처,https://place.map.kakao.com/13725649,4.0,3,0
656439095,쇠소깍 인증센터,https://place.map.kakao.com/656439095,4.1,11,1
22784912,제주성공농원,https://place.map.kakao.com/22784912,0.0,0,0
25229887,매오름,https://place.map.kakao.com/25229887,4.5,24,17
25389241,피질고개,https://place.map.kakao.com/25389241,0.0,0,0
986727726,묘수원,https://place.map.kakao.com/986727726,0.0,0,0
1853615136,쇠소깍 안내센터,https://place.map.kakao.com/1853615136,5.0,2,0
1183662730,잃어버린 마을 새가름,https://place.map.kakao.com/1183662730,0.0,0,0
11287180,효돈천,https://place.map.kakao.com/11287180,5.0,2,1
1188007978,하효리 4.3성,https://place.map.kakao.com/1188007978,0.0,0,0
852743773,가시리마을4.3길센터,https://place.map.kakao.com/852743773,0.0,0,0
10837003,충혼비,https://place.map.kakao.com/10837003,0.0,0,0
12711098,가시리설오름청주한씨방묘,https://place.map.kakao.com/12711098,5.0,1,0
10589758,안좌천,https://place.map.kakao.com/10589758,0.0,0,0
10307727,도청오름,https://place.map.kakao.com/10307727,1.7,6,0
598536263,가시리 4.3희생자 위령비,https://place.map.kakao.com/598536263,5.0,3,2
25277696,샘이골,https://place.map.kakao.com/25277696,0.0,0,0
238812900,면암최익현선생유적비,https://place.map.kakao.com/238812900,0.0,0,0
1478128637,일출올래농원,https://place.map.kakao.com/1478128637,0.0,0,0
12753453,올레길 3-A코스(온평-표선 올레),https://place.map.kakao.com/12753453,4.3,9,7
8624896,혼인지,https://place.map.kakao.com/8624896,4.6,103,97
10399499,일출랜드,https://place.map.kakao.com/10399499,3.5,57,195
903326529,올레길 3-B코스(온평-표선 올레),https://place.map.kakao.com/903326529,3.8,9,10
23231118,물의도시 베니스랜드,https://place.map.kakao.com/23231118,3.0,31,28
27313146,김정문알로에 알로에숲,https://place.map.kakao.com/27313146,4.5,23,53
919804288,삼달리꽃밭에서,https://place.map.kakao.com/919804288,4.0,31,99
17574894,일출랜드 미천굴,https://place.map.kakao.com/17574894,2.9,7,3
1006074108,수산한못,https://place.map.kakao.com/1006074108,4.5,12,33
14080354,혼인지정보센터,https://place.map.kakao.com/14080354,5.0,1,135
258626866,신풍신천 바다목장길,https://place.map.kakao.com/258626866,4.8,5,2
7868485,모구리오름,https://place.map.kakao.com/7868485,4.3,12,6
25212873,독자봉,https://place.map.kakao.com/25212873,3.8,10,6
12736193,신산환해장성,https://place.map.kakao.com/12736193,5.0,2,1
8128672,통오름,https://place.map.kakao.com/8128672,3.7,12,2
17952670,일출랜드 민속촌,https://place.map.kakao.com/17952670,0.0,0,1
1039701252,신천리벽화마을,https://place.map.kakao.com/1039701252,0.0,0,1
8212572,궁대악,https://place.map.kakao.com/8212572,4.7,16,0
15437830,혼인지마을종합센터,https://place.map.kakao.com/15437830,0.0,0,0
185301446,웰컴투삼달리 촬영지,https://place.map.kakao.com/185301446,0.0,0,0
12736206,온평환해장성 제3지점,https://place.map.kakao.com/12736206,3.0,1,0
17579818,일출랜드 아열대식물원,https://place.map.kakao.com/17579818,0.0,0,0
12736194,온평환해장성 제1지점,https://place.map.kakao.com/12736194,0.0,0,1
17952672,일출랜드 추억의동물원,https://place.map.kakao.com/17952672,0.0,0,0
1247241005,제주올레길 3코스갈림길,https://place.map.kakao.com/1247241005,4.0,1,1
12736217,온평환해장성 제4지점,https://place.map.kakao.com/12736217,0.0,0,0
11300413,남산봉,https://place.map.kakao.com/11300413,3.7,7,3
8477757,유건에오름,https://place.map.kakao.com/8477757,3.9,8,4
1483138098,한국성경식물원,https://place.map.kakao.com/1483138098,0.0,0,0
839306990,제주수산동굴,https://place.map.kakao.com/839306990,0.0,0,0
702309776,난산로벚꽃길,https://place.map.kakao.com/702309776,0.0,0,0
12736230,온평환해장성 제2지점,https://place.map.kakao.com/12736230,0.0,0,0
25254223,본지오름,https://place.map.kakao.com/25254223,2.4,5,4
1462227072,연듸모루 숲길,https://place.map.kakao.com/1462227072,4.5,2,0
8485881,의사오흥태비,https://place.map.kakao.com/8485881,0.0,0,0
25192315,나시리오름,https://place.map.kakao.com/25192315,3.0,3,1
400495901,연혼포,https://place.map.kakao.com/400495901,4.5,2,1
8168362,후곡악,https://place.map.kakao.com/8168362,3.0,6,1
25228487,망동산,https://place.map.kakao.com/25228487,0.0,0,0
12705854,천미연대,https://place.map.kakao.com/12705854,0.0,0,0
7866881,모구리알오름,https://place.map.kakao.com/7866881,3.0,1,0
71881043,디딤팡돌,https://place.map.kakao.com/71881043,3.0,1,0
26874091,신천아트빌리지,https://place.map.kakao.com/26874091,0.0,0,0
25174765,걸리오름,https://place.map.kakao.com/25174765,1.5,2,0
7889783,미와미못,https://place.map.kakao.com/7889783,0.0,0,0
13725611,신천리마을올레,https://place.map.kakao.com/13725611,0.0,0,0
262107674,고타리못,https://place.map.kakao.com/262107674,0.0,0,0
25221315,뒷굽으니오름,https://place.map.kakao.com/25221315,0.0,0,0
12969030,갈마못,https://place.map.kakao.com/12969030,0.0,0,0
228851951,동머루,https://place.map.kakao.com/228851951,0.0,0,0
1395363934,남산버덕못,https://place.map.kakao.com/1395363934,0.0,0,0
8349721,말등포연대,https://place.map.kakao.com/8349721,0.0,0,0
8142201,직꾸물,https://place.map.kakao.com/8142201,5.0,1,0
7995731,애향탑,https://place.map.kakao.com/7995731,3.0,1,0
13725598,도댓불,https://place.map.kakao.com/13725598,4.0,5,0
26269411,환해장성로,https://place.map.kakao.com/26269411,0.0,0,0
1728417838,천변길,https://place.map.kakao.com/1728417838,0.0,0,0
1999214211,갯무꽃밭,https://place.map.kakao.com/1999214211,0.0,0,0
26974939,좌보미오름,https://place.map.kakao.com/26974939,3.8,10,5
8042882,월랑지,https://place.map.kakao.com/8042882,2.5,4,0
17788991,좌보미알오름,https://place.map.kakao.com/17788991,3.5,4,0
9461977,카멜리아힐,https://place.map.kakao.com/9461977,3.9,433,1277
12753461,올레길 9코스(대평-화순 올레),https://place.map.kakao.com/12753461,3.8,20,2
25186462,군산오름,https://place.map.kakao.com/25186462,4.5,130,123
303901411,파더스가든,https://place.map.kakao.com/303901411,3.6,84,875
1214707005,신화테마파크,https://place.map.kakao.com/1214707005,2.8,114,545
26230962,박수기정,https://place.map.kakao.com/26230962,4.3,64,69
616836970,모모쥬동물원,https://place.map.kakao.com/616836970,4.0,23,377
1870273669,신화워터파크,https://place.map.kakao.com/1870273669,3.6,53,308
1495122429,트로피카나,https://place.map.kakao.com/1495122429,4.8,9,8
1155988847,제주 뽀로로앤타요 테마파크,https://place.map.kakao.com/1155988847,,,84
63124696,아라고나이트 고온천,https://place.map.kakao.com/63124696,4.2,26,45
17630155,토이파크,https://place.map.kakao.com/17630155,3.4,27,10
25334276,원물오름,https://place.map.kakao.com/25334276,4.1,19,12
1779713684,신화가든,https://place.map.kakao.com/1779713684,4.3,9,36
1151810838,댕냥별,https://place.map.kakao.com/1151810838,3.0,2,87
10255199,대병악,https://place.map.kakao.com/10255199,4.3,24,1
17788831,왕이메오름,https://place.map.kakao.com/17788831,4.3,19,41
7958410,소병악,https://place.map.kakao.com/7958410,3.7,6,0
8231118,남송이오름,https://place.map.kakao.com/8231118,3.3,18,16
1433221403,길모퉁이가게,https://place.map.kakao.com/1433221403,3.5,6,4
2001736805,블랙홀 엑시트,https://place.map.kakao.com/2001736805,0.0,0,31
496362792,박수기정 잔디밭,https://place.map.kakao.com/496362792,1.5,8,0
237944347,큰넓궤,https://place.map.kakao.com/237944347,4.5,6,3
8021042,영아리,https://place.map.kakao.com/8021042,4.7,15,3
1833205401,디아넥스 온천,https://place.map.kakao.com/1833205401,5.0,3,0
1967497999,겹동백길,https://place.map.kakao.com/1967497999,4.0,2,20
11153555,족은대비악,https://place.map.kakao.com/11153555,4.2,10,5
7814463,당오름,https://place.map.kakao.com/7814463,4.4,14,9
490643902,제주신화월드 레스에이카지노,https://place.map.kakao.com/490643902,3.7,3,0
1658324120,군산오름 전망대,https://place.map.kakao.com/1658324120,4.7,6,0
17580579,카멜리아힐 용소폭포,https://place.map.kakao.com/17580579,0.0,0,0
2134606029,잃어버린마을 무등이왓,https://place.map.kakao.com/2134606029,4.7,7,1
7834687,돌오름,https://place.map.kakao.com/7834687,3.5,2,1
10161295,고배기 동산,https://place.map.kakao.com/10161295,3.6,5,8
976337389,동백동산,https://place.map.kakao.com/976337389,3.8,6,0
7865729,마보기,https://place.map.kakao.com/7865729,4.4,18,1
7888984,밝은오름,https://place.map.kakao.com/7888984,3.2,5,0
26518876,IUCN기념숲,https://place.map.kakao.com/26518876,3.0,1,3
187306484,제주신화월드 신화쇼핑스트리트,https://place.map.kakao.com/187306484,4.0,6,8
669990800,서광리벚꽃길,https://place.map.kakao.com/669990800,4.7,3,5
8674728,감낭오름,https://place.map.kakao.com/8674728,3.7,3,1
8168834,거린오름,https://place.map.kakao.com/8168834,3.5,13,4
10447654,북오름,https://place.map.kakao.com/10447654,2.7,6,1
620485575,신화테마파크 윙클스하우스,https://place.map.kakao.com/620485575,5.0,2,0
7878773,무악,https://place.map.kakao.com/7878773,3.8,4,0
1218217789,신화워터파크 실내워터파크동,https://place.map.kakao.com/1218217789,0.0,0,0
25389741,하늬오름,https://place.map.kakao.com/25389741,0.0,0,0
13723697,몰질,https://place.map.kakao.com/13723697,1.7,3,0
25730158,창고천,https://place.map.kakao.com/25730158,0.0,0,0
237412511,개오름,https://place.map.kakao.com/237412511,5.0,1,0
1155800681,잃어버린 마을 오리튼물,https://place.map.kakao.com/1155800681,1.0,1,0
7834107,돔박이,https://place.map.kakao.com/7834107,2.0,3,0
11102796,어오름,https://place.map.kakao.com/11102796,0.0,0,0
1351099945,상창리동백꽃길,https://place.map.kakao.com/1351099945,0.0,0,0
8433711,신산오름,https://place.map.kakao.com/8433711,1.0,1,0
10700761,원수악,https://place.map.kakao.com/10700761,4.0,1,0
1785224295,신화워터파크 메인엔트리빌딩,https://place.map.kakao.com/1785224295,0.0,0,1
1155433732,김여수 가족 헛묘,https://place.map.kakao.com/1155433732,5.0,2,0
307246180,돌채농원,https://place.map.kakao.com/307246180,5.0,1,0
12706242,창천지석묘 1호,https://place.map.kakao.com/12706242,5.0,1,0
450621739,신화테마파크 플라잉 월,https://place.map.kakao.com/450621739,0.0,0,0
1155541209,임문숙 가족 헛묘,https://place.map.kakao.com/1155541209,5.0,1,0
8194672,괴수치,https://place.map.kakao.com/8194672,2.7,3,0
152138759,신화워터파크 시즌락커동,https://place.map.kakao.com/152138759,0.0,0,0
1155726238,잃어버린 마을 삼밧구석,https://place.map.kakao.com/1155726238,5.0,1,0
1155334338,잃어버린 마을 조가웨,https://place.map.kakao.com/1155334338,0.0,0,0
10215957,기념비,https://place.map.kakao.com/10215957,0.0,0,0
10693957,원물,https://place.map.kakao.com/10693957,0.0,0,0
8041649,이돋이오름,https://place.map.kakao.com/8041649,0.0,0,0
8144640,하늬보기,https://place.map.kakao.com/8144640,0.0,0,0
595267407,삼밭구석,https://place.map.kakao.com/595267407,5.0,2,0
1138945035,쳇망어음 주둔소,https://place.map.kakao.com/1138945035,0.0,0,0
1194740292,향사출장소(경찰파견소) 옛터,https://place.map.kakao.com/1194740292,0.0,0,0
7846209,동헌이공송덕비,https://place.map.kakao.com/7846209,0.0,0,0
10823940,충혼비,https://place.map.kakao.com/10823940,0.0,0,0
1329244721,군산오름 등산로 입구,https://place.map.kakao.com/1329244721,5.0,3,1
8264639,더더오름,https://place.map.kakao.com/8264639,1.7,3,0
683714694,중문미로파크,https://place.map.kakao.com/683714694,4.1,10,37
25730159,창고천,https://place.map.kakao.com/25730159,0.0,0,0
963264302,곰생이물,https://place.map.kakao.com/963264302,0.0,0,0
8095105,충혼비,https://place.map.kakao.com/8095105,0.0,0,0
11311897,당포연대,https://place.map.kakao.com/11311897,0.0,0,0
8232047,논짓물담수욕장,https://place.map.kakao.com/8232047,4.2,77,24
8069764,중문색달해수욕장,https://place.map.kakao.com/8069764,4.2,177,164
11792904,올레길 8코스(월평-대평 올레),https://place.map.kakao.com/11792904,4.5,19,7
1573953816,예래본향당,https://place.map.kakao.com/1573953816,0.0,0,0
8004227,여미지식물원,https://place.map.kakao.com/8004227,3.2,160,404
8092604,천제연폭포,https://place.map.kakao.com/8092604,4.3,171,302
27548967,엉덩물계곡,https://place.map.kakao.com/27548967,4.1,72,175
26157411,갯깍주상절리대,https://place.map.kakao.com/26157411,3.7,13,6
1160615005,런닝맨 제주점,https://place.map.kakao.com/1160615005,3.8,34,265
11255609,제주중문관광단지,https://place.map.kakao.com/11255609,4.2,19,3
11293995,쉬리의언덕,https://place.map.kakao.com/11293995,4.0,23,15
8009713,열리해안도로,https://place.map.kakao.com/8009713,4.0,5,0
10516904,색달해안갯깍 주상절리대,https://place.map.kakao.com/10516904,3.7,3,0
10793668,중문대포주상절리대,https://place.map.kakao.com/10793668,4.0,255,115
11187864,우보악,https://place.map.kakao.com/11187864,3.4,12,5
10880885,퍼시픽리솜 마린스테이지,https://place.map.kakao.com/10880885,2.9,40,1
17809089,베릿내오름,https://place.map.kakao.com/17809089,4.1,27,47
1197459182,상예국민학교 옛터,https://place.map.kakao.com/1197459182,0.0,0,0
27090904,제주여미지식물원매표소,https://place.map.kakao.com/27090904,4.0,1,1
1570893758,하예환해장성,https://place.map.kakao.com/1570893758,4.5,2,0
1175439710,중문관광단지안내소,https://place.map.kakao.com/1175439710,0.0,0,0
12706373,상예동지석묘3호,https://place.map.kakao.com/12706373,0.0,0,0
10129576,개다리폭포,https://place.map.kakao.com/10129576,3.0,5,0
12706372,상예동지석묘제1호,https://place.map.kakao.com/12706372,0.0,0,0
17808879,중문관광단지 별내린전망대,https://place.map.kakao.com/17808879,3.2,5,1
27446295,중문관광단지,https://place.map.kakao.com/27446295,0.0,0,12
12706371,상예동지석묘2호,https://place.map.kakao.com/12706371,0.0,0,0
1959240281,천제연 제3폭포,https://place.map.kakao.com/1959240281,4.3,7,0
11792820,용문덕,https://place.map.kakao.com/11792820,4.5,2,0
881700460,상예동지석묘4호,https://place.map.kakao.com/881700460,0.0,0,0
13723650,들렁궤 (폐쇄),https://place.map.kakao.com/13723650,4.0,2,0
13723657,열리해안산책로,https://place.map.kakao.com/13723657,0.0,0,0
1655958285,박살2 : K-아일랜드제주,https://place.map.kakao.com/1655958285,1.0,2,41
521533004,세븐스타 카지노,https://place.map.kakao.com/521533004,5.0,2,0
490703759,천제연제2폭포,https://place.map.kakao.com/490703759,4.0,2,0
917872089,색달동 다람쥐굴,https://place.map.kakao.com/917872089,5.0,2,0
11211892,한라산전망대,https://place.map.kakao.com/11211892,0.0,0,0
1566381808,조른모살해변,https://place.map.kakao.com/1566381808,0.0,0,0
1315435942,천제연제1폭포,https://place.map.kakao.com/1315435942,3.0,2,0
25728426,예래천,https://place.map.kakao.com/25728426,0.0,0,0
27513006,주상절리관광안내소,https://place.map.kakao.com/27513006,3.8,4,5
237352484,우보름,https://place.map.kakao.com/237352484,4.5,2,0
12778135,해병대길 (폐쇄),https://place.map.kakao.com/12778135,3.6,14,0
12706375,상예동지석묘5호,https://place.map.kakao.com/12706375,0.0,0,0
299114128,금산,https://place.map.kakao.com/299114128,0.0,0,0
8028113,우보악 유원지,https://place.map.kakao.com/8028113,0.0,0,0
8095104,충혼비,https://place.map.kakao.com/8095104,0.0,0,0
479023619,남바치물,https://place.map.kakao.com/479023619,4.0,1,0
25419270,예래천,https://place.map.kakao.com/25419270,0.0,0,0
13723630,베릿내오름전망대,https://place.map.kakao.com/13723630,5.0,1,2
12269209,제주다원 녹차미로공원,https://place.map.kakao.com/12269209,4.3,39,25
1316272771,롯데호텔제주 플레이토피아,https://place.map.kakao.com/1316272771,0.0,0,0
12721329,천제연난대림,https://place.map.kakao.com/12721329,0.0,0,0
937608705,서귀포 천제연 관개수로,https://place.map.kakao.com/937608705,0.0,0,0
74021850,벚꽃터널,https://place.map.kakao.com/74021850,0.0,0,0
1197494102,잃어버린 마을 천서동,https://place.map.kakao.com/1197494102,5.0,1,0
1138524408,중문면 4.3희생자 위령공원,https://place.map.kakao.com/1138524408,0.0,0,0
1431248960,씨에스호텔 알드르광장,https://place.map.kakao.com/1431248960,0.0,0,0
1197939562,중문리 신사터,https://place.map.kakao.com/1197939562,0.0,0,0
12706378,색달동지석묘1호,https://place.map.kakao.com/12706378,0.0,0,0
7965232,셋정도,https://place.map.kakao.com/7965232,0.0,0,0
1596164307,도리빨,https://place.map.kakao.com/1596164307,4.9,14,3
9668606,제주 국제평화센터 안내데스크,https://place.map.kakao.com/9668606,0.0,0,0
1198024525,중문면사무소 옛터,https://place.map.kakao.com/1198024525,0.0,0,0
1594858068,경주김씨지려,https://place.map.kakao.com/1594858068,5.0,1,0
7868596,모라리오름,https://place.map.kakao.com/7868596,0.0,0,0
8527353,중문천,https://place.map.kakao.com/8527353,0.0,0,2
8329551,보호수 팽나무,https://place.map.kakao.com/8329551,0.0,0,0
25727043,색달천,https://place.map.kakao.com/25727043,0.0,0,0
622732439,서귀포해안도로,https://place.map.kakao.com/622732439,0.0,0,0
1016874271,도리빨해변,https://place.map.kakao.com/1016874271,0.0,0,4
7828440,대포연대,https://place.map.kakao.com/7828440,4.5,4,1
25725432,대포천,https://place.map.kakao.com/25725432,0.0,0,0
10734223,전몰장병충혼비,https://place.map.kakao.com/10734223,0.0,0,0
8640631,표선해수욕장,https://place.map.kakao.com/8640631,4.5,175,245
8063566,제주민속촌,https://place.map.kakao.com/8063566,3.3,114,529
12501794,제주성읍마을,https://place.map.kakao.com/12501794,3.0,88,8
23397740,제주허브동산,https://place.map.kakao.com/23397740,3.7,94,302
12979413,붉은오름자연휴양림,https://place.map.kakao.com/12979413,4.0,49,141
25248461,백약이오름,https://place.map.kakao.com/25248461,4.4,153,135
1527411751,다이나믹메이즈 제주도성읍점,https://place.map.kakao.com/1527411751,3.3,71,390
25036598,따라비오름,https://place.map.kakao.com/25036598,4.6,124,117
10805494,제주유채꽃도로,https://place.map.kakao.com/10805494,4.6,64,9
8018193,영주산,https://place.map.kakao.com/8018193,4.3,51,62
10455841,붉은오름,https://place.map.kakao.com/10455841,4.3,20,6
2096590,오늘은녹차한잔 카트장,https://place.map.kakao.com/2096590,2.9,27,21
1714785831,녹차동굴,https://place.map.kakao.com/1714785831,4.5,49,4
656533961,토끼나무숲길,https://place.map.kakao.com/656533961,4.0,5,2
1302548378,녹산로,https://place.map.kakao.com/1302548378,4.2,12,31
858228870,성읍민속마을,https://place.map.kakao.com/858228870,5.0,1,1
17382302,성읍랜드,https://place.map.kakao.com/17382302,2.9,14,22
1932375305,소금막해변,https://place.map.kakao.com/1932375305,4.6,44,36
1387180064,한라산둘레길 숲길센터,https://place.map.kakao.com/1387180064,4.9,15,69
340485722,사려니숲 무장애나눔길,https://place.map.kakao.com/340485722,0.0,0,40
25204904,큰사슴이오름,https://place.map.kakao.com/25204904,4.7,33,8
373975033,빛의섬루미버스,https://place.map.kakao.com/373975033,2.3,6,125
1542876301,제주올레4코스 공식안내소,https://place.map.kakao.com/1542876301,4.0,4,0
19175082,가시리 국산화 풍력발전단지,https://place.map.kakao.com/19175082,4.7,6,2
1800116456,보롬왓수국길,https://place.map.kakao.com/1800116456,4.4,8,2
10620522,개오름,https://place.map.kakao.com/10620522,3.7,16,59
27225783,성읍저수지,https://place.map.kakao.com/27225783,0.0,0,0
1132932703,사려니숲길 관광안내소,https://place.map.kakao.com/1132932703,4.5,22,43
8610382,표선해안도로,https://place.map.kakao.com/8610382,4.5,4,0
24325322,표선해변 인증센터,https://place.map.kakao.com/24325322,4.5,17,3
45736382,가시리 조랑말체험장,https://place.map.kakao.com/45736382,3.8,5,0
26458820,성지도예,https://place.map.kakao.com/26458820,4.4,12,16
10328747,모지오름,https://place.map.kakao.com/10328747,3.4,10,7
2016341083,표선사거리상점가,https://place.map.kakao.com/2016341083,0.0,0,0
17807528,제주성읍마을 정의향교,https://place.map.kakao.com/17807528,0.0,0,2
265543731,벨섬,https://place.map.kakao.com/265543731,5.0,1,31
11302272,병곳오름,https://place.map.kakao.com/11302272,4.0,14,3
7813516,달산봉,https://place.map.kakao.com/7813516,3.9,12,1
7895084,번널오름,https://place.map.kakao.com/7895084,4.4,11,3
26564491,갑마장길및가름질 쫄븐갑마장길,https://place.map.kakao.com/26564491,4.1,9,0
1182643292,표선면 4.3추모공원,https://place.map.kakao.com/1182643292,3.0,2,0
17570205,제주민속촌박물관 어촌,https://place.map.kakao.com/17570205,3.0,1,0
13723698,거우개,https://place.map.kakao.com/13723698,5.0,4,0
915096634,가시리숲길,https://place.map.kakao.com/915096634,4.0,1,0
12721317,제주 성읍리 느티나무 및 팽나무 군,https://place.map.kakao.com/12721317,5.0,2,2
12705853,소마로연대,https://place.map.kakao.com/12705853,0.0,0,0
17788803,여문영아리,https://place.map.kakao.com/17788803,3.0,4,0
8083937,천미천,https://place.map.kakao.com/8083937,0.0,0,0
8389769,송종선가옥,https://place.map.kakao.com/8389769,0.0,0,0
18059602,제주민속촌 토속신앙촌,https://place.map.kakao.com/18059602,5.0,2,0
8418670,정의읍성,https://place.map.kakao.com/8418670,4.3,3,3
8059478,정의현성,https://place.map.kakao.com/8059478,5.0,1,0
13723723,갯늪,https://place.map.kakao.com/13723723,0.0,0,0
1699259325,하천리4계절꽃농원,https://place.map.kakao.com/1699259325,5.0,1,1
1174552126,제주성읍마을 대장간집,https://place.map.kakao.com/1174552126,1.0,1,0
7958576,소록산,https://place.map.kakao.com/7958576,3.0,1,1
7946961,설오름,https://place.map.kakao.com/7946961,3.2,10,1
25169758,갑선이오름,https://place.map.kakao.com/25169758,3.5,8,8
355204983,도바나농장,https://place.map.kakao.com/355204983,0.0,0,0
8076561,제석오름,https://place.map.kakao.com/8076561,3.2,5,0
1264454112,표선 한모살,https://place.map.kakao.com/1264454112,3.0,1,0
13725645,흰동산,https://place.map.kakao.com/13725645,4.0,2,0
17580835,제주 허브동산 라벤더광장,https://place.map.kakao.com/17580835,0.0,0,0
12760569,제주성읍마을 고평오고택,https://place.map.kakao.com/12760569,4.0,2,1
26563990,갑마장길및가름질 갑마장길,https://place.map.kakao.com/26563990,0.0,0,0
8601237,천미천,https://place.map.kakao.com/8601237,0.0,0,0
11234528,쳇망오름,https://place.map.kakao.com/11234528,2.0,2,0
420022034,오늘은관광농원,https://place.map.kakao.com/420022034,0.0,0,0
8191728,구두리오름,https://place.map.kakao.com/8191728,2.8,4,2
2116130844,영모루,https://place.map.kakao.com/2116130844,5.0,1,0
12760615,제주성읍마을 고창환고택,https://place.map.kakao.com/12760615,5.0,1,0
8111492,가문이오름,https://place.map.kakao.com/8111492,2.5,4,2
12760545,제주성읍마을 한봉일고택,https://place.map.kakao.com/12760545,0.0,0,2
8387235,새끼오름,https://place.map.kakao.com/8387235,1.5,2,0
1183335785,달랭이모루,https://place.map.kakao.com/1183335785,2.0,1,0
10359873,가친오름,https://place.map.kakao.com/10359873,2.8,4,0
1174726130,제주성읍마을 객주집,https://place.map.kakao.com/1174726130,0.0,0,0
8535878,근민헌,https://place.map.kakao.com/8535878,5.0,1,2
714249197,정의현객사,https://place.map.kakao.com/714249197,0.0,0,0
25238067,물나는동산,https://place.map.kakao.com/25238067,0.0,0,0
228853061,아심전지,https://place.map.kakao.com/228853061,0.0,0,0
8055384,장자오름,https://place.map.kakao.com/8055384,1.0,1,0
17788462,아슴선이,https://place.map.kakao.com/17788462,0.0,0,0
18333469,월랑지,https://place.map.kakao.com/18333469,0.0,0,0
1183859725,폭발사고 희생자 위령탑,https://place.map.kakao.com/1183859725,0.0,0,0
10640993,열녀효자각,https://place.map.kakao.com/10640993,0.0,0,0
25164568,가매기동산,https://place.map.kakao.com/25164568,0.0,0,0
25730150,진평천,https://place.map.kakao.com/25730150,0.0,0,0
7954251,송천,https://place.map.kakao.com/7954251,0.0,0,0
1458088584,신수왓천,https://place.map.kakao.com/1458088584,0.0,0,0
12760591,성읍 고상은가옥,https://place.map.kakao.com/12760591,0.0,0,0
12760592,성읍조일훈가옥,https://place.map.kakao.com/12760592,0.0,0,0
8015963,올레길 6코스(쇠소깍-서귀포 올레),https://place.map.kakao.com/8015963,4.6,27,5
10717401,정방폭포,https://place.map.kakao.com/10717401,4.5,347,34
26818966,소천지,https://place.map.kakao.com/26818966,4.5,109,133
7964906,소정방폭포,https://place.map.kakao.com/7964906,4.4,66,55
11140788,새섬,https://place.map.kakao.com/11140788,4.8,18,4
749525982,자구리담수욕장,https://place.map.kakao.com/749525982,3.9,19,79
10801781,제지기오름,https://place.map.kakao.com/10801781,4.0,30,25
8329265,보목해안도로,https://place.map.kakao.com/8329265,5.0,4,0
1778423776,새섬공원 전망대,https://place.map.kakao.com/1778423776,5.0,1,0
7956506,섶섬,https://place.map.kakao.com/7956506,4.6,8,12
1776196737,자구리 해안가,https://place.map.kakao.com/1776196737,4.6,9,0
8312353,문섬,https://place.map.kakao.com/8312353,5.0,3,9
26524446,칠십리음식특화거리,https://place.map.kakao.com/26524446,1.3,4,0
12151918,소남머리,https://place.map.kakao.com/12151918,4.1,7,31
1264310914,정방폭포와소남머리 일대,https://place.map.kakao.com/1264310914,4.0,2,0
12736204,서귀진지,https://place.map.kakao.com/12736204,3.8,6,6
10717402,정방폭포 관광안내소,https://place.map.kakao.com/10717402,0.0,0,68
10556114,소정방굴,https://place.map.kakao.com/10556114,3.3,8,0
8507967,정방유원지,https://place.map.kakao.com/8507967,2.3,4,0
1487275823,하영올레 2코스,https://place.map.kakao.com/1487275823,0.0,0,0
1570954119,토평환해장성,https://place.map.kakao.com/1570954119,0.0,0,0
13725772,거믄여해안,https://place.map.kakao.com/13725772,4.2,5,0
17902536,서귀포시관광안내소,https://place.map.kakao.com/17902536,0.0,0,0
632090724,남영호조난자 위령탑,https://place.map.kakao.com/632090724,0.0,0,0
1786853360,서복공원 잔디광장,https://place.map.kakao.com/1786853360,0.0,0,0
10543951,식물원,https://place.map.kakao.com/10543951,0.0,0,0
258044163,보목동등명대,https://place.map.kakao.com/258044163,0.0,0,0
2139742394,어쩌다섶섬,https://place.map.kakao.com/2139742394,0.0,0,13
1900382265,서귀포KAL호텔 잔디광장,https://place.map.kakao.com/1900382265,4.0,1,0
12721344,제주삼도파초일엽자생지,https://place.map.kakao.com/12721344,0.0,0,0
25182920,구두미재,https://place.map.kakao.com/25182920,0.0,0,0
8523750,이중섭거리,https://place.map.kakao.com/8523750,4.0,82,70
1698909372,송산동 골목상점가,https://place.map.kakao.com/1698909372,0.0,0,0
14864527,문도,https://place.map.kakao.com/14864527,0.0,0,0
25726417,보목천,https://place.map.kakao.com/25726417,0.0,0,0
8100102,천지연폭포,https://place.map.kakao.com/8100102,4.4,335,471
14080397,7코스 제주올레 여행자센터,https://place.map.kakao.com/14080397,4.5,63,9
8057149,이중섭거주지,https://place.map.kakao.com/8057149,4.3,10,10
1202044621,정모시쉼터,https://place.map.kakao.com/1202044621,4.7,18,45
7945410,서귀포해양도립공원,https://place.map.kakao.com/7945410,3.8,8,13
1999187580,이중섭거리명동로상가,https://place.map.kakao.com/1999187580,0.0,0,0
19386343,아랑조을거리,https://place.map.kakao.com/19386343,5.0,1,1
8100101,천지연유원지,https://place.map.kakao.com/8100101,4.3,6,0
1931977442,작가의산책길 종합안내소,https://place.map.kakao.com/1931977442,5.0,1,13
26564448,작가의산책길,https://place.map.kakao.com/26564448,5.0,2,0
10502825,서귀포 종합관광안내소,https://place.map.kakao.com/10502825,4.3,3,1
27050803,서귀본향당,https://place.map.kakao.com/27050803,0.0,0,1
26974762,황우지해안 (폐쇄),https://place.map.kakao.com/26974762,4.3,59,4
27010336,서귀포층 패류화석산지,https://place.map.kakao.com/27010336,4.4,5,1
1621047762,서귀포시문화광장,https://place.map.kakao.com/1621047762,5.0,1,6
1779076533,새연교 음악분수,https://place.map.kakao.com/1779076533,4.8,4,2
26204215,새연교안내소,https://place.map.kakao.com/26204215,3.3,3,0
1779409505,천지연폭포 전망대,https://place.map.kakao.com/1779409505,5.0,1,0
8169612,황우지해안열두굴,https://place.map.kakao.com/8169612,3.9,7,1
1894119248,하영올레 1코스,https://place.map.kakao.com/1894119248,0.0,0,0
1208529030,올레별빛거리 골목형상점가,https://place.map.kakao.com/1208529030,0.0,0,0
13723956,천지연 기정길,https://place.map.kakao.com/13723956,4.3,4,0
808528872,하영올레 야간코스,https://place.map.kakao.com/808528872,0.0,0,0
126727760,생수궤,https://place.map.kakao.com/126727760,0.0,0,0
25035440,외돌개,https://place.map.kakao.com/25035440,4.4,78,154
1837401211,솜반천,https://place.map.kakao.com/1837401211,3.8,6,28
12721343,제주 천지연담팔수자생지,https://place.map.kakao.com/12721343,0.0,0,0
383223155,가치여행자쉼터,https://place.map.kakao.com/383223155,0.0,0,1
1911167459,중앙동문화골목,https://place.map.kakao.com/1911167459,0.0,0,0
16260332,관광안내소 제주특별자치도서귀포시,https://place.map.kakao.com/16260332,0.0,0,0
2077762492,풍경이 있는 오솔길,https://place.map.kakao.com/2077762492,0.0,0,0
13725799,황우지선녀탕 (폐쇄),https://place.map.kakao.com/13725799,4.2,102,9
17952118,걸매생태공원 창포원,https://place.map.kakao.com/17952118,0.0,0,0
277010182,제주특별자치도서귀포시,https://place.map.kakao.com/277010182,0.0,0,0
111229061,서귀포시 안내센터,https://place.map.kakao.com/111229061,0.0,0,0
1855875947,서귀포건축문화기행,https://place.map.kakao.com/1855875947,1.0,1,0
7919832,삼매봉,https://place.map.kakao.com/7919832,4.2,13,1
25731007,호근천,https://place.map.kakao.com/25731007,0.0,0,7
1191215421,외돌개 전망대,https://place.map.kakao.com/1191215421,4.7,49,1
1764317309,연외천,https://place.map.kakao.com/1764317309,0.0,0,0
11635431,올레길 7코스(서귀포-월평 올레),https://place.map.kakao.com/11635431,4.5,46,16
1578790060,하논분화구 방문자센터,https://place.map.kakao.com/1578790060,4.7,11,25
1537887621,하영올레 3코스,https://place.map.kakao.com/1537887621,5.0,1,0
500774513,동너븐덕,https://place.map.kakao.com/500774513,4.8,18,0
2007363174,동홍8번가,https://place.map.kakao.com/2007363174,0.0,0,0
27302441,신선바위,https://place.map.kakao.com/27302441,5.0,1,0
500321054,무근덕,https://place.map.kakao.com/500321054,3.0,2,0
1134195034,오레브 핫스프링 앤 스파,https://place.map.kakao.com/1134195034,,,442
7974265,신선바위,https://place.map.kakao.com/7974265,4.5,2,0
17789092,보름이,https://place.map.kakao.com/17789092,1.0,1,0
986064362,동이홍이네 힐링황톳길,https://place.map.kakao.com/986064362,5.0,1,1
13723599,삼매봉옆길,https://place.map.kakao.com/13723599,0.0,0,0
1889212822,천지힐링길코스,https://place.map.kakao.com/1889212822,0.0,0,0
8203045,기차바위,https://place.map.kakao.com/8203045,4.5,4,0
548198823,하논성당터,https://place.map.kakao.com/548198823,4.4,8,8
25725731,동홍천,https://place.map.kakao.com/25725731,0.0,0,3
1191128222,베케,https://place.map.kakao.com/1191128222,3.9,148,305
1137080601,변시지그림정원,https://place.map.kakao.com/1137080601,0.0,0,2
1198327594,잃어버린 마을 하논마을,https://place.map.kakao.com/1198327594,4.3,3,0
12753593,올레길 7-1코스(월드컵경기장-서귀포 올레),https://place.map.kakao.com/12753593,4.5,12,14
10303208,돔베낭골,https://place.map.kakao.com/10303208,4.1,8,6
25727046,생수천,https://place.map.kakao.com/25727046,0.0,0,0
7890597,섯거제,https://place.map.kakao.com/7890597,5.0,1,0
919136647,속골유원지,https://place.map.kakao.com/919136647,3.6,33,46
7953309,서홍동대궐터,https://place.map.kakao.com/7953309,0.0,0,0
25726418,보목천,https://place.map.kakao.com/25726418,0.0,0,0
10349145,망밭,https://place.map.kakao.com/10349145,4.0,3,1
25729042,원제천,https://place.map.kakao.com/25729042,0.0,0,0
25731009,호근천,https://place.map.kakao.com/25731009,0.0,0,0
1618262289,구 경성제국대학 부속 생약연구소 제주도 시험장,https://place.map.kakao.com/1618262289,0.0,0,0
1571636858,오정빈묘역,https://place.map.kakao.com/1571636858,0.0,0,0
25728271,연외천,https://place.map.kakao.com/25728271,0.0,0,0
2009852352,대륜동 느린우체통,https://place.map.kakao.com/2009852352,0.0,0,1
25729043,원제천,https://place.map.kakao.com/25729043,0.0,0,0
25727035,상효천,https://place.map.kakao.com/25727035,0.0,0,0
13725804,야자수동산,https://place.map.kakao.com/13725804,4.2,9,0
25727138,서홍천,https://place.map.kakao.com/25727138,0.0,0,0
7939481,설오름,https://place.map.kakao.com/7939481,2.0,1,0
7939827,선정비,https://place.map.kakao.com/7939827,0.0,0,0
13725565,수봉로,https://place.map.kakao.com/13725565,4.7,6,0
7999465,연동연대,https://place.map.kakao.com/7999465,5.0,1,0
244449924,일냉이,https://place.map.kakao.com/244449924,3.0,2,0
1297670395,달도자기공방,https://place.map.kakao.com/1297670395,0.0,0,0
25727469,속골천,https://place.map.kakao.com/25727469,0.0,0,0
1188844295,토평국민학교 옛터,https://place.map.kakao.com/1188844295,0.0,0,0
1198147058,서호국민학교 옛터,https://place.map.kakao.com/1198147058,5.0,1,0
725892948,예섬농원,https://place.map.kakao.com/725892948,0.0,0,0
25727036,상효천,https://place.map.kakao.com/25727036,0.0,0,0
8194417,기념비,https://place.map.kakao.com/8194417,0.0,0,0
27600986,법환바당 인증센터,https://place.map.kakao.com/27600986,4.4,19,3
355979824,황토어싱광장,https://place.map.kakao.com/355979824,5.0,2,20
8471394,월라산,https://place.map.kakao.com/8471394,3.7,12,0
8551890,인정오름,https://place.map.kakao.com/8551890,1.3,3,1
1142839072,공물,https://place.map.kakao.com/1142839072,4.6,5,0
1786917400,감귤박물관 잔디광장,https://place.map.kakao.com/1786917400,5.0,1,0
1601983383,금빛숲길,https://place.map.kakao.com/1601983383,0.0,0,0
2121265723,엉덕물,https://place.map.kakao.com/2121265723,5.0,4,0
2121371760,웃물,https://place.map.kakao.com/2121371760,0.0,0,0
7951449,서포제동산,https://place.map.kakao.com/7951449,0.0,0,0
1974243984,생이돌,https://place.map.kakao.com/1974243984,4.7,21,0
164856827,법환 해녀광장,https://place.map.kakao.com/164856827,4.2,5,0
26041121,법환어촌계해녀체험센터,https://place.map.kakao.com/26041121,2.6,19,3
820826091,윈드1947카트테마파크,https://place.map.kakao.com/820826091,3.4,245,106
978165287,워터월드 제주,https://place.map.kakao.com/978165287,4.2,93,645
17569545,감귤박물관 아열대식물원,https://place.map.kakao.com/17569545,4.3,4,2
2121324851,서가름물,https://place.map.kakao.com/2121324851,0.0,0,0
10840692,추모비,https://place.map.kakao.com/10840692,0.0,0,0
8103529,충혼비,https://place.map.kakao.com/8103529,0.0,0,0
25388343,포제동산,https://place.map.kakao.com/25388343,0.0,0,0
14753626,솔오름전망대,https://place.map.kakao.com/14753626,3.6,13,8
1186711378,로맨틱메이즈,https://place.map.kakao.com/1186711378,0.0,0,0
109150283,최영 장군 승전비,https://place.map.kakao.com/109150283,5.0,3,0
8675561,각시바위,https://place.map.kakao.com/8675561,4.1,9,0
1188329979,오용국 추모비,https://place.map.kakao.com/1188329979,0.0,0,0
885942429,소금막 나무정자,https://place.map.kakao.com/885942429,4.0,3,0
8620506,학수바위,https://place.map.kakao.com/8620506,0.0,0,0
1601467862,제주월드컵경기장 광장,https://place.map.kakao.com/1601467862,5.0,1,76
8175370,고근산,https://place.map.kakao.com/8175370,4.8,64,52
1766125269,서귀포치유의숲,https://place.map.kakao.com/1766125269,4.7,198,248
8236791,상효원수목원,https://place.map.kakao.com/8236791,3.5,91,149
12545248,원앙폭포,https://place.map.kakao.com/12545248,4.1,104,122
262341759,제주올레 7-1코스 공식안내소,https://place.map.kakao.com/262341759,4.6,5,2
8008273,엉또폭포,https://place.map.kakao.com/8008273,4.0,106,110
7832439,돈내코유원지,https://place.map.kakao.com/7832439,4.2,42,36
18164806,제주월드컵경기장 종합안내센터,https://place.map.kakao.com/18164806,5.0,2,0
13725569,법환바당올레,https://place.map.kakao.com/13725569,4.0,4,0
445049006,고근산 전망대 구시가지,https://place.map.kakao.com/445049006,4.8,4,0
562747308,서귀포치유의숲 방문자센터,https://place.map.kakao.com/562747308,4.4,17,2
1025655383,고근산 산책로,https://place.map.kakao.com/1025655383,5.0,5,0
363807379,배염줄이,https://place.map.kakao.com/363807379,5.0,3,0
8547569,칡오름,https://place.map.kakao.com/8547569,3.1,8,3
27156666,돈내코계곡,https://place.map.kakao.com/27156666,4.7,25,3
26631209,서귀다원,https://place.map.kakao.com/26631209,3.8,136,187
8164124,강정천,https://place.map.kakao.com/8164124,4.7,20,2
10387348,범섬,https://place.map.kakao.com/10387348,4.8,16,15
1363920805,서귀포 치유의 숲 노고록 숲길,https://place.map.kakao.com/1363920805,5.0,1,3
164909391,고근산 전망대,https://place.map.kakao.com/164909391,4.5,4,0
7936290,서건도,https://place.map.kakao.com/7936290,4.1,12,29
24021334,미악산,https://place.map.kakao.com/24021334,4.4,10,8
8529120,익스트림아일랜드,https://place.map.kakao.com/8529120,0.0,0,0
8065050,제주감귤큰잔치,https://place.map.kakao.com/8065050,0.0,0,0
638609015,추억의 숲길,https://place.map.kakao.com/638609015,4.9,13,2
17809535,강정천유원지,https://place.map.kakao.com/17809535,4.4,17,2
11189551,영천악,https://place.map.kakao.com/11189551,2.9,8,3
25302677,쌀오름,https://place.map.kakao.com/25302677,4.3,7,0
2021267161,한라산국립공원 돈내코 탐방안내소,https://place.map.kakao.com/2021267161,3.6,7,0
14864724,호도,https://place.map.kakao.com/14864724,0.0,0,0
2050277375,서건도 전망대,https://place.map.kakao.com/2050277375,4.8,4,0
1570999841,강정환해장성,https://place.map.kakao.com/1570999841,2.5,2,0
14819290,설록다원도순,https://place.map.kakao.com/14819290,4.0,7,2
25727967,악근천,https://place.map.kakao.com/25727967,0.0,0,5
25727968,악근천,https://place.map.kakao.com/25727968,0.0,0,0
260700771,시오름 주둔소 입구,https://place.map.kakao.com/260700771,5.0,1,0
10677049,월산봉,https://place.map.kakao.com/10677049,2.0,1,0
14826258,돈네코동일농원,https://place.map.kakao.com/14826258,0.0,0,0
822758781,상효원,https://place.map.kakao.com/822758781,0.0,0,34
1290697685,고근산숲길,https://place.map.kakao.com/1290697685,0.0,0,0
27588090,상효원식물원 소낭아래,https://place.map.kakao.com/27588090,3.0,2,1
12721328,제주상효동 한란자생지,https://place.map.kakao.com/12721328,0.0,0,0
1982923129,강정해오름노을길,https://place.map.kakao.com/1982923129,4.3,12,30
10965610,효돈천,https://place.map.kakao.com/10965610,0.0,0,0
565381681,엉또돌다카페&농원,https://place.map.kakao.com/565381681,5.0,10,1
113111269,포시즌,https://place.map.kakao.com/113111269,0.0,0,0
7918307,1115 지방도로,https://place.map.kakao.com/7918307,0.0,0,0
14080346,엉또농원,https://place.map.kakao.com/14080346,4.8,4,0
27588258,상효원수목원 꽃의정원,https://place.map.kakao.com/27588258,0.0,0,0
1264036567,시오름 주둔소,https://place.map.kakao.com/1264036567,0.0,0,0
559448992,강정동담팔수,https://place.map.kakao.com/559448992,0.0,0,0
11241380,천둥약수,https://place.map.kakao.com/11241380,0.0,0,0
1491811677,일강정바당올레,https://place.map.kakao.com/1491811677,0.0,0,0
26558577,한라산둘레길 동백길,https://place.map.kakao.com/26558577,4.0,5,0
89462369,틀낭숲길,https://place.map.kakao.com/89462369,0.0,0,0
27588123,상효원식물원 암석원,https://place.map.kakao.com/27588123,0.0,0,0
27588119,상효원식물원 엄마의정원,https://place.map.kakao.com/27588119,0.0,0,0
25727966,악근내,https://place.map.kakao.com/25727966,0.0,0,0
1308641005,잃어버린 마을 영남동,https://place.map.kakao.com/1308641005,4.0,5,0
8015652,오란도,https://place.map.kakao.com/8015652,0.0,0,0
25297520,시오름,https://place.map.kakao.com/25297520,4.6,19,0
8668530,활오름,https://place.map.kakao.com/8668530,3.0,4,0
25727401,세초천,https://place.map.kakao.com/25727401,0.0,0,0
1582467281,강정본향당,https://place.map.kakao.com/1582467281,0.0,0,0
234956975,궤사름,https://place.map.kakao.com/234956975,2.0,1,0
12721330,제주 도순리 녹나무 자생지,https://place.map.kakao.com/12721330,0.0,0,0
25723744,강정천,https://place.map.kakao.com/25723744,0.0,0,0
25725574,도순천,https://place.map.kakao.com/25725574,0.0,0,0
24022945,궁산,https://place.map.kakao.com/24022945,0.0,0,0
10128344,강정동 대궐터,https://place.map.kakao.com/10128344,0.0,0,0
25724344,궁상천,https://place.map.kakao.com/25724344,0.0,0,0
25724341,궁산천,https://place.map.kakao.com/25724341,0.0,0,0
25725753,동흥천,https://place.map.kakao.com/25725753,0.0,0,0
25725575,도순천,https://place.map.kakao.com/25725575,0.0,0,0
24243912,선녀코지,https://place.map.kakao.com/24243912,4.8,10,1
12711135,하원동탐라왕자묘,https://place.map.kakao.com/12711135,0.0,0,0
10578462,어점이오름,https://place.map.kakao.com/10578462,5.0,3,0
13723533,굿당산책로,https://place.map.kakao.com/13723533,0.0,0,0
8557714,충혼비,https://place.map.kakao.com/8557714,0.0,0,0
1114853205,제주관광지 관리사업소주상절리,https://place.map.kakao.com/1114853205,0.0,0,0
12500995,한라산국립공원 돈내코국민관광지관리사무소,https://place.map.kakao.com/12500995,0.0,0,0
697827717,월평마을 아왜낭목 쉼터,https://place.map.kakao.com/697827717,4.7,3,0
21627093,한라산국립공원 돈내코탐방로,https://place.map.kakao.com/21627093,5.0,1,3
1182612297,삼면원혼 위령제단,https://place.map.kakao.com/1182612297,0.0,0,0
25723973,고지천,https://place.map.kakao.com/25723973,0.0,0,0
1432141351,진곶내 (폐쇄),https://place.map.kakao.com/1432141351,1.8,6,0
880279439,법화사지,https://place.map.kakao.com/880279439,0.0,0,0
7813414,백록담,https://place.map.kakao.com/7813414,4.8,85,75
21025485,한라산 정상안내소,https://place.map.kakao.com/21025485,0.0,0,0
21652441,한라산 동능,https://place.map.kakao.com/21652441,4.6,27,0
963469440,남벽분기점 전망대,https://place.map.kakao.com/963469440,4.6,5,0
25728405,영천,https://place.map.kakao.com/25728405,0.0,0,0
8440134,산벌음계곡,https://place.map.kakao.com/8440134,0.0,0,0
25051213,방아오름전망대,https://place.map.kakao.com/25051213,4.7,3,0
11181281,웃방애오름,https://place.map.kakao.com/11181281,2.0,1,0
7890028,방애오름,https://place.map.kakao.com/7890028,1.0,1,0
10580865,알방애오름,https://place.map.kakao.com/10580865,0.0,0,0
15174204,한라산,https://place.map.kakao.com/15174204,4.8,158,58
25725754,동흥천,https://place.map.kakao.com/25725754,0.0,0,0
7938334,서귀포천문과학문화관,https://place.map.kakao.com/7938334,4.2,19,81
1198424392,하원마을 제주4.3사건 희생자 위령비,https://place.map.kakao.com/1198424392,5.0,3,0
25338262,윗세오름,https://place.map.kakao.com/25338262,4.9,24,53
10686012,한라산 웃세붉은오름,https://place.map.kakao.com/10686012,5.0,7,0
8375194,서귀포자연휴양림,https://place.map.kakao.com/8375194,4.5,85,85
8192529,굿산망,https://place.map.kakao.com/8192529,4.0,3,1
11632318,제주향농원,https://place.map.kakao.com/11632318,3.8,6,1
12631109,무오법정사 항일운동발상지,https://place.map.kakao.com/12631109,5.0,7,7
1911375992,야자수길,https://place.map.kakao.com/1911375992,0.0,0,0
661287007,서귀포자연휴양림 무장애나눔길,https://place.map.kakao.com/661287007,0.0,0,0
27184218,한국우주전파관측망 탐라전파천문대,https://place.map.kakao.com/27184218,5.0,1,0
25725750,동회수천,https://place.map.kakao.com/25725750,0.0,0,0
13337646,거린사슴 전망대,https://place.map.kakao.com/13337646,4.6,33,16
10041868,화랑수석원,https://place.map.kakao.com/10041868,2.5,2,2
19438302,한라산둘레길 안내센터,https://place.map.kakao.com/19438302,5.0,1,0
1302056314,대포동등명대,https://place.map.kakao.com/1302056314,5.0,1,0
25731225,회수천,https://place.map.kakao.com/25731225,0.0,0,0
25725749,동회수천,https://place.map.kakao.com/25725749,0.0,0,0
17581592,서귀포자연휴양림 법정악전망대,https://place.map.kakao.com/17581592,4.0,7,1
2120493301,무오법정사항일운동기념탑,https://place.map.kakao.com/2120493301,0.0,0,0
540972680,하원수로길,https://place.map.kakao.com/540972680,0.0,0,0
8175569,거린사슴,https://place.map.kakao.com/8175569,3.7,7,4
7901044,법정악,https://place.map.kakao.com/7901044,4.5,2,0
12631107,의열사,https://place.map.kakao.com/12631107,0.0,0,0
25172867,갯거리오름,https://place.map.kakao.com/25172867,3.0,1,0
17576594,서귀포 자연휴양림 생태연못,https://place.map.kakao.com/17576594,0.0,0,0
8265534,도순천,https://place.map.kakao.com/8265534,0.0,0,1
1138828099,알오름 주둔소,https://place.map.kakao.com/1138828099,0.0,0,0
8228030,녹하지악,https://place.map.kakao.com/8228030,3.0,3,1
27168439,한라산국립공원 영실탐방로,https://place.map.kakao.com/27168439,4.7,19,233
12777859,한라산 웃세누운오름,https://place.map.kakao.com/12777859,4.7,7,0
15166603,한라산 노루샘터,https://place.map.kakao.com/15166603,4.8,5,0
26558578,한라산둘레길 돌오름길,https://place.map.kakao.com/26558578,5.0,3,3
1042631817,색달포레스트,https://place.map.kakao.com/1042631817,5.0,2,3
7883453,민모루오름,https://place.map.kakao.com/7883453,0.0,0,0
10263050,도레오름,https://place.map.kakao.com/10263050,0.0,0,0
962414712,한라산국립공원 _영실2,https://place.map.kakao.com/962414712,0.0,0,0
12729538,존자암,https://place.map.kakao.com/12729538,4.6,13,9
8319408,병풍바위,https://place.map.kakao.com/8319408,5.0,4,0
27429044,영실기암계곡,https://place.map.kakao.com/27429044,0.0,0,0
11192276,영실기암,https://place.map.kakao.com/11192276,5.0,1,2
12741038,존자암지세존사리탑,https://place.map.kakao.com/12741038,4.0,1,4
11274593,오백나한,https://place.map.kakao.com/11274593,4.3,3,0
8070344,한라산 장오름,https://place.map.kakao.com/8070344,0.0,0,0
7901198,볼레오름,https://place.map.kakao.com/7901198,0.0,0,0
8024164,한라산 왕오름,https://place.map.kakao.com/8024164,0.0,0,0
25727042,색달천,https://place.map.kakao.com/25727042,0.0,0,0
13561566,한라산1100고지,https://place.map.kakao.com/13561566,4.5,142,13
17789153,1100고지습지,https://place.map.kakao.com/17789153,4.4,46,207
426135243,1100고지 탐방안내소,https://place.map.kakao.com/426135243,3.0,1,20
7923716,한라산 삼형제큰오름,https://place.map.kakao.com/7923716,3.2,5,0
8656098,고상돈기념비,https://place.map.kakao.com/8656098,4.0,2,0
11073848,백록상,https://place.map.kakao.com/11073848,4.7,10,0
8389202,삼형제오름(샛오름),https://place.map.kakao.com/8389202,4.0,1,0
7931117,삼형제오름(말젯오름),https://place.map.kakao.com/7931117,4.0,1,0
7926168,한라산 삼형제샛오름남쪽1,https://place.map.kakao.com/7926168,0.0,0,0
7926152,한라산 삼형제샛오름남쪽2,https://place.map.kakao.com/7926152,0.0,0,0
7893512,백록의전설비,https://place.map.kakao.com/7893512,0.0,0,0
7922396,사라봉공원,https://place.map.kakao.com/7922396,5.0,16,41
8182461,관음사,https://place.map.kakao.com/8182461,4.8,59,212
7918354,산방굴사,https://place.map.kakao.com/7918354,3.3,35,59
1457459443,퍼시픽 리솜,https://place.map.kakao.com/1457459443,1.0,1,3
7940952,서귀포잠수함,https://place.map.kakao.com/7940952,3.7,65,211
8209104,금산공원,https://place.map.kakao.com/8209104,4.0,11,15
9381733,우도잠수함,https://place.map.kakao.com/9381733,3.0,16,112
1106575222,서광차밭,https://place.map.kakao.com/1106575222,,0,5
25612400,성산포유람선,https://place.map.kakao.com/25612400,4.5,4,16
12697005,교래삼다수마을,https://place.map.kakao.com/12697005,,0,1
12528563,낙천아홉굿마을,https://place.map.kakao.com/12528563,3.0,7,8
531445637,돌하르방미술관,https://place.map.kakao.com/531445637,3.4,19,113
236886846,무인민원발급창구 마라도가는여객선(송악산항여객터미널),https://place.map.kakao.com/236886846,,0,0
37534908,서귀포유람선,https://place.map.kakao.com/37534908,4.6,61,169
12652164,우도마을,https://place.map.kakao.com/12652164,,0,0
12657585,보목마을,https://place.map.kakao.com/12657585,,0,2
13723853,추자도등대,https://place.map.kakao.com/13723853,4.0,1,2
10706382,우도등대,https://place.map.kakao.com/10706382,4.5,30,5
619867634,산지등대,https://place.map.kakao.com/619867634,4.5,24,33
7944019,숨도,https://place.map.kakao.com/7944019,4.0,61,54
8019962,용왕난드르,https://place.map.kakao.com/8019962,3.9,55,1
8168650,걸매생태공원,https://place.map.kakao.com/8168650,4.7,19,32
8194422,기당미술관,https://place.map.kakao.com/8194422,4.5,47,78
8067497,제주특별자치도 민속자연사박물관,https://place.map.kakao.com/8067497,4.4,77,127
11147485,제주해변공연장,https://place.map.kakao.com/11147485,3.3,3,30
1250785278,제주문화원,https://place.map.kakao.com/1250785278,,0,1
10799984,제주교육박물관,https://place.map.kakao.com/10799984,4.8,6,53
11209970,한국야구명예의전당,https://place.map.kakao.com/11209970,3.4,5,12
7991509,아프리카박물관,https://place.map.kakao.com/7991509,,0,78
1985907501,서귀포문화원,https://place.map.kakao.com/1985907501,,0,1
8513147,제주항일기념관,https://place.map.kakao.com/8513147,4.8,9,10
8559375,테디베어뮤지엄 제주점,https://place.map.kakao.com/8559375,4.7,650,188
8096619,초콜릿박물관,https://place.map.kakao.com/8096619,2.0,51,67
8192179,국립제주박물관,https://place.map.kakao.com/8192179,4.5,103,664
8045145,이중섭미술관 (휴관중),https://place.map.kakao.com/8045145,3.8,90,124
1575223685,제주아트서커스,https://place.map.kakao.com/1575223685,4.2,87,448
10507362,서복전시관,https://place.map.kakao.com/10507362,2.0,38,47
8222476,김영갑갤러리두모악,https://place.map.kakao.com/8222476,4.2,109,109
12728991,제주통일관,https://place.map.kakao.com/12728991,,0,6
8171313,건강과성박물관,https://place.map.kakao.com/8171313,3.3,63,58
8066511,제주돌마을공원,https://place.map.kakao.com/8066511,4.3,7,6
17600341,해녀박물관,https://place.map.kakao.com/17600341,4.4,87,271
17809080,제주국제평화센터,https://place.map.kakao.com/17809080,5.0,4,39
15264265,제주국제컨벤션센터,https://place.map.kakao.com/15264265,3.8,46,296
10804518,제주청소년수련원,https://place.map.kakao.com/10804518,3.0,2,0
1993899561,오라관광주식회사오라컨트리클럽(골프연습장 지하 1층) 민방위대피소,https://place.map.kakao.com/1993899561,,0,0
25070448,캐슬렉스제주,https://place.map.kakao.com/25070448,2.6,20,188
7997639,어승생승마장,https://place.map.kakao.com/7997639,3.6,20,463
499827784,알프스제주,https://place.map.kakao.com/499827784,5.0,5,247
7938162,서귀포시 청소년수련관,https://place.map.kakao.com/7938162,,0,26
8121447,크라운컨트리클럽,https://place.map.kakao.com/8121447,1.9,18,81
9406393,제주월드컵경기장,https://place.map.kakao.com/9406393,3.9,30,349
17151058,대유ATV수렵사격랜드,https://place.map.kakao.com/17151058,3.1,51,215
15270363,성읍승마장,https://place.map.kakao.com/15270363,,0,0
11696879,고성오일시장,https://place.map.kakao.com/11696879,3.6,18,50
18525728,대정오일시장,https://place.map.kakao.com/18525728,3.8,24,155
9487184,한국기념품백화점,https://place.map.kakao.com/9487184,4.0,1,0
13324524,서귀포향토오일시장,https://place.map.kakao.com/13324524,4.1,40,202
25020856,중문향토오일시장,https://place.map.kakao.com/25020856,3.1,16,16
196009555,썬랜드호텔,https://place.map.kakao.com/196009555,3.6,19,16
13727441,신세계호텔,https://place.map.kakao.com/13727441,4.2,20,4
8103510,켄싱턴리조트 제주한림,https://place.map.kakao.com/8103510,,0,92
24572915,켄싱턴리조트 서귀포,https://place.map.kakao.com/24572915,,0,392
25611763,서귀포귤림성,https://place.map.kakao.com/25611763,5.0,4,6
10229838,제주금강산콘도,https://place.map.kakao.com/10229838,2.1,7,5
274715720,라운지하우스제주다,https://place.map.kakao.com/274715720,4.0,9,4
17587696,티파니에서아침을,https://place.map.kakao.com/17587696,,0,2
16266018,청재설헌,https://place.map.kakao.com/16266018,5.0,2,3
8656377,소노캄 제주,https://place.map.kakao.com/8656377,3.7,160,435
16261247,해비치 호텔&리조트 제주,https://place.map.kakao.com/16261247,4.4,237,958
16434989,금호리조트 제주,https://place.map.kakao.com/16434989,3.6,148,45
8016361,한화리조트 제주,https://place.map.kakao.com/8016361,4.0,147,280
12658053,솔바람풍경소리,https://place.map.kakao.com/12658053,1.0,1,4
10809104,그림리조트,https://place.map.kakao.com/10809104,3.3,29,16
16645401,이어도성펜션,https://place.map.kakao.com/16645401,,0,1
8840804,비치스토리호텔,https://place.map.kakao.com/8840804,3.3,19,4
8341593,라임오렌지빌,https://place.map.kakao.com/8341593,4.6,11,14
15376420,그랑빌펜션,https://place.map.kakao.com/15376420,4.4,5,4
1051829610,마레보비치호텔,https://place.map.kakao.com/1051829610,3.8,49,81
11276502,탐라문화제,https://place.map.kakao.com/11276502,,0,0
395128641,서귀포유채꽃축제,https://place.map.kakao.com/395128641,4.8,5,18
10806785,제주퍼시픽호텔,https://place.map.kakao.com/10806785,2.8,27,44
7967458,제주신라호텔,https://place.map.kakao.com/7967458,4.4,289,1398
10594509,씨에스호텔앤리조트,https://place.map.kakao.com/10594509,3.7,43,151
2041005677,메종 글래드 제주,https://place.map.kakao.com/2041005677,3.7,211,732
7856594,제주로얄호텔,https://place.map.kakao.com/7856594,1.4,48,16
8064798,제주팔레스호텔,https://place.map.kakao.com/8064798,3.8,79,77
10809103,제주오리엔탈호텔,https://place.map.kakao.com/10809103,3.2,95,207
9400343,펄호텔 제주,https://place.map.kakao.com/9400343,2.8,51,45
7862728,롯데호텔 제주,https://place.map.kakao.com/7862728,4.5,242,761
405914443,스타즈호텔헤리티지,https://place.map.kakao.com/405914443,3.0,6,34
19575539,오션그랜드호텔,https://place.map.kakao.com/19575539,3.1,19,34
11379388,소노벨 제주,https://place.map.kakao.com/11379388,3.4,147,400
8903225,법화사,https://place.map.kakao.com/8903225,4.5,15,58
7827238,보덕사,https://place.map.kakao.com/7827238,5.0,4,3
9039272,보림사,https://place.map.kakao.com/9039272,3.5,2,6
7911973,불탑사,https://place.map.kakao.com/7911973,3.8,11,13
9169364,선광사,https://place.map.kakao.com/9169364,3.0,1,4
27581976,휴애리자연생활공원,https://place.map.kakao.com/27581976,3.9,339,863
9322765,월영사,https://place.map.kakao.com/9322765,5.0,1,1
9369164,월정사,https://place.map.kakao.com/9369164,4.6,5,32
209932546,씨오르리조트,https://place.map.kakao.com/209932546,4.5,36,47
9496187,천왕사,https://place.map.kakao.com/9496187,3.9,18,83
8369245,서귀포칠십리축제,https://place.map.kakao.com/8369245,,0,2
10799994,제주유리박물관,https://place.map.kakao.com/10799994,,0,49
8680983,쇠소깍축제,https://place.map.kakao.com/8680983,,0,0
8177478,휘닉스 아일랜드,https://place.map.kakao.com/8177478,3.6,147,436
23972751,감귤박물관,https://place.map.kakao.com/23972751,4.2,54,165
7952882,세계자동차&피아노박물관,https://place.map.kakao.com/7952882,4.2,107,416
15786539,제주현대미술관,https://place.map.kakao.com/15786539,3.9,88,312
8279200,다이브랜드,https://place.map.kakao.com/8279200,5.0,2,0
16260352,다인리조트,https://place.map.kakao.com/16260352,,0,138
11470870,더마파크,https://place.map.kakao.com/11470870,4.3,98,164
11170773,제주들불축제,https://place.map.kakao.com/11170773,,0,7
1982505703,테디베어하우스 테지움,https://place.map.kakao.com/1982505703,,0,148
12236502,담앤루리조트,https://place.map.kakao.com/12236502,4.2,33,124
23969684,제주롱비치펜션,https://place.map.kakao.com/23969684,2.3,7,1
8318739,바다에누워펜션,https://place.map.kakao.com/8318739,5.0,1,0
10598501,써니데이제주,https://place.map.kakao.com/10598501,,0,5
484778370,앙끄리에펜션,https://place.map.kakao.com/484778370,3.5,4,81
11342984,제주바다산책,https://place.map.kakao.com/11342984,4.3,6,86
1366139945,하이랜드펜션,https://place.map.kakao.com/1366139945,5.0,4,10
10779607,지삿개풍경,https://place.map.kakao.com/10779607,5.0,2,0
24038835,해뜨는집펜션,https://place.map.kakao.com/24038835,5.0,23,13
25021635,꼬뜨도르호텔,https://place.map.kakao.com/25021635,4.4,11,64
17360759,제주별빛누리공원,https://place.map.kakao.com/17360759,4.0,33,112
21307939,다희연,https://place.map.kakao.com/21307939,2.2,16,1
10801589,제주도립미술관,https://place.map.kakao.com/10801589,4.0,60,238
920377499,성산포 해녀물질 공연장,https://place.map.kakao.com/920377499,3.0,6,4
17808920,광명사,https://place.map.kakao.com/17808920,4.0,3,7
8520885,조안베어뮤지엄,https://place.map.kakao.com/8520885,4.2,29,127
10270124,늘송파크텔,https://place.map.kakao.com/10270124,3.0,5,0
26875121,새연교,https://place.map.kakao.com/26875121,,0,21
10413055,물드리네,https://place.map.kakao.com/10413055,,0,0
16611452,뉴오션리조트,https://place.map.kakao.com/16611452,2.3,20,1
17515938,씨에코비치,https://place.map.kakao.com/17515938,4.1,8,0
866400604,서귀포 유채꽃 국제걷기대회,https://place.map.kakao.com/866400604,,0,0
12710998,제주한수풀해녀학교,https://place.map.kakao.com/12710998,1.6,5,3
8314845,라헨느리조트,https://place.map.kakao.com/8314845,3.3,7,2
25611771,스프링힐,https://place.map.kakao.com/25611771,4.0,6,0
2125338759,오션하우스,https://place.map.kakao.com/2125338759,,0,23
23969514,씨에나펜션,https://place.map.kakao.com/23969514,4.9,14,6
12140282,제주시민속오일시장,https://place.map.kakao.com/12140282,4.0,144,566
9995922,포시즌펜션,https://place.map.kakao.com/9995922,4.9,10,18
25624648,썬레이크빌 제주,https://place.map.kakao.com/25624648,3.8,5,3
8361458,샤뜰레펜션,https://place.map.kakao.com/8361458,5.0,2,0
27294594,라온호텔앤리조트,https://place.map.kakao.com/27294594,3.5,21,19
8591025,점보빌리지,https://place.map.kakao.com/8591025,,0,565
1188532666,아난티클럽제주,https://place.map.kakao.com/1188532666,4.0,8,100
17600338,세화민속오일시장,https://place.map.kakao.com/17600338,4.1,89,268
18525725,보성시장,https://place.map.kakao.com/18525725,3.0,7,15
18526097,서문공설시장,https://place.map.kakao.com/18526097,3.1,21,36
1676715072,제주동문재래야시장,https://place.map.kakao.com/1676715072,2.6,151,6
7938166,서귀포매일올레시장,https://place.map.kakao.com/7938166,3.5,583,690
25863931,이제주숍,https://place.map.kakao.com/25863931,5.0,2,2
18526098,제주중앙지하상가,https://place.map.kakao.com/18526098,3.5,11,9
1645944451,제주레저힐링축제,https://place.map.kakao.com/1645944451,,0,0
8121610,김녕요트투어,https://place.map.kakao.com/8121610,4.8,27,77
758670415,제주힐링명상테마파크,https://place.map.kakao.com/758670415,,0,1
12887024,세계조가비박물관,https://place.map.kakao.com/12887024,4.7,88,29
13725676,예래펜션,https://place.map.kakao.com/13725676,1.0,1,0
1476449652,제주은행 365코너 오션스위츠 제주호텔,https://place.map.kakao.com/1476449652,,0,0
17408270,그리스신화박물관,https://place.map.kakao.com/17408270,2.9,33,127
8130507,평화통일불사리탑,https://place.map.kakao.com/8130507,3.8,9,16
696192097,산지천축제,https://place.map.kakao.com/696192097,,0,0
27600182,초콜릿랜드,https://place.map.kakao.com/27600182,2.3,20,77
8950356,제주승마공원,https://place.map.kakao.com/8950356,4.9,141,26
14498054,탑승마클럽,https://place.map.kakao.com/14498054,5.0,5,7
11685945,제주아트센터,https://place.map.kakao.com/11685945,2.3,11,139
9995571,제주세계자연유산센터,https://place.map.kakao.com/9995571,3.5,22,102
18539729,본태박물관,https://place.map.kakao.com/18539729,3.4,189,377
18574207,조랑말체험공원,https://place.map.kakao.com/18574207,4.9,41,168
17643583,제주독채올레하우스,https://place.map.kakao.com/17643583,5.0,2,11
1445099035,2026 하영 빛나는 서귀포,https://place.map.kakao.com/1445099035,,0,0
7938158,서귀포버스터미널,https://place.map.kakao.com/7938158,4.2,5,8
610459404,신신호텔 제주오션,https://place.map.kakao.com/610459404,3.1,50,179
25611673,바다하우스,https://place.map.kakao.com/25611673,,0,0
22304721,더아일랜더,https://place.map.kakao.com/22304721,4.5,60,73
1196662735,제주바당수산,https://place.map.kakao.com/1196662735,,0,0
23109108,제일토산품,https://place.map.kakao.com/23109108,,0,0
19090194,제주민속식품,https://place.map.kakao.com/19090194,,0,3
27175880,제주칠성로상점가,https://place.map.kakao.com/27175880,1.0,1,2
9417610,중문농수산물직판장,https://place.map.kakao.com/9417610,,0,281
10152471,지속가능환경교육센터,https://place.map.kakao.com/10152471,5.0,1,2
8511483,제주카사블랑카,https://place.map.kakao.com/8511483,5.0,7,5
17665996,벵가스테이,https://place.map.kakao.com/17665996,,0,71
22536873,킴스캐빈게스트하우스,https://place.map.kakao.com/22536873,5.0,5,1
262452928,동부농원,https://place.map.kakao.com/262452928,5.0,2,0
17833992,와이리조트,https://place.map.kakao.com/17833992,4.4,64,73
18445190,펠리스타운,https://place.map.kakao.com/18445190,,0,0
12370086,하얀언덕펜션,https://place.map.kakao.com/12370086,4.8,12,1
12501795,포도호텔,https://place.map.kakao.com/12501795,4.0,66,50
14572405,가름게스트하우스,https://place.map.kakao.com/14572405,4.8,12,12
17519644,노을담은뜨락,https://place.map.kakao.com/17519644,5.0,2,7
19229728,호텔제이엠,https://place.map.kakao.com/19229728,3.0,1,7
14094227,비울채울펜션,https://place.map.kakao.com/14094227,5.0,7,3
26608807,헬로키티아일랜드,https://place.map.kakao.com/26608807,3.6,108,958
13723959,어영공원,https://place.map.kakao.com/13723959,4.6,50,67
14757418,메이플호텔,https://place.map.kakao.com/14757418,4.2,5,8
26407171,소심한책방,https://place.map.kakao.com/26407171,4.6,112,286
12501957,조천읍도서관,https://place.map.kakao.com/12501957,4.4,12,12
9810062,삼매봉도서관,https://place.map.kakao.com/9810062,4.4,20,27
8316220,법환동청소년문화의집,https://place.map.kakao.com/8316220,5.0,1,9
1521911194,블루오션 차귀도요트,https://place.map.kakao.com/1521911194,5.0,8,0
25767159,호텔레오,https://place.map.kakao.com/25767159,4.4,76,37
26517493,베니키아호텔 제주,https://place.map.kakao.com/26517493,3.4,110,79
24838363,루체빌리조트,https://place.map.kakao.com/24838363,4.3,28,151
26802412,산들애풀하우스,https://place.map.kakao.com/26802412,4.4,7,15
27176382,하도어촌체험마을,https://place.map.kakao.com/27176382,4.7,15,28
12889950,금룡사,https://place.map.kakao.com/12889950,5.0,2,4
8313570,백제사,https://place.map.kakao.com/8313570,5.0,3,8
26616466,김만덕기념관,https://place.map.kakao.com/26616466,4.5,24,130
26854361,베니키아중문호텔,https://place.map.kakao.com/26854361,4.0,18,45
19304753,유수암마을,https://place.map.kakao.com/19304753,5.0,1,1
23183577,롯데시티호텔 제주,https://place.map.kakao.com/23183577,4.3,165,326
23150855,아쿠아플라넷 제주,https://place.map.kakao.com/23150855,4.3,407,1906
191308025,제30회 제주국제관광마라톤축제,https://place.map.kakao.com/191308025,,0,0
26920230,샘모루펜션,https://place.map.kakao.com/26920230,5.0,3,18
26842343,제이뷰호텔,https://place.map.kakao.com/26842343,3.9,8,15
27126785,동광리농촌체험마을,https://place.map.kakao.com/27126785,3.0,1,0
1225009208,카이로스,https://place.map.kakao.com/1225009208,3.3,25,34
296680343,제주 팜밸리 풀빌라,https://place.map.kakao.com/296680343,,0,15
26263958,키즈풀빌라더럭펜션,https://place.map.kakao.com/26263958,5.0,3,15
10837593,제주추사관,https://place.map.kakao.com/10837593,4.2,39,91
27386976,호텔리젠트마린,https://place.map.kakao.com/27386976,4.1,163,164
516106024,새연교 주말 문화공연 '금토금토 새연쇼',https://place.map.kakao.com/516106024,,0,0
1690148280,제주빅볼랜드,https://place.map.kakao.com/1690148280,3.6,51,15
369704918,월정투명카약,https://place.map.kakao.com/369704918,3.6,28,37
837760709,롯데렌터카 픽업존 WE호텔제주지점,https://place.map.kakao.com/837760709,,0,0
20177076,꿈꾸는노마드,https://place.map.kakao.com/20177076,4.7,6,3
719625115,제주신화월드 호텔 앤리조트 랜딩관,https://place.map.kakao.com/719625115,3.7,141,325
608739003,쉼한모금,https://place.map.kakao.com/608739003,5.0,4,7
24156460,에코그린리조트,https://place.map.kakao.com/24156460,,0,183
1608663587,피규어뮤지엄제주,https://place.map.kakao.com/1608663587,4.5,104,824
11131088,성이시돌목장,https://place.map.kakao.com/11131088,3.7,147,443
10882773,포토갤러리자연사랑미술관,https://place.map.kakao.com/10882773,4.1,7,1
19175660,왈종미술관,https://place.map.kakao.com/19175660,3.6,48,82
966213088,바다해호텔,https://place.map.kakao.com/966213088,4.6,18,6
15924256,펜션연리,https://place.map.kakao.com/15924256,4.5,11,95
24119779,백패커스홈,https://place.map.kakao.com/24119779,,0,31
27356496,브릭216,https://place.map.kakao.com/27356496,4.9,23,22
25450161,틸다하우스,https://place.map.kakao.com/25450161,4.9,7,4
867149047,엠버리조트,https://place.map.kakao.com/867149047,3.3,10,0
1105933662,취다선리조트,https://place.map.kakao.com/1105933662,4.6,66,211
2050325625,나이스호텔,https://place.map.kakao.com/2050325625,4.0,5,7
18319025,해성파크텔,https://place.map.kakao.com/18319025,4.8,17,4
446343765,천지연크리스탈호텔,https://place.map.kakao.com/446343765,4.8,4,16
626661375,칠십리호텔,https://place.map.kakao.com/626661375,2.0,4,1
2111155293,제주브릭스,https://place.map.kakao.com/2111155293,4.5,26,41
26596736,아인스호텔,https://place.map.kakao.com/26596736,3.8,30,22
1714909766,고흐의정원,https://place.map.kakao.com/1714909766,4.5,73,118
1986965415,제주라프,https://place.map.kakao.com/1986965415,4.1,85,116
11332661,오설록 티뮤지엄,https://place.map.kakao.com/11332661,4.0,847,2447
19585161,제주항공우주박물관,https://place.map.kakao.com/19585161,4.1,135,873
264598647,휴림,https://place.map.kakao.com/264598647,4.3,15,101
27004813,방주교회,https://place.map.kakao.com/27004813,4.2,133,297
20688824,에덴호스텔,https://place.map.kakao.com/20688824,5.0,1,1
1846815206,솔트,https://place.map.kakao.com/1846815206,4.3,30,1
271273920,호텔 서귀피안,https://place.map.kakao.com/271273920,3.9,43,189
24726795,해품은체험농장,https://place.map.kakao.com/24726795,,0,4
12697401,아침미소목장,https://place.map.kakao.com/12697401,4.6,278,1252
1024533076,당케포구,https://place.map.kakao.com/1024533076,4.3,3,3
21656625,물뫼힐링팜,https://place.map.kakao.com/21656625,5.0,3,8
250873054,서툰가족,https://place.map.kakao.com/250873054,5.0,2,10
9405562,제주관광공사 중문면세점,https://place.map.kakao.com/9405562,3.6,47,89
26647270,옷귀마테마타운,https://place.map.kakao.com/26647270,4.3,13,31
27400232,제주도립김창열미술관,https://place.map.kakao.com/27400232,4.4,121,390
1508345156,아르떼뮤지엄 제주,https://place.map.kakao.com/1508345156,3.7,365,1241
215604458,보롬왓,https://place.map.kakao.com/215604458,3.7,146,616
26485988,신라스테이 제주,https://place.map.kakao.com/26485988,3.5,177,406
1705243950,벤티모호텔앤레지던스,https://place.map.kakao.com/1705243950,4.6,88,75
1264782617,제로포인트트레일,https://place.map.kakao.com/1264782617,5.0,1,3
25491832,돌하르방캠핑장,https://place.map.kakao.com/25491832,4.2,18,32
469138638,벨리타캠핑장,https://place.map.kakao.com/469138638,4.4,9,16
26864928,제주플래티늄카라반,https://place.map.kakao.com/26864928,2.9,12,22
789116444,서귀포시 어라운드폴리 전기차충전소,https://place.map.kakao.com/789116444,,0,0
21055845,귤빛캠핑장,https://place.map.kakao.com/21055845,5.0,9,15
372129364,토토아뜰리에,https://place.map.kakao.com/372129364,,0,223
8191313,구엄포구,https://place.map.kakao.com/8191313,2.8,5,19
9172408,선운정사,https://place.map.kakao.com/9172408,3.5,12,15
25450213,연대포구,https://place.map.kakao.com/25450213,2.8,4,7
12354187,용연구름다리,https://place.map.kakao.com/12354187,,0,62
17811623,제주카약올레,https://place.map.kakao.com/17811623,3.8,18,6
7828483,대포포구,https://place.map.kakao.com/7828483,5.0,4,13
13725869,신도포구,https://place.map.kakao.com/13725869,5.0,8,25
25413887,자구리문화예술공원,https://place.map.kakao.com/25413887,4.3,32,77
25036056,법환포구,https://place.map.kakao.com/25036056,4.0,23,82
7892575,보목포구,https://place.map.kakao.com/7892575,4.2,17,57
7849038,동일리포구,https://place.map.kakao.com/7849038,4.0,3,30
26787408,골체오름캠핑장,https://place.map.kakao.com/26787408,5.0,4,7
1209632068,노형수퍼마켙,https://place.map.kakao.com/1209632068,3.5,315,1232
14080134,산방산유람선 매표소,https://place.map.kakao.com/14080134,4.3,36,10
8037812,위미항,https://place.map.kakao.com/8037812,3.7,6,26
26823680,제주베스트힐 글램핑&펜션,https://place.map.kakao.com/26823680,4.2,10,18
13723492,월평포구,https://place.map.kakao.com/13723492,4.8,13,24
27335460,에어그라운드,https://place.map.kakao.com/27335460,3.8,8,12
26880621,제주에코힐글램핑,https://place.map.kakao.com/26880621,3.7,7,18
144258465,제주파인비치펜션,https://place.map.kakao.com/144258465,4.5,11,12
223002762,무거카라반,https://place.map.kakao.com/223002762,,0,0
495587934,바이나흐튼 크리스마스박물관,https://place.map.kakao.com/495587934,3.8,97,810
819488120,제주해양동물박물관,https://place.map.kakao.com/819488120,4.7,79,232
24769484,국제리더스클럽,https://place.map.kakao.com/24769484,4.3,26,183
1422737411,도치돌알파카목장,https://place.map.kakao.com/1422737411,4.2,50,627
26508135,선양빌리지돔,https://place.map.kakao.com/26508135,4.0,6,2
25118051,바이제주,https://place.map.kakao.com/25118051,3.8,159,584
1697108052,제라진어드벤쳐,https://place.map.kakao.com/1697108052,4.1,17,13
582269442,제주애월별헤는밤 글램핑펜션,https://place.map.kakao.com/582269442,3.2,21,32
12137638,성 김대건신부 제주표착기념관,https://place.map.kakao.com/12137638,4.8,12,2
144933835,모이소,https://place.map.kakao.com/144933835,4.1,93,277
18526100,모슬포중앙시장,https://place.map.kakao.com/18526100,3.4,20,7
26844539,유채꽃프라자,https://place.map.kakao.com/26844539,4.2,45,53
1584001508,에코그린캠핑장,https://place.map.kakao.com/1584001508,3.7,7,21
2045023186,제주자연생태공원,https://place.map.kakao.com/2045023186,4.8,82,80
23679793,베이힐풀앤빌라,https://place.map.kakao.com/23679793,4.0,22,67
26969908,플레이스캠프제주,https://place.map.kakao.com/26969908,3.4,218,377
500701459,도시해녀,https://place.map.kakao.com/500701459,5.0,24,114
1129394481,고스트타운,https://place.map.kakao.com/1129394481,3.8,51,51
716885102,감귤나무숲,https://place.map.kakao.com/716885102,4.3,15,48
1692095482,서건도 카라반,https://place.map.kakao.com/1692095482,3.7,9,28
723425499,제주스위스마을,https://place.map.kakao.com/723425499,2.2,11,6
27223188,아날로그감귤밭,https://place.map.kakao.com/27223188,,0,37
24860542,세계술박물관,https://place.map.kakao.com/24860542,3.7,22,51
10506483,새미은총의동산,https://place.map.kakao.com/10506483,5.0,11,50
12561125,송악카트체험장,https://place.map.kakao.com/12561125,1.3,7,6
24993166,서부두수산시장,https://place.map.kakao.com/24993166,4.7,9,20
12721347,한림매일시장,https://place.map.kakao.com/12721347,1.5,4,10
19942592,아이브리조트,https://place.map.kakao.com/19942592,3.8,67,94
25984750,비스타리조트,https://place.map.kakao.com/25984750,2.6,19,11
26979282,새섬공원,https://place.map.kakao.com/26979282,4.5,65,8
9461077,중문카트체험장,https://place.map.kakao.com/9461077,3.7,25,61
13723531,하우목동항,https://place.map.kakao.com/13723531,3.9,28,1
27422982,용담공원,https://place.map.kakao.com/27422982,4.6,9,1
12533572,제주에너지누리마당,https://place.map.kakao.com/12533572,4.5,2,5
920046052,나이롱책방,https://place.map.kakao.com/920046052,,0,135
1445918286,밤수지맨드라미,https://place.map.kakao.com/1445918286,4.8,65,35
18467832,종달항,https://place.map.kakao.com/18467832,3.5,11,10
10133276,강정포구,https://place.map.kakao.com/10133276,,0,18
10205578,김녕항,https://place.map.kakao.com/10205578,4.8,4,1
19761654,운진항,https://place.map.kakao.com/19761654,4.3,30,30
8413633,세천포구,https://place.map.kakao.com/8413633,4.5,2,0
13723900,구두미포구,https://place.map.kakao.com/13723900,4.8,21,45
797906766,소천지,https://place.map.kakao.com/797906766,4.4,15,18
8638077,판포포구,https://place.map.kakao.com/8638077,4.1,93,192
1049313150,제주기념품가게 올레파머스 함덕,https://place.map.kakao.com/1049313150,3.6,15,37
10812111,탑동광장,https://place.map.kakao.com/10812111,4.4,50,68
170268052,바람,https://place.map.kakao.com/170268052,4.7,35,71
13723680,대평포구,https://place.map.kakao.com/13723680,3.9,9,11
14723339,순례자의교회,https://place.map.kakao.com/14723339,4.9,14,24
26511050,중문불란지야시장,https://place.map.kakao.com/26511050,1.4,5,2
8175875,고내포구,https://place.map.kakao.com/8175875,4.3,12,25
26428769,제주커피박물관 바움,https://place.map.kakao.com/26428769,3.6,68,64
25046292,애월해안도로,https://place.map.kakao.com/25046292,,0,0
7938634,서귀포항,https://place.map.kakao.com/7938634,3.4,5,59
18377122,제주항(연안),https://place.map.kakao.com/18377122,4.0,3,0
1174532899,제주양떼목장,https://place.map.kakao.com/1174532899,3.0,28,127
10987007,협재포구,https://place.map.kakao.com/10987007,5.0,5,13
866377424,도두항,https://place.map.kakao.com/866377424,4.4,7,18
227790611,제주 드림타워 복합 리조트,https://place.map.kakao.com/227790611,3.4,95,7
1044769046,전이수갤러리 걸어가는늑대들,https://place.map.kakao.com/1044769046,5.0,48,51
1309057733,김택화미술관,https://place.map.kakao.com/1309057733,4.2,45,42
24058571,성산포JC공원,https://place.map.kakao.com/24058571,4.8,5,12
23970940,성산포성당,https://place.map.kakao.com/23970940,4.9,24,21
2016033419,제주피싱테마파크,https://place.map.kakao.com/2016033419,3.2,28,85
13723963,화북포구,https://place.map.kakao.com/13723963,4.3,3,27
1880863235,다람쥐민박,https://place.map.kakao.com/1880863235,5.0,1,12
779013683,스테리나잇제주펜션,https://place.map.kakao.com/779013683,4.2,9,56
25986454,쿠지홀리데이펜션,https://place.map.kakao.com/25986454,5.0,19,72
1672269995,소길별하,https://place.map.kakao.com/1672269995,3.9,48,525
2102809860,그랜드조선 제주,https://place.map.kakao.com/2102809860,3.1,234,744
1012962688,바다다이브,https://place.map.kakao.com/1012962688,3.7,3,20
1220460107,히든클리프호텔&네이쳐,https://place.map.kakao.com/1220460107,3.6,178,855
1267769906,산지천갤러리,https://place.map.kakao.com/1267769906,4.3,18,36
26575409,아라리오뮤지엄 동문모텔2,https://place.map.kakao.com/26575409,4.4,8,11
8229205,포도뮤지엄,https://place.map.kakao.com/8229205,4.3,130,455
27234129,호텔휴식 서귀포,https://place.map.kakao.com/27234129,3.9,69,38
25611491,제주항공우주호텔,https://place.map.kakao.com/25611491,4.4,81,130
886478057,이후북스 제주,https://place.map.kakao.com/886478057,4.3,16,58
252537649,클래식문구사,https://place.map.kakao.com/252537649,4.7,44,151
17573500,제주 부영 호텔&리조트,https://place.map.kakao.com/17573500,4.1,159,358
1316216570,머큐어 앰배서더 제주,https://place.map.kakao.com/1316216570,4.0,13,70
27042588,대왕수천예래생태공원,https://place.map.kakao.com/27042588,4.3,59,108
1679065853,예술공간 이아,https://place.map.kakao.com/1679065853,4.5,6,16
11055289,삼무공원,https://place.map.kakao.com/11055289,4.4,28,28
321777662,답다니수국밭,https://place.map.kakao.com/321777662,4.4,47,252
1340230571,호텔더본 제주,https://place.map.kakao.com/1340230571,4.2,219,492
1818657562,제스토리,https://place.map.kakao.com/1818657562,4.7,45,217
18526096,제주동문공설시장,https://place.map.kakao.com/18526096,2.4,19,19
1981428851,옹포천 어울공원 수영장,https://place.map.kakao.com/1981428851,3.5,4,28
966231588,삼일삼오,https://place.map.kakao.com/966231588,,0,72
1105959656,그랜드하얏트 제주,https://place.map.kakao.com/1105959656,3.6,374,1161
186257267,내셔널지오그래픽 신제주점,https://place.map.kakao.com/186257267,3.7,3,0
26459298,마트로 탑동점,https://place.map.kakao.com/26459298,3.7,70,71
324766277,루이까스텔 신제주점,https://place.map.kakao.com/324766277,,0,0
21686115,아디다스키즈 제주점,https://place.map.kakao.com/21686115,,0,0
10595923,아디다스 서귀포점,https://place.map.kakao.com/10595923,2.8,4,1
20751218,디스커버리 신제주점,https://place.map.kakao.com/20751218,,0,0
19306466,이니스프리 제주하우스,https://place.map.kakao.com/19306466,4.3,124,243
1570993603,에잇세컨즈 제주중앙점,https://place.map.kakao.com/1570993603,2.7,6,4
20400093,스케쳐스 서귀포점,https://place.map.kakao.com/20400093,1.8,10,0
23097994,올리브영 제주연동점,https://place.map.kakao.com/23097994,3.5,19,5
686244202,올리브영 제주탑동점,https://place.map.kakao.com/686244202,4.8,13,4
10076850,제주사랑농수산,https://place.map.kakao.com/10076850,5.0,1,0
510221719,올리브영 제주함덕점,https://place.map.kakao.com/510221719,4.3,12,47
844426663,내셔널지오그래픽 제주점,https://place.map.kakao.com/844426663,3.7,3,0
242204493,뉴에라 신제주점,https://place.map.kakao.com/242204493,5.0,1,1
1950392073,PXG 제주점,https://place.map.kakao.com/1950392073,,0,0
447661253,피플 제주점,https://place.map.kakao.com/447661253,1.8,8,26
1864646661,헌마공신 김만일기념관,https://place.map.kakao.com/1864646661,4.4,5,14
18166986,신한온누리약국,https://place.map.kakao.com/18166986,3.7,3,0
518140268,제주융합과학연구원 제주과학탐구체험관,https://place.map.kakao.com/518140268,,0,123
8522086,K2 서귀포점,https://place.map.kakao.com/8522086,4.0,1,0
1024655429,트리플스토어 시청점,https://place.map.kakao.com/1024655429,4.2,5,4
19568576,아디다스 신제주점,https://place.map.kakao.com/19568576,3.5,13,0
1864133040,아트박스 제주시청점,https://place.map.kakao.com/1864133040,3.0,18,2
92391566,나이키 서귀포점,https://place.map.kakao.com/92391566,4.7,7,1
2082226203,블랙야크 신제주점,https://place.map.kakao.com/2082226203,4.0,2,0
1049875490,다이소 제주연동점,https://place.map.kakao.com/1049875490,4.4,59,8
25537012,금능해수욕장 야영장,https://place.map.kakao.com/25537012,4.6,21,15
1714420187,프리페어 칠성점,https://place.map.kakao.com/1714420187,,0,2
1382443594,트리플스토어 제원점,https://place.map.kakao.com/1382443594,,0,0
26590798,파리게이츠 신제주점,https://place.map.kakao.com/26590798,,0,0
268385264,스타빌,https://place.map.kakao.com/268385264,4.9,22,319
1347949905,트리플스토어 칠성점,https://place.map.kakao.com/1347949905,,0,2
1433724800,청담루이성형외과의원,https://place.map.kakao.com/1433724800,,0,95
20910343,나이키골프 제주점,https://place.map.kakao.com/20910343,,0,0
1073688926,탑텐키즈 롯데마트 제주점,https://place.map.kakao.com/1073688926,,0,0
10666797,이마트 서귀포점,https://place.map.kakao.com/10666797,4.0,141,98
17927905,뉴발란스 신제주점,https://place.map.kakao.com/17927905,4.9,10,1
26411525,웨스트우드,https://place.map.kakao.com/26411525,,0,0
21625510,올리브영 제주대학병원점,https://place.map.kakao.com/21625510,2.9,9,2
740542735,올리브영 제주동문시장점,https://place.map.kakao.com/740542735,3.9,15,2
25072318,올리브영 제주노형점,https://place.map.kakao.com/25072318,3.1,21,3
1690653210,네이처컬렉션 제주롯데시티점,https://place.map.kakao.com/1690653210,,0,0
1689131543,데상트 서귀포점,https://place.map.kakao.com/1689131543,,0,0
1020524579,올리브영 제주외도점,https://place.map.kakao.com/1020524579,3.6,8,0
1635012482,풋조이 신제주점,https://place.map.kakao.com/1635012482,,0,0
970964575,쌤소나이트 제주칠성로점,https://place.map.kakao.com/970964575,4.2,5,0
10227697,금강제화 제주지점,https://place.map.kakao.com/10227697,2.7,3,0
1965385321,쉬즈미스 구제주점,https://place.map.kakao.com/1965385321,1.0,1,0
1504823438,생생약국,https://place.map.kakao.com/1504823438,4.2,6,0
1336126543,올리브영 제주하귀점,https://place.map.kakao.com/1336126543,4.1,8,1
26103030,롯데하이마트 제주점,https://place.map.kakao.com/26103030,,0,43
147629566,바인드,https://place.map.kakao.com/147629566,2.0,4,0
21835973,팬텀골프 신제주점,https://place.map.kakao.com/21835973,,0,0
8962961,로가디스,https://place.map.kakao.com/8962961,,0,0
1880182534,아트박스 제주연동점,https://place.map.kakao.com/1880182534,2.9,9,6
26925718,아트박스 제주칠성점,https://place.map.kakao.com/26925718,3.2,16,2
255641328,컬럼비아 제주점,https://place.map.kakao.com/255641328,5.0,7,0
8032104,LG전자 베스트샵 제주본점,https://place.map.kakao.com/8032104,2.5,13,50
8025623,LG전자 베스트샵 이도본점,https://place.map.kakao.com/8025623,1.9,9,42
25741593,그라벨호텔,https://place.map.kakao.com/25741593,3.7,102,275
1969411749,유니클로 제주이도점,https://place.map.kakao.com/1969411749,3.6,39,82
233994951,다인오세아노호텔,https://place.map.kakao.com/233994951,,0,275
26844346,올리브영 제주중문점,https://place.map.kakao.com/26844346,4.3,24,6
495728313,헤이 서귀포,https://place.map.kakao.com/495728313,3.8,118,342
1497919480,데상트 신제주2점,https://place.map.kakao.com/1497919480,,0,0
1290296603,레노마골프 제주,https://place.map.kakao.com/1290296603,,0,0
427163654,엠 할리데이 제주점,https://place.map.kakao.com/427163654,,0,0
27277370,이니스프리 제주롯데시티점,https://place.map.kakao.com/27277370,3.3,7,0
2039319046,에스마켓 제주칠성점,https://place.map.kakao.com/2039319046,5.0,1,1
26614183,스파오 신제주점,https://place.map.kakao.com/26614183,,0,0
1797261689,라코스테 신제주점,https://place.map.kakao.com/1797261689,,0,1
27578700,베베드피노 제주노형점,https://place.map.kakao.com/27578700,,0,2
8245392,나이키 칠성점,https://place.map.kakao.com/8245392,1.9,18,0
791241223,팬텀 제주중앙점,https://place.map.kakao.com/791241223,,0,0
26858726,스케쳐스 신제주2점,https://place.map.kakao.com/26858726,2.6,5,0
1439743168,아디다스 제주점,https://place.map.kakao.com/1439743168,3.9,14,0
15456493,빈폴 제주점,https://place.map.kakao.com/15456493,,0,1
11829816,정관장 서사라점,https://place.map.kakao.com/11829816,,0,1
21473132,이마트 제주점,https://place.map.kakao.com/21473132,3.9,121,93
1194620289,탑텐 이마트신제주점,https://place.map.kakao.com/1194620289,1.0,3,0
8781774,게스 제주점,https://place.map.kakao.com/8781774,,0,0
2086020687,스파오 제주중앙로점,https://place.map.kakao.com/2086020687,3.5,8,0
774494786,다이나핏 구제주점,https://place.map.kakao.com/774494786,,0,0
18813251,베스띠벨리,https://place.map.kakao.com/18813251,5.0,1,0
9390805,제일모직아울렛,https://place.map.kakao.com/9390805,,0,0
8720274,MLB 제주점,https://place.map.kakao.com/8720274,3.0,2,0
1722443035,올리브영 제주국제공항점,https://place.map.kakao.com/1722443035,3.5,11,21
61642830,원더플레이스 제주 칠성로점,https://place.map.kakao.com/61642830,5.0,1,0
8160003,홈플러스 메가푸드마켓 서귀포점,https://place.map.kakao.com/8160003,3.8,73,45
460614523,데상트골프 신제주점,https://place.map.kakao.com/460614523,,0,0
957454387,크록스 제주중문점,https://place.map.kakao.com/957454387,2.2,5,4
18575889,루이까스텔 서귀포시점,https://place.map.kakao.com/18575889,,0,0
1678178427,에스마켓 서귀포점,https://place.map.kakao.com/1678178427,2.3,3,1
251506591,수목원길야시장,https://place.map.kakao.com/251506591,3.7,108,441
8940232,라코스테 제주점,https://place.map.kakao.com/8940232,2.5,13,0
2084839607,올리브영 제주한라병원점,https://place.map.kakao.com/2084839607,2.1,7,3
18253285,뉴발란스,https://place.map.kakao.com/18253285,2.8,11,1
27456049,제주901,https://place.map.kakao.com/27456049,4.5,40,56
11436008,고려홍삼,https://place.map.kakao.com/11436008,,0,0
1682547680,빛의 벙커,https://place.map.kakao.com/1682547680,3.6,316,748
25811890,아라리오뮤지엄 탑동시네마,https://place.map.kakao.com/25811890,4.3,41,61
1031034041,휠라키즈 신제주점,https://place.map.kakao.com/1031034041,,0,1
268167132,유동룡미술관,https://place.map.kakao.com/268167132,,0,345
882483584,제주문학관,https://place.map.kakao.com/882483584,4.5,11,72
79871969,제주수울,https://place.map.kakao.com/79871969,4.7,13,251
1242623935,물결그림,https://place.map.kakao.com/1242623935,5.0,1,5
600432495,중문승마공원,https://place.map.kakao.com/600432495,,0,133
2100388728,2025 제주 반려동물 문화산업 한마당,https://place.map.kakao.com/2100388728,,0,0
991620828,아이바가든,https://place.map.kakao.com/991620828,,0,1281
49703929,성읍녹차마을,https://place.map.kakao.com/49703929,4.0,1,5
910497081,"화북, 포구문화제",https://place.map.kakao.com/910497081,,0,0
275421057,석예원 본초족욕 성산,https://place.map.kakao.com/275421057,4.5,33,65
1471579376,문화의 달 행사,https://place.map.kakao.com/1471579376,,0,0
650563106,졸띠 유채밭,https://place.map.kakao.com/650563106,3.0,3,3
506410360,편백포레스트,https://place.map.kakao.com/506410360,4.2,12,126
19732375,효명사,https://place.map.kakao.com/19732375,2.5,8,18
24066667,서귀포예술의전당,https://place.map.kakao.com/24066667,5.0,3,215
102301450,제주아리랑,https://place.map.kakao.com/102301450,4.2,32,18
1519497859,감귤카트,https://place.map.kakao.com/1519497859,3.9,8,113
15518256,우리승마장,https://place.map.kakao.com/15518256,2.6,27,19
24126060,쇠와꽃승마장,https://place.map.kakao.com/24126060,3.3,19,68
113667955,아리온승마장,https://place.map.kakao.com/113667955,4.1,24,19
1431146744,제주호텔더엠,https://place.map.kakao.com/1431146744,3.8,106,135
26919010,디아넥스호텔,https://place.map.kakao.com/26919010,4.3,52,182
10331832,모구리야영장,https://place.map.kakao.com/10331832,4.6,19,35
11153477,뷰제주하늘,https://place.map.kakao.com/11153477,2.8,55,69
17657273,표선해수욕장 야영장,https://place.map.kakao.com/17657273,3.2,11,8
21721400,하모체육공원,https://place.map.kakao.com/21721400,4.3,4,5
270143711,서귀포 홍리실내수영장,https://place.map.kakao.com/270143711,4.5,8,31
341068739,카세로지,https://place.map.kakao.com/341068739,5.0,4,31
834315926,구팔일 댕댕이 대잔치!,https://place.map.kakao.com/834315926,,0,0
314991516,미깡창고,https://place.map.kakao.com/314991516,,0,187
1492437042,스카이워터쇼,https://place.map.kakao.com/1492437042,4.2,63,174
2133371511,청아투명카약,https://place.map.kakao.com/2133371511,3.9,25,14
10800672,제주분마이호랜드,https://place.map.kakao.com/10800672,1.0,1,0
25038078,제동목장,https://place.map.kakao.com/25038078,4.5,11,18
27049080,올레바당체험마을,https://place.map.kakao.com/27049080,3.8,11,34
18039473,용담레포츠공원 운동장1,https://place.map.kakao.com/18039473,,0,0
11320888,한담공원,https://place.map.kakao.com/11320888,4.8,19,18
8577985,제주바다체험장,https://place.map.kakao.com/8577985,2.3,19,161
1833702535,함덕잠수함,https://place.map.kakao.com/1833702535,5.0,3,128
974230916,탐나는농장,https://place.map.kakao.com/974230916,4.6,12,81
1080253457,보메와산 감귤체험농장,https://place.map.kakao.com/1080253457,3.9,11,346
25610782,너븐숭이 4.3 기념관,https://place.map.kakao.com/25610782,5.0,45,39
1937543779,귀덕바다 투명카약,https://place.map.kakao.com/1937543779,4.7,18,19
2049204914,중문오프로드체험장,https://place.map.kakao.com/2049204914,4.0,26,271
22510509,제주홀스타승마장,https://place.map.kakao.com/22510509,4.9,75,74
519265785,뱅듸승마클럽,https://place.map.kakao.com/519265785,4.1,19,8
18772303,트로이테마농원,https://place.map.kakao.com/18772303,3.8,17,75
20203623,제주송정농원,https://place.map.kakao.com/20203623,4.9,13,39
1489963785,유리바닥보트,https://place.map.kakao.com/1489963785,,0,232
787416340,생약누리,https://place.map.kakao.com/787416340,5.0,42,43
18446914,아름다운리조트,https://place.map.kakao.com/18446914,3.5,48,49
217137244,골드원호텔앤스위트,https://place.map.kakao.com/217137244,,0,215
926565755,유어스호텔,https://place.map.kakao.com/926565755,3.6,47,60
1188987883,오션스퀘어리조트,https://place.map.kakao.com/1188987883,3.8,38,49
903094133,제주헬스케어타운리조트,https://place.map.kakao.com/903094133,3.4,15,29
953071258,블룸호텔,https://place.map.kakao.com/953071258,,0,138
21763648,담모라호텔앤리조트,https://place.map.kakao.com/21763648,3.5,60,118
25575890,키코앤일레인,https://place.map.kakao.com/25575890,4.3,36,0
223185023,이스턴호텔 제주,https://place.map.kakao.com/223185023,3.6,53,69
1676724257,티라호텔,https://place.map.kakao.com/1676724257,4.5,70,73
2025257355,팜파스호텔 제주,https://place.map.kakao.com/2025257355,3.4,67,143
1199603041,제주노블레스관광호텔,https://place.map.kakao.com/1199603041,4.0,71,160
302382839,서우봉비치호텔,https://place.map.kakao.com/302382839,3.3,73,43
989636321,탑스텐 빌라드애월,https://place.map.kakao.com/989636321,3.7,26,142
2002158765,MJ리조트,https://place.map.kakao.com/2002158765,4.9,120,121
567379794,아이미제주비치호텔,https://place.map.kakao.com/567379794,2.4,76,86
1826826578,캔디원,https://place.map.kakao.com/1826826578,4.4,32,190
1854368119,발트하우스,https://place.map.kakao.com/1854368119,5.0,3,192
1292537515,제주홀릭뮤지엄,https://place.map.kakao.com/1292537515,3.6,66,936
26635911,리치호텔,https://place.map.kakao.com/26635911,3.8,51,92
27469794,호텔컬리넌 제주,https://place.map.kakao.com/27469794,3.4,30,39
1761672158,호텔스위트캐슬,https://place.map.kakao.com/1761672158,4.0,45,115
1082324144,글로스터호텔 제주,https://place.map.kakao.com/1082324144,3.8,79,143
1559206663,어반아일랜드 호텔,https://place.map.kakao.com/1559206663,3.3,27,29
2023794563,더스테이센추리호텔,https://place.map.kakao.com/2023794563,3.2,6,15
1016287379,연월한옥,https://place.map.kakao.com/1016287379,5.0,1,16
831226239,우도소라축제,https://place.map.kakao.com/831226239,,0,2
31002433,씬오브 제주,https://place.map.kakao.com/31002433,,0,8
1409728570,아우아우,https://place.map.kakao.com/1409728570,4.2,18,171
55095867,하우스오브레퓨즈,https://place.map.kakao.com/55095867,4.2,16,88
20245229,오렌즈 신제주점,https://place.map.kakao.com/20245229,3.6,5,0
1841203984,CU 제주신화빌라스점,https://place.map.kakao.com/1841203984,1.9,9,2
17903171,CU 제주열린점,https://place.map.kakao.com/17903171,3.7,3,0
718546322,톡스앤필의원 제주점,https://place.map.kakao.com/718546322,,0,380
26546836,올리브영 제주서귀포점,https://place.map.kakao.com/26546836,4.2,15,4
17057175,GS25 서귀오션점,https://place.map.kakao.com/17057175,,0,0
22728263,와인피부과의원,https://place.map.kakao.com/22728263,,0,361
129290076,올리브영 제주제원점,https://place.map.kakao.com/129290076,3.9,8,2
1683447591,올리브영 제주나인몰점,https://place.map.kakao.com/1683447591,4.2,5,1
1456773407,올리브영 제주일도이동점,https://place.map.kakao.com/1456773407,4.0,10,2
130778530,미즈노 신제주점,https://place.map.kakao.com/130778530,5.0,9,67
1697665586,올리브영 제주월랑로점,https://place.map.kakao.com/1697665586,2.7,6,1
19517209,캘빈클라인언더웨어 제주대리점,https://place.map.kakao.com/19517209,1.0,2,0
12369659,노스페이스 신제주점,https://place.map.kakao.com/12369659,2.5,2,2
1216046021,올리브영 제주세화점,https://place.map.kakao.com/1216046021,3.2,11,3
18351010,디스커버리 제주점,https://place.map.kakao.com/18351010,,0,0
8143273,롯데하이마트 서귀포점,https://place.map.kakao.com/8143273,,0,73
2045103877,올리브영 서귀포광장점,https://place.map.kakao.com/2045103877,4.1,8,1
1772450654,올리브영 제주아라일동점,https://place.map.kakao.com/1772450654,3.9,21,1
14920436,북앤북스,https://place.map.kakao.com/14920436,3.3,15,18
100730306,올리브영 제주협재점,https://place.map.kakao.com/100730306,5.0,8,6
1742312466,제8회 농촌융복합산업 제주국제박람회,https://place.map.kakao.com/1742312466,,0,0
608888753,제주안전체험관,https://place.map.kakao.com/608888753,5.0,23,116
1285872329,나무와열매 체험농장,https://place.map.kakao.com/1285872329,,0,64
1292047314,JW 메리어트 제주 리조트 & 스파,https://place.map.kakao.com/1292047314,4.5,65,486
544001062,제주독서대전,https://place.map.kakao.com/544001062,,0,0
1313364203,서귀포은갈치축제,https://place.map.kakao.com/1313364203,,0,0
1401434050,주정공장수용소 4.3역사관,https://place.map.kakao.com/1401434050,5.0,9,32
1158664507,안의울림 싱잉볼(국제싱잉볼사운드테라피연구소),https://place.map.kakao.com/1158664507,3.7,3,2
804405897,2026 제5회 제주비엔날레 허끄곡 모닥치곡 이야홍 : 변용의 기술,https://place.map.kakao.com/804405897,,0,0
1657397874,아르떼 키즈파크 제주,https://place.map.kakao.com/1657397874,3.3,39,796
1423126658,골체오름 벚꽃축제,https://place.map.kakao.com/1423126658,,0,0
796916033,켄싱턴리조트 제주중문,https://place.map.kakao.com/796916033,4.1,43,153
851620713,선셋티아,https://place.map.kakao.com/851620713,,0,44
836242914,숲으로 오라,https://place.map.kakao.com/836242914,,0,3
1685023058,꽃귤농장,https://place.map.kakao.com/1685023058,4.9,7,25
754126009,2026 서귀포 원도심 문화페스티벌,https://place.map.kakao.com/754126009,5.0,1,2
825865438,호텔골든데이지 서귀포오션,https://place.map.kakao.com/825865438,3.5,136,458
1399113332,포켓몬 원더 아일랜드 in JEJU,https://place.map.kakao.com/1399113332,,0,0
1175638899,메르시제주소품샵,https://place.map.kakao.com/1175638899,,0,145
1859768130,만춘서점,https://place.map.kakao.com/1859768130,4.7,87,211
125774438,김영수도서관 마을도서관,https://place.map.kakao.com/125774438,4.2,6,10
1914097137,2025 음악실연자 페스티벌,https://place.map.kakao.com/1914097137,,0,0
8016636,온평리포구,https://place.map.kakao.com/8016636,,0,6
26973747,소라의성,https://place.map.kakao.com/26973747,4.3,50,31
1186494033,원도심 야간여행 섬야시즌 운영,https://place.map.kakao.com/1186494033,,0,0
8115207,상추자항,https://place.map.kakao.com/8115207,4.0,1,1
1943054927,두머니물공원,https://place.map.kakao.com/1943054927,4.8,17,47
20807014,무릉외갓집,https://place.map.kakao.com/20807014,4.8,25,55
1637758163,코코컬처클럽,https://place.map.kakao.com/1637758163,4.9,216,278
1795461597,소랑아시,https://place.map.kakao.com/1795461597,5.0,833,181
2132375393,러쉬 제주점,https://place.map.kakao.com/2132375393,4.3,10,138
1671182146,올리브영 서귀포동광점,https://place.map.kakao.com/1671182146,5.0,2,3
631540803,올리브영 서귀포혁신도시점,https://place.map.kakao.com/631540803,4.2,5,7
1446821596,나이키골프 제주중문점,https://place.map.kakao.com/1446821596,,0,0
580518590,내셔널지오그래픽어패럴 서귀포점,https://place.map.kakao.com/580518590,,0,0
1139895096,올리브영 제주삼화점,https://place.map.kakao.com/1139895096,2.6,23,1
1935482296,디어브리즈,https://place.map.kakao.com/1935482296,4.7,6,13
23076720,김앤김치스쿨 한국전통문화체험관,https://place.map.kakao.com/23076720,,0,0
670982182,귤귤스토어 도두점,https://place.map.kakao.com/670982182,3.0,12,213
902718352,올리브영 제주용담점,https://place.map.kakao.com/902718352,4.9,63,16
895169526,몽클락제주,https://place.map.kakao.com/895169526,4.7,3,21
882138799,스노우피크 신제주점,https://place.map.kakao.com/882138799,5.0,1,2
26916794,렌즈미 신제주점,https://place.map.kakao.com/26916794,5.0,6,3
1201564863,마리떼프랑소와저버 신제주점,https://place.map.kakao.com/1201564863,,0,0
27516859,CU 제주애월한담점,https://place.map.kakao.com/27516859,3.0,2,1
635805766,섬타르 신제주점,https://place.map.kakao.com/635805766,4.0,9,8
912913210,스마트약국,https://place.map.kakao.com/912913210,3.7,3,0
1015180643,더한섬하우스 제주점,https://place.map.kakao.com/1015180643,5.0,2,6
223872321,제주소품 함덕점,https://place.map.kakao.com/223872321,3.9,9,14
1908809521,노르디스크 제주점,https://place.map.kakao.com/1908809521,5.0,3,2
11087425,로이드 제주점,https://place.map.kakao.com/11087425,3.8,11,1
1405045671,디스이즈네버댓 제주점,https://place.map.kakao.com/1405045671,5.0,2,10
1223385978,문화공간 휴,https://place.map.kakao.com/1223385978,,0,0
111404755,살로몬 제주점,https://place.map.kakao.com/111404755,1.0,1,7
1349710423,블랙야크 제주점,https://place.map.kakao.com/1349710423,3.8,5,0
767322313,안녕성산,https://place.map.kakao.com/767322313,,0,239
1364902194,월드컵약국,https://place.map.kakao.com/1364902194,,0,1
16957984,삼성스토어 서귀포,https://place.map.kakao.com/16957984,1.9,7,2
11151606,중문안경방,https://place.map.kakao.com/11151606,4.9,16,1
1254565267,에잇세컨즈 서귀포점,https://place.map.kakao.com/1254565267,3.0,2,1
909710437,오름약국,https://place.map.kakao.com/909710437,3.0,4,0
236962278,아이더 서귀포점,https://place.map.kakao.com/236962278,,0,0
21882572,코오롱스포츠 서귀포명동로점,https://place.map.kakao.com/21882572,5.0,1,0
603886038,코오롱스포츠 신제주점,https://place.map.kakao.com/603886038,3.7,3,1
1729531717,더조은약국,https://place.map.kakao.com/1729531717,4.7,3,0
751545130,브라운브레스 제주칠성점,https://place.map.kakao.com/751545130,,0,0
2055729159,탠저비 칠성로점,https://place.map.kakao.com/2055729159,2.6,5,10
2109708047,리복 제주점,https://place.map.kakao.com/2109708047,,0,0
542413862,내셔널지오그래픽키즈 제주점,https://place.map.kakao.com/542413862,5.0,1,0
17530467,아이더 신제주점,https://place.map.kakao.com/17530467,5.0,2,0
811850853,마운티아 신제주점,https://place.map.kakao.com/811850853,5.0,1,0
1572436485,안녕제주,https://place.map.kakao.com/1572436485,5.0,1,4
223139587,올리브영 제주연동신라점,https://place.map.kakao.com/223139587,5.0,2,3
8143277,롯데하이마트 신제주점,https://place.map.kakao.com/8143277,,0,130
1706177531,휠라언더웨어 신제주점,https://place.map.kakao.com/1706177531,,0,0
1309067623,아이엠제주탠저비,https://place.map.kakao.com/1309067623,,0,7
24619220,한라미디어,https://place.map.kakao.com/24619220,2.6,9,1
1197815235,탠저비 도두점,https://place.map.kakao.com/1197815235,4.0,1,19
1330940290,어코드제주,https://place.map.kakao.com/1330940290,4.4,7,20
722034641,피크,https://place.map.kakao.com/722034641,,0,0
325826292,슈마커 플러스 제주연동점,https://place.map.kakao.com/325826292,5.0,1,3
1964433077,ABC마트 GSA 신제주연동점,https://place.map.kakao.com/1964433077,5.0,1,1
844749280,탠저 비제원점,https://place.map.kakao.com/844749280,,0,1
12293709,GS25 연동서강점,https://place.map.kakao.com/12293709,5.0,2,1
21734360,한라사이클,https://place.map.kakao.com/21734360,,0,17
1788852164,귤귤스토어 애월점,https://place.map.kakao.com/1788852164,4.0,2,106
1480956546,러블리제주,https://place.map.kakao.com/1480956546,4.3,3,8
1830684370,갤럭시 제주점,https://place.map.kakao.com/1830684370,3.7,3,0
1968921666,어메이징크리,https://place.map.kakao.com/1968921666,,0,0
1160965204,유타골프 제주점,https://place.map.kakao.com/1160965204,,0,0
1831871357,제주오라쇼핑,https://place.map.kakao.com/1831871357,5.0,1,3
172896972,스포츠메카 외도본점,https://place.map.kakao.com/172896972,,0,0
1289727651,아일랜드프로젝트 본점,https://place.map.kakao.com/1289727651,,0,18
1618445330,헬로제주,https://place.map.kakao.com/1618445330,3.8,9,36
1356285921,K2제주MS,https://place.map.kakao.com/1356285921,2.3,3,0
1076595887,테일러메이드 구제주점,https://place.map.kakao.com/1076595887,5.0,1,0
748822240,아레나 제주점,https://place.map.kakao.com/748822240,,0,7
811098458,커버낫 제주점,https://place.map.kakao.com/811098458,,0,0
752459708,수풀,https://place.map.kakao.com/752459708,3.8,45,163
27312294,낙산약국,https://place.map.kakao.com/27312294,1.0,4,0
790774677,아일로 서귀포점,https://place.map.kakao.com/790774677,,0,0
1791425191,금배네민박,https://place.map.kakao.com/1791425191,,0,1
915802018,베베드피노 서귀포점,https://place.map.kakao.com/915802018,2.0,1,1
1183120204,라이프워크 메가스토어 제주점,https://place.map.kakao.com/1183120204,5.0,3,45
919159662,다이소 서귀포혁신도시점,https://place.map.kakao.com/919159662,3.7,25,21
48215067,모던하우스 서귀포점,https://place.map.kakao.com/48215067,4.0,4,30
1243225265,다이소 서귀포중문점,https://place.map.kakao.com/1243225265,3.8,46,34
439296581,캄포스 제주 부티크,https://place.map.kakao.com/439296581,3.5,4,0
623664328,버디,https://place.map.kakao.com/623664328,5.0,1,0
44354099,휠라키즈 서귀포점,https://place.map.kakao.com/44354099,,0,0
1464674907,아리따움 제주서귀포점,https://place.map.kakao.com/1464674907,3.7,3,0
12976854,호성이네빛나는선물가게&호성이네농장,https://place.map.kakao.com/12976854,4.2,6,7
257954549,아트박스 서귀포점,https://place.map.kakao.com/257954549,3.3,4,0
16613367,CU 서귀포항점,https://place.map.kakao.com/16613367,5.0,1,1
2026482526,다이소 제주노형점,https://place.map.kakao.com/2026482526,3.2,58,17
11832149,정관장 일도점,https://place.map.kakao.com/11832149,5.0,1,0
21853025,다이소 제주동문시장점,https://place.map.kakao.com/21853025,3.9,34,5
206823052,라이프워크 제주탑동직영점,https://place.map.kakao.com/206823052,3.0,2,0
361827892,수박빈티지,https://place.map.kakao.com/361827892,3.4,5,7
558342412,EE 플레이스,https://place.map.kakao.com/558342412,5.0,1,1
1468836823,코데즈컴바인,https://place.map.kakao.com/1468836823,,0,0
306324529,오브젝트 제주점,https://place.map.kakao.com/306324529,,0,296
163808405,헬로제주,https://place.map.kakao.com/163808405,4.0,2,48
167427653,와이드앵글 신제주점,https://place.map.kakao.com/167427653,,0,0
1964644575,ABC마트 GS 제주본점,https://place.map.kakao.com/1964644575,1.8,4,1
16554841,GS25 제주노형점,https://place.map.kakao.com/16554841,2.7,12,4
1473118665,한국선간보,https://place.map.kakao.com/1473118665,,0,0
27279076,토이마켓 제주점,https://place.map.kakao.com/27279076,4.0,18,67
742419996,와인창고 동문시장점,https://place.map.kakao.com/742419996,4.9,49,161
691861870,마이제주기프트,https://place.map.kakao.com/691861870,5.0,3,69
125212026,아식스 신제주점,https://place.map.kakao.com/125212026,2.8,9,2
11830376,정관장 연동점,https://place.map.kakao.com/11830376,5.0,1,1
939240074,혜명한약국,https://place.map.kakao.com/939240074,5.0,6,17
10047004,CU 도두항점,https://place.map.kakao.com/10047004,1.8,5,0
8280627,랜드로바 신제주점,https://place.map.kakao.com/8280627,,0,0
1949332316,믹스존,https://place.map.kakao.com/1949332316,4.5,2,1
1980611222,라이프워크 메가스토어 애월점,https://place.map.kakao.com/1980611222,4.0,6,33
1886424152,한국금거래소 제주점,https://place.map.kakao.com/1886424152,,0,3
846172642,블랙야크키즈 제주점,https://place.map.kakao.com/846172642,,0,0
931848580,AK골프 제주점,https://place.map.kakao.com/931848580,5.0,1,16
19488198,타이틀리스트 제주점,https://place.map.kakao.com/19488198,5.0,2,0
687742822,한국인삼백화점,https://place.map.kakao.com/687742822,5.0,2,0
18158699,삼성스토어 제주인화,https://place.map.kakao.com/18158699,3.7,15,5
826235865,CU 제주연오로점,https://place.map.kakao.com/826235865,3.0,4,0
11829211,정관장 노형점,https://place.map.kakao.com/11829211,,0,1
247665892,종종제주,https://place.map.kakao.com/247665892,5.0,463,219
715420730,다이소 제주시청점,https://place.map.kakao.com/715420730,2.9,53,19
590596132,ABC마트 SP제주시청점,https://place.map.kakao.com/590596132,5.0,2,0
714889401,오렌즈 제주시청점,https://place.map.kakao.com/714889401,,0,0
1657918504,마뗑킴 하고하우스 제주점,https://place.map.kakao.com/1657918504,4.0,1,11
26862413,아이더 제주점,https://place.map.kakao.com/26862413,,0,5
9545100,탑동보룡약국,https://place.map.kakao.com/9545100,2.5,32,2
896483460,헬리녹스 크리에이티브 센터 제주,https://place.map.kakao.com/896483460,,0,26
1888881243,이솝 제주점,https://place.map.kakao.com/1888881243,3.7,16,19
1570314336,다이소 제주애월점,https://place.map.kakao.com/1570314336,4.1,52,25
600573863,다이소 제주연동본점,https://place.map.kakao.com/600573863,3.9,19,24
2120455686,다이소 제주함덕점,https://place.map.kakao.com/2120455686,4.4,37,18
217739822,제20회 한국후계농업경영인 전국대회,https://place.map.kakao.com/217739822,,0,0
1170324914,종이잡지클럽 제주,https://place.map.kakao.com/1170324914,,0,13
1930425703,뚜띠콜로리 뮤제오,https://place.map.kakao.com/1930425703,5.0,7,17
1920808295,제주책방사랑방,https://place.map.kakao.com/1920808295,4.0,1,16
996795646,건입박물관,https://place.map.kakao.com/996795646,4.0,1,2
1517540557,물사랑홍보관,https://place.map.kakao.com/1517540557,3.0,1,5
1528036410,제주사슴책방,https://place.map.kakao.com/1528036410,4.3,26,150
876962179,책방소리소문,https://place.map.kakao.com/876962179,,0,623
358584859,신라스테이 플러스 이호테우,https://place.map.kakao.com/358584859,3.3,64,711
1437159536,뿔소라공원,https://place.map.kakao.com/1437159536,4.4,12,4
1633038054,파르나스호텔 제주,https://place.map.kakao.com/1633038054,4.4,167,1310
254797190,흘아카이브,https://place.map.kakao.com/254797190,,0,16
1900362893,이상한선물가게앨리스,https://place.map.kakao.com/1900362893,,0,144
1082720352,오르머,https://place.map.kakao.com/1082720352,4.8,8,87
1262666684,용오름STAY,https://place.map.kakao.com/1262666684,5.0,1,10
7996060,약천사,https://place.map.kakao.com/7996060,,,
64951155,위미1리어촌체험휴양마을,https://place.map.kakao.com/64951155,,,
12657578,오조마을,https://place.map.kakao.com/12657578,,,
23580247,구엄어촌체험휴양마을,https://place.map.kakao.com/23580247,,,
8005944,예래생태마을,https://place.map.kakao.com/8005944,,,
12697115,알토산정보화마을,https://place.map.kakao.com/12697115,,,
1019557722,서부두방파제,https://place.map.kakao.com/1019557722,,,
17385264,OK승마장,https://place.map.kakao.com/17385264,,,
11287687,송당승마장,https://place.map.kakao.com/11287687,,,
22018448,중문골프장,https://place.map.kakao.com/22018448,,,
8510185,제주제트 중문점,https://place.map.kakao.com/8510185,,,
18525430,표선민속오일시장,https://place.map.kakao.com/18525430,,,
1473740782,제이제이하우스,https://place.map.kakao.com/1473740782,,,
27184194,스위트호텔 제주점,https://place.map.kakao.com/27184194,,,
10500084,서귀포KAL호텔,https://place.map.kakao.com/10500084,,,
25627785,씨앤피(C&P) 리조트,https://place.map.kakao.com/25627785,,,
19100061,농업회사법인 갈중이,https://place.map.kakao.com/19100061,,,
17582870,렛츠런파크제주 말테마파크골프장,https://place.map.kakao.com/17582870,,,
25070202,엘리시안 제주CC,https://place.map.kakao.com/25070202,,,
18268425,노인과바다펜션,https://place.map.kakao.com/18268425,,,
9834750,보물섬,https://place.map.kakao.com/9834750,,,
17892356,뷰티플하우스,https://place.map.kakao.com/17892356,,,
22015709,까델아스펜션,https://place.map.kakao.com/22015709,,,
25036497,한라산CC,https://place.map.kakao.com/25036497,,,
12051641,향림원펜션,https://place.map.kakao.com/12051641,,,
26217838,타미우스골프빌리지,https://place.map.kakao.com/26217838,,,
23971319,아침의향기펜션,https://place.map.kakao.com/23971319,,,
26424969,블랙스톤제주CC,https://place.map.kakao.com/26424969,,,
12836313,라온GC,https://place.map.kakao.com/12836313,,,
26071060,에버리스골프리조트,https://place.map.kakao.com/26071060,,,
19397053,한림민속5일시장,https://place.map.kakao.com/19397053,,,
25040868,제주도세계지질공원,https://place.map.kakao.com/25040868,,,
11172974,이어도관광승마장,https://place.map.kakao.com/11172974,,,
17583646,박물관은살아있다 제주중문점,https://place.map.kakao.com/17583646,,,
22895451,프레리아 독채 & 커플펜션,https://place.map.kakao.com/22895451,,,
19717872,소랑호젠펜션,https://place.map.kakao.com/19717872,,,
21795417,더베이제주리조트,https://place.map.kakao.com/21795417,,,
18751300,샤론의집펜션,https://place.map.kakao.com/18751300,,,
22676688,제주R호텔,https://place.map.kakao.com/22676688,,,
8086164,신산공원,https://place.map.kakao.com/8086164,,,
602353817,맥파이브루잉컴퍼니 양조장&탭룸,https://place.map.kakao.com/602353817,,,
1936768308,제주 용산유스호스텔,https://place.map.kakao.com/1936768308,,,
1777520112,제주맥주 양조장,https://place.map.kakao.com/1777520112,,,
265774663,낙타트래킹,https://place.map.kakao.com/265774663,,,
85652945,호텔스카브로,https://place.map.kakao.com/85652945,,,
8864950,제주샘주,https://place.map.kakao.com/8864950,,,
1294410201,제주마중펜션,https://place.map.kakao.com/1294410201,,,
1065946291,메리어트관 제주신화월드 호텔 앤 리조트,https://place.map.kakao.com/1065946291,,,
414336592,서머셋 제주신화월드,https://place.map.kakao.com/414336592,,,
21500202,제주 그랑블루요트투어,https://place.map.kakao.com/21500202,,,
25815599,호텔엘린,https://place.map.kakao.com/25815599,,,
22730174,돈내코힐스파리조트,https://place.map.kakao.com/22730174,,,
12501982,가파도마라도 정기여객선터미널,https://place.map.kakao.com/12501982,,,
19265298,노리매,https://place.map.kakao.com/19265298,,,
17580245,유민 아르누보 뮤지엄,https://place.map.kakao.com/17580245,,,
24372520,한라산국립공원 관음사지구야영장,https://place.map.kakao.com/24372520,,,
613255397,자연인글램핑&펜션,https://place.map.kakao.com/613255397,,,
18525809,제주동문수산시장,https://place.map.kakao.com/18525809,,,
8448269,오조포구,https://place.map.kakao.com/8448269,,,
8030435,용수포구,https://place.map.kakao.com/8030435,,,
13723518,월령포구,https://place.map.kakao.com/13723518,,,
26842198,더쉼팡풀빌라,https://place.map.kakao.com/26842198,,,
27598301,제주도서핑 문서프,https://place.map.kakao.com/27598301,,,
25865267,제주귤향기,https://place.map.kakao.com/25865267,,,
18526099,함덕오일시장,https://place.map.kakao.com/18526099,,,
8539338,천진항,https://place.map.kakao.com/8539338,,,
556609248,도두사수항,https://place.map.kakao.com/556609248,,,
13723625,한림항(비양도행) 도선대합실,https://place.map.kakao.com/13723625,,,
7944328,성산포항,https://place.map.kakao.com/7944328,,,
852608524,서귀포 칠십리 시공원,https://place.map.kakao.com/852608524,,,
2095612103,선물가게바나나 중문점,https://place.map.kakao.com/2095612103,,,
8303347,뉴월드마트 신제주점,https://place.map.kakao.com/8303347,,,
26913394,베네통 제주점,https://place.map.kakao.com/26913394,,,
281299597,핑 제주연동점,https://place.map.kakao.com/281299597,,,
13059444,크록스 제주칠성점,https://place.map.kakao.com/13059444,,,
2115654460,와흘메밀농촌체험휴양마을,https://place.map.kakao.com/2115654460,,,
26540712,까스텔바작 신제주점,https://place.map.kakao.com/26540712,,,
13605551,노스페이스 제주중앙로점,https://place.map.kakao.com/13605551,,,
10719056,정관장 제주광양점,https://place.map.kakao.com/10719056,,,
27367635,폴더 제주칠성점,https://place.map.kakao.com/27367635,,,
11235686,켈빈클라인진 구제주점,https://place.map.kakao.com/11235686,,,
287446077,파랜하이트,https://place.map.kakao.com/287446077,,,
2031766581,글라스스토리 제주중앙로점,https://place.map.kakao.com/2031766581,,,
8554333,캘빈클라인진스 신제주점,https://place.map.kakao.com/8554333,,,
26304308,제주M리조트,https://place.map.kakao.com/26304308,,,
2032783328,블랙야크 제주서귀포올레점,https://place.map.kakao.com/2032783328,,,
24937428,아리따움라이브 제주노형점,https://place.map.kakao.com/24937428,,,
538350320,광이멀,https://place.map.kakao.com/538350320,,,
8205022,금능포구,https://place.map.kakao.com/8205022,,,
1846155158,에코랜드호텔,https://place.map.kakao.com/1846155158,,,
8136994,렛츠런팜 제주,https://place.map.kakao.com/8136994,,,
18653117,삼다수목장,https://place.map.kakao.com/18653117,,,
1566172485,디앤디파트먼트 제주,https://place.map.kakao.com/1566172485,,,
26888968,BK호텔제주,https://place.map.kakao.com/26888968,,,
1295712598,샐리스 제주,https://place.map.kakao.com/1295712598,,,
305310523,라마다바이윈덤 제주더함덕호텔,https://place.map.kakao.com/305310523,,,
1041102067,일성제주비치콘도&리조트,https://place.map.kakao.com/1041102067,,,
25633362,수앤수리조트앤호텔,https://place.map.kakao.com/25633362,,,
1463940554,타임 한섬FX제주점,https://place.map.kakao.com/1463940554,,,
27181379,CU 제주항국제여객터미널점,https://place.map.kakao.com/27181379,,,
1030057562,서핑도,https://place.map.kakao.com/1030057562,,,
2058181539,선물고팡 제주소품샵 공항점,https://place.map.kakao.com/2058181539,,,
1460027132,렌즈미 노형점,https://place.map.kakao.com/1460027132,,,
902160505,에브리바디빈티지 본점,https://place.map.kakao.com/902160505,,,
955794668,열린365약국,https://place.map.kakao.com/955794668,,,
443451781,하이츠스토어 제주,https://place.map.kakao.com/443451781,,,
542799435,조안테디베어 신화월드점,https://place.map.kakao.com/542799435,,,
2074357800,라이프워크 서귀포점,https://place.map.kakao.com/2074357800,,,
19163974,피렌체,https://place.map.kakao.com/19163974,,,
257161814,신풍리농어촌체험휴양마을,https://place.map.kakao.com/257161814,,,
24420227,마라도항로표지관리소,https://place.map.kakao.com/24420227,,,
11338416,바지선선상낚시,https://place.map.kakao.com/11338416,,,
20051916,신풍목장,https://place.map.kakao.com/20051916,,,
1389289045,스위트스테이,https://place.map.kakao.com/1389289045,,,
13097663,명도암참살이마을,https://place.map.kakao.com/13097663,,,
12803464,엘리시안제주 콘도,https://place.map.kakao.com/12803464,,,
10486441,선임교,https://place.map.kakao.com/10486441,,,
20303776,넥슨뮤지엄,https://place.map.kakao.com/20303776,,,
25389700,하논,https://place.map.kakao.com/25389700,,,
110306981,디오션힐,https://place.map.kakao.com/110306981,,,
19369047,카이리조트,https://place.map.kakao.com/19369047,,,
13723665,하예포구,https://place.map.kakao.com/13723665,,,
25046666,차귀도포구,https://place.map.kakao.com/25046666,,,
953570368,게스언더웨어 제주점,https://place.map.kakao.com/953570368,,,
475021959,차귀도선셋유람선,https://place.map.kakao.com/475021959,,,
24946711,제주승마장,https://place.map.kakao.com/24946711,,,
1934503958,엄브로 제주점,https://place.map.kakao.com/1934503958,,,
316161971,가을동화 감귤밭,https://place.map.kakao.com/316161971,,,
1820391874,세화마을협동조합,https://place.map.kakao.com/1820391874,,,
304034317,탠저 비 롯데시티점,https://place.map.kakao.com/304034317,,,
933152452,말본골프 제주직영점,https://place.map.kakao.com/933152452,,,
